,pc_brand,pc_model,elt_condition,elt_warranty (tháng),desktop_screen_size (inch),pc_cpu,pc_ram (GB),pc_vga,pc_drive_capacity (GB),elt_origin,classify,price
0,desktop,desktop,Đã sử dụng (chưa sửa chữa),12,21,Intel Xeon,64.0,NVIDIA,256,Việt Nam,desktop,13.500.000 đ
1,desktop,desktop,Đã sử dụng (chưa sửa chữa),1,21,Intel Core i5,8.0,Onboard,500,Nước khác,desktop,1.800.000 đ
2,desktop,desktop,Đã sử dụng (chưa sửa chữa),1,21,Intel Xeon,32.0,NVIDIA,256,Nước khác,desktop,8.500.000 đ
3,desktop,desktop,Mới,1,21,Intel Xeon,64.0,NVIDIA,256,Việt Nam,desktop,12.500.000 đ
4,desktop,desktop,Đã sử dụng (chưa sửa chữa),3,0,Intel Core i3,8.0,NVIDIA,128,Nước khác,desktop,6.300.000 đ
5,desktop,desktop,Mới,1,0,Intel Xeon,16.0,Onboard,128,Việt Nam,desktop,5.890.000 đ
6,desktop,desktop,Đã sử dụng (chưa sửa chữa),0,0,Intel Core i3,32.0,Onboard,128,Việt Nam,desktop,9.000.000 đ
7,desktop,desktop,Đã sử dụng (chưa sửa chữa),12,21,Intel Core i7,16.0,NVIDIA,1000,Nước khác,desktop,28.000.000 đ
8,desktop,desktop,Đã sử dụng (chưa sửa chữa),1,0,Intel Core i3,8.0,Onboard,128,Nước khác,desktop,1.350.000 đ
9,desktop,desktop,Đã sử dụng (chưa sửa chữa),1,0,Intel Core i5,8.0,Onboard,320,Nước khác,desktop,3.700.000 đ
10,desktop,desktop,Đã sử dụng (chưa sửa chữa),0,0,Intel Core i9,16.0,NVIDIA,512,Nước khác,desktop,14.800.000 đ
11,desktop,desktop,Đã sử dụng (chưa sửa chữa),0,21,Intel Core i3,16.0,NVIDIA,256,Nước khác,desktop,13.000.000 đ
12,desktop,desktop,Đã sử dụng (chưa sửa chữa),0,21,Intel Core i5,8.0,NVIDIA,128,Việt Nam,desktop,3.500.000 đ
13,desktop,desktop,Đã sử dụng (chưa sửa chữa),9,0,Intel Core i3,8.0,Onboard,128,Nước khác,desktop,1.800.000 đ
14,desktop,desktop,Đã sử dụng (chưa sửa chữa),0,0,Intel Core 2 Duo,4.0,AMD,640,Nước khác,desktop,350.000 đ
15,desktop,desktop,Đã sử dụng (chưa sửa chữa),1,0,Intel Core i3,8.0,AMD,128,Nước khác,desktop,4.800.000 đ
16,desktop,desktop,Mới,1,0,Intel Xeon,16.0,Onboard,128,Việt Nam,desktop,3.600.000 đ
17,desktop,desktop,Đã sử dụng (chưa sửa chữa),12,21,Intel Xeon,64.0,AMD,250,Thái Lan,desktop,6.500.000 đ
18,desktop,desktop,Đã sử dụng (chưa sửa chữa),1,21,Intel Xeon,16.0,AMD,256,Nước khác,desktop,6.900.000 đ
19,desktop,desktop,Đã sử dụng (chưa sửa chữa),0,20,Intel Core i3,8.0,Onboard,128,Nước khác,desktop,2.000.000 đ
20,desktop,desktop,Đã sử dụng (chưa sửa chữa),0,21,Intel Xeon,4.0,NVIDIA,120,Nhật Bản,desktop,2.700.000 đ
21,desktop,desktop,Đã sử dụng (chưa sửa chữa),1,0,Intel Core i5,4.0,Onboard,500,Việt Nam,desktop,500.000 đ
22,desktop,desktop,Đã sử dụng (chưa sửa chữa),3,21,Intel Core i5,16.0,NVIDIA,256,Việt Nam,desktop,3.000.000 đ
23,desktop,desktop,Mới,5,0,Intel Core i5,8.0,Onboard,256,Nhật Bản,desktop,2.500.000 đ
24,desktop,desktop,Mới,12,21,Intel Xeon,16.0,NVIDIA,1500,Trung Quốc,desktop,55.000.000 đ
25,desktop,desktop,Đã sử dụng (chưa sửa chữa),12,21,Intel Core i5,64.0,AMD,512,Mỹ,desktop,28.000.000 đ
26,desktop,desktop,Mới,12,0,Intel Core i5,32.0,NVIDIA,512,Việt Nam,desktop,29.490.000 đ
27,desktop,desktop,Đã sử dụng (chưa sửa chữa),12,21,Intel Xeon,16.0,AMD,500,Việt Nam,desktop,7.000.000 đ
28,desktop,desktop,Đã sử dụng (chưa sửa chữa),3,20,Intel Core i3,8.0,Onboard,128,Nước khác,desktop,3.100.000 đ
29,desktop,desktop,Đã sử dụng (chưa sửa chữa),1,0,Intel Xeon,32.0,NVIDIA,256,Nước khác,desktop,8.700.000 đ
30,desktop,desktop,Mới,1,0,Intel Core i5,16.0,NVIDIA,512,Việt Nam,desktop,9.990.000 đ
31,desktop,desktop,Đã sử dụng (chưa sửa chữa),1,20,Intel Core i3,8.0,NVIDIA,128,Nước khác,desktop,2.450.000 đ
32,desktop,desktop,Đã sử dụng (chưa sửa chữa),3,0,Intel Core i7,16.0,Onboard,512,Nước khác,desktop,2.700.000 đ
33,desktop,desktop,Đã sử dụng (chưa sửa chữa),0,0,Intel Core i5,4.0,Onboard,120,Nước khác,desktop,500.000 đ
34,desktop,desktop,Đã sử dụng (chưa sửa chữa),0,0,Intel Core i7,8.0,Onboard,128,Nước khác,desktop,200.000 đ
35,desktop,desktop,Đã sử dụng (chưa sửa chữa),0,0,Intel Xeon,64.0,Onboard,128,Nước khác,desktop,8.120.000 đ
36,desktop,desktop,Đã sử dụng (chưa sửa chữa),0,0,Intel Core i5,4.0,Onboard,128,Nước khác,desktop,2.000.000 đ
37,desktop,desktop,Đã sử dụng (chưa sửa chữa),0,0,Intel Core i3,8.0,Onboard,250,Việt Nam,desktop,6.900.000 đ
38,desktop,desktop,Đã sử dụng (chưa sửa chữa),0,21,Intel Core i7,8.0,NVIDIA,128,Việt Nam,desktop,2.850.000 đ
39,desktop,desktop,Đã sử dụng (chưa sửa chữa),1,20,Intel Core i7,8.0,AMD,128,Nước khác,desktop,1.750.000 đ
40,desktop,desktop,Mới,12,0,Intel Xeon,32.0,NVIDIA,128,Việt Nam,desktop,4.500.000 đ
41,desktop,desktop,Đã sử dụng (chưa sửa chữa),3,0,AMD,16.0,AMD,250,Việt Nam,desktop,3.450.000 đ
42,desktop,desktop,Đã sử dụng (chưa sửa chữa),0,0,Intel Core i3,8.0,Onboard,250,Việt Nam,desktop,1.900.000 đ
43,desktop,desktop,Mới,1,21,Intel Core i5,8.0,NVIDIA,500,Việt Nam,desktop,14.000.000 đ
44,desktop,desktop,Đã sử dụng (chưa sửa chữa),0,0,Intel Pentium,4.0,Onboard,120,Nước khác,desktop,1.000.000 đ
45,desktop,desktop,Mới,0,0,Intel Core i3,16.0,NVIDIA,256,Nước khác,desktop,7.600.000 đ
46,desktop,desktop,Đã sử dụng (chưa sửa chữa),0,0,Intel Core i3,4.0,Onboard,128,Nước khác,desktop,1.100.000 đ
47,desktop,desktop,Đã sử dụng (chưa sửa chữa),0,20,Intel Core 2 Duo,4.0,Onboard,128,Nước khác,desktop,800.000 đ
48,desktop,desktop,Đã sử dụng (chưa sửa chữa),0,0,Intel Core i5,64.0,Onboard,512,Nước khác,desktop,26.000.000 đ
49,desktop,desktop,Đã sử dụng (chưa sửa chữa),1,16,Intel Core i3,8.0,NVIDIA,256,Nước khác,desktop,2.800.000 đ
50,desktop,desktop,Mới,1,20,Intel Core i5,8.0,Onboard,128,Việt Nam,desktop,2.700.000 đ
51,desktop,desktop,Đã sử dụng (chưa sửa chữa),12,21,Intel Xeon,64.0,AMD,512,Việt Nam,desktop,9.000.000 đ
52,desktop,desktop,Đã sử dụng (chưa sửa chữa),12,21,AMD,8.0,AMD,128,Thái Lan,desktop,3.500.000 đ
53,desktop,desktop,Đã sử dụng (chưa sửa chữa),0,20,Intel Pentium,4.0,Onboard,500,Nước khác,desktop,1.850.000 đ
54,desktop,desktop,Mới,1,0,Intel Xeon,16.0,Onboard,128,Việt Nam,desktop,3.890.000 đ
55,desktop,desktop,Đã sử dụng (chưa sửa chữa),0,0,Intel Xeon,8.0,Onboard,128,Nước khác,desktop,4.090.000 đ
56,desktop,desktop,Mới,12,0,Intel Core i5,8.0,NVIDIA,128,Việt Nam,desktop,6.800.000 đ
57,desktop,desktop,Đã sử dụng (chưa sửa chữa),1,0,Intel Core i3,8.0,Onboard,128,Trung Quốc,desktop,1.999.000 đ
58,desktop,desktop,Đã sử dụng (chưa sửa chữa),3,0,Intel Core i5,8.0,Onboard,256,Nước khác,desktop,3.500.000 đ
59,desktop,desktop,Đã sử dụng (chưa sửa chữa),0,0,Intel Core i5,8.0,Onboard,128,Nước khác,desktop,2.300.000 đ
60,desktop,desktop,Đã sử dụng (chưa sửa chữa),0,21,Intel Core i3,16.0,NVIDIA,256,Việt Nam,desktop,8.000.000 đ
61,desktop,desktop,Đã sử dụng (chưa sửa chữa),0,0,Intel Xeon,32.0,NVIDIA,500,Nước khác,desktop,5.200.000 đ
62,desktop,desktop,Đã sử dụng (chưa sửa chữa),0,0,Intel Core i5,32.0,Onboard,128,Nước khác,desktop,2.500.000 đ
63,desktop,desktop,Đã sử dụng (chưa sửa chữa),3,21,Intel Core i5,8.0,Onboard,1000,Nước khác,desktop,8.000.000 đ
64,desktop,desktop,Mới,0,0,Intel Core i5,8.0,NVIDIA,128,Nước khác,desktop,6.300.000 đ
65,desktop,desktop,Đã sử dụng (chưa sửa chữa),2,20,Intel Core 2 Quad,6.0,Onboard,128,Việt Nam,desktop,1.800.000 đ
66,desktop,desktop,Đã sử dụng (chưa sửa chữa),0,21,Intel Core i5,8.0,NVIDIA,120,Nước khác,desktop,4.000.000 đ
67,desktop,desktop,Đã sử dụng (chưa sửa chữa),0,20,Intel Core i5,8.0,AMD,128,Nước khác,desktop,600.000 đ
68,desktop,desktop,Đã sử dụng (chưa sửa chữa),1,0,Intel Xeon,32.0,Onboard,120,Việt Nam,desktop,9.000.000 đ
69,desktop,desktop,Đã sử dụng (chưa sửa chữa),0,20,Intel Core i3,8.0,Onboard,128,Việt Nam,desktop,2.100.000 đ
70,desktop,desktop,Đã sử dụng (chưa sửa chữa),0,0,Intel Core i5,16.0,Onboard,120,Việt Nam,desktop,900.000 đ
71,desktop,desktop,Đã sử dụng (chưa sửa chữa),3,0,Intel Core i5,8.0,Onboard,128,Nước khác,desktop,3.000.000 đ
72,desktop,desktop,Đã sử dụng (chưa sửa chữa),3,0,Intel Core i3,8.0,Onboard,256,Nhật Bản,desktop,4.200.000 đ
73,desktop,desktop,Đã sử dụng (chưa sửa chữa),3,21,Intel Core i5,16.0,AMD,256,Nước khác,desktop,15.900.000 đ
74,desktop,desktop,Đã sử dụng (chưa sửa chữa),1,0,Intel Xeon,32.0,AMD,500,Việt Nam,desktop,4.250.000 đ
75,desktop,desktop,Mới,0,0,Intel Pentium,4.0,Onboard,250,Việt Nam,desktop,650.000 đ
76,desktop,desktop,Đã sử dụng (chưa sửa chữa),3,0,Intel Core i5,8.0,Onboard,256,Nước khác,desktop,3.900.000 đ
77,desktop,desktop,Đã sử dụng (chưa sửa chữa),3,0,Intel Core i3,16.0,NVIDIA,256,Nước khác,desktop,8.500.000 đ
78,desktop,desktop,Mới,12,21,Intel Core i3,8.0,NVIDIA,128,Nước khác,desktop,5.750.000 đ
79,desktop,desktop,Đã sử dụng (chưa sửa chữa),0,21,Intel Core i5,8.0,Onboard,500,Nhật Bản,desktop,6.500.000 đ
80,desktop,desktop,Mới,1,0,Intel Core i5,32.0,NVIDIA,1500,Nước khác,desktop,19.900.000 đ
81,desktop,desktop,Mới,3,0,Intel Core i5,16.0,NVIDIA,128,Việt Nam,desktop,11.830.000 đ
82,desktop,desktop,Đã sử dụng (chưa sửa chữa),3,21,Intel Core i5,8.0,Onboard,256,Nước khác,desktop,5.800.000 đ
83,desktop,desktop,Đã sử dụng (chưa sửa chữa),0,20,Intel Core i5,8.0,Onboard,128,Nước khác,desktop,1.490.000 đ
84,desktop,desktop,Mới,1,21,Intel Core i5,8.0,Onboard,256,Nhật Bản,desktop,7.500.000 đ
85,desktop,desktop,Mới,1,0,Intel Xeon,32.0,NVIDIA,512,Việt Nam,desktop,6.500.000 đ
86,desktop,desktop,Đã sử dụng (qua sửa chữa),1,0,Intel Core i7,8.0,NVIDIA,128,Nước khác,desktop,3.750.000 đ
87,desktop,desktop,Đã sử dụng (chưa sửa chữa),0,20,Intel Core i5,8.0,Onboard,250,Nước khác,desktop,3.600.000 đ
88,desktop,desktop,Đã sử dụng (chưa sửa chữa),3,21,Intel Core i5,8.0,Onboard,128,Nước khác,desktop,4.700.000 đ
89,desktop,desktop,Mới,1,21,Intel Xeon,32.0,AMD,256,Nước khác,desktop,8.000.000 đ
90,desktop,desktop,Đã sử dụng (chưa sửa chữa),0,0,Intel Core i5,8.0,Onboard,250,Nước khác,desktop,3.700.000 đ
91,desktop,desktop,Đã sử dụng (chưa sửa chữa),12,21,Intel Xeon,8.0,NVIDIA,128,Việt Nam,desktop,6.700.000 đ
92,desktop,desktop,Đã sử dụng (chưa sửa chữa),0,21,Intel Xeon,32.0,NVIDIA,128,Nước khác,desktop,7.000.000 đ
93,desktop,desktop,Đã sử dụng (chưa sửa chữa),12,21,Intel Xeon,16.0,AMD,256,Hàn Quốc,desktop,3.990.000 đ
94,desktop,desktop,Đã sử dụng (chưa sửa chữa),0,0,Intel Xeon,32.0,NVIDIA,256,Việt Nam,desktop,2.350.000 đ
95,desktop,desktop,Đã sử dụng (chưa sửa chữa),0,21,Intel Core i7,16.0,AMD,1000,Nước khác,desktop,6.000.000 đ
96,desktop,desktop,Đã sử dụng (chưa sửa chữa),1,0,Intel Core i5,32.0,Onboard,512,Mỹ,desktop,6.000.000 đ
97,desktop,desktop,Đã sử dụng (qua sửa chữa),0,0,Intel Core i7,8.0,Onboard,128,Nước khác,desktop,2.250.000 đ
98,desktop,desktop,Mới,0,21,Intel Core i5,16.0,NVIDIA,256,Nước khác,desktop,7.890.000 đ
99,desktop,desktop,Đã sử dụng (chưa sửa chữa),0,20,Intel Core i5,4.0,Onboard,128,Việt Nam,desktop,4.500.000 đ
100,desktop,desktop,Mới,9,0,Intel Xeon,64.0,AMD,256,Trung Quốc,desktop,4.700.000 đ
101,desktop,desktop,Mới,1,0,Intel Core i5,32.0,NVIDIA,512,Việt Nam,desktop,25.300.000 đ
102,desktop,desktop,Mới,12,21,Intel Core i5,8.0,Onboard,128,Nước khác,desktop,5.500.000 đ
103,desktop,desktop,Đã sử dụng (chưa sửa chữa),3,0,Intel Core i5,8.0,Onboard,128,Nước khác,desktop,2.800.000 đ
104,desktop,desktop,Mới,1,21,Intel Xeon,64.0,NVIDIA,500,Việt Nam,desktop,10.500.000 đ
105,desktop,desktop,Đã sử dụng (chưa sửa chữa),1,0,Intel Core i7,16.0,NVIDIA,250,Việt Nam,desktop,6.500.000 đ
106,desktop,desktop,Đã sử dụng (qua sửa chữa),0,0,Intel Core i7,8.0,NVIDIA,128,Nước khác,desktop,1.900.000 đ
107,desktop,desktop,Đã sử dụng (qua sửa chữa),0,0,Intel Core i5,8.0,NVIDIA,500,Nước khác,desktop,3.000.000 đ
108,desktop,desktop,Đã sử dụng (chưa sửa chữa),0,20,Intel Core i5,8.0,Onboard,120,Nước khác,desktop,2.200.000 đ
109,desktop,desktop,Đã sử dụng (chưa sửa chữa),0,0,Intel Core i3,8.0,Onboard,120,Nước khác,desktop,2.000.000 đ
110,desktop,desktop,Đã sử dụng (chưa sửa chữa),12,0,Intel Core i5,32.0,NVIDIA,250,Việt Nam,desktop,10.000.000 đ
111,desktop,desktop,Mới,9,0,Intel Xeon,64.0,AMD,256,Trung Quốc,desktop,5.850.000 đ
112,desktop,desktop,Mới,1,21,Intel Core i7,8.0,Onboard,320,Mỹ,desktop,5.550.000 đ
113,desktop,desktop,Đã sử dụng (chưa sửa chữa),1,21,Intel Core i5,8.0,NVIDIA,120,Việt Nam,desktop,3.200.000 đ
114,desktop,desktop,Đã sử dụng (chưa sửa chữa),9,21,Intel Core i3,16.0,NVIDIA,250,Nước khác,desktop,11.000.000 đ
115,desktop,desktop,Đã sử dụng (chưa sửa chữa),0,21,Intel Xeon,16.0,NVIDIA,750,Việt Nam,desktop,8.500.000 đ
116,desktop,desktop,Đã sử dụng (chưa sửa chữa),0,0,Intel Core i3,8.0,Onboard,128,Nước khác,desktop,1.800.000 đ
117,desktop,desktop,Mới,0,20,Intel Core i3,64.0,Onboard,120,Việt Nam,desktop,5.555.555 đ
118,desktop,desktop,Đã sử dụng (chưa sửa chữa),1,21,Intel Xeon,32.0,AMD,500,Mỹ,desktop,4.900.000 đ
119,desktop,desktop,Đã sử dụng (chưa sửa chữa),12,21,Intel Xeon,32.0,AMD,1000,Việt Nam,desktop,7.500.000 đ
120,desktop,desktop,Mới,9,0,Intel Xeon,64.0,AMD,512,Trung Quốc,desktop,7.990.000 đ
121,desktop,desktop,Mới,12,21,Intel Core i5,8.0,NVIDIA,128,Việt Nam,desktop,3.800.000 đ
122,desktop,desktop,Đã sử dụng (chưa sửa chữa),12,0,Intel Core i5,8.0,AMD,128,Việt Nam,desktop,3.400.000 đ
123,desktop,desktop,Đã sử dụng (chưa sửa chữa),1,21,Intel Core i3,8.0,NVIDIA,120,Việt Nam,desktop,1.700.000 đ
124,desktop,desktop,Đã sử dụng (chưa sửa chữa),1,20,Intel Core i5,8.0,Onboard,120,Việt Nam,desktop,2.400.000 đ
125,desktop,desktop,Đã sử dụng (chưa sửa chữa),0,0,Intel Core i3,4.0,Onboard,500,Nước khác,desktop,1.900.000 đ
126,desktop,desktop,Đã sử dụng (chưa sửa chữa),3,0,Intel Core i5,8.0,Onboard,256,Nước khác,desktop,2.500.000 đ
127,desktop,desktop,Đã sử dụng (chưa sửa chữa),1,0,Intel Xeon,32.0,Onboard,512,Nước khác,desktop,7.200.000 đ
128,desktop,desktop,Mới,9,0,Intel Xeon,64.0,AMD,256,Trung Quốc,desktop,5.300.000 đ
129,desktop,desktop,Đã sử dụng (chưa sửa chữa),1,21,Intel Core i5,8.0,Onboard,256,Việt Nam,desktop,8.800.000 đ
130,desktop,desktop,Đã sử dụng (qua sửa chữa),0,0,Intel Core i3,4.0,Onboard,128,Nước khác,desktop,400.000 đ
131,desktop,desktop,Mới,1,0,Intel Core i7,32.0,NVIDIA,1000,Nước khác,desktop,27.200.000 đ
132,desktop,desktop,Đã sử dụng (chưa sửa chữa),3,21,Intel Core i5,8.0,AMD,128,Nhật Bản,desktop,4.800.000 đ
133,desktop,desktop,Đã sử dụng (chưa sửa chữa),3,0,Intel Core i5,8.0,Onboard,250,Mỹ,desktop,2.900.000 đ
134,desktop,desktop,Đã sử dụng (chưa sửa chữa),0,21,Intel Core i3,8.0,NVIDIA,120,Nước khác,desktop,3.000.000 đ
135,desktop,desktop,Đã sử dụng (chưa sửa chữa),0,0,Intel Core i3,16.0,Onboard,500,Nước khác,desktop,1.500.000 đ
136,desktop,desktop,Đã sử dụng (chưa sửa chữa),0,21,Intel Core i3,8.0,AMD,128,Việt Nam,desktop,5.499.999 đ
137,desktop,desktop,Mới,9,21,Intel Core i5,8.0,Onboard,128,Việt Nam,desktop,3.850.000 đ
138,desktop,desktop,Mới,12,21,Intel Core i5,8.0,Onboard,128,Việt Nam,desktop,4.000.000 đ
139,desktop,desktop,Đã sử dụng (chưa sửa chữa),1,18,Intel Core i3,8.0,Onboard,128,Nước khác,desktop,2.500.000 đ
140,desktop,desktop,Đã sử dụng (chưa sửa chữa),1,0,Intel Core i7,8.0,Onboard,256,Nước khác,desktop,990.000 đ
141,desktop,desktop,Đã sử dụng (chưa sửa chữa),12,21,Intel Core i5,8.0,AMD,128,Nước khác,desktop,7.500.000 đ
142,desktop,desktop,Đã sử dụng (chưa sửa chữa),3,0,Intel Core i5,8.0,Onboard,256,Nhật Bản,desktop,1.450.000 đ
143,desktop,desktop,Đã sử dụng (chưa sửa chữa),1,0,Intel Core i3,8.0,Onboard,128,Hàn Quốc,desktop,1.600.000 đ
144,desktop,desktop,Đã sử dụng (chưa sửa chữa),0,0,Intel Xeon,16.0,NVIDIA,250,Nước khác,desktop,6.500.000 đ
145,desktop,desktop,Đã sử dụng (chưa sửa chữa),0,21,Intel Core i3,16.0,Onboard,512,Nước khác,desktop,3.700.000 đ
146,desktop,desktop,Đã sử dụng (chưa sửa chữa),0,21,Intel Core i3,8.0,Onboard,500,Việt Nam,desktop,7.900.000 đ
147,desktop,desktop,Đã sử dụng (chưa sửa chữa),1,0,Intel Core i5,16.0,Onboard,512,Nước khác,desktop,9.000.000 đ
148,desktop,desktop,Đã sử dụng (chưa sửa chữa),0,21,Intel Core i5,8.0,Onboard,250,Nước khác,desktop,4.000.000 đ
149,desktop,desktop,Đã sử dụng (qua sửa chữa),3,0,Intel Core i5,8.0,Onboard,256,Nhật Bản,desktop,1.500.000 đ
150,desktop,desktop,Đã sử dụng (chưa sửa chữa),0,20,Intel Core i3,8.0,Onboard,128,Việt Nam,desktop,1.750.000 đ
151,desktop,desktop,Đã sử dụng (chưa sửa chữa),0,21,Intel Core i3,8.0,NVIDIA,128,Việt Nam,desktop,2.500.000 đ
152,desktop,desktop,Đã sử dụng (chưa sửa chữa),3,0,Intel Core i5,8.0,Onboard,250,Mỹ,desktop,3.400.000 đ
153,desktop,desktop,Đã sử dụng (chưa sửa chữa),0,0,Intel Celeron,4.0,Onboard,128,Nước khác,desktop,1.200.000 đ
154,desktop,desktop,Đã sử dụng (chưa sửa chữa),1,20,Intel Core i5,16.0,NVIDIA,128,Việt Nam,desktop,3.190.000 đ
155,desktop,desktop,Đã sử dụng (chưa sửa chữa),12,0,Intel Xeon,32.0,AMD,512,Việt Nam,desktop,6.000.000 đ
156,desktop,desktop,Đã sử dụng (qua sửa chữa),1,21,Intel Core i5,16.0,NVIDIA,256,Mỹ,desktop,5.490.000 đ
157,desktop,desktop,Đã sử dụng (chưa sửa chữa),1,21,Intel Xeon,32.0,AMD,500,Mỹ,desktop,7.000.000 đ
158,desktop,desktop,Đã sử dụng (chưa sửa chữa),0,0,Intel Core i5,8.0,NVIDIA,256,Việt Nam,desktop,4.300.000 đ
159,desktop,desktop,Đã sử dụng (chưa sửa chữa),1,21,Intel Xeon,16.0,AMD,256,Đức,desktop,4.200.000 đ
160,desktop,desktop,Đã sử dụng (chưa sửa chữa),3,21,Intel Core i5,16.0,NVIDIA,256,Việt Nam,desktop,4.900.000 đ
161,desktop,desktop,Đã sử dụng (chưa sửa chữa),1,21,Intel Core i5,8.0,NVIDIA,256,Mỹ,desktop,4.490.000 đ
162,desktop,desktop,Đã sử dụng (chưa sửa chữa),0,0,Intel Xeon,32.0,NVIDIA,500,Việt Nam,desktop,6.900.000 đ
163,desktop,desktop,Mới,12,21,Intel Core i5,8.0,NVIDIA,256,Việt Nam,desktop,3.500.000 đ
164,desktop,desktop,Mới,12,21,Intel Core i5,8.0,NVIDIA,256,Việt Nam,desktop,3.800.000 đ
165,desktop,desktop,Đã sử dụng (chưa sửa chữa),1,21,Intel Core i5,16.0,NVIDIA,250,Mỹ,desktop,5.490.000 đ
166,desktop,desktop,Đã sử dụng (chưa sửa chữa),0,0,Intel Core i3,8.0,Onboard,256,Nước khác,desktop,2.600.000 đ
167,desktop,desktop,Mới,12,21,Intel Core i5,8.0,NVIDIA,128,Việt Nam,desktop,3.200.000 đ
168,desktop,desktop,Mới,12,21,Intel Core i5,8.0,NVIDIA,128,Việt Nam,desktop,3.500.000 đ
169,desktop,desktop,Đã sử dụng (chưa sửa chữa),3,21,Intel Core i3,8.0,NVIDIA,256,Nước khác,desktop,7.500.000 đ
170,desktop,desktop,Đã sử dụng (chưa sửa chữa),0,0,Intel Core i3,16.0,Onboard,1000,Nước khác,desktop,1.900.000 đ
171,desktop,desktop,Đã sử dụng (chưa sửa chữa),1,21,Intel Core i3,4.0,Onboard,120,Nhật Bản,desktop,3.200.000 đ
172,desktop,desktop,Đã sử dụng (chưa sửa chữa),0,0,Intel Core i5,32.0,NVIDIA,500,Nước khác,desktop,18.900.000 đ
173,desktop,desktop,Mới,9,0,Intel Core i5,8.0,Onboard,128,Mỹ,desktop,2.500.000 đ
174,desktop,desktop,Đã sử dụng (chưa sửa chữa),1,0,Intel Core i3,8.0,NVIDIA,256,Nước khác,desktop,8.000.000 đ
175,desktop,desktop,Mới,12,21,Intel Core i5,8.0,Onboard,256,Nước khác,desktop,5.500.000 đ
176,desktop,desktop,Đã sử dụng (chưa sửa chữa),3,20,Intel Core i5,4.0,Onboard,128,Nhật Bản,desktop,2.600.000 đ
177,desktop,desktop,Mới,0,21,Intel Core i7,16.0,NVIDIA,256,Việt Nam,desktop,8.990.000 đ
178,desktop,desktop,Mới,12,21,Intel Core i3,8.0,Onboard,128,Việt Nam,desktop,5.000.000 đ
179,desktop,desktop,Đã sử dụng (chưa sửa chữa),1,0,Intel Xeon,32.0,NVIDIA,128,Việt Nam,desktop,4.500.000 đ
180,desktop,desktop,Đã sử dụng (chưa sửa chữa),2,20,Intel Core i5,8.0,Onboard,128,Nước khác,desktop,2.500.000 đ
181,desktop,desktop,Đã sử dụng (chưa sửa chữa),3,0,Intel Core i7,8.0,NVIDIA,128,Nước khác,desktop,5.900.000 đ
182,desktop,desktop,Đã sử dụng (chưa sửa chữa),3,21,Intel Core i7,16.0,AMD,128,Nước khác,desktop,4.500.000 đ
183,desktop,desktop,Đã sử dụng (qua sửa chữa),0,0,Intel Core i5,8.0,Onboard,128,Nước khác,desktop,2.300.000 đ
184,desktop,desktop,Đã sử dụng (chưa sửa chữa),0,0,Intel Xeon,32.0,AMD,256,Nước khác,desktop,7.700.000 đ
185,desktop,desktop,Đã sử dụng (chưa sửa chữa),1,21,Intel Core i7,8.0,NVIDIA,128,Mỹ,desktop,3.300.000 đ
186,desktop,desktop,Đã sử dụng (chưa sửa chữa),1,0,Intel Core i7,16.0,NVIDIA,512,Mỹ,desktop,8.900.000 đ
187,desktop,desktop,Đã sử dụng (chưa sửa chữa),12,21,Intel Xeon,32.0,AMD,256,Nước khác,desktop,8.900.000 đ
188,desktop,desktop,Đã sử dụng (chưa sửa chữa),1,21,Intel Xeon,32.0,AMD,250,Nước khác,desktop,7.900.000 đ
189,desktop,desktop,Đã sử dụng (chưa sửa chữa),3,0,Intel Xeon,16.0,Onboard,256,Nước khác,desktop,5.000.000 đ
190,desktop,desktop,Mới,1,20,Intel Core i5,32.0,NVIDIA,512,Nước khác,desktop,6.900.000 đ
191,desktop,desktop,Đã sử dụng (chưa sửa chữa),1,21,Intel Core i5,8.0,NVIDIA,128,Việt Nam,desktop,3.600.000 đ
192,desktop,desktop,Mới,3,0,Intel Xeon,64.0,AMD,256,Việt Nam,desktop,5.500.000 đ
193,desktop,desktop,Đã sử dụng (chưa sửa chữa),1,0,Intel Core i3,8.0,NVIDIA,250,Nước khác,desktop,2.950.000 đ
194,desktop,desktop,Đã sử dụng (chưa sửa chữa),1,21,Intel Atom,8.0,Onboard,500,Nước khác,desktop,4.500.000 đ
195,desktop,desktop,Đã sử dụng (chưa sửa chữa),0,21,Intel Xeon,16.0,Onboard,256,Nước khác,desktop,2.850.000 đ
196,desktop,desktop,Đã sử dụng (chưa sửa chữa),0,21,Intel Core i3,8.0,Onboard,480,Trung Quốc,desktop,3.200.000 đ
197,desktop,desktop,Đã sử dụng (chưa sửa chữa),0,21,Intel Core i5,8.0,Onboard,1000,Nước khác,desktop,10.000.000 đ
198,desktop,desktop,Đã sử dụng (chưa sửa chữa),0,0,Intel Core i3,16.0,Onboard,120,Nước khác,desktop,8.000.000 đ
199,desktop,desktop,Đã sử dụng (chưa sửa chữa),0,21,Intel Xeon,16.0,AMD,256,Việt Nam,desktop,6.500.000 đ
200,desktop,desktop,Đã sử dụng (chưa sửa chữa),1,21,Intel Core i5,8.0,NVIDIA,250,Việt Nam,desktop,6.490.000 đ
201,desktop,desktop,Đã sử dụng (chưa sửa chữa),0,20,Intel Core i5,6.0,Onboard,500,Nước khác,desktop,2.500.000 đ
202,desktop,desktop,Đã sử dụng (chưa sửa chữa),0,0,Intel Pentium,4.0,Onboard,500,Nước khác,desktop,550.000 đ
203,desktop,desktop,Đã sử dụng (chưa sửa chữa),1,21,Intel Xeon,16.0,NVIDIA,500,Thái Lan,desktop,3.800.000 đ
204,desktop,desktop,Đã sử dụng (chưa sửa chữa),12,21,Intel Xeon,16.0,AMD,256,Hàn Quốc,desktop,7.500.000 đ
205,desktop,desktop,Đã sử dụng (chưa sửa chữa),2,21,Intel Core i5,16.0,NVIDIA,128,Việt Nam,desktop,4.800.000 đ
206,desktop,desktop,Đã sử dụng (chưa sửa chữa),1,20,Intel Core i5,8.0,Onboard,128,Việt Nam,desktop,2.700.000 đ
207,desktop,desktop,Đã sử dụng (chưa sửa chữa),3,0,Intel Core i5,16.0,Onboard,512,Mỹ,desktop,2.400.000 đ
208,desktop,desktop,Đã sử dụng (chưa sửa chữa),0,21,Intel Core i7,8.0,NVIDIA,480,Việt Nam,desktop,5.900.000 đ
209,desktop,desktop,Mới,1,21,Intel Core i7,16.0,NVIDIA,256,Việt Nam,desktop,4.100.000 đ
210,desktop,desktop,Đã sử dụng (chưa sửa chữa),1,0,Intel Xeon,16.0,AMD,128,Nước khác,desktop,6.400.000 đ
211,desktop,desktop,Mới,9,21,Intel Core i5,8.0,NVIDIA,128,Việt Nam,desktop,3.800.000 đ
212,desktop,desktop,Mới,1,21,Intel Core i5,8.0,NVIDIA,256,Việt Nam,desktop,3.800.000 đ
213,desktop,desktop,Đã sử dụng (chưa sửa chữa),0,21,Intel Core i3,8.0,NVIDIA,250,Trung Quốc,desktop,4.000.000 đ
214,desktop,desktop,Đã sử dụng (chưa sửa chữa),0,16,Intel Core i5,8.0,NVIDIA,1000,Việt Nam,desktop,2.000.000 đ
215,desktop,desktop,Đã sử dụng (chưa sửa chữa),0,0,Intel Core i3,4.0,Onboard,1000,Nước khác,desktop,1.900.000 đ
216,desktop,desktop,Đã sử dụng (chưa sửa chữa),0,16,Intel Core i5,8.0,NVIDIA,128,Việt Nam,desktop,1.500.000 đ
217,desktop,desktop,Mới,0,0,Intel Core i3,8.0,Onboard,250,Việt Nam,desktop,8.500.000 đ
218,desktop,desktop,Đã sử dụng (chưa sửa chữa),1,20,Intel Core 2 Duo,4.0,Onboard,500,Việt Nam,desktop,1.500.000 đ
219,desktop,desktop,Mới,1,0,Intel Core i9,32.0,Onboard,500,Việt Nam,desktop,49.890.000 đ
220,desktop,desktop,Đã sử dụng (chưa sửa chữa),12,0,Intel Core i5,32.0,NVIDIA,1000,Việt Nam,desktop,18.750.000 đ
221,desktop,desktop,Đã sử dụng (chưa sửa chữa),0,0,Intel Core i5,8.0,Onboard,250,Nước khác,desktop,2.350.000 đ
222,desktop,desktop,Mới,1,0,Intel Core i5,16.0,NVIDIA,256,Việt Nam,desktop,7.700.000 đ
223,desktop,desktop,Đã sử dụng (chưa sửa chữa),0,20,Intel Core i3,16.0,Onboard,128,Nước khác,desktop,4.500.000 đ
224,desktop,desktop,Mới,1,0,Intel Core i9,32.0,NVIDIA,512,Việt Nam,desktop,48.490.000 đ
225,desktop,desktop,Đã sử dụng (chưa sửa chữa),1,20,Intel Core i5,8.0,NVIDIA,256,Việt Nam,desktop,3.900.000 đ
226,desktop,desktop,Đã sử dụng (chưa sửa chữa),0,21,Ryzen 5,16.0,NVIDIA,250,Nước khác,desktop,4.868.686 đ
227,desktop,desktop,Đã sử dụng (chưa sửa chữa),1,0,Intel Xeon,16.0,AMD,256,Nước khác,desktop,5.000.000 đ
228,desktop,desktop,Mới,1,0,Intel Core i9,32.0,NVIDIA,500,Việt Nam,desktop,40.990.000 đ
229,desktop,desktop,Đã sử dụng (chưa sửa chữa),1,21,Intel Core i5,16.0,NVIDIA,500,Mỹ,desktop,4.290.000 đ
230,desktop,desktop,Đã sử dụng (chưa sửa chữa),0,20,Intel Core 2 Duo,1.0,Onboard,320,Trung Quốc,desktop,1.000.000 đ
231,desktop,desktop,Đã sử dụng (chưa sửa chữa),1,21,Intel Core i7,8.0,NVIDIA,128,Việt Nam,desktop,5.500.000 đ
232,desktop,desktop,Đã sử dụng (chưa sửa chữa),1,0,Intel Xeon,16.0,AMD,256,Nước khác,desktop,5.600.000 đ
233,desktop,desktop,Đã sử dụng (chưa sửa chữa),1,0,Intel Core i7,32.0,AMD,500,Việt Nam,desktop,27.490.000 đ
234,desktop,desktop,Đã sử dụng (chưa sửa chữa),1,21,Intel Core i5,16.0,NVIDIA,256,Nước khác,desktop,15.000.000 đ
235,desktop,desktop,Đã sử dụng (chưa sửa chữa),0,21,Intel Xeon,32.0,NVIDIA,1500,Việt Nam,desktop,10.800.000 đ
236,desktop,desktop,Đã sử dụng (chưa sửa chữa),0,0,Intel Core i5,8.0,Onboard,320,Nước khác,desktop,300.000 đ
237,desktop,desktop,Đã sử dụng (chưa sửa chữa),1,21,Intel Core i5,32.0,Onboard,1000,Việt Nam,desktop,35.000.000 đ
238,desktop,desktop,Đã sử dụng (chưa sửa chữa),1,0,Intel Xeon,64.0,AMD,512,Mỹ,desktop,7.500.000 đ
239,desktop,desktop,Đã sử dụng (chưa sửa chữa),3,0,Intel Core i7,16.0,Onboard,512,Mỹ,desktop,4.000.000 đ
240,desktop,desktop,Mới,1,0,Intel Core i5,16.0,NVIDIA,512,Việt Nam,desktop,13.290.000 đ
241,desktop,desktop,Đã sử dụng (chưa sửa chữa),1,0,Intel Core i5,8.0,NVIDIA,128,Nước khác,desktop,2.500.000 đ
242,desktop,desktop,Đã sử dụng (chưa sửa chữa),0,20,Intel Xeon,8.0,NVIDIA,128,Nước khác,desktop,2.000.000 đ
243,desktop,desktop,Đã sử dụng (chưa sửa chữa),3,20,Intel Core i3,8.0,Onboard,120,Nhật Bản,desktop,2.300.000 đ
244,desktop,desktop,Mới,1,0,Intel Core i7,16.0,NVIDIA,512,Việt Nam,desktop,22.790.000 đ
245,desktop,desktop,Đã sử dụng (chưa sửa chữa),0,0,Intel Core i3,8.0,Onboard,128,Nước khác,desktop,3.500.000 đ
246,desktop,desktop,Đã sử dụng (chưa sửa chữa),0,0,Intel Core i5,4.0,Onboard,320,Nước khác,desktop,1.800.000 đ
247,desktop,desktop,Đã sử dụng (chưa sửa chữa),1,0,Intel Core i5,8.0,AMD,256,Việt Nam,desktop,3.850.000 đ
248,desktop,desktop,Mới,1,0,Intel Core i5,16.0,NVIDIA,500,Việt Nam,desktop,15.890.000 đ
249,desktop,desktop,Đã sử dụng (chưa sửa chữa),0,20,Intel Core i3,4.0,Onboard,128,Việt Nam,desktop,3.000.000 đ
250,desktop,desktop,Đã sử dụng (chưa sửa chữa),0,0,Intel Core i5,8.0,Onboard,256,Nước khác,desktop,4.200.000 đ
251,desktop,desktop,Đã sử dụng (chưa sửa chữa),1,0,Intel Core i9,32.0,NVIDIA,512,Việt Nam,desktop,20.990.000 đ
252,desktop,desktop,Đã sử dụng (chưa sửa chữa),3,0,Intel Core i5,8.0,Onboard,128,Nhật Bản,desktop,1.000.000 đ
253,desktop,desktop,Đã sử dụng (chưa sửa chữa),0,21,Intel Core i5,8.0,Onboard,120,Nước khác,desktop,3.900.000 đ
254,desktop,desktop,Đã sử dụng (chưa sửa chữa),1,21,Intel Xeon,32.0,AMD,128,Việt Nam,desktop,3.900.000 đ
255,desktop,desktop,Mới,1,0,Intel Core i9,32.0,NVIDIA,1000,Việt Nam,desktop,32.090.000 đ
256,desktop,desktop,Đã sử dụng (chưa sửa chữa),0,0,Intel Core 2 Quad,4.0,Onboard,500,Nước khác,desktop,1.100.000 đ
257,desktop,desktop,Đã sử dụng (chưa sửa chữa),1,0,Intel Xeon,16.0,NVIDIA,120,Trung Quốc,desktop,2.999.000 đ
258,desktop,desktop,Đã sử dụng (chưa sửa chữa),0,20,Intel Core i5,8.0,Onboard,500,Việt Nam,desktop,1.900.000 đ
259,desktop,desktop,Đã sử dụng (chưa sửa chữa),1,20,Intel Core i5,8.0,Onboard,128,Việt Nam,desktop,2.300.000 đ
260,desktop,desktop,Đã sử dụng (chưa sửa chữa),3,0,Intel Core i5,8.0,NVIDIA,128,Nước khác,desktop,2.300.000 đ
261,desktop,desktop,Đã sử dụng (chưa sửa chữa),1,0,Intel Core i5,32.0,NVIDIA,1000,Việt Nam,desktop,20.220.000 đ
262,desktop,desktop,Đã sử dụng (chưa sửa chữa),1,0,Intel Core i5,8.0,NVIDIA,250,Việt Nam,desktop,7.740.000 đ
263,desktop,desktop,Đã sử dụng (chưa sửa chữa),1,21,Intel Core i5,16.0,Onboard,128,Nước khác,desktop,6.500.000 đ
264,desktop,desktop,Đã sử dụng (chưa sửa chữa),1,20,Intel Xeon,32.0,Onboard,1000,Nước khác,desktop,8.000.000 đ
265,desktop,desktop,Đã sử dụng (chưa sửa chữa),1,21,Intel Core i3,8.0,Onboard,256,Việt Nam,desktop,3.200.000 đ
266,desktop,desktop,Đã sử dụng (chưa sửa chữa),5,21,Intel Core i5,16.0,Onboard,256,Nước khác,desktop,10.500.000 đ
267,desktop,desktop,Mới,1,0,Intel Core i9,64.0,NVIDIA,500,Việt Nam,desktop,27.990.000 đ
268,desktop,desktop,Mới,1,0,Intel Core i5,16.0,NVIDIA,512,Việt Nam,desktop,22.990.000 đ
269,desktop,desktop,Đã sử dụng (chưa sửa chữa),0,20,Intel Core i5,16.0,Onboard,256,Nước khác,desktop,4.500.000 đ
270,desktop,desktop,Đã sử dụng (chưa sửa chữa),1,20,Intel Core i5,16.0,AMD,120,Nước khác,desktop,3.900.000 đ
271,desktop,desktop,Đã sử dụng (chưa sửa chữa),5,21,Intel Core i5,16.0,Onboard,1000,Mỹ,desktop,37.500.000 đ
272,desktop,desktop,Đã sử dụng (chưa sửa chữa),3,21,Intel Core i5,8.0,NVIDIA,128,Nước khác,desktop,4.000.000 đ
273,desktop,desktop,Mới,12,21,Intel Core i5,8.0,NVIDIA,256,Việt Nam,desktop,6.800.000 đ
274,desktop,desktop,Đã sử dụng (chưa sửa chữa),0,0,Intel Xeon,16.0,Onboard,500,Nước khác,desktop,8.700.000 đ
275,desktop,desktop,Mới,9,21,Intel Pentium,8.0,Onboard,128,Nước khác,desktop,1.650.000 đ
276,desktop,desktop,Đã sử dụng (chưa sửa chữa),0,0,Intel Core i5,8.0,Onboard,120,Nước khác,desktop,1.300.000 đ
277,desktop,desktop,Đã sử dụng (chưa sửa chữa),1,0,Intel Core i5,16.0,NVIDIA,500,Nước khác,desktop,24.990.000 đ
278,desktop,desktop,Đã sử dụng (chưa sửa chữa),1,21,Intel Core i7,16.0,NVIDIA,1500,Nước khác,desktop,6.500.000 đ
279,desktop,desktop,Đã sử dụng (chưa sửa chữa),0,0,Intel Core i3,6.0,Onboard,128,Nước khác,desktop,1.350.000 đ
280,desktop,desktop,Đã sử dụng (chưa sửa chữa),1,0,Intel Core i7,8.0,Onboard,250,Nước khác,desktop,8.000.000 đ
281,desktop,desktop,Mới,1,0,Intel Core i7,32.0,NVIDIA,500,Việt Nam,desktop,27.390.000 đ
282,desktop,desktop,Mới,12,21,Intel Core i3,8.0,Onboard,128,Việt Nam,desktop,3.500.000 đ
283,desktop,desktop,Đã sử dụng (chưa sửa chữa),0,0,Intel Core i5,16.0,Onboard,128,Nước khác,desktop,6.999.999 đ
284,desktop,desktop,Đã sử dụng (chưa sửa chữa),1,0,Intel Core i5,8.0,Onboard,128,Nước khác,desktop,1.650.000 đ
285,desktop,desktop,Mới,1,0,Intel Core i3,16.0,NVIDIA,256,Nước khác,desktop,10.990.000 đ
286,desktop,desktop,Đã sử dụng (chưa sửa chữa),0,0,Intel Core i5,4.0,Onboard,128,Nước khác,desktop,550.000 đ
287,desktop,desktop,Đã sử dụng (chưa sửa chữa),0,0,Intel Core i5,6.0,Onboard,500,Nước khác,desktop,200.000 đ
288,desktop,desktop,Đã sử dụng (chưa sửa chữa),0,21,Intel Core i7,16.0,Onboard,128,Nước khác,desktop,4.700.000 đ
289,desktop,desktop,Đã sử dụng (chưa sửa chữa),0,0,Intel Core i5,8.0,Onboard,256,Việt Nam,desktop,5.000.000 đ
290,desktop,desktop,Đã sử dụng (chưa sửa chữa),0,21,Intel Xeon,32.0,NVIDIA,1000,Mỹ,desktop,17.000.000 đ
291,desktop,desktop,Đã sử dụng (chưa sửa chữa),0,20,Intel Core i5,4.0,Onboard,250,Việt Nam,desktop,250.000 đ
292,desktop,desktop,Đã sử dụng (chưa sửa chữa),9,21,Intel Core i5,6.0,Onboard,480,Thái Lan,desktop,2.900.000 đ
293,desktop,desktop,Đã sử dụng (chưa sửa chữa),0,0,Intel Core i5,32.0,Onboard,500,Nước khác,desktop,6.200.000 đ
294,desktop,desktop,Đã sử dụng (chưa sửa chữa),0,21,Intel Core i7,8.0,Onboard,128,Nước khác,desktop,5.700.000 đ
295,desktop,desktop,Đã sử dụng (chưa sửa chữa),1,0,Intel Core i5,8.0,NVIDIA,256,Nước khác,desktop,8.000.000 đ
296,desktop,desktop,Đã sử dụng (chưa sửa chữa),0,0,Intel Xeon,64.0,Onboard,480,Nước khác,desktop,4.500.000 đ
297,desktop,desktop,Đã sử dụng (chưa sửa chữa),2,20,Intel Core i5,8.0,Onboard,128,Việt Nam,desktop,2.600.000 đ
298,desktop,desktop,Đã sử dụng (chưa sửa chữa),1,21,Intel Core i3,8.0,NVIDIA,500,Việt Nam,desktop,7.500.000 đ
299,desktop,desktop,Đã sử dụng (qua sửa chữa),0,0,Intel Pentium,2.0,Onboard,128,Nước khác,desktop,300.000 đ
300,desktop,desktop,Đã sử dụng (chưa sửa chữa),0,20,Intel Core 2 Duo,1.0,AMD,320,Nước khác,desktop,650.000 đ
301,desktop,desktop,Đã sử dụng (chưa sửa chữa),12,21,Intel Xeon,32.0,AMD,512,Nhật Bản,desktop,7.500.000 đ
302,desktop,desktop,Đã sử dụng (chưa sửa chữa),0,0,Intel Pentium,8.0,Onboard,128,Nước khác,desktop,250.000 đ
303,desktop,desktop,Đã sử dụng (chưa sửa chữa),1,21,AMD,8.0,AMD,128,Nước khác,desktop,4.300.000 đ
304,desktop,desktop,Đã sử dụng (chưa sửa chữa),0,0,Intel Core i5,16.0,AMD,128,Nước khác,desktop,4.900.000 đ
305,desktop,desktop,Đã sử dụng (chưa sửa chữa),12,21,Intel Xeon,32.0,AMD,500,Việt Nam,desktop,4.000.000 đ
306,desktop,desktop,Mới,1,0,Intel Xeon,64.0,AMD,256,Việt Nam,desktop,7.300.000 đ
307,desktop,desktop,Đã sử dụng (chưa sửa chữa),0,0,Intel Xeon,32.0,NVIDIA,250,Nước khác,desktop,22.000.000 đ
308,desktop,desktop,Đã sử dụng (chưa sửa chữa),0,21,Intel Core i5,8.0,AMD,256,Việt Nam,desktop,14.000.000 đ
309,desktop,desktop,Đã sử dụng (chưa sửa chữa),3,0,Intel Xeon,8.0,Onboard,120,Nước khác,desktop,5.890.000 đ
310,desktop,desktop,Đã sử dụng (chưa sửa chữa),0,0,Intel Core i3,8.0,Onboard,120,Nước khác,desktop,1.400.000 đ
311,desktop,desktop,Mới,12,21,Intel Core i5,8.0,NVIDIA,256,Việt Nam,desktop,7.500.000 đ
312,desktop,desktop,Đã sử dụng (chưa sửa chữa),1,16,Intel Core i5,8.0,AMD,128,Việt Nam,desktop,1.600.000 đ
313,desktop,desktop,Đã sử dụng (chưa sửa chữa),0,16,Intel Core i5,8.0,NVIDIA,1000,Nước khác,desktop,2.500.000 đ
314,desktop,desktop,Đã sử dụng (chưa sửa chữa),0,16,Intel Pentium,2.0,Onboard,128,Nước khác,desktop,850.000 đ
315,desktop,desktop,Đã sử dụng (chưa sửa chữa),0,0,Intel Core i5,8.0,NVIDIA,256,Nước khác,desktop,6.300.000 đ
316,desktop,desktop,Đã sử dụng (chưa sửa chữa),1,21,Intel Core i3,16.0,NVIDIA,1000,Nước khác,desktop,7.500.000 đ
317,desktop,desktop,Mới,0,0,Intel Core i5,16.0,Onboard,512,Việt Nam,desktop,8.000.000 đ
318,desktop,desktop,Đã sử dụng (chưa sửa chữa),0,18,Intel Pentium,4.0,Onboard,320,Việt Nam,desktop,1.200.000 đ
319,desktop,desktop,Đã sử dụng (chưa sửa chữa),0,0,Intel Core i7,8.0,Onboard,500,Nước khác,desktop,3.900.000 đ
320,desktop,desktop,Đã sử dụng (chưa sửa chữa),1,0,Intel Core i5,8.0,Onboard,128,Việt Nam,desktop,1.050.000 đ
321,desktop,desktop,Đã sử dụng (chưa sửa chữa),0,0,Intel Core i3,8.0,Onboard,128,Nước khác,desktop,2.650.000 đ
322,desktop,desktop,Đã sử dụng (chưa sửa chữa),0,0,Intel Core i7,16.0,NVIDIA,250,Nước khác,desktop,12.000.000 đ
323,desktop,desktop,Đã sử dụng (chưa sửa chữa),1,21,Intel Core i5,8.0,Onboard,1500,Việt Nam,desktop,9.500.000 đ
324,desktop,desktop,Đã sử dụng (chưa sửa chữa),9,0,Intel Xeon,64.0,Onboard,1000,Nước khác,desktop,12.000.000 đ
325,desktop,desktop,Đã sử dụng (chưa sửa chữa),0,18,Intel Core i5,8.0,Onboard,128,Trung Quốc,desktop,1.350.000 đ
326,desktop,desktop,Đã sử dụng (chưa sửa chữa),0,0,Intel Core i7,16.0,Onboard,128,Nước khác,desktop,4.100.000 đ
327,desktop,desktop,Đã sử dụng (chưa sửa chữa),0,20,Intel Core i3,8.0,Onboard,128,Nước khác,desktop,2.600.000 đ
328,desktop,desktop,Đã sử dụng (chưa sửa chữa),12,21,Intel Xeon,16.0,AMD,500,Đức,desktop,4.500.000 đ
329,desktop,desktop,Đã sử dụng (chưa sửa chữa),12,21,Intel Xeon,16.0,AMD,500,Nước khác,desktop,5.600.000 đ
330,desktop,desktop,Đã sử dụng (chưa sửa chữa),1,16,Intel Core i5,8.0,Onboard,512,Việt Nam,desktop,9.000.000 đ
331,desktop,desktop,Đã sử dụng (chưa sửa chữa),0,0,Intel Core i5,8.0,Onboard,250,Nước khác,desktop,500.000 đ
332,desktop,desktop,Đã sử dụng (chưa sửa chữa),1,21,Intel Xeon,32.0,NVIDIA,500,Việt Nam,desktop,6.600.000 đ
333,desktop,desktop,Đã sử dụng (chưa sửa chữa),0,0,Intel Core 2 Duo,4.0,Onboard,128,Nước khác,desktop,400.000 đ
334,desktop,desktop,Mới,0,0,Intel Xeon,32.0,NVIDIA,128,Nước khác,desktop,5.990.000 đ
335,desktop,desktop,Đã sử dụng (chưa sửa chữa),0,0,Intel Core 2 Duo,6.0,Onboard,128,Nước khác,desktop,1.050.000 đ
336,desktop,desktop,Đã sử dụng (chưa sửa chữa),1,0,Intel Core i5,16.0,NVIDIA,500,Nước khác,desktop,8.500.000 đ
337,desktop,desktop,Đã sử dụng (chưa sửa chữa),2,21,Intel Core i5,16.0,NVIDIA,250,Việt Nam,desktop,8.000.000 đ
338,desktop,desktop,Đã sử dụng (chưa sửa chữa),9,21,Intel Core i5,8.0,Onboard,120,Nước khác,desktop,3.450.000 đ
339,desktop,desktop,Đã sử dụng (chưa sửa chữa),0,0,Intel Xeon,8.0,NVIDIA,128,Nước khác,desktop,4.600.000 đ
340,desktop,desktop,Đã sử dụng (chưa sửa chữa),0,21,Intel Xeon,16.0,NVIDIA,256,Nước khác,desktop,4.000.000 đ
341,desktop,desktop,Đã sử dụng (chưa sửa chữa),0,21,Intel Core i3,8.0,Onboard,128,Nước khác,desktop,2.600.000 đ
342,desktop,desktop,Đã sử dụng (chưa sửa chữa),1,21,Intel Core i5,8.0,Onboard,256,Nước khác,desktop,8.000.000 đ
343,desktop,desktop,Đã sử dụng (chưa sửa chữa),0,0,Intel Core i5,8.0,Onboard,128,Nước khác,desktop,3.000.000 đ
344,desktop,desktop,Đã sử dụng (chưa sửa chữa),0,21,Intel Core i3,8.0,NVIDIA,128,Nước khác,desktop,5.000.000 đ
345,desktop,desktop,Mới,0,0,Intel Xeon,32.0,NVIDIA,128,Việt Nam,desktop,2.300.000 đ
346,desktop,desktop,Đã sử dụng (chưa sửa chữa),12,0,Intel Core i3,8.0,AMD,128,Việt Nam,desktop,4.550.000 đ
347,desktop,desktop,Đã sử dụng (chưa sửa chữa),0,21,Intel Core i5,8.0,NVIDIA,128,Việt Nam,desktop,7.900.000 đ
348,desktop,desktop,Đã sử dụng (chưa sửa chữa),0,21,Intel Core i3,8.0,Onboard,128,Trung Quốc,desktop,3.500.000 đ
349,desktop,desktop,Đã sử dụng (chưa sửa chữa),3,0,Intel Core i7,8.0,Onboard,250,Mỹ,desktop,3.600.000 đ
350,desktop,desktop,Đã sử dụng (chưa sửa chữa),1,0,Intel Pentium,8.0,Onboard,128,Việt Nam,desktop,1.750.000 đ
351,desktop,desktop,Đã sử dụng (chưa sửa chữa),0,0,Intel Core i5,4.0,Onboard,500,Nước khác,desktop,2.000.000 đ
352,desktop,desktop,Đã sử dụng (chưa sửa chữa),0,20,Intel Core i3,4.0,Onboard,128,Nước khác,desktop,2.500.000 đ
353,desktop,desktop,Đã sử dụng (chưa sửa chữa),3,20,Intel Core i3,8.0,Onboard,256,Nước khác,desktop,2.500.000 đ
354,desktop,desktop,Đã sử dụng (chưa sửa chữa),0,0,Intel Xeon,32.0,NVIDIA,120,Nước khác,desktop,2.200.000 đ
355,desktop,desktop,Đã sử dụng (chưa sửa chữa),12,0,Intel Core i7,32.0,NVIDIA,500,Nước khác,desktop,17.000.000 đ
356,desktop,desktop,Mới,1,21,Intel Core i5,16.0,NVIDIA,256,Việt Nam,desktop,5.500.000 đ
357,desktop,desktop,Đã sử dụng (chưa sửa chữa),0,0,Intel Core i5,8.0,Onboard,1000,Nước khác,desktop,8.000.000 đ
358,desktop,desktop,Mới,0,0,Intel Core i5,8.0,Onboard,128,Việt Nam,desktop,2.300.000 đ
359,desktop,desktop,Đã sử dụng (chưa sửa chữa),0,21,Intel Core i3,8.0,NVIDIA,256,Nước khác,desktop,5.700.000 đ
360,desktop,desktop,Đã sử dụng (chưa sửa chữa),1,21,Intel Xeon,16.0,NVIDIA,256,Nước khác,desktop,2.999.000 đ
361,desktop,desktop,Mới,2,20,Intel Xeon,32.0,AMD,256,Việt Nam,desktop,6.500.000 đ
362,desktop,desktop,Đã sử dụng (chưa sửa chữa),5,21,Intel Xeon,64.0,NVIDIA,120,Việt Nam,desktop,5.000.000 đ
363,desktop,desktop,Đã sử dụng (chưa sửa chữa),0,20,Intel Core i5,8.0,Onboard,128,Nước khác,desktop,3.200.000 đ
364,desktop,desktop,Đã sử dụng (chưa sửa chữa),1,21,Intel Core i5,8.0,AMD,128,Nước khác,desktop,16.500.000 đ
365,desktop,desktop,Đã sử dụng (chưa sửa chữa),0,18,Intel Core 2 Duo,4.0,Onboard,250,Nước khác,desktop,1.500.000 đ
366,desktop,desktop,Đã sử dụng (chưa sửa chữa),1,21,Intel Xeon,16.0,AMD,256,Nước khác,desktop,7.400.000 đ
367,desktop,desktop,Mới,0,0,Intel Xeon,64.0,NVIDIA,256,Việt Nam,desktop,6.500.000 đ
368,desktop,desktop,Đã sử dụng (chưa sửa chữa),0,18,Intel Core i5,8.0,Onboard,128,Nước khác,desktop,1.700.000 đ
369,desktop,desktop,Đã sử dụng (chưa sửa chữa),0,0,Intel Core i5,8.0,Onboard,256,Nước khác,desktop,3.900.000 đ
370,desktop,desktop,Đã sử dụng (chưa sửa chữa),0,0,Intel Core i7,16.0,Onboard,1000,Nước khác,desktop,7.200.000 đ
371,desktop,desktop,Đã sử dụng (chưa sửa chữa),0,0,Intel Xeon,64.0,NVIDIA,512,Việt Nam,desktop,7.900.000 đ
372,desktop,desktop,Đã sử dụng (chưa sửa chữa),1,21,Intel Core i5,16.0,AMD,1000,Nước khác,desktop,6.500.000 đ
373,desktop,desktop,Đã sử dụng (chưa sửa chữa),0,21,Intel Core i3,8.0,NVIDIA,128,Việt Nam,desktop,1.800.000 đ
374,desktop,desktop,Đã sử dụng (chưa sửa chữa),0,0,Intel Core i5,64.0,Onboard,128,Nước khác,desktop,6.800.000 đ
375,desktop,desktop,Mới,12,21,Intel Core i5,8.0,NVIDIA,250,Trung Quốc,desktop,6.500.000 đ
376,desktop,desktop,Đã sử dụng (chưa sửa chữa),1,20,Intel Core i3,8.0,NVIDIA,250,Nước khác,desktop,2.000.000 đ
377,desktop,desktop,Đã sử dụng (chưa sửa chữa),3,0,Intel Core i5,8.0,Onboard,256,Nước khác,desktop,2.800.000 đ
378,desktop,desktop,Đã sử dụng (chưa sửa chữa),0,20,Intel Core i3,8.0,Onboard,1000,Nước khác,desktop,2.100.000 đ
379,desktop,desktop,Đã sử dụng (chưa sửa chữa),0,20,Intel Core i5,8.0,Onboard,128,Nhật Bản,desktop,800.000 đ
380,desktop,desktop,Mới,3,0,Intel Xeon,32.0,NVIDIA,128,Việt Nam,desktop,4.300.000 đ
381,desktop,desktop,Đã sử dụng (chưa sửa chữa),0,0,Ryzen 3,8.0,Onboard,250,Nước khác,desktop,6.000.000 đ
382,desktop,desktop,Đã sử dụng (chưa sửa chữa),0,0,Intel Core i5,8.0,NVIDIA,250,Nước khác,desktop,7.000.000 đ
383,desktop,desktop,Đã sử dụng (chưa sửa chữa),0,21,Intel Core i5,8.0,Onboard,128,Nước khác,desktop,2.600.000 đ
384,desktop,desktop,Đã sử dụng (chưa sửa chữa),0,21,Intel Core i3,8.0,Onboard,120,Nước khác,desktop,3.500.000 đ
385,desktop,desktop,Đã sử dụng (chưa sửa chữa),0,0,Intel Core i5,6.0,Onboard,128,Nước khác,desktop,2.000.000 đ
386,desktop,desktop,Đã sử dụng (chưa sửa chữa),1,21,Intel Core i5,8.0,Onboard,250,Nước khác,desktop,2.900.000 đ
387,desktop,desktop,Đã sử dụng (chưa sửa chữa),0,21,Intel Core i7,8.0,NVIDIA,128,Nước khác,desktop,5.500.000 đ
388,desktop,desktop,Đã sử dụng (chưa sửa chữa),1,18,Intel Core i3,4.0,Onboard,256,Việt Nam,desktop,1.400.000 đ
389,desktop,desktop,Đã sử dụng (chưa sửa chữa),1,0,Intel Core i3,8.0,NVIDIA,128,Việt Nam,desktop,4.300.000 đ
390,desktop,desktop,Đã sử dụng (chưa sửa chữa),0,0,Intel Xeon,16.0,NVIDIA,128,Nhật Bản,desktop,2.500.000 đ
391,desktop,desktop,Đã sử dụng (chưa sửa chữa),0,20,Intel Core i7,8.0,NVIDIA,128,Việt Nam,desktop,2.800.000 đ
392,desktop,desktop,Đã sử dụng (chưa sửa chữa),0,20,Intel Core i7,8.0,Onboard,128,Nước khác,desktop,2.250.000 đ
393,desktop,desktop,Đã sử dụng (chưa sửa chữa),0,0,Intel Core i7,8.0,NVIDIA,128,Nước khác,desktop,3.750.000 đ
394,desktop,desktop,Đã sử dụng (chưa sửa chữa),3,0,Intel Core i7,16.0,NVIDIA,256,Nước khác,desktop,5.555.555 đ
395,desktop,desktop,Đã sử dụng (chưa sửa chữa),0,0,Intel Core i5,4.0,Onboard,128,Nước khác,desktop,2.000.000 đ
396,desktop,desktop,Đã sử dụng (chưa sửa chữa),0,0,Intel Core i5,16.0,NVIDIA,256,Nước khác,desktop,8.800.000 đ
397,desktop,desktop,Đã sử dụng (chưa sửa chữa),0,20,Intel Core i3,6.0,Onboard,500,Nước khác,desktop,1.000.000 đ
398,desktop,desktop,Đã sử dụng (chưa sửa chữa),12,0,Intel Core i5,4.0,Onboard,256,Nhật Bản,desktop,1.500.000 đ
399,desktop,desktop,Đã sử dụng (chưa sửa chữa),1,0,Intel Core i5,8.0,NVIDIA,128,Nước khác,desktop,1.990.000 đ
400,desktop,desktop,Đã sử dụng (chưa sửa chữa),1,0,Intel Core i5,16.0,NVIDIA,256,Nước khác,desktop,7.200.000 đ
401,desktop,desktop,Mới,12,20,Intel Core i3,8.0,NVIDIA,320,Việt Nam,desktop,3.200.000 đ
402,desktop,desktop,Mới,12,0,Intel Xeon,32.0,NVIDIA,250,Mỹ,desktop,6.500.000 đ
403,desktop,desktop,Đã sử dụng (chưa sửa chữa),1,21,Intel Xeon,16.0,NVIDIA,256,Nhật Bản,desktop,4.500.000 đ
404,desktop,desktop,Đã sử dụng (chưa sửa chữa),0,20,Intel Pentium,4.0,Onboard,250,Nước khác,desktop,1.150.000 đ
405,desktop,desktop,Đã sử dụng (chưa sửa chữa),1,21,Intel Core i5,8.0,NVIDIA,128,Nhật Bản,desktop,5.000.000 đ
406,desktop,desktop,Đã sử dụng (chưa sửa chữa),0,0,Intel Core i3,8.0,Onboard,128,Nước khác,desktop,900.000 đ
407,desktop,desktop,Đã sử dụng (chưa sửa chữa),0,0,Intel Core i5,8.0,Onboard,128,Nước khác,desktop,7.999.999 đ
408,desktop,desktop,Mới,0,0,Ryzen 7,16.0,Onboard,700,Nước khác,desktop,6.500.000 đ
409,desktop,desktop,Đã sử dụng (chưa sửa chữa),0,0,Intel Core i5,0.5,Onboard,120,Trung Quốc,desktop,1.890.000 đ
410,desktop,desktop,Mới,1,0,Intel Core i5,16.0,NVIDIA,256,Việt Nam,desktop,5.500.000 đ
411,desktop,desktop,Đã sử dụng (chưa sửa chữa),0,20,Intel Core i3,4.0,Onboard,120,Việt Nam,desktop,1.800.000 đ
412,desktop,desktop,Đã sử dụng (chưa sửa chữa),1,0,Intel Core i5,4.0,Onboard,500,Nước khác,desktop,1.350.000 đ
413,desktop,desktop,Đã sử dụng (chưa sửa chữa),0,16,Intel Core i5,4.0,Onboard,128,Nước khác,desktop,500.000 đ
414,desktop,desktop,Mới,12,21,Intel Core i5,16.0,NVIDIA,256,Việt Nam,desktop,14.888.888 đ
415,desktop,desktop,Đã sử dụng (chưa sửa chữa),1,18,Intel Core i5,8.0,Onboard,128,Việt Nam,desktop,1.500.000 đ
416,desktop,desktop,Đã sử dụng (chưa sửa chữa),1,20,Intel Core i5,8.0,NVIDIA,128,Việt Nam,desktop,3.400.000 đ
417,desktop,desktop,Đã sử dụng (chưa sửa chữa),3,0,Intel Core i5,16.0,Onboard,256,Nhật Bản,desktop,4.500.000 đ
418,desktop,desktop,Đã sử dụng (chưa sửa chữa),0,0,Intel Core 2 Duo,4.0,Onboard,250,Nước khác,desktop,550.000 đ
419,desktop,desktop,Đã sử dụng (chưa sửa chữa),1,0,Intel Xeon,64.0,NVIDIA,1000,Nước khác,desktop,28.500.000 đ
420,desktop,desktop,Đã sử dụng (chưa sửa chữa),1,0,Intel Core i5,16.0,NVIDIA,256,Nước khác,desktop,7.500.000 đ
421,desktop,desktop,Đã sử dụng (chưa sửa chữa),0,0,Intel Xeon,64.0,NVIDIA,500,Nước khác,desktop,7.500.000 đ
422,desktop,desktop,Mới,0,0,Intel Core i3,8.0,Onboard,128,Nước khác,desktop,3.600.000 đ
423,desktop,desktop,Đã sử dụng (chưa sửa chữa),0,0,Intel Pentium,4.0,Onboard,128,Nước khác,desktop,450.000 đ
424,desktop,desktop,Đã sử dụng (chưa sửa chữa),0,0,Intel Core i5,8.0,Onboard,128,Nước khác,desktop,999.999 đ
425,desktop,desktop,Đã sử dụng (chưa sửa chữa),3,0,Intel Core i5,8.0,Onboard,500,Nước khác,desktop,2.800.000 đ
426,desktop,desktop,Đã sử dụng (chưa sửa chữa),0,0,Intel Core 2 Duo,4.0,Onboard,320,Nước khác,desktop,1.800.000 đ
427,desktop,desktop,Đã sử dụng (chưa sửa chữa),0,0,Intel Core i3,8.0,Onboard,128,Nước khác,desktop,1.450.000 đ
428,desktop,desktop,Đã sử dụng (chưa sửa chữa),3,0,Intel Core i5,16.0,Onboard,512,Nhật Bản,desktop,3.700.000 đ
429,desktop,desktop,Đã sử dụng (chưa sửa chữa),0,0,Intel Core i7,16.0,NVIDIA,128,Việt Nam,desktop,10.000.000 đ
430,desktop,desktop,Đã sử dụng (chưa sửa chữa),0,20,Intel Core i5,8.0,Onboard,256,Nước khác,desktop,4.000.000 đ
431,desktop,desktop,Đã sử dụng (chưa sửa chữa),1,0,Intel Core i3,8.0,NVIDIA,128,Nước khác,desktop,5.000.000 đ
432,desktop,desktop,Đã sử dụng (chưa sửa chữa),0,0,Intel Core i5,8.0,Onboard,128,Nước khác,desktop,3.000.000 đ
433,desktop,desktop,Đã sử dụng (chưa sửa chữa),9,21,Intel Core i5,8.0,Onboard,256,Nước khác,desktop,5.250.000 đ
434,desktop,desktop,Đã sử dụng (chưa sửa chữa),1,21,Intel Core i5,16.0,Onboard,250,Việt Nam,desktop,3.700.000 đ
435,desktop,desktop,Đã sử dụng (chưa sửa chữa),1,0,Intel Xeon,16.0,AMD,500,Việt Nam,desktop,3.850.000 đ
436,desktop,desktop,Đã sử dụng (chưa sửa chữa),3,0,Intel Core i5,8.0,Onboard,250,Nhật Bản,desktop,2.700.000 đ
437,desktop,desktop,Đã sử dụng (chưa sửa chữa),0,20,Intel Pentium,8.0,Onboard,120,Việt Nam,desktop,1.800.000 đ
438,desktop,desktop,Mới,12,21,Intel Core i5,16.0,NVIDIA,512,Nước khác,desktop,16.900.000 đ
439,desktop,desktop,Đã sử dụng (chưa sửa chữa),0,0,Intel Core i3,8.0,NVIDIA,128,Nước khác,desktop,2.800.000 đ
440,desktop,desktop,Đã sử dụng (chưa sửa chữa),1,0,Intel Xeon,64.0,AMD,1500,Nước khác,desktop,14.500.000 đ
441,desktop,desktop,Đã sử dụng (chưa sửa chữa),0,0,Intel Core i3,8.0,Onboard,120,Nước khác,desktop,1.500.000 đ
442,desktop,desktop,Đã sử dụng (chưa sửa chữa),3,0,Intel Core i5,8.0,Onboard,256,Nước khác,desktop,9.500.000 đ
443,desktop,desktop,Đã sử dụng (chưa sửa chữa),3,21,Intel Core i5,8.0,Onboard,256,Nước khác,desktop,7.500.000 đ
444,desktop,desktop,Đã sử dụng (chưa sửa chữa),2,21,Intel Core i3,16.0,AMD,128,Việt Nam,desktop,8.800.000 đ
445,desktop,desktop,Đã sử dụng (chưa sửa chữa),1,0,Intel Core i3,8.0,NVIDIA,500,Việt Nam,desktop,900.000 đ
446,desktop,desktop,Đã sử dụng (chưa sửa chữa),3,0,Intel Core i5,16.0,Onboard,256,Nhật Bản,desktop,3.900.000 đ
447,desktop,desktop,Đã sử dụng (chưa sửa chữa),1,21,Intel Core i7,16.0,AMD,1500,Nước khác,desktop,6.800.000 đ
448,desktop,desktop,Đã sử dụng (chưa sửa chữa),0,0,Intel Core i5,8.0,Onboard,128,Nước khác,desktop,2.500.000 đ
449,desktop,desktop,Đã sử dụng (chưa sửa chữa),3,0,Intel Xeon,32.0,AMD,500,Việt Nam,desktop,4.800.000 đ
450,desktop,desktop,Đã sử dụng (qua sửa chữa),0,18,Intel Core i5,8.0,Onboard,128,Nước khác,desktop,2.100.000 đ
451,desktop,desktop,Đã sử dụng (chưa sửa chữa),1,0,Intel Core i3,4.0,Onboard,120,Nhật Bản,desktop,1.100.000 đ
452,desktop,desktop,Đã sử dụng (chưa sửa chữa),12,21,Intel Core i3,16.0,Onboard,128,Việt Nam,desktop,2.500.000 đ
453,desktop,desktop,Đã sử dụng (chưa sửa chữa),0,20,Intel Core i5,8.0,NVIDIA,128,Nước khác,desktop,2.700.000 đ
454,desktop,desktop,Đã sử dụng (chưa sửa chữa),0,0,Intel Core i5,8.0,NVIDIA,128,Nước khác,desktop,5.500.000 đ
455,desktop,desktop,Mới,0,0,Intel Core i3,8.0,NVIDIA,128,Nước khác,desktop,5.750.000 đ
456,desktop,desktop,Đã sử dụng (chưa sửa chữa),0,0,Intel Pentium,4.0,Onboard,1000,Việt Nam,desktop,1.600.000 đ
457,desktop,desktop,Đã sử dụng (chưa sửa chữa),0,0,Intel Core i7,8.0,NVIDIA,128,Nước khác,desktop,3.800.000 đ
458,desktop,desktop,Đã sử dụng (chưa sửa chữa),0,0,Intel Core i5,8.0,Onboard,128,Việt Nam,desktop,1.300.000 đ
459,desktop,desktop,Đã sử dụng (chưa sửa chữa),1,21,Intel Xeon,16.0,AMD,250,Nước khác,desktop,6.000.000 đ
460,desktop,desktop,Đã sử dụng (chưa sửa chữa),3,21,Intel Core i3,8.0,Onboard,250,Việt Nam,desktop,6.599.000 đ
461,desktop,desktop,Đã sử dụng (chưa sửa chữa),0,0,Intel Xeon,8.0,Onboard,128,Nước khác,desktop,6.999.999 đ
462,desktop,desktop,Đã sử dụng (chưa sửa chữa),1,0,Intel Xeon,32.0,NVIDIA,500,Hàn Quốc,desktop,11.000.000 đ
463,desktop,desktop,Đã sử dụng (chưa sửa chữa),1,21,Intel Core i5,8.0,Onboard,128,Việt Nam,desktop,2.900.000 đ
464,desktop,desktop,Đã sử dụng (chưa sửa chữa),0,0,Intel Core i5,64.0,Onboard,128,Nước khác,desktop,20.000.000 đ
465,desktop,desktop,Đã sử dụng (chưa sửa chữa),1,0,Intel Core i3,16.0,Onboard,256,Nước khác,desktop,5.200.000 đ
466,desktop,desktop,Đã sử dụng (chưa sửa chữa),2,20,Intel Core i5,8.0,Onboard,128,Nước khác,desktop,3.200.000 đ
467,desktop,desktop,Đã sử dụng (chưa sửa chữa),0,0,Intel Core i5,4.0,Onboard,256,Nước khác,desktop,2.700.000 đ
468,desktop,desktop,Mới,0,0,Ryzen 7,16.0,Onboard,128,Việt Nam,desktop,7.000.000 đ
469,desktop,desktop,Đã sử dụng (chưa sửa chữa),0,0,Intel Core i5,16.0,NVIDIA,256,Nước khác,desktop,9.700.000 đ
470,desktop,desktop,Đã sử dụng (chưa sửa chữa),3,0,Intel Xeon,32.0,NVIDIA,500,Nước khác,desktop,5.200.000 đ
471,desktop,desktop,Mới,1,0,Intel Core i5,16.0,NVIDIA,128,Mỹ,desktop,3.990.000 đ
472,desktop,desktop,Đã sử dụng (chưa sửa chữa),0,0,Intel Xeon,64.0,NVIDIA,512,Nước khác,desktop,21.200.000 đ
473,desktop,desktop,Đã sử dụng (chưa sửa chữa),0,18,Intel Core i5,0.5,Onboard,128,Mỹ,desktop,900.000 đ
474,desktop,desktop,Đã sử dụng (chưa sửa chữa),1,0,Intel Core i5,8.0,Onboard,120,Mỹ,desktop,1.550.000 đ
475,desktop,desktop,Đã sử dụng (chưa sửa chữa),3,0,Intel Core i5,8.0,NVIDIA,128,Nước khác,desktop,4.500.000 đ
476,desktop,desktop,Đã sử dụng (chưa sửa chữa),0,21,Intel Xeon,64.0,NVIDIA,1500,Mỹ,desktop,15.000.000 đ
477,desktop,desktop,Đã sử dụng (chưa sửa chữa),0,0,Intel Xeon,64.0,NVIDIA,1000,Nước khác,desktop,11.900.000 đ
478,desktop,desktop,Đã sử dụng (chưa sửa chữa),1,0,Intel Core i5,8.0,Onboard,120,Mỹ,desktop,1.650.000 đ
479,desktop,desktop,Đã sử dụng (chưa sửa chữa),1,20,Intel Core i5,8.0,Onboard,128,Việt Nam,desktop,2.200.000 đ
480,desktop,desktop,Đã sử dụng (chưa sửa chữa),0,0,Intel Xeon,64.0,Onboard,500,Việt Nam,desktop,9.000.000 đ
481,desktop,desktop,Đã sử dụng (chưa sửa chữa),3,21,Intel Core i5,16.0,Onboard,512,Nhật Bản,desktop,12.120.020 đ
482,desktop,desktop,Đã sử dụng (chưa sửa chữa),12,21,Intel Core i5,16.0,AMD,250,Việt Nam,desktop,18.500.000 đ
483,desktop,desktop,Đã sử dụng (chưa sửa chữa),0,21,Intel Core i5,64.0,Onboard,1500,Việt Nam,desktop,7.999.000 đ
484,desktop,desktop,Đã sử dụng (chưa sửa chữa),1,0,Ryzen 5,16.0,NVIDIA,1000,Nước khác,desktop,9.560.000 đ
485,desktop,desktop,Đã sử dụng (chưa sửa chữa),0,18,Intel Core i5,16.0,NVIDIA,500,Nhật Bản,desktop,3.500.000 đ
486,desktop,desktop,Đã sử dụng (chưa sửa chữa),0,16,Intel Core i5,8.0,Onboard,250,Nước khác,desktop,3.500.000 đ
487,desktop,desktop,Đã sử dụng (chưa sửa chữa),1,21,Intel Core i5,8.0,AMD,128,Nước khác,desktop,3.100.000 đ
488,desktop,desktop,Đã sử dụng (chưa sửa chữa),3,0,Intel Core i3,8.0,AMD,256,Nước khác,desktop,5.900.000 đ
489,desktop,desktop,Mới,5,20,Intel Core i3,8.0,AMD,128,Việt Nam,desktop,2.000.000 đ
490,desktop,desktop,Đã sử dụng (chưa sửa chữa),0,0,Intel Core 2 Duo,4.0,Onboard,120,Nước khác,desktop,650.000 đ
491,desktop,desktop,Mới,12,21,Intel Core i3,8.0,AMD,256,Việt Nam,desktop,4.000.000 đ
492,desktop,desktop,Đã sử dụng (chưa sửa chữa),0,21,Intel Core i7,32.0,NVIDIA,256,Nước khác,desktop,10.500.000 đ
493,desktop,desktop,Đã sử dụng (chưa sửa chữa),1,0,Intel Core i5,8.0,NVIDIA,128,Đài Loan,desktop,2.500.000 đ
494,desktop,desktop,Đã sử dụng (chưa sửa chữa),1,0,Intel Core i5,8.0,AMD,128,Việt Nam,desktop,3.490.000 đ
495,desktop,desktop,Mới,0,0,Intel Core i3,16.0,NVIDIA,256,Việt Nam,desktop,6.500.000 đ
496,desktop,desktop,Mới,3,21,Intel Xeon,32.0,AMD,256,Việt Nam,desktop,6.500.000 đ
497,desktop,desktop,Đã sử dụng (chưa sửa chữa),0,18,Intel Core i5,8.0,Onboard,250,Nước khác,desktop,1.999.999 đ
498,desktop,desktop,Đã sử dụng (chưa sửa chữa),0,0,Intel Xeon,16.0,NVIDIA,128,Nước khác,desktop,2.800.000 đ
499,desktop,desktop,Đã sử dụng (chưa sửa chữa),1,0,Intel Core i3,8.0,Onboard,120,Nước khác,desktop,1.550.000 đ
500,desktop,desktop,Đã sử dụng (chưa sửa chữa),0,0,Intel Core i3,16.0,AMD,500,Nước khác,desktop,7.000.000 đ
501,desktop,desktop,Mới,12,21,Intel Core i5,8.0,NVIDIA,500,Việt Nam,desktop,1.800.000 đ
502,desktop,desktop,Mới,9,21,Intel Core i5,8.0,NVIDIA,256,Việt Nam,desktop,5.800.000 đ
503,desktop,desktop,Đã sử dụng (chưa sửa chữa),0,21,Intel Core i3,8.0,NVIDIA,120,Nước khác,desktop,4.200.000 đ
504,desktop,desktop,Đã sử dụng (chưa sửa chữa),12,21,Intel Core i5,8.0,NVIDIA,256,Nước khác,desktop,5.800.000 đ
505,desktop,desktop,Mới,12,21,Intel Xeon,32.0,NVIDIA,256,Việt Nam,desktop,8.500.000 đ
506,desktop,desktop,Đã sử dụng (chưa sửa chữa),12,21,Ryzen 3,8.0,AMD,250,Việt Nam,desktop,6.800.000 đ
507,desktop,desktop,Mới,12,0,Intel Core i3,8.0,NVIDIA,120,Mỹ,desktop,1.200.000 đ
508,desktop,desktop,Đã sử dụng (chưa sửa chữa),0,0,Intel Pentium,4.0,Onboard,500,Việt Nam,desktop,1.200.000 đ
509,desktop,desktop,Đã sử dụng (chưa sửa chữa),12,21,Intel Core i7,16.0,Onboard,512,Mỹ,desktop,28.500.000 đ
510,desktop,desktop,Đã sử dụng (chưa sửa chữa),0,0,Intel Core i3,8.0,Onboard,120,Nước khác,desktop,1.000.000 đ
511,desktop,desktop,Đã sử dụng (chưa sửa chữa),1,0,Intel Core i3,8.0,Onboard,128,Nước khác,desktop,2.400.000 đ
512,desktop,desktop,Đã sử dụng (chưa sửa chữa),0,21,Intel Core i5,8.0,NVIDIA,500,Nước khác,desktop,2.000.000 đ
513,desktop,desktop,Mới,12,21,Intel Core i5,16.0,Onboard,256,Việt Nam,desktop,11.800.000 đ
514,desktop,desktop,Đã sử dụng (chưa sửa chữa),5,21,Intel Core i5,4.0,NVIDIA,320,Nước khác,desktop,2.600.000 đ
515,desktop,desktop,Đã sử dụng (chưa sửa chữa),0,0,Intel Xeon,8.0,NVIDIA,128,Việt Nam,desktop,4.500.000 đ
516,desktop,desktop,Đã sử dụng (chưa sửa chữa),0,0,Intel Core i3,8.0,Onboard,250,Nước khác,desktop,8.300.000 đ
517,desktop,desktop,Đã sử dụng (chưa sửa chữa),0,21,Intel Core i5,64.0,Onboard,1500,Mỹ,desktop,22.800.000 đ
518,desktop,desktop,Đã sử dụng (chưa sửa chữa),0,0,AMD,4.0,Onboard,250,Nước khác,desktop,600.000 đ
519,desktop,desktop,Đã sử dụng (chưa sửa chữa),5,21,Intel Core i5,8.0,Onboard,256,Nước khác,desktop,8.800.000 đ
520,desktop,desktop,Đã sử dụng (chưa sửa chữa),0,21,Intel Core i5,8.0,Onboard,128,Việt Nam,desktop,2.800.000 đ
521,desktop,desktop,Mới,1,21,Intel Core i5,16.0,AMD,256,Việt Nam,desktop,8.300.000 đ
522,desktop,desktop,Mới,9,0,Intel Core i5,16.0,NVIDIA,256,Việt Nam,desktop,7.999.999 đ
523,desktop,desktop,Đã sử dụng (chưa sửa chữa),1,21,Intel Core i3,8.0,NVIDIA,128,Nước khác,desktop,4.500.000 đ
524,desktop,desktop,Đã sử dụng (chưa sửa chữa),0,21,Intel Core i3,32.0,AMD,128,Nước khác,desktop,6.300.000 đ
525,desktop,desktop,Đã sử dụng (chưa sửa chữa),1,21,Intel Core i3,8.0,Onboard,256,Mỹ,desktop,7.450.000 đ
526,desktop,desktop,Đã sử dụng (chưa sửa chữa),1,21,Intel Core i7,32.0,NVIDIA,1000,Nước khác,desktop,27.000.000 đ
527,desktop,desktop,Đã sử dụng (chưa sửa chữa),0,18,AMD,8.0,AMD,500,Trung Quốc,desktop,2.000.000 đ
528,desktop,desktop,Đã sử dụng (chưa sửa chữa),2,0,Intel Core i3,16.0,Onboard,256,Mỹ,desktop,5.500.000 đ
529,desktop,desktop,Đã sử dụng (chưa sửa chữa),1,0,Intel Core 2 Duo,4.0,Onboard,250,Nước khác,desktop,950.000 đ
530,desktop,desktop,Mới,1,0,Intel Core i5,16.0,NVIDIA,500,Việt Nam,desktop,13.190.000 đ
531,desktop,desktop,Mới,9,21,Intel Xeon,8.0,NVIDIA,128,Việt Nam,desktop,4.000.000 đ
532,desktop,desktop,Mới,12,0,Intel Core i3,8.0,Onboard,256,Việt Nam,desktop,2.900.000 đ
533,desktop,desktop,Đã sử dụng (chưa sửa chữa),0,21,Intel Core i5,8.0,NVIDIA,640,Việt Nam,desktop,350.000 đ
534,desktop,desktop,Đã sử dụng (chưa sửa chữa),5,21,Intel Core i7,16.0,NVIDIA,1000,Việt Nam,desktop,450.000 đ
535,desktop,desktop,Đã sử dụng (chưa sửa chữa),0,0,Intel Xeon,8.0,Onboard,128,Nước khác,desktop,7.999.999 đ
536,desktop,desktop,Đã sử dụng (chưa sửa chữa),0,0,Intel Core i5,8.0,NVIDIA,500,Việt Nam,desktop,950.000 đ
537,desktop,desktop,Mới,1,0,Intel Core i5,16.0,AMD,256,Việt Nam,desktop,7.890.000 đ
538,desktop,desktop,Đã sử dụng (chưa sửa chữa),1,21,Intel Core i5,8.0,Onboard,128,Việt Nam,desktop,3.800.000 đ
539,desktop,desktop,Mới,12,0,Intel Core i5,16.0,NVIDIA,256,Việt Nam,desktop,10.990.000 đ
540,desktop,desktop,Mới,5,0,Intel Xeon,16.0,NVIDIA,128,Việt Nam,desktop,3.700.000 đ
541,desktop,desktop,Đã sử dụng (chưa sửa chữa),1,21,Intel Xeon,16.0,NVIDIA,128,Nước khác,desktop,6.000.000 đ
542,desktop,desktop,Đã sử dụng (chưa sửa chữa),0,21,AMD,16.0,NVIDIA,128,Nước khác,desktop,7.700.000 đ
543,desktop,desktop,Đã sử dụng (chưa sửa chữa),12,0,Ryzen 5,16.0,Onboard,256,Việt Nam,desktop,6.500.000 đ
544,desktop,desktop,Mới,1,0,Intel Core i3,8.0,NVIDIA,256,Việt Nam,desktop,6.990.000 đ
545,desktop,desktop,Đã sử dụng (chưa sửa chữa),1,0,Intel Core i5,4.0,Onboard,128,Mỹ,desktop,950.000 đ
546,desktop,desktop,Đã sử dụng (chưa sửa chữa),0,21,Intel Atom,4.0,Onboard,128,Nước khác,desktop,3.000.000 đ
547,desktop,desktop,Đã sử dụng (chưa sửa chữa),0,0,Intel Core 2 Duo,4.0,Onboard,120,Nước khác,desktop,1.200.000 đ
548,desktop,desktop,Đã sử dụng (chưa sửa chữa),0,0,Intel Core i5,8.0,Onboard,512,Nước khác,desktop,8.800.000 đ
549,desktop,desktop,Đã sử dụng (chưa sửa chữa),0,21,Intel Xeon,64.0,NVIDIA,512,Nước khác,desktop,11.000.000 đ
550,desktop,desktop,Mới,12,21,Intel Core i5,8.0,NVIDIA,500,Việt Nam,desktop,10.500.000 đ
551,desktop,desktop,Mới,1,0,Intel Core i3,8.0,Onboard,128,Việt Nam,desktop,2.990.000 đ
552,desktop,desktop,Mới,12,0,Intel Xeon,32.0,NVIDIA,512,Việt Nam,desktop,21.000.000 đ
553,desktop,desktop,Đã sử dụng (chưa sửa chữa),0,0,Intel Xeon,32.0,Onboard,128,Nước khác,desktop,6.999.999 đ
554,desktop,desktop,Mới,1,0,Intel Core i5,8.0,Onboard,128,Việt Nam,desktop,2.790.000 đ
555,desktop,desktop,Đã sử dụng (chưa sửa chữa),3,21,Intel Core i3,8.0,Onboard,256,Việt Nam,desktop,5.700.000 đ
556,desktop,desktop,Đã sử dụng (chưa sửa chữa),0,0,Intel Core i5,8.0,Onboard,128,Nước khác,desktop,1.800.000 đ
557,desktop,desktop,Đã sử dụng (chưa sửa chữa),0,20,Intel Core i5,32.0,Onboard,1000,Việt Nam,desktop,140.000.000 đ
558,desktop,desktop,Đã sử dụng (chưa sửa chữa),1,21,Intel Core i7,8.0,NVIDIA,512,Đức,desktop,5.300.000 đ
559,desktop,desktop,Đã sử dụng (chưa sửa chữa),0,0,Intel Core i5,8.0,Onboard,128,Nước khác,desktop,5.750.000 đ
560,desktop,desktop,Đã sử dụng (chưa sửa chữa),1,0,Intel Core i7,8.0,Onboard,1500,Việt Nam,desktop,3.900.000 đ
561,desktop,desktop,Đã sử dụng (chưa sửa chữa),0,0,Intel Core i7,8.0,Onboard,128,Nước khác,desktop,2.250.000 đ
562,desktop,desktop,Mới,3,0,Intel Xeon,32.0,NVIDIA,256,Việt Nam,desktop,3.700.000 đ
563,desktop,desktop,Đã sử dụng (chưa sửa chữa),1,20,Intel Core i5,8.0,Onboard,128,Việt Nam,desktop,3.900.000 đ
564,desktop,desktop,Đã sử dụng (chưa sửa chữa),3,18,Intel Core i5,8.0,Onboard,500,Nước khác,desktop,1.600.000 đ
565,desktop,desktop,Đã sử dụng (chưa sửa chữa),3,21,Intel Core i3,32.0,AMD,512,Nhật Bản,desktop,15.000.000 đ
566,desktop,desktop,Đã sử dụng (chưa sửa chữa),0,20,Intel Core i3,4.0,Onboard,500,Nước khác,desktop,1.350.000 đ
567,desktop,desktop,Đã sử dụng (chưa sửa chữa),3,18,Intel Core i5,8.0,Onboard,500,Nước khác,desktop,1.500.000 đ
568,desktop,desktop,Đã sử dụng (chưa sửa chữa),1,21,Intel Core i7,16.0,AMD,128,Nước khác,desktop,3.650.000 đ
569,desktop,desktop,Đã sử dụng (chưa sửa chữa),0,0,Intel Core i3,6.0,Onboard,128,Nước khác,desktop,750.000 đ
570,desktop,desktop,Đã sử dụng (chưa sửa chữa),0,0,Intel Core i7,16.0,AMD,128,Việt Nam,desktop,11.000.000 đ
571,desktop,desktop,Đã sử dụng (chưa sửa chữa),3,21,Intel Core i5,8.0,NVIDIA,1500,Nhật Bản,desktop,4.500.000 đ
572,desktop,desktop,Đã sử dụng (chưa sửa chữa),0,0,Intel Core i3,4.0,Onboard,128,Nước khác,desktop,450.000 đ
573,desktop,desktop,Đã sử dụng (chưa sửa chữa),3,18,Intel Core i5,4.0,Onboard,128,Nước khác,desktop,3.500.000 đ
574,desktop,desktop,Đã sử dụng (chưa sửa chữa),3,18,Intel Core i7,4.0,Onboard,128,Nước khác,desktop,4.300.000 đ
575,desktop,desktop,Đã sử dụng (chưa sửa chữa),3,18,Intel Core i7,4.0,Onboard,128,Nước khác,desktop,3.900.000 đ
576,desktop,desktop,Đã sử dụng (chưa sửa chữa),3,18,Intel Core i3,4.0,Onboard,128,Nước khác,desktop,1.600.000 đ
577,desktop,desktop,Đã sử dụng (chưa sửa chữa),1,18,Intel Core i3,4.0,Onboard,128,Nước khác,desktop,1.500.000 đ
578,desktop,desktop,Mới,3,18,Intel Core i5,4.0,Onboard,128,Mỹ,desktop,3.500.000 đ
579,desktop,desktop,Đã sử dụng (chưa sửa chữa),3,21,Intel Core i5,8.0,Onboard,128,Nước khác,desktop,4.400.000 đ
580,desktop,desktop,Đã sử dụng (chưa sửa chữa),3,21,Intel Core i5,8.0,Onboard,128,Nước khác,desktop,4.500.000 đ
581,desktop,desktop,Đã sử dụng (chưa sửa chữa),3,18,Intel Core i5,4.0,Onboard,128,Nước khác,desktop,5.000.000 đ
582,desktop,desktop,Đã sử dụng (chưa sửa chữa),3,21,Intel Core i3,8.0,NVIDIA,512,Việt Nam,desktop,8.500.000 đ
583,desktop,desktop,Đã sử dụng (chưa sửa chữa),9,20,Intel Core i5,2.0,Onboard,120,Nước khác,desktop,1.700.000 đ
584,desktop,desktop,Đã sử dụng (chưa sửa chữa),0,0,Intel Core i5,8.0,Onboard,128,Nước khác,desktop,2.600.000 đ
585,desktop,desktop,Đã sử dụng (chưa sửa chữa),0,0,Intel Xeon,64.0,Onboard,250,Nước khác,desktop,8.500.000 đ
586,desktop,desktop,Đã sử dụng (chưa sửa chữa),1,20,Intel Core i3,4.0,Onboard,128,Nước khác,desktop,5.300.000 đ
587,desktop,desktop,Đã sử dụng (chưa sửa chữa),1,0,Intel Xeon,64.0,NVIDIA,256,Mỹ,desktop,3.799.000 đ
588,desktop,desktop,Đã sử dụng (chưa sửa chữa),3,21,Intel Core i5,8.0,Onboard,128,Việt Nam,desktop,4.700.000 đ
589,desktop,desktop,Đã sử dụng (chưa sửa chữa),3,0,Intel Core i7,8.0,Onboard,512,Mỹ,desktop,4.500.000 đ
590,desktop,desktop,Đã sử dụng (chưa sửa chữa),0,0,Intel Xeon,8.0,Onboard,128,Nước khác,desktop,8.999.999 đ
591,desktop,desktop,Đã sử dụng (chưa sửa chữa),5,21,Intel Core i3,8.0,NVIDIA,250,Việt Nam,desktop,10.699.999 đ
592,desktop,desktop,Đã sử dụng (chưa sửa chữa),9,0,Intel Core i5,8.0,Onboard,256,Việt Nam,desktop,11.500.000 đ
593,desktop,desktop,Đã sử dụng (chưa sửa chữa),0,18,Intel Core 2 Duo,8.0,Onboard,250,Nước khác,desktop,1.300.000 đ
594,desktop,desktop,Mới,3,21,Intel Core i5,64.0,Onboard,256,Việt Nam,desktop,7.850.000 đ
595,desktop,desktop,Đã sử dụng (chưa sửa chữa),1,21,Intel Core i7,16.0,AMD,1500,Nước khác,desktop,6.500.000 đ
596,desktop,desktop,Mới,1,21,Intel Core i5,8.0,NVIDIA,128,Nước khác,desktop,6.350.000 đ
597,desktop,desktop,Đã sử dụng (chưa sửa chữa),0,0,Intel Pentium,8.0,Onboard,128,Nước khác,desktop,3.500.000 đ
598,desktop,desktop,Đã sử dụng (chưa sửa chữa),3,21,Intel Core i7,8.0,NVIDIA,250,Việt Nam,desktop,9.500.000 đ
599,desktop,desktop,Mới,0,21,Intel Core i5,8.0,Onboard,256,Việt Nam,desktop,21.000.000 đ
600,desktop,desktop,Đã sử dụng (chưa sửa chữa),1,21,Intel Core i7,8.0,Onboard,128,Nước khác,desktop,2.250.000 đ
601,desktop,desktop,Đã sử dụng (chưa sửa chữa),0,0,Intel Core i3,8.0,Onboard,128,Nước khác,desktop,1.100.000 đ
602,desktop,desktop,Đã sử dụng (chưa sửa chữa),1,0,Intel Core i3,8.0,Onboard,128,Việt Nam,desktop,1.900.000 đ
603,desktop,desktop,Đã sử dụng (chưa sửa chữa),0,21,Intel Core i3,16.0,NVIDIA,128,Việt Nam,desktop,6.000.000 đ
604,desktop,desktop,Đã sử dụng (chưa sửa chữa),1,0,Intel Xeon,64.0,NVIDIA,1500,Nước khác,desktop,18.500.000 đ
605,desktop,desktop,Mới,9,0,Intel Core i3,16.0,NVIDIA,256,Nước khác,desktop,6.700.000 đ
606,desktop,desktop,Đã sử dụng (chưa sửa chữa),0,0,Intel Core i5,16.0,Onboard,512,Nước khác,desktop,4.000.000 đ
607,desktop,desktop,Đã sử dụng (chưa sửa chữa),0,21,Intel Core i5,64.0,Onboard,128,Nước khác,desktop,10.550.000 đ
608,desktop,desktop,Đã sử dụng (chưa sửa chữa),1,18,Intel Core 2 Quad,4.0,Onboard,128,Mỹ,desktop,1.650.000 đ
609,desktop,desktop,Đã sử dụng (chưa sửa chữa),0,21,Ryzen 5,8.0,AMD,250,Nước khác,desktop,9.000.000 đ
610,desktop,desktop,Đã sử dụng (chưa sửa chữa),1,0,Intel Xeon,32.0,NVIDIA,480,Việt Nam,desktop,3.999.999 đ
611,desktop,desktop,Đã sử dụng (chưa sửa chữa),1,21,Intel Core i5,16.0,NVIDIA,120,Việt Nam,desktop,4.700.000 đ
612,desktop,desktop,Đã sử dụng (chưa sửa chữa),0,20,Intel Core i5,8.0,Onboard,1000,Việt Nam,desktop,6.000.000 đ
613,desktop,desktop,Đã sử dụng (chưa sửa chữa),0,20,Intel Core i5,8.0,Onboard,128,Nước khác,desktop,2.750.000 đ
614,desktop,desktop,Đã sử dụng (chưa sửa chữa),1,0,Intel Core i5,16.0,Onboard,128,Nước khác,desktop,4.350.000 đ
615,desktop,desktop,Đã sử dụng (chưa sửa chữa),1,0,Intel Core i5,32.0,NVIDIA,1500,Việt Nam,desktop,32.000.000 đ
616,desktop,desktop,Đã sử dụng (chưa sửa chữa),9,21,Intel Core i7,32.0,AMD,1500,Nước khác,desktop,19.500.000 đ
617,desktop,desktop,Đã sử dụng (chưa sửa chữa),1,21,Intel Core i3,8.0,NVIDIA,1000,Nước khác,desktop,8.000.000 đ
618,desktop,desktop,Đã sử dụng (chưa sửa chữa),9,21,Intel Core i5,64.0,AMD,1500,Nước khác,desktop,18.500.000 đ
619,desktop,desktop,Đã sử dụng (chưa sửa chữa),0,0,Intel Xeon,16.0,Onboard,120,Nước khác,desktop,1.450.000 đ
620,desktop,desktop,Đã sử dụng (chưa sửa chữa),3,21,Intel Core i7,32.0,AMD,1000,Nhật Bản,desktop,15.600.000 đ
621,desktop,desktop,Đã sử dụng (chưa sửa chữa),9,21,Intel Core i7,16.0,AMD,256,Nước khác,desktop,16.000.000 đ
622,desktop,desktop,Đã sử dụng (chưa sửa chữa),1,21,Intel Core i3,8.0,NVIDIA,256,Nước khác,desktop,10.000.000 đ
623,desktop,desktop,Mới,1,0,Ryzen 5,16.0,NVIDIA,512,Nước khác,desktop,7.900.000 đ
624,desktop,desktop,Mới,12,21,Intel Core i5,16.0,NVIDIA,256,Việt Nam,desktop,7.000.000 đ
625,desktop,desktop,Đã sử dụng (chưa sửa chữa),3,0,Intel Core i5,16.0,Onboard,250,Mỹ,desktop,3.700.000 đ
626,desktop,desktop,Đã sử dụng (chưa sửa chữa),0,20,Intel Core i3,8.0,Onboard,256,Nước khác,desktop,1.750.000 đ
627,desktop,desktop,Đã sử dụng (chưa sửa chữa),1,21,Intel Core i5,8.0,NVIDIA,1000,Nước khác,desktop,4.900.000 đ
628,desktop,desktop,Đã sử dụng (chưa sửa chữa),0,21,Intel Core i5,8.0,Onboard,128,Nước khác,desktop,3.900.000 đ
629,desktop,desktop,Đã sử dụng (chưa sửa chữa),1,0,Intel Xeon,32.0,AMD,256,Nước khác,desktop,6.000.000 đ
630,desktop,desktop,Đã sử dụng (chưa sửa chữa),3,0,Intel Core i5,8.0,NVIDIA,120,Nước khác,desktop,2.750.000 đ
631,desktop,desktop,Đã sử dụng (chưa sửa chữa),9,21,Intel Core i5,16.0,AMD,512,Nước khác,desktop,11.000.000 đ
632,desktop,desktop,Đã sử dụng (chưa sửa chữa),3,0,Intel Core i3,16.0,NVIDIA,500,Nước khác,desktop,9.350.000 đ
633,desktop,desktop,Đã sử dụng (chưa sửa chữa),9,21,Intel Core i5,8.0,AMD,256,Việt Nam,desktop,7.500.000 đ
634,desktop,desktop,Đã sử dụng (chưa sửa chữa),0,0,Intel Core i7,16.0,NVIDIA,512,Nước khác,desktop,28.900.000 đ
635,desktop,desktop,Mới,1,0,Intel Core i5,8.0,NVIDIA,256,Nước khác,desktop,9.300.000 đ
636,desktop,desktop,Đã sử dụng (chưa sửa chữa),2,20,Intel Core i3,8.0,Onboard,250,Việt Nam,desktop,3.500.000 đ
637,desktop,desktop,Mới,1,0,Intel Xeon,16.0,Onboard,256,Việt Nam,desktop,5.500.000 đ
638,desktop,desktop,Đã sử dụng (chưa sửa chữa),0,20,Intel Core i5,8.0,Onboard,128,Nước khác,desktop,3.000.000 đ
639,desktop,desktop,Đã sử dụng (chưa sửa chữa),0,0,Intel Core i5,8.0,Onboard,128,Nước khác,desktop,3.200.000 đ
640,desktop,desktop,Mới,1,0,Intel Core i3,16.0,NVIDIA,128,Nước khác,desktop,7.500.000 đ
641,desktop,desktop,Đã sử dụng (chưa sửa chữa),3,21,Intel Core i3,8.0,NVIDIA,128,Việt Nam,desktop,3.850.000 đ
642,desktop,desktop,Mới,12,21,Intel Core i5,8.0,NVIDIA,256,Việt Nam,desktop,7.450.000 đ
643,desktop,desktop,Mới,1,0,Intel Core i3,8.0,NVIDIA,120,Việt Nam,desktop,6.850.000 đ
644,desktop,desktop,Đã sử dụng (chưa sửa chữa),5,0,Intel Core i7,32.0,Onboard,1000,Mỹ,desktop,11.500.000 đ
645,desktop,desktop,Mới,5,0,Intel Core i7,16.0,NVIDIA,120,Nước khác,desktop,3.500.000 đ
646,desktop,desktop,Đã sử dụng (chưa sửa chữa),0,21,Intel Xeon,16.0,NVIDIA,640,Việt Nam,desktop,7.500.000 đ
647,desktop,desktop,Đã sử dụng (chưa sửa chữa),0,0,Intel Core i5,8.0,Onboard,256,Nước khác,desktop,2.400.000 đ
648,desktop,desktop,Đã sử dụng (chưa sửa chữa),1,21,Intel Core i3,16.0,AMD,500,Việt Nam,desktop,7.500.000 đ
649,desktop,desktop,Đã sử dụng (chưa sửa chữa),0,0,Intel Core i5,8.0,Onboard,128,Nước khác,desktop,3.400.000 đ
650,desktop,desktop,Đã sử dụng (chưa sửa chữa),1,21,Intel Core i5,16.0,AMD,500,Việt Nam,desktop,6.000.000 đ
651,desktop,desktop,Đã sử dụng (chưa sửa chữa),1,21,Intel Xeon,16.0,NVIDIA,250,Nước khác,desktop,6.950.000 đ
652,desktop,desktop,Đã sử dụng (chưa sửa chữa),0,21,Intel Core i7,16.0,Onboard,120,Nước khác,desktop,5.500.000 đ
653,desktop,desktop,Đã sử dụng (chưa sửa chữa),0,0,Athlon,8.0,NVIDIA,128,Nước khác,desktop,3.000.000 đ
654,desktop,desktop,Đã sử dụng (chưa sửa chữa),5,0,Intel Xeon,32.0,Onboard,500,Nước khác,desktop,7.500.000 đ
655,desktop,desktop,Đã sử dụng (chưa sửa chữa),3,21,Intel Core i5,8.0,Onboard,1000,Nước khác,desktop,9.000.000 đ
656,desktop,desktop,Đã sử dụng (chưa sửa chữa),1,21,Intel Core i5,8.0,NVIDIA,320,Nước khác,desktop,20.000.000 đ
657,desktop,desktop,Mới,3,0,Intel Core i3,8.0,Onboard,128,Nước khác,desktop,2.900.000 đ
658,desktop,desktop,Đã sử dụng (chưa sửa chữa),3,21,Intel Xeon,32.0,AMD,700,Nước khác,desktop,7.999.000 đ
659,desktop,desktop,Đã sử dụng (chưa sửa chữa),12,21,Intel Xeon,64.0,AMD,500,Việt Nam,desktop,5.399.000 đ
660,desktop,desktop,Đã sử dụng (chưa sửa chữa),0,18,Intel Core i3,4.0,NVIDIA,128,Nước khác,desktop,4.500.000 đ
661,desktop,desktop,Đã sử dụng (chưa sửa chữa),3,0,Intel Core i5,8.0,Onboard,1500,Nước khác,desktop,4.000.000 đ
662,desktop,desktop,Đã sử dụng (chưa sửa chữa),0,20,Intel Core i5,8.0,Onboard,128,Nước khác,desktop,2.050.000 đ
663,desktop,desktop,Đã sử dụng (chưa sửa chữa),0,18,Intel Core i3,2.0,Onboard,500,Việt Nam,desktop,1.300.000 đ
664,desktop,desktop,Đã sử dụng (chưa sửa chữa),0,21,Intel Core i9,32.0,Onboard,1000,Nước khác,desktop,20.000.000 đ
665,desktop,desktop,Đã sử dụng (chưa sửa chữa),0,0,Intel Core i5,16.0,Onboard,256,Nước khác,desktop,4.500.000 đ
666,desktop,desktop,Đã sử dụng (chưa sửa chữa),0,21,Intel Core i7,16.0,Onboard,1500,Nước khác,desktop,9.000.000 đ
667,desktop,desktop,Mới,12,21,Intel Core i3,8.0,NVIDIA,128,Việt Nam,desktop,8.500.000 đ
668,desktop,desktop,Đã sử dụng (chưa sửa chữa),3,0,Intel Core i7,16.0,Onboard,256,Nhật Bản,desktop,3.800.000 đ
669,desktop,desktop,Đã sử dụng (chưa sửa chữa),1,0,Intel Core i5,8.0,NVIDIA,128,Nước khác,desktop,4.200.000 đ
670,desktop,desktop,Đã sử dụng (chưa sửa chữa),1,0,Intel Core i7,16.0,Onboard,256,Nước khác,desktop,3.950.000 đ
671,desktop,desktop,Đã sử dụng (chưa sửa chữa),3,0,Intel Core i5,8.0,Onboard,256,Nước khác,desktop,3.700.000 đ
672,desktop,desktop,Đã sử dụng (chưa sửa chữa),0,21,Intel Xeon,16.0,NVIDIA,128,Việt Nam,desktop,3.700.000 đ
673,desktop,desktop,Đã sử dụng (chưa sửa chữa),1,0,Intel Core i7,8.0,NVIDIA,128,Nước khác,desktop,3.800.000 đ
674,desktop,desktop,Đã sử dụng (chưa sửa chữa),0,0,Intel Core i3,8.0,Onboard,128,Nước khác,desktop,3.250.000 đ
675,desktop,desktop,Đã sử dụng (chưa sửa chữa),3,21,Intel Core i3,8.0,AMD,1000,Nước khác,desktop,13.000.000 đ
676,desktop,desktop,Đã sử dụng (chưa sửa chữa),3,21,Intel Core i5,32.0,AMD,1000,Nước khác,desktop,16.000.000 đ
677,desktop,desktop,Đã sử dụng (chưa sửa chữa),0,21,Intel Core i3,16.0,AMD,256,Việt Nam,desktop,6.500.000 đ
678,desktop,desktop,Đã sử dụng (chưa sửa chữa),0,21,Intel Core i7,16.0,AMD,256,Việt Nam,desktop,5.000.000 đ
679,desktop,desktop,Mới,1,20,Intel Core i5,8.0,Onboard,128,Việt Nam,desktop,3.000.000 đ
680,desktop,desktop,Đã sử dụng (chưa sửa chữa),0,21,Intel Core i3,4.0,Onboard,250,Việt Nam,desktop,2.050.000 đ
681,desktop,desktop,Đã sử dụng (chưa sửa chữa),0,20,Intel Core i5,8.0,Onboard,128,Nước khác,desktop,1.799.999 đ
682,desktop,desktop,Đã sử dụng (chưa sửa chữa),1,21,Intel Core i3,8.0,NVIDIA,120,Việt Nam,desktop,9.000.000 đ
683,desktop,desktop,Đã sử dụng (chưa sửa chữa),3,21,Ryzen 9,16.0,NVIDIA,500,Nước khác,desktop,18.900.000 đ
684,desktop,desktop,Đã sử dụng (chưa sửa chữa),0,20,Intel Pentium,4.0,Onboard,500,Nước khác,desktop,3.200.000 đ
685,desktop,desktop,Đã sử dụng (chưa sửa chữa),1,21,Intel Core i5,32.0,Onboard,256,Việt Nam,desktop,13.000.000 đ
686,desktop,desktop,Đã sử dụng (chưa sửa chữa),0,0,Intel Core i5,16.0,Onboard,256,Nước khác,desktop,4.200.000 đ
687,desktop,desktop,Đã sử dụng (chưa sửa chữa),0,20,Intel Core i5,8.0,Onboard,128,Mỹ,desktop,3.800.000 đ
688,desktop,desktop,Đã sử dụng (chưa sửa chữa),12,0,Intel Core i3,16.0,NVIDIA,1500,Nước khác,desktop,9.000.000 đ
689,desktop,desktop,Đã sử dụng (chưa sửa chữa),0,0,Intel Xeon,32.0,NVIDIA,512,Nước khác,desktop,10.500.000 đ
690,desktop,desktop,Đã sử dụng (chưa sửa chữa),1,0,Intel Core i7,8.0,Onboard,120,Nước khác,desktop,4.450.000 đ
691,desktop,desktop,Mới,0,0,Intel Core i5,8.0,Onboard,256,Trung Quốc,desktop,650.000 đ
692,desktop,desktop,Đã sử dụng (chưa sửa chữa),1,20,Intel Core i3,4.0,Onboard,128,Việt Nam,desktop,1.650.000 đ
693,desktop,desktop,Đã sử dụng (chưa sửa chữa),9,20,Intel Core i5,6.0,NVIDIA,320,Hàn Quốc,desktop,2.566.000 đ
694,desktop,desktop,Đã sử dụng (chưa sửa chữa),12,0,Intel Core i5,8.0,Onboard,256,Nước khác,desktop,3.290.000 đ
695,desktop,desktop,Đã sử dụng (chưa sửa chữa),1,21,Intel Xeon,32.0,AMD,256,Nước khác,desktop,6.500.000 đ
696,desktop,desktop,Đã sử dụng (chưa sửa chữa),0,21,Intel Core i5,4.0,Onboard,128,Nước khác,desktop,2.850.000 đ
697,desktop,desktop,Đã sử dụng (chưa sửa chữa),1,21,Intel Core i5,8.0,Onboard,512,Việt Nam,desktop,4.500.000 đ
698,desktop,desktop,Đã sử dụng (chưa sửa chữa),0,21,Intel Core i5,64.0,Onboard,512,Nước khác,desktop,3.000.000 đ
699,desktop,desktop,Đã sử dụng (chưa sửa chữa),0,21,Intel Core i5,64.0,Onboard,512,Nước khác,desktop,2.000.000 đ
700,desktop,desktop,Đã sử dụng (chưa sửa chữa),1,20,Intel Core i5,8.0,Onboard,128,Nước khác,desktop,2.950.000 đ
701,desktop,desktop,Đã sử dụng (chưa sửa chữa),0,0,Intel Xeon,16.0,NVIDIA,256,Nước khác,desktop,6.850.000 đ
702,desktop,desktop,Đã sử dụng (chưa sửa chữa),3,0,Intel Core i5,8.0,Onboard,250,Nhật Bản,desktop,2.200.000 đ
703,desktop,desktop,Đã sử dụng (chưa sửa chữa),0,0,Intel Core i5,16.0,NVIDIA,128,Nước khác,desktop,10.000.000 đ
704,desktop,desktop,Đã sử dụng (chưa sửa chữa),2,20,Intel Core i5,8.0,Onboard,128,Nước khác,desktop,3.600.000 đ
705,desktop,desktop,Đã sử dụng (chưa sửa chữa),12,20,Intel Core i5,8.0,NVIDIA,128,Việt Nam,desktop,4.990.000 đ
706,desktop,desktop,Đã sử dụng (chưa sửa chữa),0,0,Intel Xeon,64.0,NVIDIA,512,Nước khác,desktop,14.500.000 đ
707,desktop,desktop,Đã sử dụng (chưa sửa chữa),0,18,Intel Core i5,8.0,Onboard,500,Đài Loan,desktop,2.500.000 đ
708,desktop,desktop,Đã sử dụng (chưa sửa chữa),0,0,Intel Quark,4.0,Onboard,128,Mỹ,desktop,245.000 đ
709,desktop,desktop,Đã sử dụng (qua sửa chữa),0,21,Intel Core i5,8.0,Onboard,256,Nước khác,desktop,5.200.000 đ
710,desktop,desktop,Đã sử dụng (chưa sửa chữa),0,20,Intel Core i5,8.0,Onboard,640,Nước khác,desktop,1.500.000 đ
711,desktop,desktop,Đã sử dụng (chưa sửa chữa),0,0,Intel Core i5,8.0,Onboard,128,Nước khác,desktop,4.500.000 đ
712,desktop,desktop,Đã sử dụng (chưa sửa chữa),0,0,Intel Core i5,8.0,Onboard,256,Mỹ,desktop,7.999.999 đ
713,desktop,desktop,Đã sử dụng (chưa sửa chữa),0,21,Intel Core i5,8.0,Onboard,120,Nước khác,desktop,6.200.000 đ
714,desktop,desktop,Đã sử dụng (chưa sửa chữa),0,0,Intel Pentium,8.0,Onboard,500,Nước khác,desktop,900.000 đ
715,desktop,desktop,Mới,1,20,Intel Core i5,8.0,Onboard,128,Việt Nam,desktop,4.000.000 đ
716,desktop,desktop,Đã sử dụng (chưa sửa chữa),2,0,Intel Core i5,16.0,NVIDIA,250,Nước khác,desktop,5.500.000 đ
717,desktop,desktop,Mới,0,0,Intel Core i7,8.0,NVIDIA,128,Việt Nam,desktop,4.500.000 đ
718,desktop,desktop,Mới,1,21,Intel Core i5,8.0,NVIDIA,256,Nước khác,desktop,6.900.000 đ
719,desktop,desktop,Đã sử dụng (chưa sửa chữa),0,0,Intel Core i7,16.0,Onboard,256,Việt Nam,desktop,5.300.000 đ
720,desktop,desktop,Đã sử dụng (chưa sửa chữa),1,21,Intel Core i5,8.0,NVIDIA,256,Việt Nam,desktop,7.000.000 đ
721,desktop,desktop,Đã sử dụng (chưa sửa chữa),9,0,Intel Xeon,16.0,AMD,250,Việt Nam,desktop,4.699.000 đ
722,desktop,desktop,Mới,0,0,Intel Core i3,8.0,Onboard,128,Việt Nam,desktop,9.850.000 đ
723,desktop,desktop,Đã sử dụng (chưa sửa chữa),0,21,Intel Core i3,8.0,AMD,250,Nước khác,desktop,7.000.000 đ
724,desktop,desktop,Đã sử dụng (chưa sửa chữa),1,0,Intel Pentium,8.0,Onboard,128,Nước khác,desktop,1.990.000 đ
725,desktop,desktop,Đã sử dụng (chưa sửa chữa),0,0,Intel Core i3,6.0,Onboard,500,Nước khác,desktop,450.000 đ
726,desktop,desktop,Đã sử dụng (chưa sửa chữa),1,0,Intel Xeon,32.0,Onboard,500,Nhật Bản,desktop,7.900.000 đ
727,desktop,desktop,Mới,1,21,Intel Core i5,64.0,NVIDIA,1000,Nước khác,desktop,30.000.000 đ
728,desktop,desktop,Đã sử dụng (chưa sửa chữa),0,0,Intel Core i7,32.0,Onboard,128,Nước khác,desktop,6.000.000 đ
729,desktop,desktop,Đã sử dụng (chưa sửa chữa),0,16,Intel Core i7,16.0,Onboard,256,Nhật Bản,desktop,5.000.000 đ
730,desktop,desktop,Đã sử dụng (chưa sửa chữa),0,0,Intel Core i5,8.0,NVIDIA,128,Nước khác,desktop,2.500.000 đ
731,desktop,desktop,Đã sử dụng (chưa sửa chữa),0,0,Intel Core i7,32.0,NVIDIA,512,Nước khác,desktop,24.750.000 đ
732,desktop,desktop,Đã sử dụng (chưa sửa chữa),0,0,Intel Core i5,8.0,Onboard,512,Việt Nam,desktop,9.600.000 đ
733,desktop,desktop,Đã sử dụng (chưa sửa chữa),1,18,Intel Quark,4.0,Onboard,250,Nước khác,desktop,2.300.000 đ
734,desktop,desktop,Đã sử dụng (chưa sửa chữa),1,0,Intel Core i5,4.0,Onboard,500,Nước khác,desktop,899.000 đ
735,desktop,desktop,Đã sử dụng (chưa sửa chữa),1,0,Intel Core i3,4.0,Onboard,250,Nước khác,desktop,650.000 đ
736,desktop,desktop,Đã sử dụng (chưa sửa chữa),0,21,Intel Core i3,8.0,NVIDIA,250,Nước khác,desktop,6.000.000 đ
737,desktop,desktop,Đã sử dụng (chưa sửa chữa),12,20,Intel Core i5,8.0,Onboard,256,Nhật Bản,desktop,1.800.000 đ
738,desktop,desktop,Mới,12,21,Intel Core i5,8.0,NVIDIA,256,Việt Nam,desktop,8.500.000 đ
739,desktop,desktop,Mới,12,21,Intel Core i5,8.0,NVIDIA,256,Việt Nam,desktop,5.800.000 đ
740,desktop,desktop,Đã sử dụng (chưa sửa chữa),0,21,Intel Core i5,64.0,Onboard,250,Việt Nam,desktop,5.700.000 đ
741,desktop,desktop,Đã sử dụng (chưa sửa chữa),0,21,Intel Core i5,32.0,Onboard,250,Việt Nam,desktop,5.700.000 đ
742,desktop,desktop,Đã sử dụng (chưa sửa chữa),1,21,Intel Core i5,8.0,Onboard,128,Nước khác,desktop,5.000.000 đ
743,desktop,desktop,Đã sử dụng (chưa sửa chữa),0,20,Intel Core i3,8.0,NVIDIA,128,Việt Nam,desktop,2.200.000 đ
744,desktop,desktop,Đã sử dụng (chưa sửa chữa),0,0,Intel Xeon,64.0,Onboard,512,Nước khác,desktop,5.500.000 đ
745,desktop,desktop,Đã sử dụng (chưa sửa chữa),0,21,Intel Core i5,8.0,AMD,128,Nước khác,desktop,3.700.000 đ
746,desktop,desktop,Đã sử dụng (chưa sửa chữa),0,21,Intel Xeon,8.0,NVIDIA,120,Việt Nam,desktop,4.500.000 đ
747,desktop,desktop,Đã sử dụng (chưa sửa chữa),0,0,Intel Core i5,4.0,Onboard,256,Nước khác,desktop,1.150.000 đ
748,desktop,desktop,Đã sử dụng (chưa sửa chữa),0,21,Intel Pentium,8.0,NVIDIA,640,Mỹ,desktop,2.750.000 đ
749,desktop,desktop,Đã sử dụng (chưa sửa chữa),1,21,Intel Xeon,16.0,AMD,250,Nước khác,desktop,6.900.000 đ
750,desktop,desktop,Đã sử dụng (chưa sửa chữa),1,0,Intel Core i5,8.0,Onboard,256,Việt Nam,desktop,6.000.000 đ
751,desktop,desktop,Đã sử dụng (chưa sửa chữa),0,21,Intel Core i5,16.0,Onboard,512,Việt Nam,desktop,32.000.000 đ
752,desktop,desktop,Đã sử dụng (chưa sửa chữa),0,21,Intel Core 2 Duo,4.0,AMD,250,Việt Nam,desktop,980.000 đ
753,desktop,desktop,Đã sử dụng (chưa sửa chữa),1,0,Intel Xeon,32.0,AMD,256,Nước khác,desktop,6.500.000 đ
754,desktop,desktop,Đã sử dụng (chưa sửa chữa),1,21,Intel Core i3,8.0,Onboard,128,Nước khác,desktop,4.000.000 đ
755,desktop,desktop,Đã sử dụng (chưa sửa chữa),0,20,Intel Core i5,8.0,NVIDIA,512,Nước khác,desktop,3.500.000 đ
756,desktop,desktop,Đã sử dụng (chưa sửa chữa),1,0,Intel Core i5,8.0,Onboard,128,Nước khác,desktop,1.200.000 đ
757,desktop,desktop,Đã sử dụng (chưa sửa chữa),0,21,Intel Core i5,8.0,Onboard,480,Nước khác,desktop,2.000.000 đ
758,desktop,desktop,Đã sử dụng (chưa sửa chữa),0,21,Intel Core i5,16.0,AMD,120,Nước khác,desktop,3.700.000 đ
759,desktop,desktop,Mới,1,0,Intel Core i7,8.0,NVIDIA,128,Việt Nam,desktop,5.700.000 đ
760,desktop,desktop,Đã sử dụng (qua sửa chữa),0,0,Intel Core 2 Duo,4.0,Onboard,128,Mỹ,desktop,800.000 đ
761,desktop,desktop,Mới,1,0,Intel Core i5,16.0,NVIDIA,512,Việt Nam,desktop,16.590.000 đ
762,desktop,desktop,Mới,1,0,Intel Core i5,16.0,Onboard,256,Việt Nam,desktop,5.300.000 đ
763,desktop,desktop,Đã sử dụng (chưa sửa chữa),0,21,Intel Core i5,32.0,Onboard,120,Nước khác,desktop,2.500.000 đ
764,desktop,desktop,Đã sử dụng (chưa sửa chữa),1,21,Intel Core i3,16.0,NVIDIA,256,Nước khác,desktop,10.000.000 đ
765,desktop,desktop,Đã sử dụng (chưa sửa chữa),1,20,Intel Core i5,8.0,Onboard,128,Việt Nam,desktop,2.500.000 đ
766,desktop,desktop,Đã sử dụng (chưa sửa chữa),0,0,Intel Core i5,8.0,NVIDIA,128,Việt Nam,desktop,4.000.000 đ
767,desktop,desktop,Đã sử dụng (chưa sửa chữa),0,0,Intel Xeon,64.0,Onboard,1000,Nước khác,desktop,14.500.000 đ
768,desktop,desktop,Mới,1,0,Intel Core i5,16.0,NVIDIA,512,Việt Nam,desktop,17.290.000 đ
769,desktop,desktop,Đã sử dụng (chưa sửa chữa),0,0,Intel Xeon,8.0,Onboard,128,Nước khác,desktop,1.800.000 đ
770,desktop,desktop,Mới,1,0,Intel Core i5,16.0,NVIDIA,250,Việt Nam,desktop,5.100.000 đ
771,desktop,desktop,Đã sử dụng (chưa sửa chữa),9,21,Intel Core i5,8.0,NVIDIA,128,Nước khác,desktop,5.900.000 đ
772,desktop,desktop,Đã sử dụng (chưa sửa chữa),1,21,AMD,16.0,NVIDIA,750,Nước khác,desktop,8.000.000 đ
773,desktop,desktop,Đã sử dụng (chưa sửa chữa),1,20,Intel Core i5,8.0,NVIDIA,250,Nước khác,desktop,1.690.000 đ
774,desktop,desktop,Đã sử dụng (chưa sửa chữa),3,0,Intel Core i5,16.0,Onboard,1000,Việt Nam,desktop,3.500.000 đ
775,desktop,desktop,Đã sử dụng (chưa sửa chữa),0,20,Intel Core i5,8.0,NVIDIA,128,Nước khác,desktop,2.500.000 đ
776,desktop,desktop,Đã sử dụng (chưa sửa chữa),1,0,Intel Core i9,32.0,NVIDIA,512,Việt Nam,desktop,20.590.000 đ
777,desktop,desktop,Đã sử dụng (chưa sửa chữa),0,18,Intel Core i7,16.0,Onboard,500,Nước khác,desktop,3.500.000 đ
778,desktop,desktop,Đã sử dụng (chưa sửa chữa),1,21,Intel Core i3,8.0,NVIDIA,256,Nhật Bản,desktop,4.900.000 đ
779,desktop,desktop,Đã sử dụng (chưa sửa chữa),0,21,Intel Core i3,8.0,NVIDIA,128,Nước khác,desktop,4.200.000 đ
780,desktop,desktop,Đã sử dụng (chưa sửa chữa),0,0,Intel Core i5,16.0,Onboard,1000,Nước khác,desktop,2.100.000 đ
781,desktop,desktop,Mới,12,21,Intel Core i5,8.0,NVIDIA,256,Nước khác,desktop,500.000 đ
782,desktop,desktop,Đã sử dụng (chưa sửa chữa),1,20,Intel Core i3,4.0,Onboard,128,Việt Nam,desktop,1.600.000 đ
783,desktop,desktop,Mới,9,0,Intel Xeon,16.0,NVIDIA,256,Nước khác,desktop,5.700.000 đ
784,desktop,desktop,Đã sử dụng (chưa sửa chữa),1,0,Intel Core i5,8.0,NVIDIA,500,Nước khác,desktop,2.400.000 đ
785,desktop,desktop,Đã sử dụng (chưa sửa chữa),0,16,Intel Core i7,16.0,Onboard,500,Nước khác,desktop,3.500.000 đ
786,desktop,desktop,Đã sử dụng (qua sửa chữa),1,0,Intel Core i7,8.0,NVIDIA,128,Nước khác,desktop,2.600.000 đ
787,desktop,desktop,Đã sử dụng (chưa sửa chữa),0,0,Intel Core i5,16.0,Onboard,480,Nước khác,desktop,1.700.000 đ
788,desktop,desktop,Mới,12,21,Intel Core i3,8.0,NVIDIA,256,Nước khác,desktop,9.500.000 đ
789,desktop,desktop,Mới,12,21,Intel Core i5,32.0,NVIDIA,1000,Việt Nam,desktop,27.500.000 đ
790,desktop,desktop,Đã sử dụng (chưa sửa chữa),0,21,Intel Core i5,16.0,NVIDIA,250,Nước khác,desktop,7.500.000 đ
791,desktop,desktop,Đã sử dụng (chưa sửa chữa),0,21,Intel Core i5,8.0,NVIDIA,250,Nước khác,desktop,4.800.000 đ
792,desktop,desktop,Đã sử dụng (chưa sửa chữa),3,0,Intel Core i5,16.0,NVIDIA,250,Việt Nam,desktop,4.500.000 đ
793,desktop,desktop,Đã sử dụng (chưa sửa chữa),3,0,Intel Core i5,16.0,NVIDIA,256,Việt Nam,desktop,10.200.000 đ
794,desktop,desktop,Mới,1,0,Intel Core i9,32.0,NVIDIA,1000,Việt Nam,desktop,66.890.000 đ
795,desktop,desktop,Đã sử dụng (chưa sửa chữa),1,21,Intel Core i5,16.0,NVIDIA,256,Nước khác,desktop,5.200.000 đ
796,desktop,desktop,Đã sử dụng (chưa sửa chữa),9,0,Intel Core i3,8.0,Onboard,256,Nước khác,desktop,3.000.000 đ
797,desktop,desktop,Đã sử dụng (chưa sửa chữa),3,21,Intel Core i7,16.0,Onboard,256,Nước khác,desktop,5.800.000 đ
798,desktop,desktop,Mới,1,0,Intel Core i5,8.0,AMD,128,Việt Nam,desktop,3.300.000 đ
799,desktop,desktop,Đã sử dụng (chưa sửa chữa),5,0,Intel Core i5,8.0,Onboard,256,Việt Nam,desktop,9.500.000 đ
800,desktop,desktop,Mới,12,0,Intel Core i5,8.0,Onboard,250,Việt Nam,desktop,2.200.000 đ
801,desktop,desktop,Đã sử dụng (chưa sửa chữa),0,0,Intel Core 2 Duo,8.0,Onboard,128,Nước khác,desktop,490.000 đ
802,desktop,desktop,Đã sử dụng (chưa sửa chữa),3,0,Intel Core i5,8.0,NVIDIA,256,Việt Nam,desktop,5.999.000 đ
803,desktop,desktop,Đã sử dụng (chưa sửa chữa),0,0,Intel Xeon,8.0,NVIDIA,256,Nước khác,desktop,8.500.000 đ
804,desktop,desktop,Đã sử dụng (chưa sửa chữa),3,21,Intel Core i5,6.0,AMD,320,Hàn Quốc,desktop,2.300.000 đ
805,desktop,desktop,Mới,12,21,Intel Core i3,4.0,Onboard,128,Việt Nam,desktop,3.800.000 đ
806,desktop,desktop,Mới,1,21,Intel Core i7,32.0,NVIDIA,1000,Việt Nam,desktop,27.990.000 đ
807,desktop,desktop,Mới,1,0,Intel Core i3,8.0,AMD,128,Việt Nam,desktop,3.499.999 đ
808,desktop,desktop,Đã sử dụng (chưa sửa chữa),0,0,Intel Pentium,8.0,Onboard,128,Nước khác,desktop,2.600.000 đ
809,desktop,desktop,Đã sử dụng (chưa sửa chữa),3,0,Intel Pentium,4.0,Onboard,128,Nước khác,desktop,1.800.000 đ
810,desktop,desktop,Đã sử dụng (chưa sửa chữa),1,0,Intel Xeon,64.0,NVIDIA,1000,Việt Nam,desktop,5.500.000 đ
811,desktop,desktop,Mới,1,0,Intel Core i9,32.0,NVIDIA,1000,Mỹ,desktop,41.000.000 đ
812,desktop,desktop,Đã sử dụng (chưa sửa chữa),3,0,Intel Core i5,16.0,NVIDIA,256,Nước khác,desktop,8.400.000 đ
813,desktop,desktop,Đã sử dụng (chưa sửa chữa),1,0,Intel Core i3,4.0,Onboard,128,Nhật Bản,desktop,750.000 đ
814,desktop,desktop,Đã sử dụng (chưa sửa chữa),1,0,Intel Core i7,16.0,Onboard,256,Trung Quốc,desktop,8.500.000 đ
815,desktop,desktop,Đã sử dụng (chưa sửa chữa),0,20,Intel Core i5,4.0,Onboard,500,Việt Nam,desktop,3.200.000 đ
816,desktop,desktop,Đã sử dụng (chưa sửa chữa),1,20,Intel Core i5,8.0,Onboard,128,Nước khác,desktop,3.300.000 đ
817,desktop,desktop,Đã sử dụng (chưa sửa chữa),9,21,Intel Xeon,32.0,NVIDIA,256,Nước khác,desktop,5.999.000 đ
818,desktop,desktop,Đã sử dụng (chưa sửa chữa),1,21,Intel Core i9,32.0,NVIDIA,1000,Việt Nam,desktop,46.000.000 đ
819,desktop,desktop,Đã sử dụng (chưa sửa chữa),1,21,Intel Core i5,16.0,NVIDIA,512,Nước khác,desktop,12.000.000 đ
820,desktop,desktop,Đã sử dụng (chưa sửa chữa),1,21,Intel Core i3,8.0,Onboard,256,Nước khác,desktop,7.600.000 đ
821,desktop,desktop,Đã sử dụng (chưa sửa chữa),0,18,Intel Core i5,8.0,Onboard,1000,Nước khác,desktop,3.000.000 đ
822,desktop,desktop,Đã sử dụng (chưa sửa chữa),0,20,Intel Core 2 Quad,4.0,Onboard,128,Nước khác,desktop,2.500.000 đ
823,desktop,desktop,Đã sử dụng (chưa sửa chữa),0,0,Intel Xeon,8.0,NVIDIA,128,Mỹ,desktop,10.000.000 đ
824,desktop,desktop,Đã sử dụng (chưa sửa chữa),0,0,Intel Xeon,32.0,NVIDIA,256,Nhật Bản,desktop,7.990.000 đ
825,desktop,desktop,Đã sử dụng (chưa sửa chữa),1,0,Intel Core i5,8.0,NVIDIA,128,Nước khác,desktop,2.000.000 đ
826,desktop,desktop,Đã sử dụng (chưa sửa chữa),0,0,Intel Core i3,8.0,Onboard,128,Nước khác,desktop,2.000.000 đ
827,desktop,desktop,Đã sử dụng (chưa sửa chữa),0,21,Intel Xeon,16.0,NVIDIA,250,Nước khác,desktop,5.600.000 đ
828,desktop,desktop,Đã sử dụng (chưa sửa chữa),1,0,Intel Core i5,8.0,Onboard,256,Nước khác,desktop,1.700.000 đ
829,desktop,desktop,Đã sử dụng (chưa sửa chữa),0,21,Intel Core i5,16.0,AMD,128,Việt Nam,desktop,5.700.000 đ
830,desktop,desktop,Đã sử dụng (chưa sửa chữa),12,21,Intel Core i5,32.0,AMD,512,Việt Nam,desktop,19.950.000 đ
831,desktop,desktop,Đã sử dụng (chưa sửa chữa),1,0,Intel Core i3,8.0,Onboard,128,Nước khác,desktop,2.600.000 đ
832,desktop,desktop,Đã sử dụng (chưa sửa chữa),0,0,Intel Core i5,8.0,Onboard,128,Nước khác,desktop,1.000.000 đ
833,desktop,desktop,Đã sử dụng (chưa sửa chữa),0,0,Intel Core i5,64.0,NVIDIA,1500,Nước khác,desktop,200.000 đ
834,desktop,desktop,Đã sử dụng (chưa sửa chữa),0,21,Intel Core i5,8.0,NVIDIA,512,Nước khác,desktop,2.500.000 đ
835,desktop,desktop,Đã sử dụng (chưa sửa chữa),0,0,Intel Core i5,8.0,Onboard,128,Nước khác,desktop,3.500.000 đ
836,desktop,desktop,Đã sử dụng (chưa sửa chữa),0,16,Intel Core i5,4.0,Onboard,120,Việt Nam,desktop,300.000 đ
837,desktop,desktop,Đã sử dụng (chưa sửa chữa),0,16,Intel Core i7,4.0,NVIDIA,500,Nhật Bản,desktop,1.300.000 đ
838,desktop,desktop,Mới,12,21,Intel Xeon,32.0,AMD,256,Việt Nam,desktop,5.000.000 đ
839,desktop,desktop,Mới,1,21,Intel Core i7,8.0,NVIDIA,256,Việt Nam,desktop,5.900.000 đ
840,desktop,desktop,Đã sử dụng (chưa sửa chữa),0,0,Intel Core i5,4.0,NVIDIA,500,Việt Nam,desktop,900.000 đ
841,desktop,desktop,Mới,1,0,Intel Core i9,32.0,NVIDIA,500,Việt Nam,desktop,35.490.000 đ
842,desktop,desktop,Mới,12,0,Intel Core i9,32.0,NVIDIA,1000,Việt Nam,desktop,51.490.000 đ
843,desktop,desktop,Đã sử dụng (chưa sửa chữa),0,0,Intel Core i9,16.0,NVIDIA,256,Nước khác,desktop,7.990.000 đ
844,desktop,desktop,Đã sử dụng (chưa sửa chữa),1,21,Intel Core i3,16.0,AMD,256,Việt Nam,desktop,12.000.000 đ
845,desktop,desktop,Mới,0,0,Intel Xeon,32.0,NVIDIA,256,Trung Quốc,desktop,4.700.000 đ
846,desktop,desktop,Đã sử dụng (chưa sửa chữa),1,0,Intel Core i5,16.0,Onboard,500,Nước khác,desktop,6.200.000 đ
847,desktop,desktop,Đã sử dụng (chưa sửa chữa),1,0,Intel Core i3,16.0,Onboard,128,Trung Quốc,desktop,3.000.000 đ
848,desktop,desktop,Đã sử dụng (chưa sửa chữa),0,0,Intel Xeon,64.0,Onboard,128,Nước khác,desktop,9.999.999 đ
849,desktop,desktop,Đã sử dụng (qua sửa chữa),5,21,Intel Core i5,32.0,NVIDIA,256,Trung Quốc,desktop,4.000.000 đ
850,desktop,desktop,Đã sử dụng (chưa sửa chữa),1,0,Intel Core i3,16.0,NVIDIA,256,Nước khác,desktop,8.200.000 đ
851,desktop,desktop,Mới,1,0,Intel Core i9,32.0,NVIDIA,500,Việt Nam,desktop,36.490.000 đ
852,desktop,desktop,Mới,1,0,Intel Core i5,4.0,NVIDIA,120,Việt Nam,desktop,3.300.000 đ
853,desktop,desktop,Đã sử dụng (qua sửa chữa),0,0,Intel Core i7,16.0,Onboard,256,Nước khác,desktop,4.800.000 đ
854,desktop,desktop,Đã sử dụng (chưa sửa chữa),3,0,Intel Core i5,8.0,Onboard,128,Nước khác,desktop,2.900.000 đ
855,desktop,desktop,Đã sử dụng (chưa sửa chữa),0,20,Intel Core i3,4.0,Onboard,320,Nước khác,desktop,1.850.000 đ
856,desktop,desktop,Đã sử dụng (qua sửa chữa),0,0,Intel Core i3,8.0,Onboard,128,Nước khác,desktop,2.000.000 đ
857,desktop,desktop,Đã sử dụng (chưa sửa chữa),0,21,Intel Core i5,8.0,NVIDIA,480,Việt Nam,desktop,5.000.000 đ
858,desktop,desktop,Đã sử dụng (qua sửa chữa),3,0,Intel Core i5,8.0,Onboard,250,Mỹ,desktop,2.550.000 đ
859,desktop,desktop,Đã sử dụng (qua sửa chữa),0,21,Intel Xeon,32.0,Onboard,250,Nước khác,desktop,6.990.000 đ
860,desktop,desktop,Mới,9,0,Intel Xeon,32.0,AMD,256,Trung Quốc,desktop,5.900.000 đ
861,desktop,desktop,Mới,9,21,Intel Core i5,8.0,AMD,128,Mỹ,desktop,5.500.000 đ
862,desktop,desktop,Đã sử dụng (chưa sửa chữa),3,0,Intel Core i5,8.0,Onboard,128,Việt Nam,desktop,1.050.000 đ
863,desktop,desktop,Đã sử dụng (qua sửa chữa),1,21,Intel Core i3,16.0,AMD,128,Nước khác,desktop,12.500.000 đ
864,desktop,desktop,Đã sử dụng (qua sửa chữa),0,0,Intel Core i5,8.0,Onboard,256,Mỹ,desktop,6.990.000 đ
865,desktop,desktop,Đã sử dụng (chưa sửa chữa),0,0,Intel Xeon,8.0,NVIDIA,512,Nước khác,desktop,5.000.000 đ
866,desktop,desktop,Mới,0,21,Intel Core i5,8.0,NVIDIA,256,Nước khác,desktop,6.950.000 đ
867,desktop,desktop,Đã sử dụng (chưa sửa chữa),3,21,Intel Core i5,8.0,Onboard,512,Mỹ,desktop,5.700.000 đ
868,desktop,desktop,Đã sử dụng (qua sửa chữa),0,20,Intel Core i3,8.0,NVIDIA,128,Việt Nam,desktop,3.200.000 đ
869,desktop,desktop,Đã sử dụng (chưa sửa chữa),1,21,Intel Core i3,16.0,AMD,256,Nước khác,desktop,8.600.000 đ
870,desktop,desktop,Đã sử dụng (chưa sửa chữa),0,21,AMD,16.0,NVIDIA,1500,Việt Nam,desktop,11.000.000 đ
871,desktop,desktop,Mới,12,0,Intel Core i3,8.0,Onboard,256,Nước khác,desktop,6.990.000 đ
872,desktop,desktop,Đã sử dụng (chưa sửa chữa),1,0,Intel Core i5,8.0,NVIDIA,120,Nước khác,desktop,5.000.000 đ
873,desktop,desktop,Đã sử dụng (chưa sửa chữa),3,21,Intel Core i5,8.0,Onboard,250,Việt Nam,desktop,3.900.000 đ
874,desktop,desktop,Đã sử dụng (chưa sửa chữa),9,0,Intel Xeon,32.0,NVIDIA,500,Nước khác,desktop,8.500.000 đ
875,desktop,desktop,Đã sử dụng (chưa sửa chữa),1,0,Intel Core i5,16.0,AMD,250,Nước khác,desktop,5.100.000 đ
876,desktop,desktop,Đã sử dụng (chưa sửa chữa),0,0,Intel Core i3,4.0,Onboard,500,Nước khác,desktop,1.000.000 đ
877,desktop,desktop,Đã sử dụng (chưa sửa chữa),1,0,Intel Core i9,64.0,NVIDIA,512,Việt Nam,desktop,13.000.000 đ
878,desktop,desktop,Đã sử dụng (chưa sửa chữa),1,21,Intel Core i7,8.0,AMD,120,Trung Quốc,desktop,3.850.000 đ
879,desktop,desktop,Đã sử dụng (qua sửa chữa),0,0,Intel Atom,2.0,NVIDIA,120,Nước khác,desktop,500.000 đ
880,desktop,desktop,Đã sử dụng (chưa sửa chữa),3,20,Intel Core i7,8.0,Onboard,120,Nước khác,desktop,3.700.000 đ
881,desktop,desktop,Đã sử dụng (chưa sửa chữa),0,0,Intel Pentium,8.0,Onboard,128,Nhật Bản,desktop,1.700.000 đ
882,desktop,desktop,Đã sử dụng (chưa sửa chữa),0,21,Intel Core i5,8.0,NVIDIA,256,Việt Nam,desktop,4.000.000 đ
883,desktop,desktop,Mới,1,0,Intel Xeon,32.0,NVIDIA,128,Nước khác,desktop,4.600.000 đ
884,desktop,desktop,Mới,0,0,Intel Xeon,32.0,NVIDIA,128,Nước khác,desktop,7.500.000 đ
885,desktop,desktop,Đã sử dụng (chưa sửa chữa),0,16,Intel Core 2 Duo,4.0,Onboard,256,Nước khác,desktop,1.000.000 đ
886,desktop,desktop,Đã sử dụng (qua sửa chữa),0,20,Intel Celeron,8.0,NVIDIA,128,Nước khác,desktop,1.800.000 đ
887,desktop,desktop,Đã sử dụng (chưa sửa chữa),3,21,Intel Core i5,8.0,AMD,1000,Nước khác,desktop,8.500.000 đ
888,desktop,desktop,Đã sử dụng (chưa sửa chữa),1,0,Intel Core i7,8.0,NVIDIA,128,Nước khác,desktop,3.000.000 đ
889,desktop,desktop,Mới,1,0,Intel Core i7,8.0,NVIDIA,128,Nước khác,desktop,3.150.000 đ
890,desktop,desktop,Đã sử dụng (chưa sửa chữa),0,21,AMD,16.0,NVIDIA,256,Nước khác,desktop,7.800.000 đ
891,desktop,desktop,Đã sử dụng (qua sửa chữa),1,21,Intel Core i3,8.0,Onboard,250,Mỹ,desktop,4.100.000 đ
892,desktop,desktop,Đã sử dụng (chưa sửa chữa),0,0,Intel Xeon,8.0,Onboard,128,Nước khác,desktop,4.200.000 đ
893,desktop,desktop,Đã sử dụng (chưa sửa chữa),1,21,Intel Core i9,32.0,Onboard,1000,Nước khác,desktop,52.000.000 đ
894,desktop,desktop,Đã sử dụng (chưa sửa chữa),3,0,Intel Core i5,8.0,Onboard,128,Nước khác,desktop,2.800.000 đ
895,desktop,desktop,Đã sử dụng (chưa sửa chữa),0,20,Intel Core i5,6.0,Onboard,250,Nước khác,desktop,2.300.000 đ
896,desktop,desktop,Mới,0,0,Intel Pentium,8.0,Onboard,256,Nước khác,desktop,4.600.000 đ
897,desktop,desktop,Đã sử dụng (chưa sửa chữa),3,20,Intel Core i5,4.0,Onboard,250,Nước khác,desktop,2.360.000 đ
898,desktop,desktop,Đã sử dụng (chưa sửa chữa),0,0,Intel Core i3,2.0,Onboard,120,Việt Nam,desktop,5.500.000 đ
899,desktop,desktop,Mới,12,21,Intel Xeon,32.0,AMD,250,Mỹ,desktop,7.500.000 đ
900,desktop,desktop,Mới,9,21,Intel Core i5,8.0,NVIDIA,256,Mỹ,desktop,6.950.000 đ
901,desktop,desktop,Đã sử dụng (chưa sửa chữa),5,0,Ryzen 5,32.0,NVIDIA,256,Việt Nam,desktop,12.900.000 đ
902,desktop,desktop,Đã sử dụng (chưa sửa chữa),0,0,Intel Pentium,4.0,Onboard,120,Nước khác,desktop,1.500.000 đ
903,desktop,desktop,Đã sử dụng (chưa sửa chữa),0,0,Intel Xeon,64.0,NVIDIA,512,Nước khác,desktop,13.500.000 đ
904,desktop,desktop,Đã sử dụng (chưa sửa chữa),1,0,Intel Core i3,8.0,Onboard,128,Mỹ,desktop,1.900.000 đ
905,desktop,desktop,Đã sử dụng (chưa sửa chữa),1,0,Intel Core i5,8.0,Onboard,256,Thái Lan,desktop,10.800.000 đ
906,desktop,desktop,Đã sử dụng (chưa sửa chữa),1,21,Intel Core i5,8.0,Onboard,256,Nước khác,desktop,7.000.000 đ
907,desktop,desktop,Đã sử dụng (chưa sửa chữa),12,21,Intel Core i5,16.0,NVIDIA,120,Việt Nam,desktop,8.500.000 đ
908,desktop,desktop,Đã sử dụng (chưa sửa chữa),0,18,Intel Core i3,8.0,NVIDIA,128,Nước khác,desktop,3.500.000 đ
909,desktop,desktop,Đã sử dụng (chưa sửa chữa),0,0,Intel Xeon,32.0,NVIDIA,250,Nước khác,desktop,2.400.000 đ
910,desktop,desktop,Đã sử dụng (chưa sửa chữa),2,20,Intel Core i3,8.0,Onboard,250,Việt Nam,desktop,3.200.000 đ
911,desktop,desktop,Đã sử dụng (chưa sửa chữa),0,0,Intel Core i3,8.0,Onboard,250,Nước khác,desktop,2.300.000 đ
912,desktop,desktop,Đã sử dụng (chưa sửa chữa),0,0,Intel Core i5,16.0,Onboard,256,Nước khác,desktop,2.650.000 đ
913,desktop,desktop,Đã sử dụng (chưa sửa chữa),0,21,Intel Core i7,16.0,NVIDIA,250,Nước khác,desktop,800.000 đ
914,desktop,desktop,Đã sử dụng (chưa sửa chữa),0,0,Intel Xeon,32.0,NVIDIA,512,Nước khác,desktop,22.800.000 đ
915,desktop,desktop,Đã sử dụng (chưa sửa chữa),0,0,Intel Core i3,8.0,Onboard,128,Nước khác,desktop,3.300.000 đ
916,desktop,desktop,Đã sử dụng (chưa sửa chữa),0,21,Intel Core i3,8.0,Onboard,128,Nước khác,desktop,3.000.000 đ
917,desktop,desktop,Đã sử dụng (chưa sửa chữa),0,21,Intel Xeon,32.0,AMD,256,Nước khác,desktop,5.000.000 đ
918,desktop,desktop,Đã sử dụng (chưa sửa chữa),0,0,Intel Core i3,4.0,Onboard,128,Nước khác,desktop,2.500.000 đ
919,desktop,desktop,Mới,2,21,Intel Core i5,8.0,AMD,256,Việt Nam,desktop,6.500.000 đ
920,desktop,desktop,Đã sử dụng (chưa sửa chữa),9,21,Intel Core i5,16.0,Onboard,500,Nước khác,desktop,9.500.000 đ
921,desktop,desktop,Đã sử dụng (chưa sửa chữa),0,0,Intel Core i3,4.0,Onboard,500,Nước khác,desktop,750.000 đ
922,desktop,desktop,Mới,12,0,Intel Core i5,16.0,AMD,256,Việt Nam,desktop,11.900.000 đ
923,desktop,desktop,Đã sử dụng (qua sửa chữa),0,0,Intel Core i5,8.0,Onboard,500,Nước khác,desktop,1.800.000 đ
924,desktop,desktop,Đã sử dụng (chưa sửa chữa),0,0,Intel Core i5,16.0,Onboard,256,Nước khác,desktop,3.800.000 đ
925,desktop,desktop,Mới,9,0,Intel Xeon,32.0,NVIDIA,128,Việt Nam,desktop,5.200.000 đ
926,desktop,desktop,Đã sử dụng (chưa sửa chữa),0,0,Intel Core i5,8.0,Onboard,128,Nước khác,desktop,9.500.000 đ
927,desktop,desktop,Đã sử dụng (chưa sửa chữa),1,21,Intel Core i3,8.0,Onboard,256,Nước khác,desktop,4.490.000 đ
928,desktop,desktop,Đã sử dụng (chưa sửa chữa),0,18,Intel Pentium,4.0,Onboard,250,Nước khác,desktop,850.000 đ
929,desktop,desktop,Đã sử dụng (chưa sửa chữa),0,0,Intel Core i3,8.0,Onboard,250,Nước khác,desktop,2.500.000 đ
930,desktop,desktop,Đã sử dụng (chưa sửa chữa),1,0,Intel Core i3,16.0,NVIDIA,250,Việt Nam,desktop,5.500.000 đ
931,desktop,desktop,Đã sử dụng (chưa sửa chữa),1,18,Intel Pentium,4.0,Onboard,128,Việt Nam,desktop,1.299.000 đ
932,desktop,desktop,Đã sử dụng (chưa sửa chữa),0,0,Intel Core i5,8.0,NVIDIA,128,Nước khác,desktop,2.500.000 đ
933,desktop,desktop,Đã sử dụng (chưa sửa chữa),0,16,Intel Core i3,4.0,NVIDIA,128,Nước khác,desktop,2.000.000 đ
934,desktop,desktop,Đã sử dụng (chưa sửa chữa),0,21,Intel Core i5,4.0,Onboard,500,Nước khác,desktop,2.000.000 đ
935,desktop,desktop,Đã sử dụng (chưa sửa chữa),0,20,Intel Core i3,8.0,Onboard,256,Nước khác,desktop,4.650.000 đ
936,desktop,desktop,Mới,3,0,Intel Xeon,8.0,NVIDIA,256,Việt Nam,desktop,5.500.000 đ
937,desktop,desktop,Đã sử dụng (chưa sửa chữa),1,20,Intel Core i3,8.0,Onboard,128,Nước khác,desktop,3.200.000 đ
938,desktop,desktop,Đã sử dụng (chưa sửa chữa),3,0,Intel Core i3,8.0,NVIDIA,128,Nước khác,desktop,4.900.000 đ
939,desktop,desktop,Đã sử dụng (chưa sửa chữa),0,21,Intel Core i5,16.0,Onboard,256,Nước khác,desktop,23.900.000 đ
940,desktop,desktop,Đã sử dụng (qua sửa chữa),0,0,Intel Core i5,8.0,Onboard,128,Nước khác,desktop,250.000 đ
941,desktop,desktop,Đã sử dụng (chưa sửa chữa),0,0,AMD,8.0,Onboard,128,Nước khác,desktop,2.500.000 đ
942,desktop,desktop,Mới,12,0,Intel Core i9,32.0,NVIDIA,512,Việt Nam,desktop,17.990.000 đ
943,desktop,desktop,Đã sử dụng (chưa sửa chữa),3,21,Intel Core i5,8.0,Onboard,500,Nước khác,desktop,3.800.000 đ
944,desktop,desktop,Mới,12,21,Intel Core i5,16.0,NVIDIA,1500,Việt Nam,desktop,12.500.000 đ
945,desktop,desktop,Mới,0,0,Intel Xeon,64.0,NVIDIA,1000,Nước khác,desktop,15.000.000 đ
946,desktop,desktop,Đã sử dụng (chưa sửa chữa),0,21,Intel Core i5,8.0,NVIDIA,500,Việt Nam,desktop,320.000 đ
947,desktop,desktop,Đã sử dụng (chưa sửa chữa),0,0,Intel Core i3,8.0,Onboard,512,Nước khác,desktop,3.100.000 đ
948,desktop,desktop,Đã sử dụng (chưa sửa chữa),1,0,Intel Core i3,16.0,NVIDIA,250,Việt Nam,desktop,9.800.000 đ
949,desktop,desktop,Đã sử dụng (chưa sửa chữa),0,0,Intel Core i5,8.0,Onboard,1500,Nước khác,desktop,10.000.000 đ
950,desktop,desktop,Đã sử dụng (chưa sửa chữa),0,21,Intel Core i3,8.0,Onboard,120,Việt Nam,desktop,10.000.000 đ
951,desktop,desktop,Đã sử dụng (chưa sửa chữa),12,20,Intel Core i5,8.0,NVIDIA,256,Việt Nam,desktop,7.300.000 đ
952,desktop,desktop,Đã sử dụng (chưa sửa chữa),1,0,Intel Core i3,16.0,NVIDIA,256,Việt Nam,desktop,5.200.000 đ
953,desktop,desktop,Đã sử dụng (qua sửa chữa),0,20,Intel Core i5,4.0,Onboard,500,Nước khác,desktop,2.000.000 đ
954,desktop,desktop,Đã sử dụng (chưa sửa chữa),0,20,Intel Core i5,8.0,Onboard,256,Nước khác,desktop,4.000.000 đ
955,desktop,desktop,Đã sử dụng (chưa sửa chữa),12,21,Intel Core i5,8.0,NVIDIA,128,Nước khác,desktop,7.000.000 đ
956,desktop,desktop,Mới,1,0,Intel Xeon,16.0,Onboard,128,Việt Nam,desktop,6.900.000 đ
957,desktop,desktop,Đã sử dụng (chưa sửa chữa),3,20,Intel Celeron,4.0,Onboard,128,Việt Nam,desktop,2.300.000 đ
958,desktop,desktop,Đã sử dụng (chưa sửa chữa),0,0,Intel Core i3,4.0,Onboard,128,Nước khác,desktop,2.100.000 đ
959,desktop,desktop,Mới,0,21,Intel Core i5,8.0,NVIDIA,128,Nước khác,desktop,4.500.000 đ
960,desktop,desktop,Đã sử dụng (chưa sửa chữa),0,21,Intel Core i5,8.0,NVIDIA,250,Nước khác,desktop,3.200.000 đ
961,desktop,desktop,Đã sử dụng (chưa sửa chữa),0,0,Intel Core i5,8.0,Onboard,128,Nước khác,desktop,2.500.000 đ
962,desktop,desktop,Đã sử dụng (chưa sửa chữa),9,21,Intel Core i5,8.0,Onboard,128,Việt Nam,desktop,6.500.000 đ
963,desktop,desktop,Đã sử dụng (qua sửa chữa),0,0,Intel Core i7,8.0,NVIDIA,128,Nước khác,desktop,2.500.000 đ
964,desktop,desktop,Đã sử dụng (chưa sửa chữa),0,0,Intel Xeon,8.0,Onboard,256,Nước khác,desktop,4.000.000 đ
965,desktop,desktop,Đã sử dụng (chưa sửa chữa),0,18,Intel Core i5,8.0,Onboard,128,Nước khác,desktop,2.900.000 đ
966,desktop,desktop,Đã sử dụng (chưa sửa chữa),0,18,Intel Core i5,8.0,Onboard,128,Đài Loan,desktop,2.500.000 đ
967,desktop,desktop,Mới,1,0,Intel Xeon,64.0,NVIDIA,256,Nước khác,desktop,9.600.000 đ
968,desktop,desktop,Đã sử dụng (chưa sửa chữa),1,21,Intel Xeon,16.0,Onboard,256,Mỹ,desktop,2.999.000 đ
969,desktop,desktop,Mới,12,21,Intel Core i5,8.0,NVIDIA,256,Nước khác,desktop,8.600.000 đ
970,desktop,desktop,Mới,1,0,Intel Xeon,64.0,NVIDIA,256,Nước khác,desktop,7.300.000 đ
971,desktop,desktop,Đã sử dụng (chưa sửa chữa),1,0,Intel Core i7,16.0,Onboard,1500,Việt Nam,desktop,6.200.000 đ
972,desktop,desktop,Mới,0,0,Intel Core i5,8.0,NVIDIA,128,Nước khác,desktop,6.350.000 đ
973,desktop,desktop,Đã sử dụng (chưa sửa chữa),0,0,Intel Core i5,2.0,Onboard,128,Nước khác,desktop,1.800.000 đ
974,desktop,desktop,Đã sử dụng (chưa sửa chữa),0,0,Intel Core i7,8.0,NVIDIA,128,Nước khác,desktop,3.450.000 đ
975,desktop,desktop,Đã sử dụng (chưa sửa chữa),1,21,Intel Core i7,8.0,NVIDIA,128,Nước khác,desktop,3.300.000 đ
976,desktop,desktop,Đã sử dụng (chưa sửa chữa),0,21,Intel Xeon,16.0,NVIDIA,256,Nước khác,desktop,5.650.000 đ
977,desktop,desktop,Mới,12,21,Intel Core i5,8.0,NVIDIA,120,Nước khác,desktop,4.000.000 đ
978,desktop,desktop,Mới,12,21,Intel Core i5,16.0,NVIDIA,256,Việt Nam,desktop,8.500.000 đ
979,desktop,desktop,Đã sử dụng (chưa sửa chữa),1,18,Intel Core i5,8.0,NVIDIA,120,Việt Nam,desktop,1.900.000 đ
980,desktop,desktop,Đã sử dụng (chưa sửa chữa),9,0,Intel Xeon,32.0,NVIDIA,512,Nhật Bản,desktop,11.500.000 đ
981,desktop,desktop,Đã sử dụng (chưa sửa chữa),0,21,Intel Core i5,8.0,AMD,128,Nhật Bản,desktop,15.000.000 đ
982,desktop,desktop,Đã sử dụng (chưa sửa chữa),1,0,Intel Core i3,4.0,Onboard,256,Nhật Bản,desktop,2.200.000 đ
983,desktop,desktop,Đã sử dụng (chưa sửa chữa),9,0,Intel Core i5,8.0,Onboard,256,Việt Nam,desktop,11.900.000 đ
984,desktop,desktop,Đã sử dụng (chưa sửa chữa),3,0,Intel Core i3,8.0,Onboard,256,Nước khác,desktop,2.600.000 đ
985,desktop,desktop,Đã sử dụng (chưa sửa chữa),1,0,Intel Core i3,4.0,Onboard,128,Việt Nam,desktop,900.000 đ
986,desktop,desktop,Đã sử dụng (chưa sửa chữa),1,0,Intel Core i7,32.0,NVIDIA,1000,Nước khác,desktop,18.800.000 đ
987,desktop,desktop,Đã sử dụng (chưa sửa chữa),1,0,Intel Core i5,16.0,NVIDIA,256,Việt Nam,desktop,7.300.000 đ
988,desktop,desktop,Đã sử dụng (chưa sửa chữa),12,0,Intel Xeon,64.0,NVIDIA,512,Nước khác,desktop,8.600.000 đ
989,desktop,desktop,Đã sử dụng (chưa sửa chữa),0,16,Intel Core i5,8.0,Onboard,120,Nước khác,desktop,4.000.000 đ
990,desktop,desktop,Đã sử dụng (chưa sửa chữa),1,20,Intel Core i5,8.0,Onboard,120,Nước khác,desktop,4.800.000 đ
991,desktop,desktop,Mới,5,21,Intel Core i5,32.0,NVIDIA,128,Trung Quốc,desktop,4.000.000 đ
992,desktop,desktop,Đã sử dụng (chưa sửa chữa),0,0,Intel Xeon,32.0,AMD,250,Nhật Bản,desktop,5.500.000 đ
993,desktop,desktop,Đã sử dụng (chưa sửa chữa),1,21,Intel Core i5,16.0,NVIDIA,500,Nước khác,desktop,11.000.000 đ
994,desktop,desktop,Đã sử dụng (chưa sửa chữa),9,0,Intel Core i5,4.0,Onboard,128,Nước khác,desktop,3.750.000 đ
995,desktop,desktop,Mới,1,21,Intel Core i5,16.0,NVIDIA,256,Việt Nam,desktop,13.450.000 đ
996,desktop,desktop,Đã sử dụng (chưa sửa chữa),1,21,Intel Core i5,8.0,Onboard,128,Trung Quốc,desktop,4.000.000 đ
997,desktop,desktop,Đã sử dụng (chưa sửa chữa),0,0,Intel Core 2 Duo,1.0,Onboard,128,Nước khác,desktop,1.500.000 đ
998,desktop,desktop,Đã sử dụng (chưa sửa chữa),1,0,Intel Xeon,32.0,NVIDIA,256,Nước khác,desktop,4.200.000 đ
999,desktop,desktop,Đã sử dụng (chưa sửa chữa),0,21,Intel Core i3,8.0,Onboard,256,Nước khác,desktop,4.999.000 đ
1000,desktop,desktop,Đã sử dụng (chưa sửa chữa),3,0,Ryzen 5,16.0,AMD,256,Mỹ,desktop,6.900.000 đ
1001,desktop,desktop,Đã sử dụng (chưa sửa chữa),1,21,Intel Core i5,8.0,Onboard,128,Việt Nam,desktop,2.200.000 đ
1002,desktop,desktop,Đã sử dụng (chưa sửa chữa),1,0,Intel Core i3,8.0,Onboard,500,Nước khác,desktop,1.100.000 đ
1003,desktop,desktop,Đã sử dụng (chưa sửa chữa),1,21,Intel Xeon,8.0,NVIDIA,120,Việt Nam,desktop,3.500.000 đ
1004,desktop,desktop,Đã sử dụng (chưa sửa chữa),0,18,Intel Core 2 Duo,2.0,Onboard,250,Nước khác,desktop,500.000 đ
1005,desktop,desktop,Đã sử dụng (chưa sửa chữa),0,20,Intel Core i5,4.0,Onboard,500,Nước khác,desktop,1.500.000 đ
1006,desktop,desktop,Đã sử dụng (chưa sửa chữa),1,0,Intel Core i3,16.0,NVIDIA,120,Nước khác,desktop,4.000.000 đ
1007,desktop,desktop,Mới,0,0,Intel Core i5,8.0,NVIDIA,250,Việt Nam,desktop,3.600.000 đ
1008,desktop,desktop,Đã sử dụng (chưa sửa chữa),0,0,Intel Core i5,16.0,NVIDIA,256,Nước khác,desktop,9.000.000 đ
1009,desktop,desktop,Mới,1,21,Intel Core i5,8.0,AMD,256,Việt Nam,desktop,7.500.000 đ
1010,desktop,desktop,Mới,1,0,Intel Core i7,32.0,Onboard,1000,Mỹ,desktop,11.000.000 đ
1011,desktop,desktop,Đã sử dụng (chưa sửa chữa),3,0,Intel Core i5,8.0,NVIDIA,500,Nước khác,desktop,9.650.000 đ
1012,desktop,desktop,Đã sử dụng (chưa sửa chữa),0,0,Intel Xeon,8.0,NVIDIA,500,Nước khác,desktop,2.500.000 đ
1013,desktop,desktop,Đã sử dụng (chưa sửa chữa),1,21,Intel Core i5,8.0,Onboard,1000,Nhật Bản,desktop,4.900.000 đ
1014,desktop,desktop,Mới,9,21,Intel Core i5,8.0,NVIDIA,256,Việt Nam,desktop,8.500.000 đ
1015,desktop,desktop,Đã sử dụng (chưa sửa chữa),1,0,Intel Core i5,16.0,AMD,512,Nước khác,desktop,7.999.999 đ
1016,desktop,desktop,Đã sử dụng (chưa sửa chữa),3,0,Intel Xeon,32.0,NVIDIA,256,Nhật Bản,desktop,7.700.000 đ
1017,desktop,desktop,Đã sử dụng (chưa sửa chữa),0,0,Intel Core i5,8.0,Onboard,128,Việt Nam,desktop,3.000.000 đ
1018,desktop,desktop,Mới,12,21,Intel Xeon,64.0,NVIDIA,500,Việt Nam,desktop,10.500.000 đ
1019,desktop,desktop,Đã sử dụng (chưa sửa chữa),3,21,Intel Core i5,8.0,NVIDIA,256,Nước khác,desktop,6.800.000 đ
1020,desktop,desktop,Đã sử dụng (chưa sửa chữa),9,0,Intel Core i5,4.0,Onboard,128,Trung Quốc,desktop,2.550.000 đ
1021,desktop,desktop,Mới,1,21,Intel Core i5,16.0,NVIDIA,500,Việt Nam,desktop,18.800.000 đ
1022,desktop,desktop,Đã sử dụng (chưa sửa chữa),3,20,Intel Core i5,8.0,Onboard,128,Việt Nam,desktop,2.150.000 đ
1023,desktop,desktop,Đã sử dụng (chưa sửa chữa),0,0,Intel Core i5,8.0,Onboard,128,Nước khác,desktop,1.100.000 đ
1024,desktop,desktop,Đã sử dụng (chưa sửa chữa),1,0,Intel Core i5,8.0,Onboard,128,Nước khác,desktop,1.300.000 đ
1025,desktop,desktop,Đã sử dụng (chưa sửa chữa),3,0,Intel Core i5,4.0,Onboard,128,Mỹ,desktop,990.000 đ
1026,desktop,desktop,Mới,0,0,Intel Core i5,16.0,NVIDIA,256,Nước khác,desktop,9.650.000 đ
1027,desktop,desktop,Đã sử dụng (chưa sửa chữa),1,20,Intel Core i5,8.0,NVIDIA,128,Nước khác,desktop,2.500.000 đ
1028,desktop,desktop,Mới,0,21,Intel Core i5,8.0,NVIDIA,120,Việt Nam,desktop,4.200.000 đ
1029,desktop,desktop,Đã sử dụng (chưa sửa chữa),1,21,Intel Core i3,16.0,NVIDIA,256,Nước khác,desktop,9.000.000 đ
1030,desktop,desktop,Đã sử dụng (chưa sửa chữa),1,21,Intel Core i3,8.0,Onboard,250,Nước khác,desktop,10.000.000 đ
1031,desktop,desktop,Đã sử dụng (chưa sửa chữa),1,21,Intel Core i7,16.0,NVIDIA,250,Nước khác,desktop,27.000.000 đ
1032,desktop,desktop,Mới,1,21,Intel Core i5,8.0,NVIDIA,256,Việt Nam,desktop,9.600.000 đ
1033,desktop,desktop,Đã sử dụng (chưa sửa chữa),12,0,Intel Core i3,8.0,Onboard,128,Việt Nam,desktop,4.600.000 đ
1034,desktop,desktop,Đã sử dụng (chưa sửa chữa),0,21,Intel Core i3,8.0,NVIDIA,250,Nước khác,desktop,4.600.000 đ
1035,desktop,desktop,Đã sử dụng (chưa sửa chữa),0,0,Intel Pentium,4.0,Onboard,120,Nước khác,desktop,3.000.000 đ
1036,desktop,desktop,Đã sử dụng (chưa sửa chữa),0,20,Intel Core i5,8.0,Onboard,128,Việt Nam,desktop,2.200.000 đ
1037,desktop,desktop,Đã sử dụng (chưa sửa chữa),0,20,Intel Core i5,8.0,Onboard,256,Nước khác,desktop,1.600.000 đ
1038,desktop,desktop,Đã sử dụng (chưa sửa chữa),1,21,Intel Core i5,16.0,Onboard,256,Mỹ,desktop,3.800.000 đ
1039,desktop,desktop,Đã sử dụng (chưa sửa chữa),1,0,Intel Core i7,16.0,Onboard,256,Việt Nam,desktop,2.450.000 đ
1040,desktop,desktop,Đã sử dụng (chưa sửa chữa),12,21,Intel Xeon,8.0,AMD,256,Nhật Bản,desktop,6.000.000 đ
1041,desktop,desktop,Đã sử dụng (chưa sửa chữa),1,21,Intel Core i5,16.0,Onboard,256,Mỹ,desktop,3.500.000 đ
1042,desktop,desktop,Đã sử dụng (chưa sửa chữa),1,21,Intel Xeon,64.0,NVIDIA,256,Nước khác,desktop,5.000.000 đ
1043,desktop,desktop,Mới,1,0,Intel Core i7,8.0,Onboard,128,Nước khác,desktop,21.300.000 đ
1044,desktop,desktop,Mới,9,0,Intel Xeon,64.0,NVIDIA,256,Nước khác,desktop,6.950.000 đ
1045,desktop,desktop,Đã sử dụng (chưa sửa chữa),0,0,Intel Xeon,8.0,Onboard,120,Việt Nam,desktop,700.000 đ
1046,desktop,desktop,Đã sử dụng (chưa sửa chữa),1,21,Intel Xeon,32.0,NVIDIA,256,Nước khác,desktop,8.600.000 đ
1047,desktop,desktop,Đã sử dụng (chưa sửa chữa),0,0,Intel Core i7,16.0,Onboard,1000,Nước khác,desktop,4.500.000 đ
1048,desktop,desktop,Đã sử dụng (chưa sửa chữa),0,0,Intel Pentium,4.0,Onboard,128,Nước khác,desktop,1.600.000 đ
1049,desktop,desktop,Đã sử dụng (chưa sửa chữa),0,0,Intel Core i5,8.0,Onboard,500,Nước khác,desktop,3.000.000 đ
1050,desktop,desktop,Đã sử dụng (chưa sửa chữa),0,0,Intel Xeon,64.0,Onboard,512,Nước khác,desktop,9.999.999 đ
1051,desktop,desktop,Đã sử dụng (chưa sửa chữa),0,21,Intel Core i3,8.0,Onboard,120,Nước khác,desktop,3.500.000 đ
1052,desktop,desktop,Mới,9,0,Intel Xeon,32.0,NVIDIA,128,Việt Nam,desktop,4.700.000 đ
1053,desktop,desktop,Đã sử dụng (chưa sửa chữa),0,21,Intel Core i3,8.0,NVIDIA,256,Việt Nam,desktop,4.500.000 đ
1054,desktop,desktop,Đã sử dụng (chưa sửa chữa),0,21,Intel Core i3,8.0,Onboard,256,Nước khác,desktop,4.500.000 đ
1055,desktop,desktop,Đã sử dụng (chưa sửa chữa),1,21,Intel Core i5,16.0,NVIDIA,256,Việt Nam,desktop,10.000.000 đ
1056,desktop,desktop,Đã sử dụng (chưa sửa chữa),0,20,Intel Pentium,4.0,Onboard,500,Nước khác,desktop,1.400.000 đ
1057,desktop,desktop,Đã sử dụng (chưa sửa chữa),0,0,Intel Core i3,8.0,Onboard,128,Nước khác,desktop,14.000.000 đ
1058,desktop,desktop,Đã sử dụng (chưa sửa chữa),1,21,Intel Core i5,8.0,NVIDIA,128,Nước khác,desktop,3.600.000 đ
1059,desktop,desktop,Đã sử dụng (chưa sửa chữa),0,0,Intel Core i5,8.0,Onboard,128,Nước khác,desktop,5.999.999 đ
1060,desktop,desktop,Đã sử dụng (chưa sửa chữa),0,0,Intel Core i5,8.0,Onboard,256,Nước khác,desktop,850.000 đ
1061,desktop,desktop,Đã sử dụng (chưa sửa chữa),0,21,Intel Core i5,16.0,NVIDIA,128,Nước khác,desktop,6.500.000 đ
1062,desktop,desktop,Đã sử dụng (chưa sửa chữa),0,0,Intel Core 2 Duo,2.0,NVIDIA,128,Nước khác,desktop,600.000 đ
1063,desktop,desktop,Đã sử dụng (chưa sửa chữa),0,21,Intel Core i5,8.0,NVIDIA,128,Việt Nam,desktop,3.199.000 đ
1064,desktop,desktop,Đã sử dụng (chưa sửa chữa),1,0,Intel Core i3,8.0,NVIDIA,120,Nước khác,desktop,2.000.000 đ
1065,desktop,desktop,Mới,0,0,Intel Core i5,16.0,NVIDIA,256,Nước khác,desktop,11.000.000 đ
1066,desktop,desktop,Đã sử dụng (chưa sửa chữa),5,21,Intel Xeon,64.0,NVIDIA,1500,Nhật Bản,desktop,15.000.000 đ
1067,desktop,desktop,Đã sử dụng (chưa sửa chữa),0,21,Intel Core i3,8.0,NVIDIA,128,Nước khác,desktop,4.500.000 đ
1068,desktop,desktop,Mới,1,21,Intel Core i5,16.0,NVIDIA,500,Việt Nam,desktop,19.500.000 đ
1069,desktop,desktop,Đã sử dụng (chưa sửa chữa),1,21,Intel Core i5,8.0,Onboard,512,Việt Nam,desktop,8.990.000 đ
1070,desktop,desktop,Đã sử dụng (chưa sửa chữa),3,0,Intel Xeon,16.0,NVIDIA,128,Việt Nam,desktop,3.900.000 đ
1071,desktop,desktop,Đã sử dụng (chưa sửa chữa),0,21,Intel Core i5,8.0,Onboard,250,Mỹ,desktop,4.000.000 đ
1072,desktop,desktop,Mới,1,21,Intel Core i5,16.0,NVIDIA,512,Việt Nam,desktop,13.950.000 đ
1073,desktop,desktop,Đã sử dụng (chưa sửa chữa),0,0,Intel Xeon,32.0,NVIDIA,256,Nước khác,desktop,7.600.000 đ
1074,desktop,desktop,Đã sử dụng (chưa sửa chữa),3,21,Intel Core i7,8.0,Onboard,128,Nhật Bản,desktop,4.500.000 đ
1075,desktop,desktop,Đã sử dụng (chưa sửa chữa),0,0,Intel Core i5,8.0,AMD,128,Nước khác,desktop,4.500.000 đ
1076,desktop,desktop,Đã sử dụng (chưa sửa chữa),1,21,Intel Core i5,16.0,NVIDIA,256,Nước khác,desktop,6.000.000 đ
1077,desktop,desktop,Đã sử dụng (chưa sửa chữa),1,0,Intel Core i5,16.0,Onboard,256,Việt Nam,desktop,3.500.000 đ
1078,desktop,desktop,Đã sử dụng (chưa sửa chữa),0,21,Intel Celeron,2.0,Onboard,120,Việt Nam,desktop,800.000 đ
1079,desktop,desktop,Đã sử dụng (chưa sửa chữa),3,0,Intel Core i7,16.0,Onboard,512,Nhật Bản,desktop,3.200.000 đ
1080,desktop,desktop,Đã sử dụng (chưa sửa chữa),0,20,Intel Core i3,8.0,NVIDIA,128,Việt Nam,desktop,4.300.000 đ
1081,desktop,desktop,Đã sử dụng (chưa sửa chữa),0,0,Intel Core i7,16.0,Onboard,512,Nước khác,desktop,5.200.000 đ
1082,desktop,desktop,Đã sử dụng (chưa sửa chữa),3,21,Intel Core i3,8.0,NVIDIA,128,Việt Nam,desktop,6.500.000 đ
1083,desktop,desktop,Mới,0,0,Intel Core i9,32.0,NVIDIA,1000,Nước khác,desktop,23.500.000 đ
1084,desktop,desktop,Đã sử dụng (chưa sửa chữa),0,0,Intel Xeon,64.0,NVIDIA,1000,Nước khác,desktop,10.500.000 đ
1085,desktop,desktop,Mới,9,0,Intel Core i3,8.0,Onboard,128,Việt Nam,desktop,2.990.000 đ
1086,desktop,desktop,Đã sử dụng (chưa sửa chữa),1,20,Intel Core i3,4.0,Onboard,250,Nước khác,desktop,3.000.000 đ
1087,desktop,desktop,Đã sử dụng (chưa sửa chữa),0,20,Intel Core i3,8.0,Onboard,128,Việt Nam,desktop,2.500.000 đ
1088,desktop,desktop,Đã sử dụng (chưa sửa chữa),0,0,Intel Core i5,16.0,Onboard,128,Việt Nam,desktop,3.000.000 đ
1089,desktop,desktop,Đã sử dụng (chưa sửa chữa),0,21,Intel Core i5,4.0,Onboard,128,Nước khác,desktop,2.000.000 đ
1090,desktop,desktop,Đã sử dụng (chưa sửa chữa),1,18,Intel Core i3,2.0,Onboard,128,Nước khác,desktop,1.000.000 đ
1091,desktop,desktop,Đã sử dụng (chưa sửa chữa),0,0,Intel Core i3,4.0,Onboard,128,Trung Quốc,desktop,1.250.000 đ
1092,desktop,desktop,Đã sử dụng (chưa sửa chữa),1,0,Intel Core i5,16.0,NVIDIA,128,Nước khác,desktop,8.000.000 đ
1093,desktop,desktop,Đã sử dụng (chưa sửa chữa),1,0,Intel Core i5,8.0,Onboard,120,Nước khác,desktop,2.190.000 đ
1094,desktop,desktop,Mới,1,0,Intel Core i7,32.0,NVIDIA,500,Việt Nam,desktop,19.690.000 đ
1095,desktop,desktop,Đã sử dụng (chưa sửa chữa),9,0,Intel Core i5,16.0,Onboard,512,Việt Nam,desktop,6.000.000 đ
1096,desktop,desktop,Đã sử dụng (chưa sửa chữa),0,0,Intel Core i3,4.0,Onboard,128,Nước khác,desktop,800.000 đ
1097,desktop,desktop,Mới,3,20,Intel Core i5,8.0,Onboard,128,Nước khác,desktop,3.000.000 đ
1098,desktop,desktop,Mới,12,21,Intel Core i3,16.0,NVIDIA,500,Việt Nam,desktop,4.900.000 đ
1099,desktop,desktop,Đã sử dụng (chưa sửa chữa),1,20,Intel Core i5,8.0,NVIDIA,128,Nước khác,desktop,4.950.000 đ
1100,desktop,desktop,Đã sử dụng (chưa sửa chữa),3,21,Intel Core i5,16.0,AMD,1000,Nước khác,desktop,16.000.000 đ
1101,desktop,desktop,Đã sử dụng (chưa sửa chữa),0,20,Intel Core i5,8.0,Onboard,128,Việt Nam,desktop,2.500.000 đ
1102,desktop,desktop,Mới,0,0,Intel Core i3,8.0,NVIDIA,128,Mỹ,desktop,1.550.000 đ
1103,desktop,desktop,Đã sử dụng (chưa sửa chữa),1,21,Intel Core i3,8.0,NVIDIA,480,Nước khác,desktop,8.500.000 đ
1104,desktop,desktop,Đã sử dụng (qua sửa chữa),0,0,Intel Core i5,8.0,Onboard,500,Nước khác,desktop,2.500.000 đ
1105,desktop,desktop,Đã sử dụng (chưa sửa chữa),1,20,Intel Core i7,8.0,NVIDIA,120,Nước khác,desktop,3.550.000 đ
1106,desktop,desktop,Đã sử dụng (chưa sửa chữa),0,0,Intel Core i5,4.0,NVIDIA,250,Nước khác,desktop,300.000 đ
1107,desktop,desktop,Đã sử dụng (chưa sửa chữa),0,21,Intel Core i5,16.0,NVIDIA,128,Nước khác,desktop,8.000.000 đ
1108,desktop,desktop,Đã sử dụng (chưa sửa chữa),1,20,Intel Core i5,8.0,Onboard,120,Nước khác,desktop,2.850.000 đ
1109,desktop,desktop,Đã sử dụng (chưa sửa chữa),1,0,Intel Core i5,8.0,NVIDIA,128,Việt Nam,desktop,2.400.000 đ
1110,desktop,desktop,Đã sử dụng (chưa sửa chữa),0,0,Intel Core i5,16.0,NVIDIA,1000,Việt Nam,desktop,5.900.000 đ
1111,desktop,desktop,Đã sử dụng (chưa sửa chữa),0,18,Intel Core 2 Duo,4.0,Onboard,500,Nước khác,desktop,1.500.000 đ
1112,desktop,desktop,Mới,12,21,Intel Core i5,8.0,NVIDIA,128,Việt Nam,desktop,6.200.000 đ
1113,desktop,desktop,Đã sử dụng (chưa sửa chữa),0,21,Intel Core i5,32.0,Onboard,250,Việt Nam,desktop,7.000.000 đ
1114,desktop,desktop,Mới,12,21,Intel Core i5,8.0,NVIDIA,500,Việt Nam,desktop,7.500.000 đ
1115,desktop,desktop,Đã sử dụng (chưa sửa chữa),0,21,Intel Core i5,8.0,NVIDIA,1000,Việt Nam,desktop,8.500.000 đ
1116,desktop,desktop,Đã sử dụng (chưa sửa chữa),1,21,Intel Xeon,16.0,AMD,250,Nước khác,desktop,6.000.000 đ
1117,desktop,desktop,Đã sử dụng (chưa sửa chữa),0,0,Intel Celeron,8.0,Onboard,128,Nước khác,desktop,250.000 đ
1118,desktop,desktop,Đã sử dụng (chưa sửa chữa),0,0,Intel Core i7,16.0,NVIDIA,128,Nước khác,desktop,2.300.000 đ
1119,desktop,desktop,Đã sử dụng (chưa sửa chữa),0,0,Intel Core i5,4.0,Onboard,128,Nước khác,desktop,1.700.000 đ
1120,desktop,desktop,Đã sử dụng (chưa sửa chữa),3,21,Intel Core i5,8.0,Onboard,256,Nhật Bản,desktop,6.900.000 đ
1121,desktop,desktop,Đã sử dụng (chưa sửa chữa),0,21,Intel Core i5,8.0,NVIDIA,128,Việt Nam,desktop,5.000.000 đ
1122,desktop,desktop,Mới,1,21,Intel Core i5,16.0,NVIDIA,250,Nhật Bản,desktop,10.000.000 đ
1123,desktop,desktop,Đã sử dụng (chưa sửa chữa),0,0,Intel Core i5,8.0,Onboard,128,Nước khác,desktop,1.500.000 đ
1124,desktop,desktop,Mới,2,21,Intel Xeon,64.0,NVIDIA,256,Việt Nam,desktop,6.500.000 đ
1125,desktop,desktop,Mới,1,0,Intel Xeon,64.0,NVIDIA,256,Việt Nam,desktop,4.200.000 đ
1126,desktop,desktop,Đã sử dụng (chưa sửa chữa),0,0,Intel Core i5,8.0,AMD,128,Việt Nam,desktop,2.000.000 đ
1127,desktop,desktop,Đã sử dụng (chưa sửa chữa),0,21,Intel Core i3,16.0,NVIDIA,128,Nước khác,desktop,6.000.000 đ
1128,desktop,desktop,Đã sử dụng (chưa sửa chữa),0,0,Intel Core i5,8.0,NVIDIA,120,Trung Quốc,desktop,3.500.000 đ
1129,desktop,desktop,Đã sử dụng (chưa sửa chữa),1,21,Intel Core i5,16.0,Onboard,128,Nước khác,desktop,800.000 đ
1130,desktop,desktop,Đã sử dụng (chưa sửa chữa),1,0,Intel Core i5,8.0,NVIDIA,128,Trung Quốc,desktop,2.500.000 đ
1131,desktop,desktop,Đã sử dụng (chưa sửa chữa),0,0,Intel Core i3,4.0,Onboard,320,Việt Nam,desktop,1.000.000 đ
1132,desktop,desktop,Đã sử dụng (chưa sửa chữa),0,0,Intel Core i5,4.0,Onboard,128,Nước khác,desktop,123.456 đ
1133,desktop,desktop,Đã sử dụng (chưa sửa chữa),3,21,AMD,8.0,AMD,250,Mỹ,desktop,3.900.000 đ
1134,desktop,desktop,Mới,1,0,Intel Core i3,16.0,NVIDIA,256,Việt Nam,desktop,5.350.000 đ
1135,desktop,desktop,Mới,0,0,Intel Xeon,16.0,Onboard,128,Trung Quốc,desktop,2.000.000 đ
1136,desktop,desktop,Đã sử dụng (chưa sửa chữa),12,21,Intel Core i5,16.0,NVIDIA,512,Việt Nam,desktop,11.300.000 đ
1137,desktop,desktop,Đã sử dụng (chưa sửa chữa),12,21,Intel Core i5,8.0,NVIDIA,256,Việt Nam,desktop,12.500.000 đ
1138,desktop,desktop,Đã sử dụng (chưa sửa chữa),0,0,Intel Core i5,8.0,Onboard,1000,Nước khác,desktop,4.500.000 đ
1139,desktop,desktop,Đã sử dụng (chưa sửa chữa),1,21,Intel Core i5,8.0,Onboard,250,Nước khác,desktop,1.000.000 đ
1140,desktop,desktop,Đã sử dụng (chưa sửa chữa),0,0,Intel Core i5,4.0,Onboard,250,Nước khác,desktop,800.000 đ
1141,desktop,desktop,Đã sử dụng (chưa sửa chữa),0,16,Intel Core i5,8.0,Onboard,320,Nước khác,desktop,1.700.000 đ
1142,desktop,desktop,Đã sử dụng (chưa sửa chữa),0,21,Intel Core i3,8.0,Onboard,128,Việt Nam,desktop,2.000.000 đ
1143,desktop,desktop,Mới,1,0,Intel Core i5,16.0,NVIDIA,256,Việt Nam,desktop,10.500.000 đ
1144,desktop,desktop,Đã sử dụng (qua sửa chữa),0,21,Intel Core i3,8.0,Onboard,128,Việt Nam,desktop,2.100.000 đ
1145,desktop,desktop,Đã sử dụng (chưa sửa chữa),3,0,Intel Core i7,16.0,Onboard,256,Nước khác,desktop,7.500.000 đ
1146,desktop,desktop,Đã sử dụng (chưa sửa chữa),0,16,Ryzen 5,16.0,NVIDIA,512,Nước khác,desktop,10.500.000 đ
1147,desktop,desktop,Đã sử dụng (chưa sửa chữa),3,0,Intel Core i3,8.0,NVIDIA,250,Trung Quốc,desktop,3.900.000 đ
1148,desktop,desktop,Mới,9,0,Intel Core i5,8.0,NVIDIA,128,Việt Nam,desktop,15.200.000 đ
1149,desktop,desktop,Đã sử dụng (chưa sửa chữa),0,0,Intel Core i5,8.0,Onboard,128,Nước khác,desktop,1.950.000 đ
1150,desktop,desktop,Đã sử dụng (chưa sửa chữa),0,0,Intel Core i5,8.0,Onboard,128,Nước khác,desktop,2.500.000 đ
1151,desktop,desktop,Đã sử dụng (chưa sửa chữa),0,21,Intel Xeon,64.0,NVIDIA,256,Nước khác,desktop,9.000.000 đ
1152,desktop,desktop,Mới,12,0,Intel Core i5,16.0,NVIDIA,480,Việt Nam,desktop,5.500.000 đ
1153,desktop,desktop,Đã sử dụng (chưa sửa chữa),0,21,Intel Core i3,8.0,Onboard,128,Mỹ,desktop,3.700.000 đ
1154,desktop,desktop,Mới,0,20,Intel Core i5,4.0,Onboard,120,Việt Nam,desktop,3.000.000 đ
1155,desktop,desktop,Đã sử dụng (chưa sửa chữa),0,0,Intel Xeon,32.0,NVIDIA,256,Nước khác,desktop,4.500.000 đ
1156,desktop,desktop,Mới,12,20,Intel Core i3,8.0,Onboard,128,Việt Nam,desktop,2.800.000 đ
1157,desktop,desktop,Đã sử dụng (chưa sửa chữa),1,0,Intel Core i3,8.0,Onboard,128,Nước khác,desktop,2.150.000 đ
1158,desktop,desktop,Đã sử dụng (chưa sửa chữa),0,0,Intel Core i5,4.0,Onboard,120,Nước khác,desktop,300.000 đ
1159,desktop,desktop,Đã sử dụng (chưa sửa chữa),1,21,Intel Core i3,16.0,NVIDIA,1500,Nước khác,desktop,9.000.000 đ
1160,desktop,desktop,Đã sử dụng (qua sửa chữa),0,0,Intel Xeon,64.0,AMD,256,Việt Nam,desktop,4.800.000 đ
1161,desktop,desktop,Đã sử dụng (chưa sửa chữa),0,0,Intel Xeon,32.0,NVIDIA,128,Nước khác,desktop,5.990.000 đ
1162,desktop,desktop,Mới,0,0,Intel Core i3,16.0,NVIDIA,256,Nước khác,desktop,7.000.000 đ
1163,desktop,desktop,Đã sử dụng (chưa sửa chữa),0,0,Intel Core i3,8.0,AMD,250,Nước khác,desktop,2.800.000 đ
1164,desktop,desktop,Đã sử dụng (chưa sửa chữa),1,21,Intel Xeon,8.0,NVIDIA,250,Việt Nam,desktop,4.650.000 đ
1165,desktop,desktop,Mới,0,20,Intel Core i5,16.0,NVIDIA,250,Mỹ,desktop,4.550.000 đ
1166,desktop,desktop,Đã sử dụng (chưa sửa chữa),1,21,Intel Core i7,16.0,AMD,256,Việt Nam,desktop,9.600.000 đ
1167,desktop,desktop,Đã sử dụng (chưa sửa chữa),0,21,Intel Core i7,16.0,Onboard,120,Nước khác,desktop,3.900.000 đ
1168,desktop,desktop,Đã sử dụng (chưa sửa chữa),1,0,Intel Core i7,4.0,Onboard,128,Việt Nam,desktop,2.530.000 đ
1169,desktop,desktop,Đã sử dụng (chưa sửa chữa),1,0,Intel Core i5,16.0,Onboard,256,Nước khác,desktop,5.000.000 đ
1170,desktop,desktop,Đã sử dụng (chưa sửa chữa),1,0,AMD,16.0,AMD,500,Việt Nam,desktop,20.000.000 đ
1171,desktop,desktop,Đã sử dụng (chưa sửa chữa),0,0,Intel Core i5,2.0,Onboard,128,Nước khác,desktop,1.800.000 đ
1172,desktop,desktop,Đã sử dụng (chưa sửa chữa),3,21,Intel Xeon,8.0,Onboard,128,Nước khác,desktop,7.600.000 đ
1173,desktop,desktop,Đã sử dụng (chưa sửa chữa),0,21,Intel Core i3,8.0,AMD,250,Mỹ,desktop,2.500.000 đ
1174,desktop,desktop,Đã sử dụng (chưa sửa chữa),1,21,Intel Core i5,8.0,NVIDIA,128,Nước khác,desktop,5.100.000 đ
1175,desktop,desktop,Đã sử dụng (chưa sửa chữa),1,0,Intel Core i3,16.0,AMD,256,Nước khác,desktop,6.500.000 đ
1176,desktop,desktop,Đã sử dụng (qua sửa chữa),0,0,Intel Core i5,4.0,Onboard,128,Nước khác,desktop,400.000 đ
1177,desktop,desktop,Đã sử dụng (chưa sửa chữa),1,20,Intel Core i5,8.0,Onboard,128,Nước khác,desktop,2.050.000 đ
1178,desktop,desktop,Đã sử dụng (chưa sửa chữa),0,18,Intel Core 2 Duo,4.0,Onboard,320,Nước khác,desktop,2.100.000 đ
1179,desktop,desktop,Đã sử dụng (chưa sửa chữa),0,0,Intel Xeon,64.0,Onboard,128,Nước khác,desktop,8.500.000 đ
1180,desktop,desktop,Đã sử dụng (chưa sửa chữa),1,0,Intel Core i7,8.0,Onboard,128,Nước khác,desktop,3.300.000 đ
1181,desktop,desktop,Đã sử dụng (chưa sửa chữa),3,21,Intel Core i7,8.0,NVIDIA,128,Nước khác,desktop,4.450.000 đ
1182,desktop,desktop,Đã sử dụng (chưa sửa chữa),1,0,Intel Core i5,6.0,NVIDIA,120,Nước khác,desktop,2.000.000 đ
1183,desktop,desktop,Đã sử dụng (chưa sửa chữa),0,16,Intel Core i5,4.0,Onboard,128,Việt Nam,desktop,2.500.000 đ
1184,desktop,desktop,Đã sử dụng (chưa sửa chữa),0,0,Intel Pentium,4.0,NVIDIA,500,Việt Nam,desktop,999.999 đ
1185,desktop,desktop,Đã sử dụng (chưa sửa chữa),0,0,Intel Xeon,8.0,Onboard,128,Nước khác,desktop,5.500.000 đ
1186,desktop,desktop,Đã sử dụng (chưa sửa chữa),1,0,Intel Core i5,16.0,Onboard,256,Nước khác,desktop,8.100.000 đ
1187,desktop,desktop,Đã sử dụng (chưa sửa chữa),1,0,Intel Core i3,8.0,Onboard,120,Mỹ,desktop,1.150.000 đ
1188,desktop,desktop,Đã sử dụng (chưa sửa chữa),3,0,Intel Core i5,8.0,Onboard,250,Việt Nam,desktop,2.600.000 đ
1189,desktop,desktop,Mới,1,21,Intel Core i5,16.0,NVIDIA,500,Việt Nam,desktop,17.300.000 đ
1190,desktop,desktop,Đã sử dụng (chưa sửa chữa),0,0,Intel Xeon,16.0,NVIDIA,128,Đài Loan,desktop,3.200.000 đ
1191,desktop,desktop,Đã sử dụng (chưa sửa chữa),5,0,Intel Core i5,8.0,Onboard,128,Mỹ,desktop,2.700.000 đ
1192,desktop,desktop,Đã sử dụng (chưa sửa chữa),0,20,Intel Pentium,4.0,Onboard,128,Nước khác,desktop,100.000 đ
1193,desktop,desktop,Đã sử dụng (chưa sửa chữa),0,0,Intel Core i5,8.0,NVIDIA,250,Nước khác,desktop,2.700.000 đ
1194,desktop,desktop,Đã sử dụng (chưa sửa chữa),0,18,Intel Core i5,8.0,NVIDIA,120,Nước khác,desktop,2.600.000 đ
1195,desktop,desktop,Đã sử dụng (chưa sửa chữa),1,0,Intel Core i5,8.0,Onboard,128,Hàn Quốc,desktop,1.700.000 đ
1196,desktop,desktop,Đã sử dụng (chưa sửa chữa),0,0,Intel Core i5,4.0,Onboard,128,Nước khác,desktop,1.900.000 đ
1197,desktop,desktop,Đã sử dụng (chưa sửa chữa),3,0,Intel Core i3,4.0,Onboard,120,Nước khác,desktop,990.000 đ
1198,desktop,desktop,Mới,1,21,Intel Core i5,16.0,NVIDIA,512,Việt Nam,desktop,11.700.000 đ
1199,desktop,desktop,Đã sử dụng (chưa sửa chữa),0,0,Intel Core i5,8.0,Onboard,256,Nước khác,desktop,6.000.000 đ
1200,desktop,desktop,Đã sử dụng (chưa sửa chữa),1,0,Intel Core i5,16.0,Onboard,128,Việt Nam,desktop,2.250.000 đ
1201,desktop,desktop,Đã sử dụng (qua sửa chữa),0,0,Intel Core i5,8.0,Onboard,128,Nước khác,desktop,3.200.000 đ
1202,desktop,desktop,Đã sử dụng (chưa sửa chữa),1,21,Intel Core i5,16.0,Onboard,500,Nước khác,desktop,12.800.000 đ
1203,desktop,desktop,Mới,1,0,Intel Xeon,32.0,Onboard,256,Việt Nam,desktop,6.700.000 đ
1204,desktop,desktop,Đã sử dụng (chưa sửa chữa),0,21,Ryzen 5,16.0,NVIDIA,1000,Nước khác,desktop,10.500.000 đ
1205,desktop,desktop,Đã sử dụng (chưa sửa chữa),9,0,Intel Core i5,4.0,Onboard,512,Mỹ,desktop,5.000.000 đ
1206,desktop,desktop,Đã sử dụng (chưa sửa chữa),0,21,Intel Core i7,8.0,Onboard,128,Nước khác,desktop,3.800.000 đ
1207,desktop,desktop,Đã sử dụng (chưa sửa chữa),3,0,Intel Core i5,8.0,NVIDIA,120,Việt Nam,desktop,3.700.000 đ
1208,desktop,desktop,Đã sử dụng (chưa sửa chữa),3,20,Intel Core i5,8.0,NVIDIA,128,Việt Nam,desktop,3.500.000 đ
1209,desktop,desktop,Đã sử dụng (chưa sửa chữa),0,0,Intel Core i5,16.0,Onboard,1000,Mỹ,desktop,34.900.000 đ
1210,desktop,desktop,Đã sử dụng (chưa sửa chữa),0,21,Intel Core i7,8.0,Onboard,128,Nước khác,desktop,4.800.000 đ
1211,desktop,desktop,Đã sử dụng (chưa sửa chữa),1,0,AMD,16.0,Onboard,128,Nước khác,desktop,3.250.000 đ
1212,desktop,desktop,Đã sử dụng (chưa sửa chữa),0,20,Intel Core i5,8.0,Onboard,512,Nước khác,desktop,7.200.000 đ
1213,desktop,desktop,Đã sử dụng (chưa sửa chữa),0,21,Intel Core i5,16.0,NVIDIA,750,Việt Nam,desktop,17.000.000 đ
1214,desktop,desktop,Mới,1,0,Intel Xeon,32.0,NVIDIA,256,Nước khác,desktop,9.400.000 đ
1215,desktop,desktop,Đã sử dụng (chưa sửa chữa),1,0,Intel Core i5,32.0,Onboard,128,Nước khác,desktop,4.990.000 đ
1216,desktop,desktop,Đã sử dụng (chưa sửa chữa),0,0,Intel Core i5,8.0,NVIDIA,250,Nước khác,desktop,3.000.000 đ
1217,desktop,desktop,Đã sử dụng (chưa sửa chữa),0,0,Intel Core i7,4.0,Onboard,1000,Nước khác,desktop,2.200.000 đ
1218,desktop,desktop,Đã sử dụng (chưa sửa chữa),0,0,Intel Core i5,8.0,Onboard,128,Nước khác,desktop,1.900.000 đ
1219,desktop,desktop,Đã sử dụng (chưa sửa chữa),1,0,Intel Core i5,8.0,Onboard,320,Hàn Quốc,desktop,750.000 đ
1220,desktop,desktop,Đã sử dụng (qua sửa chữa),0,0,Intel Pentium,4.0,Onboard,120,Nước khác,desktop,1.400.000 đ
1221,desktop,desktop,Đã sử dụng (chưa sửa chữa),0,21,Intel Core i5,8.0,Onboard,256,Nước khác,desktop,5.200.000 đ
1222,desktop,desktop,Đã sử dụng (chưa sửa chữa),0,18,Intel Core i3,8.0,Onboard,250,Nước khác,desktop,1.500.000 đ
1223,desktop,desktop,Đã sử dụng (chưa sửa chữa),1,21,Intel Xeon,16.0,AMD,128,Việt Nam,desktop,4.000.000 đ
1224,desktop,desktop,Đã sử dụng (chưa sửa chữa),9,21,Intel Core i5,8.0,Onboard,256,Nước khác,desktop,6.500.000 đ
1225,desktop,desktop,Đã sử dụng (chưa sửa chữa),0,21,Intel Core i7,8.0,Onboard,128,Việt Nam,desktop,6.999.000 đ
1226,desktop,desktop,Đã sử dụng (chưa sửa chữa),1,21,Intel Xeon,16.0,AMD,256,Nước khác,desktop,7.600.000 đ
1227,desktop,desktop,Đã sử dụng (chưa sửa chữa),3,20,Intel Core i5,8.0,Onboard,120,Nước khác,desktop,3.700.000 đ
1228,desktop,desktop,Đã sử dụng (chưa sửa chữa),1,21,Intel Xeon,16.0,AMD,500,Nước khác,desktop,9.500.000 đ
1229,desktop,desktop,Đã sử dụng (chưa sửa chữa),3,0,Intel Core i5,8.0,Onboard,120,Việt Nam,desktop,1.800.000 đ
1230,desktop,desktop,Đã sử dụng (chưa sửa chữa),0,0,Intel Pentium,8.0,Onboard,320,Nước khác,desktop,1.500.000 đ
1231,desktop,desktop,Đã sử dụng (chưa sửa chữa),0,0,Intel Core 2 Duo,8.0,Onboard,128,Nước khác,desktop,1.700.000 đ
1232,desktop,desktop,Đã sử dụng (chưa sửa chữa),1,0,Intel Core i7,16.0,NVIDIA,250,Việt Nam,desktop,13.000.000 đ
1233,desktop,desktop,Đã sử dụng (chưa sửa chữa),0,21,Intel Core i5,16.0,NVIDIA,120,Việt Nam,desktop,4.500.000 đ
1234,desktop,desktop,Mới,3,21,Intel Core i5,8.0,Onboard,256,Việt Nam,desktop,6.800.000 đ
1235,desktop,desktop,Đã sử dụng (chưa sửa chữa),1,21,Intel Xeon,32.0,Onboard,256,Nước khác,desktop,9.000.000 đ
1236,desktop,desktop,Đã sử dụng (chưa sửa chữa),1,21,Intel Core i3,8.0,NVIDIA,128,Việt Nam,desktop,2.200.000 đ
1237,desktop,desktop,Đã sử dụng (chưa sửa chữa),0,0,Intel Core i5,8.0,Onboard,128,Nước khác,desktop,899.999 đ
1238,desktop,desktop,Đã sử dụng (chưa sửa chữa),3,21,Intel Core i5,8.0,AMD,1000,Nước khác,desktop,7.000.000 đ
1239,desktop,desktop,Đã sử dụng (chưa sửa chữa),3,21,Intel Core i5,16.0,AMD,1500,Nước khác,desktop,8.500.000 đ
1240,desktop,desktop,Đã sử dụng (chưa sửa chữa),3,21,Intel Core i5,8.0,Onboard,256,Nước khác,desktop,8.000.000 đ
1241,desktop,desktop,Đã sử dụng (chưa sửa chữa),1,18,Intel Core i3,4.0,Onboard,250,Việt Nam,desktop,1.300.000 đ
1242,desktop,desktop,Đã sử dụng (chưa sửa chữa),3,0,Intel Core i5,16.0,NVIDIA,256,Nước khác,desktop,10.000.000 đ
1243,desktop,desktop,Đã sử dụng (chưa sửa chữa),0,0,Intel Xeon,8.0,NVIDIA,128,Nước khác,desktop,2.500.000 đ
1244,desktop,desktop,Đã sử dụng (chưa sửa chữa),3,0,Intel Core i3,8.0,Onboard,128,Nước khác,desktop,2.450.000 đ
1245,desktop,desktop,Đã sử dụng (chưa sửa chữa),0,0,Intel Xeon,64.0,NVIDIA,1000,Nước khác,desktop,15.500.000 đ
1246,desktop,desktop,Đã sử dụng (chưa sửa chữa),0,20,Intel Core i5,8.0,NVIDIA,128,Trung Quốc,desktop,2.800.000 đ
1247,desktop,desktop,Đã sử dụng (chưa sửa chữa),1,21,Intel Core i7,8.0,NVIDIA,128,Nước khác,desktop,3.450.000 đ
1248,desktop,desktop,Đã sử dụng (chưa sửa chữa),3,0,Intel Core i5,16.0,AMD,256,Nước khác,desktop,7.700.000 đ
1249,desktop,desktop,Đã sử dụng (chưa sửa chữa),1,0,Intel Core i3,8.0,Onboard,128,Nước khác,desktop,2.200.000 đ
1250,desktop,desktop,Mới,1,20,Intel Core i7,8.0,NVIDIA,128,Nước khác,desktop,2.250.000 đ
1251,desktop,desktop,Đã sử dụng (chưa sửa chữa),1,0,Intel Core i5,8.0,Onboard,500,Nước khác,desktop,2.200.000 đ
1252,desktop,desktop,Đã sử dụng (chưa sửa chữa),1,0,Intel Core i3,6.0,Onboard,500,Nước khác,desktop,1.600.000 đ
1253,desktop,desktop,Đã sử dụng (chưa sửa chữa),3,21,Intel Core i5,16.0,Onboard,256,Nước khác,desktop,11.600.000 đ
1254,desktop,desktop,Đã sử dụng (chưa sửa chữa),0,0,Intel Core i5,8.0,Onboard,128,Nước khác,desktop,4.500.000 đ
1255,desktop,desktop,Mới,1,0,Intel Core i5,32.0,NVIDIA,512,Nước khác,desktop,15.500.000 đ
1256,desktop,desktop,Đã sử dụng (chưa sửa chữa),9,21,Intel Core i5,6.0,NVIDIA,320,Thái Lan,desktop,2.600.000 đ
1257,desktop,desktop,Đã sử dụng (chưa sửa chữa),1,0,Intel Core i3,6.0,Onboard,120,Nước khác,desktop,1.200.000 đ
1258,desktop,desktop,Đã sử dụng (chưa sửa chữa),0,0,Intel Core i3,4.0,Onboard,128,Nước khác,desktop,1.200.000 đ
1259,desktop,desktop,Đã sử dụng (chưa sửa chữa),0,16,Intel Core i5,2.0,Onboard,256,Hàn Quốc,desktop,4.000.000 đ
1260,desktop,desktop,Mới,12,0,Intel Core i5,8.0,NVIDIA,128,Nước khác,desktop,5.750.000 đ
1261,desktop,desktop,Đã sử dụng (qua sửa chữa),0,0,Intel Core i3,8.0,Onboard,512,Nước khác,desktop,1.000.000 đ
1262,desktop,desktop,Đã sử dụng (chưa sửa chữa),1,0,Intel Core i5,16.0,NVIDIA,250,Nước khác,desktop,11.000.000 đ
1263,desktop,desktop,Đã sử dụng (chưa sửa chữa),1,21,Intel Core i7,16.0,AMD,250,Nước khác,desktop,11.500.000 đ
1264,desktop,desktop,Mới,0,0,Intel Core i7,32.0,NVIDIA,512,Nước khác,desktop,25.000.000 đ
1265,desktop,desktop,Đã sử dụng (chưa sửa chữa),3,21,Intel Core i5,16.0,Onboard,120,Nước khác,desktop,8.500.000 đ
1266,desktop,desktop,Đã sử dụng (chưa sửa chữa),0,21,Intel Core i5,8.0,Onboard,128,Việt Nam,desktop,4.000.000 đ
1267,desktop,desktop,Đã sử dụng (chưa sửa chữa),1,21,Intel Core i3,16.0,AMD,120,Việt Nam,desktop,8.000.000 đ
1268,desktop,desktop,Đã sử dụng (chưa sửa chữa),3,21,Intel Core i5,8.0,Onboard,128,Nước khác,desktop,3.999.000 đ
1269,desktop,desktop,Đã sử dụng (chưa sửa chữa),0,21,Intel Core i5,8.0,NVIDIA,128,Nước khác,desktop,4.500.000 đ
1270,desktop,desktop,Mới,12,21,Intel Core i5,16.0,NVIDIA,1000,Nước khác,desktop,22.700.000 đ
1271,desktop,desktop,Đã sử dụng (chưa sửa chữa),1,20,Intel Core i3,8.0,Onboard,250,Việt Nam,desktop,70.000 đ
1272,desktop,desktop,Đã sử dụng (chưa sửa chữa),0,0,Intel Core i5,8.0,Onboard,1000,Mỹ,desktop,5.800.000 đ
1273,desktop,desktop,Đã sử dụng (chưa sửa chữa),0,21,Intel Core i5,4.0,Onboard,500,Mỹ,desktop,3.200.000 đ
1274,desktop,desktop,Đã sử dụng (chưa sửa chữa),0,0,Intel Core i5,4.0,Onboard,128,Nước khác,desktop,1.400.000 đ
1275,desktop,desktop,Đã sử dụng (chưa sửa chữa),0,0,Ryzen 3,8.0,Onboard,250,Nước khác,desktop,2.500.000 đ
1276,desktop,desktop,Đã sử dụng (chưa sửa chữa),0,0,Intel Core i7,8.0,AMD,500,Nước khác,desktop,3.500.000 đ
1277,desktop,desktop,Đã sử dụng (qua sửa chữa),0,20,Intel Core 2 Duo,4.0,Onboard,120,Việt Nam,desktop,1.500.000 đ
1278,desktop,desktop,Đã sử dụng (chưa sửa chữa),1,20,Intel Core 2 Duo,4.0,Onboard,120,Việt Nam,desktop,1.500.000 đ
1279,desktop,desktop,Đã sử dụng (chưa sửa chữa),9,20,Intel Core i5,8.0,NVIDIA,320,Hàn Quốc,desktop,2.568.000 đ
1280,desktop,desktop,Đã sử dụng (qua sửa chữa),0,0,Intel Core i3,8.0,Onboard,128,Nước khác,desktop,2.800.000 đ
1281,desktop,desktop,Đã sử dụng (chưa sửa chữa),0,21,Intel Core i3,16.0,Onboard,250,Nước khác,desktop,13.500.000 đ
1282,desktop,desktop,Đã sử dụng (chưa sửa chữa),0,0,Intel Core i5,8.0,NVIDIA,128,Trung Quốc,desktop,1.900.000 đ
1283,desktop,desktop,Đã sử dụng (chưa sửa chữa),3,0,Intel Core i7,16.0,Onboard,512,Nước khác,desktop,2.500.000 đ
1284,desktop,desktop,Đã sử dụng (chưa sửa chữa),5,21,Intel Core i5,8.0,Onboard,250,Nước khác,desktop,4.700.000 đ
1285,desktop,desktop,Đã sử dụng (chưa sửa chữa),3,21,Intel Core i5,8.0,Onboard,320,Nước khác,desktop,1.690.000 đ
1286,desktop,desktop,Đã sử dụng (chưa sửa chữa),3,0,Intel Core i5,8.0,Onboard,250,Mỹ,desktop,2.500.000 đ
1287,desktop,desktop,Đã sử dụng (qua sửa chữa),0,0,Intel Core i7,8.0,Onboard,256,Việt Nam,desktop,2.100.000 đ
1288,desktop,desktop,Đã sử dụng (chưa sửa chữa),0,20,Intel Core i3,8.0,Onboard,128,Nước khác,desktop,1.800.000 đ
1289,desktop,desktop,Đã sử dụng (chưa sửa chữa),1,20,Intel Core i3,8.0,Onboard,250,Việt Nam,desktop,3.888.888 đ
1290,desktop,desktop,Mới,1,21,Intel Xeon,64.0,NVIDIA,500,Nước khác,desktop,7.700.000 đ
1291,desktop,desktop,Đã sử dụng (chưa sửa chữa),0,21,Intel Core i5,8.0,NVIDIA,250,Nước khác,desktop,5.200.000 đ
1292,desktop,desktop,Đã sử dụng (chưa sửa chữa),0,0,Intel Core i3,4.0,Onboard,128,Nước khác,desktop,1.500.000 đ
1293,desktop,desktop,Đã sử dụng (chưa sửa chữa),0,20,Intel Core 2 Duo,4.0,Onboard,120,Nước khác,desktop,1.600.000 đ
1294,desktop,desktop,Đã sử dụng (chưa sửa chữa),3,21,Intel Core i5,8.0,NVIDIA,128,Nước khác,desktop,4.500.000 đ
1295,desktop,desktop,Mới,3,20,Intel Core i3,4.0,Onboard,128,Nhật Bản,desktop,1.200.000 đ
1296,desktop,desktop,Đã sử dụng (chưa sửa chữa),1,21,AMD,16.0,NVIDIA,120,Việt Nam,desktop,6.900.000 đ
1297,desktop,desktop,Đã sử dụng (chưa sửa chữa),0,18,Intel Core 2 Duo,4.0,Onboard,120,Trung Quốc,desktop,1.000.000 đ
1298,desktop,desktop,Đã sử dụng (chưa sửa chữa),1,20,Intel Core i3,8.0,NVIDIA,128,Việt Nam,desktop,2.500.000 đ
1299,desktop,desktop,Đã sử dụng (chưa sửa chữa),0,21,Intel Core i3,8.0,Onboard,128,Việt Nam,desktop,2.200.000 đ
1300,desktop,desktop,Đã sử dụng (chưa sửa chữa),0,0,Intel Core i5,8.0,Onboard,128,Nước khác,desktop,123.456 đ
1301,desktop,desktop,Đã sử dụng (chưa sửa chữa),12,0,Intel Core i5,8.0,NVIDIA,128,Nước khác,desktop,15.200.000 đ
1302,desktop,desktop,Mới,12,21,AMD,0.5,Onboard,120,Hàn Quốc,desktop,9.090.000 đ
1303,desktop,desktop,Đã sử dụng (chưa sửa chữa),1,20,Ryzen 5,8.0,Onboard,128,Trung Quốc,desktop,11.000.000 đ
1304,desktop,desktop,Đã sử dụng (chưa sửa chữa),0,0,Intel Core i5,8.0,NVIDIA,120,Nước khác,desktop,1.550.000 đ
1305,desktop,desktop,Mới,12,0,Intel Xeon,16.0,NVIDIA,256,Nước khác,desktop,6.000.000 đ
1306,desktop,desktop,Đã sử dụng (chưa sửa chữa),1,0,Intel Core i5,8.0,Onboard,128,Nước khác,desktop,2.300.000 đ
1307,desktop,desktop,Đã sử dụng (chưa sửa chữa),1,21,Intel Core i5,8.0,Onboard,128,Việt Nam,desktop,2.700.000 đ
1308,desktop,desktop,Đã sử dụng (chưa sửa chữa),0,0,Intel Core i9,8.0,NVIDIA,120,Nước khác,desktop,3.000.000 đ
1309,desktop,desktop,Đã sử dụng (chưa sửa chữa),9,21,Intel Core i5,8.0,Onboard,128,Việt Nam,desktop,3.650.000 đ
1310,desktop,desktop,Mới,9,0,Intel Core i5,64.0,Onboard,1000,Mỹ,desktop,86.000.000 đ
1311,desktop,desktop,Đã sử dụng (chưa sửa chữa),0,21,Intel Xeon,32.0,AMD,256,Nước khác,desktop,6.500.000 đ
1312,desktop,desktop,Đã sử dụng (chưa sửa chữa),0,21,AMD,16.0,NVIDIA,128,Nước khác,desktop,7.700.000 đ
1313,desktop,desktop,Đã sử dụng (chưa sửa chữa),1,20,Intel Pentium,8.0,NVIDIA,128,Nước khác,desktop,4.250.000 đ
1314,desktop,desktop,Đã sử dụng (chưa sửa chữa),1,0,Intel Xeon,0.5,Onboard,120,Mỹ,desktop,6.999.000 đ
1315,desktop,desktop,Đã sử dụng (chưa sửa chữa),3,21,Intel Core i5,8.0,Onboard,256,Mỹ,desktop,4.500.000 đ
1316,desktop,desktop,Đã sử dụng (chưa sửa chữa),1,0,Intel Core i5,16.0,NVIDIA,256,Việt Nam,desktop,7.500.000 đ
1317,desktop,desktop,Đã sử dụng (chưa sửa chữa),12,21,Intel Xeon,16.0,AMD,128,Việt Nam,desktop,7.900.000 đ
1318,desktop,desktop,Đã sử dụng (qua sửa chữa),0,0,Intel Core i5,8.0,Onboard,128,Nước khác,desktop,3.500.000 đ
1319,desktop,desktop,Đã sử dụng (chưa sửa chữa),0,0,Intel Core i3,16.0,Onboard,250,Nước khác,desktop,4.000.000 đ
1320,desktop,desktop,Đã sử dụng (chưa sửa chữa),3,21,Intel Core i3,4.0,Onboard,128,Nước khác,desktop,2.700.000 đ
1321,desktop,desktop,Đã sử dụng (chưa sửa chữa),1,21,Intel Core i3,8.0,NVIDIA,120,Nước khác,desktop,6.800.000 đ
1322,desktop,desktop,Đã sử dụng (chưa sửa chữa),1,16,Intel Core i5,4.0,Onboard,128,Việt Nam,desktop,2.500.000 đ
1323,desktop,desktop,Đã sử dụng (chưa sửa chữa),1,0,Intel Core i5,8.0,NVIDIA,128,Nước khác,desktop,3.700.000 đ
1324,desktop,desktop,Đã sử dụng (chưa sửa chữa),1,0,Intel Xeon,16.0,AMD,256,Nước khác,desktop,5.950.000 đ
1325,desktop,desktop,Đã sử dụng (chưa sửa chữa),0,20,Intel Core i5,8.0,Onboard,256,Nhật Bản,desktop,2.900.000 đ
1326,desktop,desktop,Đã sử dụng (chưa sửa chữa),0,0,Intel Xeon,16.0,Onboard,120,Nước khác,desktop,4.900.000 đ
1327,desktop,desktop,Đã sử dụng (chưa sửa chữa),0,0,Intel Core i5,8.0,Onboard,120,Nước khác,desktop,2.900.000 đ
1328,desktop,desktop,Đã sử dụng (chưa sửa chữa),0,21,Intel Core i5,8.0,Onboard,128,Nước khác,desktop,11.000.000 đ
1329,desktop,desktop,Đã sử dụng (chưa sửa chữa),3,21,Intel Xeon,32.0,Onboard,256,Nước khác,desktop,7.400.000 đ
1330,desktop,desktop,Đã sử dụng (chưa sửa chữa),0,0,Intel Core i3,8.0,Onboard,128,Nước khác,desktop,2.000.000 đ
1331,desktop,desktop,Đã sử dụng (chưa sửa chữa),3,21,Intel Core i3,8.0,NVIDIA,128,Việt Nam,desktop,2.700.000 đ
1332,desktop,desktop,Đã sử dụng (chưa sửa chữa),0,21,Intel Core i5,8.0,NVIDIA,256,Nước khác,desktop,5.500.000 đ
1333,desktop,desktop,Đã sử dụng (chưa sửa chữa),0,0,Intel Core 2 Duo,2.0,Onboard,128,Nước khác,desktop,500.000 đ
1334,desktop,desktop,Đã sử dụng (chưa sửa chữa),3,0,Intel Core i7,8.0,NVIDIA,128,Việt Nam,desktop,2.900.000 đ
1335,desktop,desktop,Đã sử dụng (chưa sửa chữa),3,0,Intel Core i5,64.0,Onboard,1500,Việt Nam,desktop,850.000 đ
1336,desktop,desktop,Đã sử dụng (chưa sửa chữa),0,0,Intel Core i5,8.0,NVIDIA,256,Việt Nam,desktop,1.700.000 đ
1337,desktop,desktop,Đã sử dụng (chưa sửa chữa),0,0,Intel Core i5,8.0,Onboard,120,Nước khác,desktop,2.500.000 đ
1338,desktop,desktop,Đã sử dụng (chưa sửa chữa),0,20,Intel Core i3,8.0,Onboard,120,Nước khác,desktop,8.000.000 đ
1339,desktop,desktop,Đã sử dụng (chưa sửa chữa),0,0,Intel Core i3,16.0,NVIDIA,500,Nước khác,desktop,7.000.000 đ
1340,desktop,desktop,Đã sử dụng (chưa sửa chữa),1,21,Intel Core i5,8.0,Onboard,120,Nước khác,desktop,3.700.000 đ
1341,desktop,desktop,Đã sử dụng (chưa sửa chữa),3,21,Intel Xeon,16.0,Onboard,128,Việt Nam,desktop,4.900.000 đ
1342,desktop,desktop,Đã sử dụng (chưa sửa chữa),3,18,Intel Core i5,4.0,Onboard,128,Nước khác,desktop,1.700.000 đ
1343,desktop,desktop,Đã sử dụng (chưa sửa chữa),0,21,Intel Core i5,8.0,NVIDIA,128,Việt Nam,desktop,5.500.000 đ
1344,desktop,desktop,Mới,0,0,Intel Core i5,4.0,Onboard,128,Việt Nam,desktop,750.000 đ
1345,desktop,desktop,Đã sử dụng (chưa sửa chữa),3,18,Intel Core i5,4.0,Onboard,128,Nước khác,desktop,1.500.000 đ
1346,desktop,desktop,Đã sử dụng (chưa sửa chữa),3,21,Intel Core i5,8.0,Onboard,128,Việt Nam,desktop,2.700.000 đ
1347,desktop,desktop,Đã sử dụng (chưa sửa chữa),1,0,Intel Core i7,32.0,NVIDIA,1000,Nước khác,desktop,27.990.000 đ
1348,desktop,desktop,Đã sử dụng (chưa sửa chữa),3,21,Intel Xeon,16.0,Onboard,128,Nước khác,desktop,7.000.000 đ
1349,desktop,desktop,Đã sử dụng (chưa sửa chữa),3,18,Intel Core i3,4.0,Onboard,320,Nước khác,desktop,1.500.000 đ
1350,desktop,desktop,Mới,1,21,Intel Core i3,8.0,NVIDIA,256,Việt Nam,desktop,7.399.999 đ
1351,desktop,desktop,Đã sử dụng (chưa sửa chữa),12,0,Intel Xeon,64.0,NVIDIA,512,Nước khác,desktop,14.700.000 đ
1352,desktop,desktop,Đã sử dụng (chưa sửa chữa),3,18,Intel Core 2 Duo,4.0,Onboard,250,Nước khác,desktop,1.300.000 đ
1353,desktop,desktop,Đã sử dụng (chưa sửa chữa),1,21,Intel Core i3,16.0,NVIDIA,256,Việt Nam,desktop,8.500.000 đ
1354,desktop,desktop,Đã sử dụng (chưa sửa chữa),0,0,Intel Core i5,32.0,AMD,256,Nước khác,desktop,5.000.000 đ
1355,desktop,desktop,Đã sử dụng (chưa sửa chữa),0,0,Intel Core i5,8.0,Onboard,250,Nước khác,desktop,2.300.000 đ
1356,desktop,desktop,Đã sử dụng (chưa sửa chữa),3,18,Intel Core i3,4.0,Onboard,500,Nước khác,desktop,1.600.000 đ
1357,desktop,desktop,Đã sử dụng (chưa sửa chữa),1,0,Intel Core i3,8.0,NVIDIA,128,Nước khác,desktop,2.750.000 đ
1358,desktop,desktop,Mới,5,16,Intel Core i5,8.0,NVIDIA,512,Nước khác,desktop,10.699.000 đ
1359,desktop,desktop,Mới,12,0,Intel Core i7,64.0,NVIDIA,256,Nước khác,desktop,123.456 đ
1360,desktop,desktop,Đã sử dụng (chưa sửa chữa),3,16,Intel Core i5,4.0,Onboard,128,Nước khác,desktop,1.800.000 đ
1361,desktop,desktop,Mới,9,21,Intel Xeon,32.0,NVIDIA,256,Việt Nam,desktop,8.000.000 đ
1362,desktop,desktop,Mới,5,20,Intel Core i5,8.0,NVIDIA,128,Mỹ,desktop,2.600.000 đ
1363,desktop,desktop,Đã sử dụng (chưa sửa chữa),12,0,Intel Xeon,64.0,Onboard,1500,Nước khác,desktop,85.000.000 đ
1364,desktop,desktop,Đã sử dụng (chưa sửa chữa),0,20,Intel Core i5,8.0,NVIDIA,128,Nước khác,desktop,3.500.000 đ
1365,desktop,desktop,Đã sử dụng (chưa sửa chữa),0,21,Intel Core i3,16.0,Onboard,128,Nước khác,desktop,9.000.000 đ
1366,desktop,desktop,Mới,12,0,Intel Core i5,16.0,NVIDIA,256,Việt Nam,desktop,15.500.000 đ
1367,desktop,desktop,Đã sử dụng (chưa sửa chữa),0,0,Intel Core i5,4.0,Onboard,128,Nước khác,desktop,1.600.000 đ
1368,desktop,desktop,Mới,12,21,Intel Xeon,64.0,Onboard,250,Việt Nam,desktop,8.500.000 đ
1369,desktop,desktop,Đã sử dụng (chưa sửa chữa),9,20,Intel Core i5,8.0,NVIDIA,256,Mỹ,desktop,3.500.000 đ
1370,desktop,desktop,Mới,1,21,Intel Core i5,8.0,NVIDIA,128,Việt Nam,desktop,7.000.000 đ
1371,desktop,desktop,Đã sử dụng (chưa sửa chữa),3,18,Intel Core i5,4.0,Onboard,128,Nước khác,desktop,1.900.000 đ
1372,desktop,desktop,Đã sử dụng (chưa sửa chữa),1,21,Intel Core i5,8.0,Onboard,128,Nước khác,desktop,3.600.000 đ
1373,desktop,desktop,Đã sử dụng (chưa sửa chữa),0,0,Intel Xeon,32.0,NVIDIA,128,Việt Nam,desktop,4.000.000 đ
1374,desktop,desktop,Đã sử dụng (chưa sửa chữa),3,18,Intel Core i5,4.0,Onboard,320,Nước khác,desktop,1.600.000 đ
1375,desktop,desktop,Mới,12,21,Intel Core i7,8.0,NVIDIA,256,Việt Nam,desktop,6.600.000 đ
1376,desktop,desktop,Đã sử dụng (chưa sửa chữa),1,20,Intel Core i5,8.0,Onboard,128,Nước khác,desktop,4.000.000 đ
1377,desktop,desktop,Đã sử dụng (chưa sửa chữa),3,0,Ryzen 7,16.0,AMD,256,Việt Nam,desktop,7.700.000 đ
1378,desktop,desktop,Đã sử dụng (chưa sửa chữa),1,0,Intel Xeon,16.0,AMD,120,Nước khác,desktop,4.600.000 đ
1379,desktop,desktop,Đã sử dụng (chưa sửa chữa),1,0,Intel Core i5,8.0,AMD,128,Nước khác,desktop,8.000.000 đ
1380,desktop,desktop,Mới,1,21,Intel Core i5,8.0,Onboard,250,Nước khác,desktop,5.500.000 đ
1381,desktop,desktop,Đã sử dụng (chưa sửa chữa),3,21,Intel Core i3,8.0,NVIDIA,120,Việt Nam,desktop,4.600.000 đ
1382,desktop,desktop,Đã sử dụng (chưa sửa chữa),1,21,Intel Core i5,8.0,Onboard,256,Mỹ,desktop,22.900.000 đ
1383,desktop,desktop,Đã sử dụng (chưa sửa chữa),0,18,Intel Core 2 Duo,4.0,Onboard,128,Nước khác,desktop,1.200.000 đ
1384,desktop,desktop,Đã sử dụng (chưa sửa chữa),0,21,Intel Core i5,8.0,NVIDIA,128,Nước khác,desktop,110.000.000 đ
1385,desktop,desktop,Đã sử dụng (chưa sửa chữa),3,21,AMD,16.0,NVIDIA,128,Việt Nam,desktop,10.000.000 đ
1386,desktop,desktop,Đã sử dụng (chưa sửa chữa),0,0,Intel Core i5,8.0,Onboard,128,Nước khác,desktop,5.500.000 đ
1387,desktop,desktop,Đã sử dụng (chưa sửa chữa),9,21,Intel Core i5,16.0,NVIDIA,256,Việt Nam,desktop,9.900.000 đ
1388,desktop,desktop,Mới,1,21,Intel Core i7,32.0,NVIDIA,1000,Việt Nam,desktop,27.600.000 đ
1389,desktop,desktop,Đã sử dụng (chưa sửa chữa),0,20,Intel Pentium,8.0,Onboard,120,Việt Nam,desktop,2.000.000 đ
1390,desktop,desktop,Đã sử dụng (chưa sửa chữa),0,0,Intel Xeon,32.0,NVIDIA,128,Nước khác,desktop,3.200.000 đ
1391,desktop,desktop,Đã sử dụng (chưa sửa chữa),3,0,Intel Core i5,16.0,Onboard,512,Nước khác,desktop,17.500.000 đ
1392,desktop,desktop,Đã sử dụng (chưa sửa chữa),3,21,Intel Core i5,16.0,AMD,256,Nước khác,desktop,16.500.000 đ
1393,desktop,desktop,Đã sử dụng (chưa sửa chữa),0,0,Intel Core i7,16.0,Onboard,256,Nước khác,desktop,5.500.000 đ
1394,desktop,desktop,Đã sử dụng (chưa sửa chữa),3,0,Intel Xeon,64.0,Onboard,1000,Nước khác,desktop,24.000.000 đ
1395,desktop,desktop,Đã sử dụng (chưa sửa chữa),1,21,Intel Core i5,16.0,NVIDIA,256,Việt Nam,desktop,6.500.000 đ
1396,desktop,desktop,Đã sử dụng (chưa sửa chữa),0,21,Intel Xeon,16.0,NVIDIA,120,Việt Nam,desktop,5.500.000 đ
1397,desktop,desktop,Đã sử dụng (chưa sửa chữa),1,18,Intel Core i3,4.0,Onboard,128,Việt Nam,desktop,1.500.000 đ
1398,desktop,desktop,Mới,1,21,Intel Core i5,16.0,NVIDIA,512,Việt Nam,desktop,15.500.000 đ
1399,desktop,desktop,Đã sử dụng (chưa sửa chữa),0,20,Intel Core i5,4.0,Onboard,480,Nước khác,desktop,1.900.000 đ
1400,desktop,desktop,Mới,0,0,Intel Core i5,8.0,Onboard,128,Trung Quốc,desktop,14.100.000 đ
1401,desktop,desktop,Đã sử dụng (chưa sửa chữa),0,0,Intel Xeon,8.0,Onboard,500,Việt Nam,desktop,1.100.000 đ
1402,desktop,desktop,Mới,12,21,Intel Core i3,16.0,NVIDIA,256,Việt Nam,desktop,11.900.000 đ
1403,desktop,desktop,Đã sử dụng (chưa sửa chữa),5,0,Intel Core i3,8.0,NVIDIA,256,Việt Nam,desktop,6.200.000 đ
1404,desktop,desktop,Đã sử dụng (chưa sửa chữa),0,21,Intel Core i5,6.0,Onboard,128,Trung Quốc,desktop,3.000.000 đ
1405,desktop,desktop,Đã sử dụng (qua sửa chữa),0,20,Intel Pentium,4.0,AMD,500,Việt Nam,desktop,3.000.000 đ
1406,desktop,desktop,Đã sử dụng (chưa sửa chữa),0,0,Intel Core i7,16.0,Onboard,250,Nước khác,desktop,5.900.000 đ
1407,desktop,desktop,Đã sử dụng (chưa sửa chữa),0,0,Intel Xeon,0.5,Onboard,120,Việt Nam,desktop,400.000 đ
1408,desktop,desktop,Đã sử dụng (chưa sửa chữa),0,0,Intel Pentium,4.0,Onboard,128,Nước khác,desktop,1.650.000 đ
1409,desktop,desktop,Đã sử dụng (chưa sửa chữa),3,20,Intel Core i5,8.0,Onboard,128,Nước khác,desktop,390.000 đ
1410,desktop,desktop,Mới,3,21,Intel Core i5,16.0,NVIDIA,128,Việt Nam,desktop,4.999.999 đ
1411,desktop,desktop,Đã sử dụng (chưa sửa chữa),3,0,Intel Core i5,16.0,Onboard,512,Nước khác,desktop,4.700.000 đ
1412,desktop,desktop,Đã sử dụng (qua sửa chữa),0,0,Intel Core 2 Duo,4.0,Onboard,128,Nước khác,desktop,250.000 đ
1413,desktop,desktop,Đã sử dụng (chưa sửa chữa),0,0,Intel Core i7,8.0,Onboard,128,Nước khác,desktop,2.250.000 đ
1414,desktop,desktop,Mới,0,0,Intel Core i3,8.0,NVIDIA,128,Nước khác,desktop,5.850.000 đ
1415,desktop,desktop,Đã sử dụng (chưa sửa chữa),1,18,Intel Core i7,16.0,NVIDIA,120,Việt Nam,desktop,3.950.000 đ
1416,desktop,desktop,Đã sử dụng (chưa sửa chữa),0,0,AMD,8.0,Onboard,256,Mỹ,desktop,9.300.000 đ
1417,desktop,desktop,Đã sử dụng (chưa sửa chữa),0,0,Intel Core i3,4.0,Onboard,500,Nước khác,desktop,1.000.000 đ
1418,desktop,desktop,Đã sử dụng (chưa sửa chữa),0,21,Athlon,4.0,Onboard,480,Nước khác,desktop,1.600.000 đ
1419,desktop,desktop,Đã sử dụng (chưa sửa chữa),1,0,Intel Xeon,64.0,NVIDIA,250,Nước khác,desktop,7.500.000 đ
1420,desktop,desktop,Đã sử dụng (chưa sửa chữa),1,21,AMD,8.0,Onboard,128,Việt Nam,desktop,3.100.000 đ
1421,desktop,desktop,Đã sử dụng (chưa sửa chữa),1,20,Intel Pentium,8.0,NVIDIA,128,Nước khác,desktop,2.900.000 đ
1422,desktop,desktop,Đã sử dụng (chưa sửa chữa),0,0,Intel Core i3,8.0,Onboard,256,Nước khác,desktop,4.000.000 đ
1423,desktop,desktop,Đã sử dụng (chưa sửa chữa),0,21,Intel Core i5,32.0,NVIDIA,128,Nước khác,desktop,4.000.000 đ
1424,desktop,desktop,Đã sử dụng (chưa sửa chữa),2,20,Intel Core i5,8.0,Onboard,256,Nước khác,desktop,3.800.000 đ
1425,desktop,desktop,Đã sử dụng (chưa sửa chữa),0,0,Intel Xeon,32.0,NVIDIA,1000,Nước khác,desktop,14.800.000 đ
1426,desktop,desktop,Đã sử dụng (chưa sửa chữa),5,0,Intel Core i3,8.0,Onboard,128,Nước khác,desktop,2.550.000 đ
1427,desktop,desktop,Đã sử dụng (chưa sửa chữa),2,20,Intel Core i5,8.0,Onboard,128,Nước khác,desktop,2.490.000 đ
1428,desktop,desktop,Đã sử dụng (chưa sửa chữa),0,0,Intel Core i3,4.0,Onboard,320,Nước khác,desktop,1.200.000 đ
1429,desktop,desktop,Đã sử dụng (chưa sửa chữa),1,20,Intel Core i3,4.0,Onboard,250,Nước khác,desktop,1.600.000 đ
1430,desktop,desktop,Đã sử dụng (chưa sửa chữa),1,21,Intel Core i5,8.0,Onboard,128,Nước khác,desktop,3.500.000 đ
1431,desktop,desktop,Đã sử dụng (chưa sửa chữa),12,0,Intel Core i9,32.0,NVIDIA,1000,Việt Nam,desktop,35.490.000 đ
1432,desktop,desktop,Đã sử dụng (chưa sửa chữa),12,21,Intel Core i7,16.0,NVIDIA,1000,Thái Lan,desktop,10.000.000 đ
1433,desktop,desktop,Đã sử dụng (chưa sửa chữa),0,21,Intel Core i5,32.0,Onboard,256,Việt Nam,desktop,6.000.000 đ
1434,desktop,desktop,Đã sử dụng (chưa sửa chữa),3,21,Intel Core i5,8.0,NVIDIA,120,Việt Nam,desktop,6.000.000 đ
1435,desktop,desktop,Mới,12,21,Intel Xeon,64.0,AMD,500,Việt Nam,desktop,10.500.000 đ
1436,desktop,desktop,Mới,12,21,Intel Xeon,64.0,AMD,256,Việt Nam,desktop,10.500.000 đ
1437,desktop,desktop,Đã sử dụng (chưa sửa chữa),9,21,Intel Core i7,64.0,AMD,1500,Việt Nam,desktop,22.000.000 đ
1438,desktop,desktop,Mới,5,0,Intel Xeon,16.0,NVIDIA,128,Trung Quốc,desktop,3.700.000 đ
1439,desktop,desktop,Đã sử dụng (chưa sửa chữa),12,0,Intel Core i5,16.0,NVIDIA,250,Việt Nam,desktop,11.500.000 đ
1440,desktop,desktop,Đã sử dụng (chưa sửa chữa),0,0,Intel Core i3,4.0,Onboard,128,Nước khác,desktop,2.000.000 đ
1441,desktop,desktop,Đã sử dụng (chưa sửa chữa),3,0,Intel Core i3,16.0,NVIDIA,256,Việt Nam,desktop,5.500.000 đ
1442,desktop,desktop,Đã sử dụng (chưa sửa chữa),3,0,Intel Core i3,6.0,Onboard,120,Nước khác,desktop,1.000.000 đ
1443,desktop,desktop,Đã sử dụng (chưa sửa chữa),12,21,Intel Core i5,16.0,NVIDIA,128,Nước khác,desktop,6.900.000 đ
1444,desktop,desktop,Đã sử dụng (chưa sửa chữa),1,21,Intel Xeon,16.0,Onboard,128,Nước khác,desktop,3.600.000 đ
1445,desktop,desktop,Đã sử dụng (chưa sửa chữa),3,21,Intel Core i5,64.0,Onboard,128,Nước khác,desktop,3.900.000 đ
1446,desktop,desktop,Đã sử dụng (chưa sửa chữa),1,20,Intel Xeon,8.0,NVIDIA,256,Nước khác,desktop,2.300.000 đ
1447,desktop,desktop,Mới,1,0,Intel Core i5,8.0,NVIDIA,256,Đài Loan,desktop,3.250.000 đ
1448,desktop,desktop,Đã sử dụng (chưa sửa chữa),2,21,Intel Xeon,32.0,AMD,256,Nước khác,desktop,6.500.000 đ
1449,desktop,desktop,Đã sử dụng (chưa sửa chữa),0,0,Intel Core i5,8.0,Onboard,128,Nước khác,desktop,1.234.567 đ
1450,desktop,desktop,Đã sử dụng (chưa sửa chữa),1,16,Intel Core i5,4.0,Onboard,120,Nhật Bản,desktop,2.970.000 đ
1451,desktop,desktop,Đã sử dụng (chưa sửa chữa),0,21,Intel Pentium,8.0,NVIDIA,128,Nước khác,desktop,6.200.000 đ
1452,desktop,desktop,Mới,1,0,Intel Core i5,16.0,NVIDIA,512,Việt Nam,desktop,6.350.000 đ
1453,desktop,desktop,Mới,1,20,Intel Core i5,8.0,NVIDIA,128,Việt Nam,desktop,3.200.000 đ
1454,desktop,desktop,Đã sử dụng (chưa sửa chữa),3,21,Intel Core i5,16.0,Onboard,1000,Việt Nam,desktop,14.000.000 đ
1455,desktop,desktop,Mới,1,20,Intel Core i3,8.0,NVIDIA,128,Việt Nam,desktop,4.700.000 đ
1456,desktop,desktop,Đã sử dụng (chưa sửa chữa),0,21,AMD,16.0,NVIDIA,250,Việt Nam,desktop,8.900.000 đ
1457,desktop,desktop,Mới,1,0,Intel Core i7,32.0,Onboard,1000,Việt Nam,desktop,11.000.000 đ
1458,desktop,desktop,Đã sử dụng (chưa sửa chữa),0,21,Intel Core i5,8.0,Onboard,128,Nước khác,desktop,3.500.000 đ
1459,desktop,desktop,Đã sử dụng (chưa sửa chữa),1,0,Intel Core i7,32.0,NVIDIA,1000,Nước khác,desktop,21.000.000 đ
1460,desktop,desktop,Đã sử dụng (chưa sửa chữa),5,21,Intel Core i5,8.0,NVIDIA,1000,Việt Nam,desktop,4.500.000 đ
1461,desktop,desktop,Đã sử dụng (chưa sửa chữa),0,21,Intel Xeon,16.0,NVIDIA,128,Việt Nam,desktop,7.000.000 đ
1462,desktop,desktop,Mới,1,0,Intel Core i3,8.0,NVIDIA,128,Nước khác,desktop,8.990.000 đ
1463,desktop,desktop,Đã sử dụng (chưa sửa chữa),0,0,Intel Core i5,8.0,NVIDIA,128,Mỹ,desktop,6.500.000 đ
1464,desktop,desktop,Đã sử dụng (chưa sửa chữa),1,21,Intel Xeon,16.0,NVIDIA,120,Việt Nam,desktop,3.850.000 đ
1465,desktop,desktop,Mới,12,0,Intel Core i5,16.0,NVIDIA,256,Việt Nam,desktop,11.000.000 đ
1466,desktop,desktop,Mới,12,0,Intel Core i5,8.0,Onboard,128,Nước khác,desktop,4.000.000 đ
1467,desktop,desktop,Đã sử dụng (chưa sửa chữa),0,0,Intel Pentium,6.0,Onboard,1000,Nước khác,desktop,2.500.000 đ
1468,desktop,desktop,Mới,0,0,Intel Core i5,16.0,Onboard,512,Việt Nam,desktop,5.000.000 đ
1469,desktop,desktop,Đã sử dụng (chưa sửa chữa),0,20,Intel Pentium,16.0,Onboard,128,Nước khác,desktop,2.500.000 đ
1470,desktop,desktop,Đã sử dụng (chưa sửa chữa),5,20,Intel Core i5,16.0,Onboard,256,Mỹ,desktop,3.499.000 đ
1471,desktop,desktop,Mới,9,0,Intel Xeon,16.0,NVIDIA,128,Nước khác,desktop,5.600.000 đ
1472,desktop,desktop,Đã sử dụng (chưa sửa chữa),2,0,Intel Core i3,8.0,NVIDIA,256,Việt Nam,desktop,3.900.000 đ
1473,desktop,desktop,Đã sử dụng (chưa sửa chữa),0,20,Intel Core i3,8.0,Onboard,120,Nước khác,desktop,1.300.000 đ
1474,desktop,desktop,Đã sử dụng (chưa sửa chữa),0,0,Intel Core i3,4.0,Onboard,128,Nước khác,desktop,1.200.000 đ
1475,desktop,desktop,Đã sử dụng (chưa sửa chữa),0,21,Intel Core i3,8.0,AMD,128,Nước khác,desktop,4.500.000 đ
1476,desktop,desktop,Đã sử dụng (qua sửa chữa),0,0,Intel Core i5,16.0,Onboard,512,Nước khác,desktop,4.500.000 đ
1477,desktop,desktop,Đã sử dụng (chưa sửa chữa),0,0,Intel Core i5,8.0,Onboard,1000,Nước khác,desktop,2.900.000 đ
1478,desktop,desktop,Đã sử dụng (chưa sửa chữa),0,0,Intel Core i5,8.0,Onboard,128,Nước khác,desktop,2.900.000 đ
1479,desktop,desktop,Đã sử dụng (chưa sửa chữa),0,0,Intel Core i3,4.0,Onboard,250,Nước khác,desktop,1.000.000 đ
1480,desktop,desktop,Đã sử dụng (chưa sửa chữa),5,20,Intel Core i3,8.0,Onboard,256,Mỹ,desktop,3.900.000 đ
1481,desktop,desktop,Đã sử dụng (chưa sửa chữa),1,0,Intel Core i5,32.0,NVIDIA,500,Nước khác,desktop,15.000.000 đ
1482,desktop,desktop,Mới,1,0,Intel Core i5,8.0,NVIDIA,256,Việt Nam,desktop,4.590.000 đ
1483,desktop,desktop,Đã sử dụng (chưa sửa chữa),0,0,Intel Core i7,8.0,NVIDIA,500,Đài Loan,desktop,2.300.000 đ
1484,desktop,desktop,Đã sử dụng (chưa sửa chữa),0,0,Intel Xeon,8.0,Onboard,128,Nước khác,desktop,5.999.900 đ
1485,desktop,desktop,Mới,12,0,Intel Core i3,16.0,NVIDIA,256,Việt Nam,desktop,7.000.000 đ
1486,desktop,desktop,Đã sử dụng (chưa sửa chữa),3,21,Intel Xeon,8.0,NVIDIA,128,Việt Nam,desktop,4.290.000 đ
1487,desktop,desktop,Mới,1,0,Intel Xeon,64.0,Onboard,512,Việt Nam,desktop,10.660.000 đ
1488,desktop,desktop,Mới,9,21,Intel Core i7,8.0,Onboard,256,Nước khác,desktop,3.500.000 đ
1489,desktop,desktop,Đã sử dụng (chưa sửa chữa),1,21,Intel Xeon,16.0,NVIDIA,256,Nước khác,desktop,8.900.000 đ
1490,desktop,desktop,Đã sử dụng (chưa sửa chữa),12,21,Intel Core i7,16.0,NVIDIA,512,Nước khác,desktop,12.900.000 đ
1491,desktop,desktop,Đã sử dụng (chưa sửa chữa),0,0,Intel Core i3,8.0,Onboard,500,Việt Nam,desktop,350.000 đ
1492,desktop,desktop,Mới,1,21,Intel Core i3,8.0,NVIDIA,128,Việt Nam,desktop,4.250.000 đ
1493,desktop,desktop,Đã sử dụng (chưa sửa chữa),5,0,Intel Core i5,4.0,Onboard,120,Nước khác,desktop,1.500.000 đ
1494,desktop,desktop,Đã sử dụng (chưa sửa chữa),0,0,Intel Core i5,16.0,Onboard,256,Nước khác,desktop,14.000.000 đ
1495,desktop,desktop,Đã sử dụng (chưa sửa chữa),0,0,Intel Core i5,8.0,Onboard,128,Nước khác,desktop,6.250.000 đ
1496,desktop,desktop,Đã sử dụng (chưa sửa chữa),0,0,Intel Core i3,8.0,Onboard,250,Nước khác,desktop,2.000.000 đ
1497,desktop,desktop,Đã sử dụng (chưa sửa chữa),9,21,Intel Core i5,8.0,Onboard,256,Nước khác,desktop,22.990.000 đ
1498,desktop,desktop,Đã sử dụng (chưa sửa chữa),0,18,Intel Core i5,16.0,Onboard,250,Trung Quốc,desktop,3.500.000 đ
1499,desktop,desktop,Đã sử dụng (chưa sửa chữa),0,0,Intel Core i3,4.0,Onboard,128,Việt Nam,desktop,950.000 đ
1500,desktop,desktop,Đã sử dụng (chưa sửa chữa),0,0,Intel Core i3,4.0,Onboard,640,Việt Nam,desktop,1.000.000 đ
1501,desktop,desktop,Mới,12,21,Intel Xeon,32.0,NVIDIA,128,Việt Nam,desktop,7.900.000 đ
1502,desktop,desktop,Đã sử dụng (chưa sửa chữa),0,0,Intel Core i5,8.0,Onboard,128,Nước khác,desktop,5.500.000 đ
1503,desktop,desktop,Mới,0,0,Intel Core i5,16.0,Onboard,256,Việt Nam,desktop,50.000 đ
1504,desktop,desktop,Mới,1,0,Intel Core i5,16.0,NVIDIA,256,Việt Nam,desktop,50.000 đ
1505,desktop,desktop,Đã sử dụng (chưa sửa chữa),0,0,Intel Core i7,16.0,Onboard,256,Nước khác,desktop,9.500.000 đ
1506,desktop,desktop,Mới,2,16,Intel Core i5,8.0,AMD,128,Việt Nam,desktop,3.000.000 đ
1507,desktop,desktop,Đã sử dụng (chưa sửa chữa),0,18,Intel Atom,4.0,Onboard,128,Việt Nam,desktop,600.000 đ
1508,desktop,desktop,Đã sử dụng (chưa sửa chữa),9,0,Intel Core i7,16.0,NVIDIA,250,Nước khác,desktop,3.500.000 đ
1509,desktop,desktop,Đã sử dụng (chưa sửa chữa),0,20,Intel Core i5,6.0,AMD,128,Nước khác,desktop,1.600.000 đ
1510,desktop,desktop,Mới,1,21,Intel Core i5,16.0,NVIDIA,512,Nhật Bản,desktop,16.500.000 đ
1511,desktop,desktop,Mới,1,21,Intel Xeon,64.0,NVIDIA,512,Việt Nam,desktop,9.600.000 đ
1512,desktop,desktop,Đã sử dụng (chưa sửa chữa),0,21,Intel Core i7,16.0,AMD,1500,Mỹ,desktop,13.000.000 đ
1513,desktop,desktop,Đã sử dụng (chưa sửa chữa),0,0,Intel Core i5,8.0,NVIDIA,128,Thái Lan,desktop,6.500.000 đ
1514,desktop,desktop,Đã sử dụng (chưa sửa chữa),0,21,Intel Core i5,64.0,Onboard,256,Nước khác,desktop,5.000.000 đ
1515,desktop,desktop,Đã sử dụng (chưa sửa chữa),0,0,Intel Core i3,4.0,Onboard,250,Nước khác,desktop,2.850.000 đ
1516,desktop,desktop,Đã sử dụng (chưa sửa chữa),12,0,Intel Core i3,16.0,Onboard,250,Nước khác,desktop,8.500.000 đ
1517,desktop,desktop,Đã sử dụng (chưa sửa chữa),0,21,Intel Core i3,8.0,Onboard,250,Việt Nam,desktop,3.250.000 đ
1518,desktop,desktop,Mới,1,21,Intel Core i5,16.0,NVIDIA,512,Việt Nam,desktop,10.800.000 đ
1519,desktop,desktop,Đã sử dụng (chưa sửa chữa),0,0,Intel Core i5,4.0,Onboard,320,Nước khác,desktop,1.800.000 đ
1520,desktop,desktop,Đã sử dụng (chưa sửa chữa),3,20,Intel Core i5,8.0,Onboard,128,Mỹ,desktop,1.400.000 đ
1521,desktop,desktop,Đã sử dụng (chưa sửa chữa),0,0,Intel Core 2 Duo,4.0,Onboard,120,Việt Nam,desktop,1.200.000 đ
1522,desktop,desktop,Đã sử dụng (chưa sửa chữa),0,20,Intel Core i3,4.0,Onboard,1000,Việt Nam,desktop,1.600.000 đ
1523,desktop,desktop,Đã sử dụng (chưa sửa chữa),0,0,Intel Core i7,8.0,Onboard,500,Nước khác,desktop,6.500.000 đ
1524,desktop,desktop,Đã sử dụng (chưa sửa chữa),0,0,Intel Pentium,2.0,Onboard,128,Nước khác,desktop,500.000 đ
1525,desktop,desktop,Đã sử dụng (chưa sửa chữa),0,21,Intel Core i5,8.0,Onboard,1000,Nước khác,desktop,888.888 đ
1526,desktop,desktop,Đã sử dụng (chưa sửa chữa),1,21,Intel Core i5,16.0,AMD,128,Nước khác,desktop,9.000.000 đ
1527,desktop,desktop,Đã sử dụng (chưa sửa chữa),3,21,Intel Core i7,16.0,NVIDIA,250,Nước khác,desktop,7.500.000 đ
1528,desktop,desktop,Đã sử dụng (chưa sửa chữa),3,0,Intel Core i5,4.0,Onboard,128,Mỹ,desktop,999.000 đ
1529,desktop,desktop,Đã sử dụng (chưa sửa chữa),9,21,Intel Core i5,16.0,NVIDIA,512,Việt Nam,desktop,13.200.000 đ
1530,desktop,desktop,Đã sử dụng (chưa sửa chữa),5,21,Intel Core i5,16.0,NVIDIA,256,Việt Nam,desktop,7.500.000 đ
1531,desktop,desktop,Đã sử dụng (chưa sửa chữa),3,21,Intel Xeon,8.0,NVIDIA,256,Việt Nam,desktop,5.200.000 đ
1532,desktop,desktop,Đã sử dụng (chưa sửa chữa),1,0,Intel Core i5,8.0,NVIDIA,128,Nước khác,desktop,5.000.000 đ
1533,desktop,desktop,Đã sử dụng (chưa sửa chữa),0,0,Intel Core i3,4.0,Onboard,250,Nhật Bản,desktop,700.000 đ
1534,desktop,desktop,Đã sử dụng (chưa sửa chữa),9,21,Intel Core i5,8.0,Onboard,512,Nước khác,desktop,7.700.000 đ
1535,desktop,desktop,Đã sử dụng (chưa sửa chữa),12,0,Intel Core i5,32.0,NVIDIA,1000,Nước khác,desktop,15.200.000 đ
1536,desktop,desktop,Đã sử dụng (chưa sửa chữa),0,0,Intel Core i3,4.0,Onboard,128,Nước khác,desktop,400.000 đ
1537,desktop,desktop,Đã sử dụng (chưa sửa chữa),1,0,Intel Core i3,8.0,Onboard,120,Nước khác,desktop,2.000.000 đ
1538,desktop,desktop,Đã sử dụng (chưa sửa chữa),3,0,Intel Core i5,16.0,Onboard,256,Nước khác,desktop,14.000.000 đ
1539,desktop,desktop,Đã sử dụng (chưa sửa chữa),0,0,Intel Core i5,8.0,NVIDIA,128,Nước khác,desktop,3.400.000 đ
1540,desktop,desktop,Đã sử dụng (chưa sửa chữa),0,21,Intel Core i5,8.0,Onboard,128,Nước khác,desktop,6.500.000 đ
1541,desktop,desktop,Đã sử dụng (chưa sửa chữa),0,0,AMD,8.0,Onboard,128,Nước khác,desktop,100.000 đ
1542,desktop,desktop,Đã sử dụng (qua sửa chữa),0,20,Intel Core i5,8.0,NVIDIA,320,Nước khác,desktop,3.750.000 đ
1543,desktop,desktop,Đã sử dụng (chưa sửa chữa),0,20,Intel Core i5,8.0,Onboard,120,Nước khác,desktop,3.700.000 đ
1544,desktop,desktop,Đã sử dụng (chưa sửa chữa),0,21,Intel Core i3,4.0,NVIDIA,128,Nước khác,desktop,1.500.000 đ
1545,desktop,desktop,Đã sử dụng (chưa sửa chữa),3,21,Intel Core i5,8.0,NVIDIA,128,Nước khác,desktop,6.800.000 đ
1546,desktop,desktop,Đã sử dụng (chưa sửa chữa),0,0,Intel Core i5,8.0,Onboard,256,Nước khác,desktop,9.800.000 đ
1547,desktop,desktop,Đã sử dụng (chưa sửa chữa),2,20,Intel Core i3,6.0,Onboard,250,Việt Nam,desktop,1.300.000 đ
1548,desktop,desktop,Đã sử dụng (chưa sửa chữa),0,0,Intel Core i5,8.0,NVIDIA,120,Nước khác,desktop,650.000 đ
1549,desktop,desktop,Đã sử dụng (chưa sửa chữa),3,20,Intel Core i5,8.0,Onboard,128,Nước khác,desktop,2.360.000 đ
1550,desktop,desktop,Đã sử dụng (chưa sửa chữa),0,0,Intel Core 2 Duo,8.0,Onboard,128,Nước khác,desktop,450.000 đ
1551,desktop,desktop,Mới,12,0,Intel Core i3,8.0,Onboard,128,Nước khác,desktop,3.000.000 đ
1552,desktop,desktop,Đã sử dụng (chưa sửa chữa),9,21,Intel Xeon,16.0,Onboard,500,Trung Quốc,desktop,15.000.000 đ
1553,desktop,desktop,Đã sử dụng (chưa sửa chữa),12,21,Intel Core i3,8.0,NVIDIA,256,Việt Nam,desktop,6.950.000 đ
1554,desktop,desktop,Đã sử dụng (chưa sửa chữa),3,21,Intel Core i3,8.0,Onboard,128,Việt Nam,desktop,4.500.000 đ
1555,desktop,desktop,Đã sử dụng (chưa sửa chữa),0,0,Intel Core i5,8.0,Onboard,256,Nước khác,desktop,11.800.000 đ
1556,desktop,desktop,Đã sử dụng (chưa sửa chữa),0,21,Intel Xeon,64.0,NVIDIA,256,Nước khác,desktop,5.400.000 đ
1557,desktop,desktop,Đã sử dụng (chưa sửa chữa),0,20,Intel Core i5,8.0,AMD,250,Nước khác,desktop,3.200.000 đ
1558,desktop,desktop,Đã sử dụng (chưa sửa chữa),0,21,Intel Core i5,6.0,AMD,128,Nước khác,desktop,2.600.000 đ
1559,desktop,desktop,Đã sử dụng (chưa sửa chữa),5,21,Intel Core i5,4.0,NVIDIA,320,Thái Lan,desktop,2.534.000 đ
1560,desktop,desktop,Đã sử dụng (chưa sửa chữa),0,0,Intel Pentium,4.0,Onboard,250,Nước khác,desktop,750.000 đ
1561,desktop,desktop,Mới,12,21,Intel Core i5,32.0,AMD,500,Việt Nam,desktop,19.900.000 đ
1562,desktop,desktop,Mới,12,0,Intel Pentium,8.0,Onboard,256,Trung Quốc,desktop,4.990.000 đ
1563,desktop,desktop,Đã sử dụng (chưa sửa chữa),0,0,Intel Core i3,4.0,Onboard,128,Nước khác,desktop,1.600.000 đ
1564,desktop,desktop,Đã sử dụng (chưa sửa chữa),3,20,AMD,8.0,AMD,128,Trung Quốc,desktop,2.900.000 đ
1565,desktop,desktop,Đã sử dụng (chưa sửa chữa),0,0,Intel Core i5,8.0,AMD,128,Nước khác,desktop,3.500.000 đ
1566,desktop,desktop,Đã sử dụng (chưa sửa chữa),1,21,Intel Core i5,8.0,NVIDIA,256,Việt Nam,desktop,7.499.999 đ
1567,desktop,desktop,Mới,2,20,Intel Core i5,8.0,Onboard,128,Việt Nam,desktop,3.200.000 đ
1568,desktop,desktop,Đã sử dụng (chưa sửa chữa),0,0,Intel Core i5,16.0,NVIDIA,480,Việt Nam,desktop,4.908.000 đ
1569,desktop,desktop,Đã sử dụng (chưa sửa chữa),1,18,Intel Core i3,8.0,NVIDIA,120,Việt Nam,desktop,3.900.000 đ
1570,desktop,desktop,Đã sử dụng (chưa sửa chữa),3,0,Intel Core i5,8.0,Onboard,256,Nhật Bản,desktop,2.899.999 đ
1571,desktop,desktop,Đã sử dụng (chưa sửa chữa),0,0,Intel Xeon,32.0,Onboard,128,Nước khác,desktop,6.000.000 đ
1572,desktop,desktop,Đã sử dụng (chưa sửa chữa),0,21,Intel Core i5,8.0,NVIDIA,256,Nước khác,desktop,3.500.000 đ
1573,desktop,desktop,Mới,1,0,Intel Core i7,32.0,NVIDIA,512,Nước khác,desktop,37.890.000 đ
1574,desktop,desktop,Mới,1,0,Intel Core i9,32.0,NVIDIA,1000,Việt Nam,desktop,54.590.000 đ
1575,desktop,desktop,Mới,3,21,Intel Core i5,8.0,Onboard,120,Việt Nam,desktop,3.300.000 đ
1576,desktop,desktop,Đã sử dụng (chưa sửa chữa),3,21,Intel Core i5,8.0,Onboard,128,Việt Nam,desktop,4.500.000 đ
1577,desktop,desktop,Đã sử dụng (chưa sửa chữa),3,21,Intel Xeon,16.0,AMD,128,Việt Nam,desktop,7.500.000 đ
1578,desktop,desktop,Mới,3,0,Intel Xeon,32.0,AMD,256,Nước khác,desktop,5.200.000 đ
1579,desktop,desktop,Đã sử dụng (qua sửa chữa),0,0,Intel Core i5,8.0,Onboard,128,Mỹ,desktop,3.000.000 đ
1580,desktop,desktop,Đã sử dụng (chưa sửa chữa),3,20,Intel Core i5,8.0,Onboard,128,Nước khác,desktop,2.690.000 đ
1581,desktop,desktop,Mới,1,21,Intel Xeon,8.0,NVIDIA,120,Việt Nam,desktop,4.800.000 đ
1582,desktop,desktop,Đã sử dụng (chưa sửa chữa),3,21,Intel Core i5,8.0,NVIDIA,128,Việt Nam,desktop,4.600.000 đ
1583,desktop,desktop,Đã sử dụng (chưa sửa chữa),2,21,Intel Core i7,16.0,NVIDIA,256,Việt Nam,desktop,8.900.000 đ
1584,desktop,desktop,Đã sử dụng (chưa sửa chữa),12,21,Intel Core i3,16.0,AMD,512,Nước khác,desktop,5.000.000 đ
1585,desktop,desktop,Đã sử dụng (chưa sửa chữa),0,0,Intel Core i3,8.0,NVIDIA,128,Nước khác,desktop,3.000.000 đ
1586,desktop,desktop,Đã sử dụng (chưa sửa chữa),1,0,Ryzen 5,16.0,AMD,250,Việt Nam,desktop,9.500.000 đ
1587,desktop,desktop,Đã sử dụng (chưa sửa chữa),1,0,Intel Core i3,8.0,Onboard,128,Nước khác,desktop,2.860.000 đ
1588,desktop,desktop,Đã sử dụng (chưa sửa chữa),0,20,Intel Core i5,8.0,Onboard,128,Nước khác,desktop,2.800.000 đ
1589,desktop,desktop,Đã sử dụng (chưa sửa chữa),0,0,Intel Core i3,8.0,NVIDIA,250,Nước khác,desktop,3.200.000 đ
1590,desktop,desktop,Đã sử dụng (chưa sửa chữa),0,21,Intel Core i3,16.0,NVIDIA,750,Nước khác,desktop,10.000.000 đ
1591,desktop,desktop,Đã sử dụng (chưa sửa chữa),0,0,Intel Core i3,8.0,Onboard,128,Nhật Bản,desktop,2.000.000 đ
1592,desktop,desktop,Đã sử dụng (chưa sửa chữa),0,0,Intel Core i5,8.0,Onboard,128,Nước khác,desktop,3.000.000 đ
1593,desktop,desktop,Mới,9,0,Intel Xeon,32.0,NVIDIA,128,Việt Nam,desktop,5.300.000 đ
1594,desktop,desktop,Đã sử dụng (chưa sửa chữa),1,21,Intel Core i5,8.0,NVIDIA,256,Nước khác,desktop,8.500.000 đ
1595,desktop,desktop,Mới,1,21,Intel Core i3,16.0,AMD,256,Việt Nam,desktop,10.600.000 đ
1596,desktop,desktop,Đã sử dụng (chưa sửa chữa),1,21,Intel Core i3,8.0,Onboard,750,Nước khác,desktop,5.990.000 đ
1597,desktop,desktop,Đã sử dụng (chưa sửa chữa),5,0,Intel Core i5,16.0,NVIDIA,512,Việt Nam,desktop,12.500.000 đ
1598,desktop,desktop,Đã sử dụng (chưa sửa chữa),0,0,Intel Core i5,8.0,Onboard,256,Mỹ,desktop,3.000.000 đ
1599,desktop,desktop,Mới,12,21,Intel Core i5,8.0,NVIDIA,128,Việt Nam,desktop,6.000.000 đ
1600,desktop,desktop,Đã sử dụng (chưa sửa chữa),3,20,Intel Core i3,4.0,NVIDIA,128,Việt Nam,desktop,2.900.000 đ
1601,desktop,desktop,Mới,3,21,Intel Xeon,32.0,Onboard,256,Việt Nam,desktop,6.500.000 đ
1602,desktop,desktop,Đã sử dụng (chưa sửa chữa),1,20,Intel Core i3,4.0,Onboard,250,Việt Nam,desktop,1.600.000 đ
1603,desktop,desktop,Đã sử dụng (chưa sửa chữa),0,21,Intel Core i5,4.0,Onboard,250,Nước khác,desktop,1.000.000 đ
1604,desktop,desktop,Đã sử dụng (qua sửa chữa),0,0,Intel Celeron,4.0,Onboard,128,Nhật Bản,desktop,399.000 đ
1605,desktop,desktop,Mới,0,0,Intel Core i5,8.0,Onboard,250,Việt Nam,desktop,1.800.000 đ
1606,desktop,desktop,Đã sử dụng (qua sửa chữa),0,20,Intel Core i5,4.0,Onboard,128,Nước khác,desktop,2.100.000 đ
1607,desktop,desktop,Đã sử dụng (chưa sửa chữa),12,0,Intel Core i7,16.0,NVIDIA,250,Việt Nam,desktop,4.200.000 đ
1608,desktop,desktop,Mới,0,0,Intel Core i3,4.0,Onboard,128,Việt Nam,desktop,3.200.000 đ
1609,desktop,desktop,Đã sử dụng (chưa sửa chữa),12,0,Intel Core i5,16.0,AMD,500,Việt Nam,desktop,20.500.000 đ
1610,desktop,desktop,Đã sử dụng (chưa sửa chữa),1,0,Intel Core i7,16.0,NVIDIA,250,Việt Nam,desktop,12.980.000 đ
1611,desktop,desktop,Đã sử dụng (chưa sửa chữa),0,21,Intel Core i5,8.0,NVIDIA,250,Việt Nam,desktop,3.400.000 đ
1612,desktop,desktop,Mới,12,0,Intel Core i3,16.0,NVIDIA,256,Nước khác,desktop,13.000.000 đ
1613,desktop,desktop,Mới,12,21,Intel Core i5,8.0,AMD,256,Nước khác,desktop,11.000.000 đ
1614,desktop,desktop,Đã sử dụng (chưa sửa chữa),1,21,Intel Core i5,8.0,AMD,128,Việt Nam,desktop,5.300.000 đ
1615,desktop,desktop,Đã sử dụng (chưa sửa chữa),1,21,Intel Core i5,8.0,AMD,128,Việt Nam,desktop,4.400.000 đ
1616,desktop,desktop,Đã sử dụng (chưa sửa chữa),3,21,Intel Core i5,8.0,AMD,128,Mỹ,desktop,4.700.000 đ
1617,desktop,desktop,Đã sử dụng (chưa sửa chữa),1,21,Intel Core i7,16.0,NVIDIA,512,Việt Nam,desktop,15.500.000 đ
1618,desktop,desktop,Đã sử dụng (chưa sửa chữa),1,21,Intel Core i5,8.0,NVIDIA,128,Việt Nam,desktop,3.800.000 đ
1619,desktop,desktop,Đã sử dụng (chưa sửa chữa),0,21,Ryzen 3,8.0,Onboard,128,Việt Nam,desktop,9.000.000 đ
1620,desktop,desktop,Đã sử dụng (chưa sửa chữa),0,20,Intel Core i3,4.0,Onboard,500,Việt Nam,desktop,2.450.000 đ
1621,desktop,desktop,Đã sử dụng (chưa sửa chữa),1,16,Intel Core i5,0.5,Onboard,120,Hàn Quốc,desktop,1.100.000 đ
1622,desktop,desktop,Mới,3,0,Intel Pentium,8.0,Onboard,640,Trung Quốc,desktop,2.300.000 đ
1623,desktop,desktop,Đã sử dụng (chưa sửa chữa),0,18,Intel Core i5,8.0,Onboard,128,Nước khác,desktop,2.000.000 đ
1624,desktop,desktop,Đã sử dụng (chưa sửa chữa),1,20,Intel Core i3,4.0,Onboard,320,Việt Nam,desktop,890.000 đ
1625,desktop,desktop,Đã sử dụng (chưa sửa chữa),0,20,Intel Core 2 Quad,4.0,Onboard,500,Nước khác,desktop,1.100.000 đ
1626,desktop,desktop,Đã sử dụng (chưa sửa chữa),0,0,Intel Core i5,4.0,Onboard,250,Nước khác,desktop,550.000 đ
1627,desktop,desktop,Đã sử dụng (chưa sửa chữa),0,20,Intel Core i5,8.0,NVIDIA,1000,Việt Nam,desktop,2.800.000 đ
1628,desktop,desktop,Đã sử dụng (chưa sửa chữa),1,20,Intel Core i5,8.0,NVIDIA,1000,Việt Nam,desktop,2.800.000 đ
1629,desktop,desktop,Đã sử dụng (chưa sửa chữa),5,21,Intel Celeron,32.0,Onboard,128,Nước khác,desktop,6.000.000 đ
1630,desktop,desktop,Đã sử dụng (chưa sửa chữa),3,21,Intel Core i5,16.0,Onboard,256,Mỹ,desktop,9.700.000 đ
1631,desktop,desktop,Đã sử dụng (qua sửa chữa),0,21,Intel Core i5,16.0,NVIDIA,250,Nước khác,desktop,4.950.000 đ
1632,desktop,desktop,Mới,1,21,Intel Core i5,32.0,NVIDIA,250,Việt Nam,desktop,5.200.000 đ
1633,desktop,desktop,Đã sử dụng (chưa sửa chữa),0,0,Intel Core i5,8.0,NVIDIA,500,Nước khác,desktop,500.000 đ
1634,desktop,desktop,Mới,0,0,Intel Core i5,16.0,NVIDIA,250,Nhật Bản,desktop,9.800.000 đ
1635,desktop,desktop,Đã sử dụng (chưa sửa chữa),0,0,Intel Core i5,4.0,Onboard,256,Nước khác,desktop,2.500.000 đ
1636,desktop,desktop,Đã sử dụng (qua sửa chữa),1,0,Intel Core i3,16.0,Onboard,256,Việt Nam,desktop,4.250.000 đ
1637,desktop,desktop,Đã sử dụng (chưa sửa chữa),0,0,Intel Core i3,8.0,Onboard,128,Nước khác,desktop,4.000.000 đ
1638,desktop,desktop,Đã sử dụng (chưa sửa chữa),3,16,Intel Core 2 Quad,6.0,Onboard,128,Việt Nam,desktop,1.500.000 đ
1639,desktop,desktop,Đã sử dụng (chưa sửa chữa),12,21,Intel Core i3,8.0,Onboard,128,Nước khác,desktop,4.900.000 đ
1640,desktop,desktop,Đã sử dụng (chưa sửa chữa),0,0,Intel Core i9,16.0,Onboard,256,Nước khác,desktop,13.500.000 đ
1641,desktop,desktop,Đã sử dụng (chưa sửa chữa),3,0,Intel Core i5,32.0,Onboard,512,Nước khác,desktop,35.990.000 đ
1642,desktop,desktop,Đã sử dụng (chưa sửa chữa),0,21,Intel Core i5,4.0,Onboard,512,Việt Nam,desktop,1.900.000 đ
1643,desktop,desktop,Đã sử dụng (chưa sửa chữa),0,0,Intel Core i5,0.5,AMD,120,Nước khác,desktop,3.500.000 đ
1644,desktop,desktop,Đã sử dụng (chưa sửa chữa),0,21,Intel Core i5,8.0,Onboard,250,Nước khác,desktop,4.550.000 đ
1645,desktop,desktop,Đã sử dụng (chưa sửa chữa),3,21,Intel Core i3,8.0,Onboard,128,Nước khác,desktop,3.700.000 đ
1646,desktop,desktop,Mới,3,0,Intel Xeon,32.0,Onboard,250,Trung Quốc,desktop,4.500.000 đ
1647,desktop,desktop,Mới,1,21,Intel Core i5,8.0,NVIDIA,256,Nước khác,desktop,10.400.000 đ
1648,desktop,desktop,Đã sử dụng (chưa sửa chữa),5,0,Intel Core i5,4.0,Onboard,250,Nước khác,desktop,700.000 đ
1649,desktop,desktop,Đã sử dụng (chưa sửa chữa),1,16,Intel Core 2 Duo,4.0,Onboard,256,Nhật Bản,desktop,1.200.000 đ
1650,desktop,desktop,Đã sử dụng (qua sửa chữa),0,21,Intel Xeon,16.0,AMD,120,Việt Nam,desktop,5.000.000 đ
1651,desktop,desktop,Đã sử dụng (chưa sửa chữa),1,21,Intel Core i3,8.0,Onboard,256,Việt Nam,desktop,2.500.000 đ
1652,desktop,desktop,Đã sử dụng (chưa sửa chữa),1,21,Intel Core i5,8.0,Onboard,256,Việt Nam,desktop,5.999.999 đ
1653,desktop,desktop,Đã sử dụng (chưa sửa chữa),0,0,Intel Core i5,8.0,Onboard,128,Nước khác,desktop,600.000 đ
1654,desktop,desktop,Mới,1,0,Intel Core i5,8.0,Onboard,256,Mỹ,desktop,11.500.000 đ
1655,desktop,desktop,Đã sử dụng (chưa sửa chữa),1,21,Intel Xeon,32.0,NVIDIA,256,Việt Nam,desktop,4.400.000 đ
1656,desktop,desktop,Đã sử dụng (chưa sửa chữa),0,21,AMD,8.0,AMD,256,Việt Nam,desktop,4.500.000 đ
1657,desktop,desktop,Đã sử dụng (chưa sửa chữa),0,0,Intel Xeon,8.0,Onboard,128,Nước khác,desktop,1.600.000 đ
1658,desktop,desktop,Đã sử dụng (chưa sửa chữa),3,0,Intel Core i5,16.0,Onboard,128,Nước khác,desktop,2.400.000 đ
1659,desktop,desktop,Mới,9,0,Intel Xeon,64.0,NVIDIA,1000,Nước khác,desktop,9.850.000 đ
1660,desktop,desktop,Đã sử dụng (chưa sửa chữa),0,0,Ryzen 5,8.0,NVIDIA,120,Nước khác,desktop,2.500.000 đ
1661,desktop,desktop,Đã sử dụng (chưa sửa chữa),0,20,Intel Core i5,8.0,Onboard,128,Nước khác,desktop,2.000.000 đ
1662,desktop,desktop,Đã sử dụng (chưa sửa chữa),0,0,Intel Pentium,8.0,Onboard,1000,Nước khác,desktop,1.600.000 đ
1663,desktop,desktop,Đã sử dụng (chưa sửa chữa),0,0,Intel Core i7,32.0,NVIDIA,1000,Nước khác,desktop,25.900.000 đ
1664,desktop,desktop,Mới,5,21,Intel Core i5,16.0,NVIDIA,640,Nhật Bản,desktop,6.900.000 đ
1665,desktop,desktop,Mới,0,0,Intel Core i5,8.0,Onboard,512,Nước khác,desktop,13.787.000 đ
1666,desktop,desktop,Đã sử dụng (chưa sửa chữa),1,21,Intel Xeon,8.0,NVIDIA,128,Việt Nam,desktop,6.000.000 đ
1667,desktop,desktop,Mới,3,21,Intel Core i5,8.0,Onboard,128,Việt Nam,desktop,11.000.000 đ
1668,desktop,desktop,Đã sử dụng (chưa sửa chữa),0,21,Intel Core i5,8.0,Onboard,128,Nước khác,desktop,1.800.000 đ
1669,desktop,desktop,Đã sử dụng (chưa sửa chữa),1,0,Intel Core i5,8.0,NVIDIA,640,Nước khác,desktop,4.600.000 đ
1670,desktop,desktop,Đã sử dụng (chưa sửa chữa),0,0,Intel Core i5,2.0,Onboard,128,Nước khác,desktop,1.200.000 đ
1671,desktop,desktop,Đã sử dụng (chưa sửa chữa),0,21,Intel Xeon,8.0,NVIDIA,128,Nước khác,desktop,5.000.000 đ
1672,desktop,desktop,Đã sử dụng (chưa sửa chữa),12,0,Intel Core i5,16.0,NVIDIA,1000,Việt Nam,desktop,14.500.000 đ
1673,desktop,desktop,Mới,1,21,Intel Core i5,8.0,Onboard,256,Mỹ,desktop,27.000.000 đ
1674,desktop,desktop,Mới,9,0,Intel Core i7,8.0,NVIDIA,256,Nước khác,desktop,6.700.000 đ
1675,desktop,desktop,Đã sử dụng (chưa sửa chữa),1,0,Intel Core i3,2.0,Onboard,250,Việt Nam,desktop,550.000 đ
1676,desktop,desktop,Đã sử dụng (chưa sửa chữa),0,0,Intel Core 2 Duo,4.0,Onboard,250,Việt Nam,desktop,150.000 đ
1677,desktop,desktop,Đã sử dụng (chưa sửa chữa),1,21,Intel Core i5,8.0,Onboard,128,Nước khác,desktop,3.000.000 đ
1678,desktop,desktop,Đã sử dụng (chưa sửa chữa),3,0,Intel Core i3,8.0,NVIDIA,128,Nước khác,desktop,4.700.000 đ
1679,desktop,desktop,Mới,9,18,Intel Core i5,16.0,Onboard,500,Việt Nam,desktop,17.500.000 đ
1680,desktop,desktop,Đã sử dụng (chưa sửa chữa),1,21,Intel Core i5,8.0,NVIDIA,500,Nhật Bản,desktop,1.800.000 đ
1681,desktop,desktop,Đã sử dụng (chưa sửa chữa),0,0,Intel Xeon,64.0,NVIDIA,1500,Nước khác,desktop,8.000.000 đ
1682,desktop,desktop,Đã sử dụng (chưa sửa chữa),0,21,Intel Core i5,16.0,Onboard,128,Việt Nam,desktop,4.000.000 đ
1683,desktop,desktop,Đã sử dụng (chưa sửa chữa),1,21,Intel Xeon,8.0,NVIDIA,128,Việt Nam,desktop,3.550.000 đ
1684,desktop,desktop,Đã sử dụng (chưa sửa chữa),2,0,Intel Pentium,4.0,Onboard,250,Việt Nam,desktop,800.000 đ
1685,desktop,desktop,Mới,9,21,Intel Xeon,32.0,NVIDIA,128,Việt Nam,desktop,6.900.000 đ
1686,desktop,desktop,Đã sử dụng (chưa sửa chữa),3,21,Intel Core i5,16.0,AMD,256,Nước khác,desktop,11.200.000 đ
1687,desktop,desktop,Đã sử dụng (chưa sửa chữa),1,0,Intel Core i5,8.0,NVIDIA,120,Việt Nam,desktop,2.550.000 đ
1688,desktop,desktop,Đã sử dụng (chưa sửa chữa),12,0,Intel Core i3,8.0,NVIDIA,256,Việt Nam,desktop,6.200.000 đ
1689,desktop,desktop,Đã sử dụng (chưa sửa chữa),0,18,Intel Pentium,4.0,Onboard,250,Nước khác,desktop,1.300.000 đ
1690,desktop,desktop,Mới,9,0,Intel Core i5,8.0,Onboard,256,Việt Nam,desktop,11.500.000 đ
1691,desktop,desktop,Đã sử dụng (chưa sửa chữa),3,21,Intel Core i7,16.0,NVIDIA,120,Việt Nam,desktop,7.250.000 đ
1692,desktop,desktop,Đã sử dụng (chưa sửa chữa),2,21,Intel Core i5,16.0,NVIDIA,256,Việt Nam,desktop,5.800.000 đ
1693,desktop,desktop,Đã sử dụng (chưa sửa chữa),1,0,Intel Core i3,8.0,Onboard,120,Nước khác,desktop,2.200.000 đ
1694,desktop,desktop,Đã sử dụng (chưa sửa chữa),0,18,Intel Core 2 Quad,4.0,Onboard,250,Việt Nam,desktop,1.000.000 đ
1695,desktop,desktop,Đã sử dụng (chưa sửa chữa),1,21,Intel Core i5,8.0,Onboard,120,Việt Nam,desktop,1.850.000 đ
1696,desktop,desktop,Mới,9,0,Intel Xeon,32.0,AMD,250,Nước khác,desktop,4.350.000 đ
1697,desktop,desktop,Mới,0,0,Intel Xeon,32.0,Onboard,500,Nước khác,desktop,11.900.000 đ
1698,desktop,desktop,Đã sử dụng (chưa sửa chữa),5,20,Intel Core i5,8.0,Onboard,256,Việt Nam,desktop,3.700.000 đ
1699,desktop,desktop,Mới,12,20,Intel Core i5,32.0,Onboard,512,Nước khác,desktop,8.500.000 đ
1700,desktop,desktop,Đã sử dụng (chưa sửa chữa),0,0,Intel Core i5,8.0,NVIDIA,128,Nước khác,desktop,3.000.000 đ
1701,desktop,desktop,Mới,1,0,Intel Core i5,8.0,NVIDIA,256,Nước khác,desktop,3.980.000 đ
1702,desktop,desktop,Mới,12,0,Intel Core i5,8.0,NVIDIA,256,Việt Nam,desktop,4.580.000 đ
1703,desktop,desktop,Mới,9,21,Intel Xeon,64.0,NVIDIA,512,Việt Nam,desktop,11.000.000 đ
1704,desktop,desktop,Đã sử dụng (chưa sửa chữa),1,0,Intel Xeon,32.0,NVIDIA,256,Nước khác,desktop,9.300.000 đ
1705,desktop,desktop,Mới,12,21,Intel Core i3,8.0,NVIDIA,128,Việt Nam,desktop,6.500.000 đ
1706,desktop,desktop,Đã sử dụng (chưa sửa chữa),0,0,Intel Core i7,16.0,NVIDIA,500,Mỹ,desktop,25.999.999 đ
1707,desktop,desktop,Đã sử dụng (chưa sửa chữa),1,0,Intel Core i5,8.0,Onboard,250,Nước khác,desktop,10.000.000 đ
1708,desktop,desktop,Đã sử dụng (chưa sửa chữa),5,0,Intel Core i3,4.0,Onboard,120,Nước khác,desktop,1.250.000 đ
1709,desktop,desktop,Mới,1,21,Intel Core i5,8.0,NVIDIA,256,Việt Nam,desktop,5.990.000 đ
1710,desktop,desktop,Đã sử dụng (chưa sửa chữa),0,21,Intel Core i5,8.0,NVIDIA,256,Nước khác,desktop,8.900.000 đ
1711,desktop,desktop,Đã sử dụng (chưa sửa chữa),0,0,Intel Core i3,8.0,Onboard,256,Nước khác,desktop,1.600.000 đ
1712,desktop,desktop,Đã sử dụng (chưa sửa chữa),0,0,Intel Core i3,8.0,Onboard,128,Nước khác,desktop,3.600.000 đ
1713,desktop,desktop,Đã sử dụng (chưa sửa chữa),1,20,Intel Core i3,8.0,Onboard,256,Mỹ,desktop,5.390.000 đ
1714,desktop,desktop,Đã sử dụng (chưa sửa chữa),1,21,Intel Core i3,8.0,NVIDIA,250,Nước khác,desktop,7.000.000 đ
1715,desktop,desktop,Mới,1,0,Intel Xeon,32.0,NVIDIA,256,Việt Nam,desktop,4.790.000 đ
1716,desktop,desktop,Mới,1,21,Intel Xeon,32.0,NVIDIA,256,Việt Nam,desktop,4.590.000 đ
1717,desktop,desktop,Đã sử dụng (chưa sửa chữa),2,0,Intel Core i5,8.0,Onboard,128,Nước khác,desktop,1.500.000 đ
1718,desktop,desktop,Mới,1,0,Intel Core i7,32.0,NVIDIA,500,Nước khác,desktop,23.500.000 đ
1719,desktop,desktop,Mới,1,0,Intel Core i7,16.0,Onboard,128,Việt Nam,desktop,130.000 đ
1720,desktop,desktop,Mới,1,21,Intel Core i5,16.0,NVIDIA,256,Việt Nam,desktop,6.580.000 đ
1721,desktop,desktop,Đã sử dụng (chưa sửa chữa),1,0,Intel Core i5,8.0,Onboard,128,Việt Nam,desktop,1.100.000 đ
1722,desktop,desktop,Đã sử dụng (chưa sửa chữa),0,21,Intel Core i5,8.0,Onboard,128,Nước khác,desktop,7.000.000 đ
1723,desktop,desktop,Mới,0,0,Intel Core i5,16.0,NVIDIA,250,Việt Nam,desktop,7.450.000 đ
1724,desktop,desktop,Đã sử dụng (chưa sửa chữa),0,21,Intel Xeon,32.0,NVIDIA,128,Nước khác,desktop,4.800.000 đ
1725,desktop,desktop,Đã sử dụng (chưa sửa chữa),0,21,Intel Core i5,8.0,Onboard,128,Nước khác,desktop,2.500.000 đ
1726,desktop,desktop,Đã sử dụng (chưa sửa chữa),0,21,Intel Core i7,32.0,Onboard,512,Nước khác,desktop,11.800.000 đ
1727,desktop,desktop,Đã sử dụng (chưa sửa chữa),0,0,Intel Core i5,8.0,Onboard,128,Nước khác,desktop,50.000 đ
1728,desktop,desktop,Đã sử dụng (chưa sửa chữa),0,0,Intel Core 2 Duo,4.0,Onboard,250,Nước khác,desktop,800.000 đ
1729,desktop,desktop,Mới,12,21,Intel Core i5,16.0,NVIDIA,256,Việt Nam,desktop,6.500.000 đ
1730,desktop,desktop,Đã sử dụng (chưa sửa chữa),0,0,Intel Xeon,64.0,Onboard,1000,Nước khác,desktop,21.200.000 đ
1731,desktop,desktop,Đã sử dụng (chưa sửa chữa),1,21,Intel Core i5,8.0,Onboard,128,Trung Quốc,desktop,4.000.000 đ
1732,desktop,desktop,Mới,1,21,Intel Xeon,32.0,AMD,256,Việt Nam,desktop,8.000.000 đ
1733,desktop,desktop,Đã sử dụng (chưa sửa chữa),1,0,Intel Core i3,8.0,NVIDIA,128,Nước khác,desktop,1.600.000 đ
1734,desktop,desktop,Mới,12,0,Intel Core i5,16.0,NVIDIA,250,Trung Quốc,desktop,14.000.000 đ
1735,desktop,desktop,Mới,5,0,Intel Quark,16.0,NVIDIA,128,Việt Nam,desktop,5.500.000 đ
1736,desktop,desktop,Đã sử dụng (chưa sửa chữa),1,0,Intel Core i5,16.0,NVIDIA,256,Nước khác,desktop,10.000.000 đ
1737,desktop,desktop,Đã sử dụng (chưa sửa chữa),9,21,Intel Core i5,8.0,Onboard,250,Nước khác,desktop,4.700.000 đ
1738,desktop,desktop,Đã sử dụng (chưa sửa chữa),0,21,Intel Core i7,32.0,NVIDIA,512,Nước khác,desktop,10.990.000 đ
1739,desktop,desktop,Đã sử dụng (chưa sửa chữa),0,16,Intel Core i5,16.0,NVIDIA,1500,Việt Nam,desktop,8.888.888 đ
1740,desktop,desktop,Đã sử dụng (chưa sửa chữa),0,21,Intel Core i3,8.0,NVIDIA,256,Nước khác,desktop,6.000.000 đ
1741,desktop,desktop,Đã sử dụng (chưa sửa chữa),1,21,Intel Core i5,16.0,NVIDIA,500,Nước khác,desktop,12.345.678 đ
1742,desktop,desktop,Đã sử dụng (chưa sửa chữa),0,0,Intel Atom,4.0,Onboard,128,Nước khác,desktop,3.000.000 đ
1743,desktop,desktop,Đã sử dụng (chưa sửa chữa),12,21,Intel Core i3,8.0,NVIDIA,128,Việt Nam,desktop,8.000.000 đ
1744,desktop,desktop,Đã sử dụng (chưa sửa chữa),12,21,Intel Core i5,8.0,NVIDIA,256,Việt Nam,desktop,8.500.000 đ
1745,desktop,desktop,Đã sử dụng (chưa sửa chữa),12,21,Intel Core i5,8.0,NVIDIA,256,Nước khác,desktop,5.500.000 đ
1746,desktop,desktop,Đã sử dụng (chưa sửa chữa),12,21,Intel Core i5,8.0,NVIDIA,500,Nước khác,desktop,1.800.000 đ
1747,desktop,desktop,Đã sử dụng (chưa sửa chữa),0,0,Intel Core i7,16.0,NVIDIA,250,Nước khác,desktop,5.000.000 đ
1748,desktop,desktop,Đã sử dụng (chưa sửa chữa),1,21,Intel Xeon,64.0,NVIDIA,120,Nước khác,desktop,5.500.000 đ
1749,desktop,desktop,Mới,1,0,Intel Xeon,64.0,NVIDIA,320,Việt Nam,desktop,2.900.000 đ
1750,desktop,desktop,Đã sử dụng (chưa sửa chữa),0,21,Intel Xeon,8.0,Onboard,120,Việt Nam,desktop,6.000.000 đ
1751,desktop,desktop,Mới,1,0,Intel Xeon,64.0,AMD,480,Việt Nam,desktop,7.000.000 đ
1752,desktop,desktop,Đã sử dụng (chưa sửa chữa),1,0,Intel Core i3,8.0,Onboard,500,Việt Nam,desktop,800.000 đ
1753,desktop,desktop,Mới,3,21,Intel Core i3,8.0,Onboard,128,Trung Quốc,desktop,4.200.000 đ
1754,desktop,desktop,Đã sử dụng (chưa sửa chữa),12,0,Intel Core i5,16.0,NVIDIA,500,Việt Nam,desktop,8.999.000 đ
1755,desktop,desktop,Đã sử dụng (chưa sửa chữa),0,21,Intel Xeon,16.0,NVIDIA,128,Nước khác,desktop,5.000.000 đ
1756,desktop,desktop,Đã sử dụng (chưa sửa chữa),0,0,Intel Core i3,4.0,Onboard,500,Nước khác,desktop,2.000.000 đ
1757,desktop,desktop,Đã sử dụng (chưa sửa chữa),0,21,Intel Xeon,16.0,NVIDIA,1500,Việt Nam,desktop,6.200.000 đ
1758,desktop,desktop,Đã sử dụng (qua sửa chữa),0,21,Intel Xeon,32.0,AMD,256,Nước khác,desktop,7.000.000 đ
1759,desktop,desktop,Đã sử dụng (chưa sửa chữa),0,0,Intel Core i5,8.0,Onboard,128,Nước khác,desktop,850.000 đ
1760,desktop,desktop,Đã sử dụng (chưa sửa chữa),5,21,Intel Pentium,8.0,Onboard,128,Nước khác,desktop,8.000.000 đ
1761,desktop,desktop,Đã sử dụng (chưa sửa chữa),0,0,Intel Core i3,8.0,Onboard,500,Nước khác,desktop,1.300.000 đ
1762,desktop,desktop,Đã sử dụng (chưa sửa chữa),0,18,Intel Core i3,4.0,Onboard,250,Nước khác,desktop,2.000.000 đ
1763,desktop,desktop,Đã sử dụng (chưa sửa chữa),1,21,Intel Xeon,8.0,NVIDIA,500,Việt Nam,desktop,3.499.000 đ
1764,desktop,desktop,Đã sử dụng (chưa sửa chữa),9,21,Intel Core i5,32.0,AMD,256,Việt Nam,desktop,8.500.000 đ
1765,desktop,desktop,Đã sử dụng (chưa sửa chữa),3,0,Intel Core i5,8.0,Onboard,256,Mỹ,desktop,9.500.000 đ
1766,desktop,desktop,Đã sử dụng (chưa sửa chữa),1,21,Intel Xeon,32.0,AMD,256,Nước khác,desktop,7.400.000 đ
1767,desktop,desktop,Đã sử dụng (chưa sửa chữa),0,21,Intel Core i5,4.0,AMD,1000,Nhật Bản,desktop,4.500.000 đ
1768,desktop,desktop,Đã sử dụng (chưa sửa chữa),0,0,Intel Xeon,8.0,AMD,512,Nước khác,desktop,6.800.000 đ
1769,desktop,desktop,Đã sử dụng (chưa sửa chữa),1,21,Intel Xeon,16.0,AMD,120,Nước khác,desktop,5.900.000 đ
1770,desktop,desktop,Đã sử dụng (chưa sửa chữa),0,20,Intel Xeon,8.0,NVIDIA,256,Nước khác,desktop,7.500.000 đ
1771,desktop,desktop,Đã sử dụng (chưa sửa chữa),1,21,Intel Core i3,8.0,Onboard,256,Nước khác,desktop,7.500.000 đ
1772,desktop,desktop,Đã sử dụng (chưa sửa chữa),1,0,Intel Core i5,16.0,NVIDIA,256,Việt Nam,desktop,7.400.000 đ
1773,desktop,desktop,Mới,12,21,Intel Xeon,32.0,NVIDIA,128,Việt Nam,desktop,6.900.000 đ
1774,desktop,desktop,Đã sử dụng (qua sửa chữa),0,0,Intel Core i5,8.0,Onboard,128,Nước khác,desktop,300.000 đ
1775,desktop,desktop,Đã sử dụng (chưa sửa chữa),1,20,AMD,8.0,AMD,1000,Hàn Quốc,desktop,2.500.000 đ
1776,desktop,desktop,Đã sử dụng (chưa sửa chữa),0,21,Intel Core i7,16.0,NVIDIA,120,Việt Nam,desktop,5.000.000 đ
1777,desktop,desktop,Đã sử dụng (chưa sửa chữa),0,21,Intel Core i3,4.0,Onboard,500,Nước khác,desktop,600.000 đ
1778,desktop,desktop,Đã sử dụng (chưa sửa chữa),0,21,Intel Core i5,8.0,Onboard,128,Nước khác,desktop,3.100.000 đ
1779,desktop,desktop,Mới,0,21,Intel Core i5,8.0,Onboard,256,Nước khác,desktop,2.400.000 đ
1780,desktop,desktop,Mới,0,0,Intel Xeon,8.0,Onboard,128,Mỹ,desktop,22.000.000 đ
1781,desktop,desktop,Mới,0,0,Intel Xeon,64.0,Onboard,128,Mỹ,desktop,15.000.000 đ
1782,desktop,desktop,Đã sử dụng (chưa sửa chữa),0,0,Intel Xeon,64.0,Onboard,128,Nước khác,desktop,7.000.000 đ
1783,desktop,desktop,Đã sử dụng (chưa sửa chữa),0,20,Intel Core i3,8.0,Onboard,128,Nước khác,desktop,1.100.000 đ
1784,desktop,desktop,Đã sử dụng (chưa sửa chữa),3,0,Intel Core i5,8.0,Onboard,128,Mỹ,desktop,2.800.000 đ
1785,desktop,desktop,Đã sử dụng (chưa sửa chữa),9,16,Intel Core i5,2.0,Onboard,128,Trung Quốc,desktop,6.500.000 đ
1786,desktop,desktop,Đã sử dụng (chưa sửa chữa),1,0,Intel Core i3,6.0,NVIDIA,500,Nước khác,desktop,1.300.000 đ
1787,desktop,desktop,Mới,12,0,Intel Xeon,16.0,AMD,128,Việt Nam,desktop,3.600.000 đ
1788,desktop,desktop,Đã sử dụng (chưa sửa chữa),1,20,Intel Core i5,8.0,Onboard,120,Nước khác,desktop,2.500.000 đ
1789,desktop,desktop,Đã sử dụng (chưa sửa chữa),0,0,Intel Core i3,8.0,Onboard,128,Mỹ,desktop,1.500.000 đ
1790,desktop,desktop,Đã sử dụng (chưa sửa chữa),9,0,Intel Xeon,64.0,NVIDIA,1000,Nước khác,desktop,9.000.000 đ
1791,desktop,desktop,Mới,9,16,Intel Core i3,8.0,Onboard,512,Việt Nam,desktop,10.000.000 đ
1792,desktop,desktop,Đã sử dụng (chưa sửa chữa),0,21,Intel Core i5,8.0,Onboard,128,Nước khác,desktop,7.000.000 đ
1793,desktop,desktop,Mới,12,21,Intel Core i5,8.0,NVIDIA,500,Việt Nam,desktop,3.800.000 đ
1794,desktop,desktop,Mới,12,21,Intel Core i5,8.0,NVIDIA,500,Việt Nam,desktop,5.800.000 đ
1795,desktop,desktop,Đã sử dụng (chưa sửa chữa),0,16,AMD,8.0,Onboard,1500,Việt Nam,desktop,3.000.000 đ
1796,desktop,desktop,Đã sử dụng (chưa sửa chữa),3,0,Intel Core i5,8.0,Onboard,256,Nước khác,desktop,800.000 đ
1797,desktop,desktop,Đã sử dụng (chưa sửa chữa),1,20,Intel Core i7,8.0,Onboard,128,Nước khác,desktop,2.250.000 đ
1798,desktop,desktop,Mới,0,0,Intel Core i5,8.0,NVIDIA,128,Nước khác,desktop,5.850.000 đ
1799,desktop,desktop,Đã sử dụng (chưa sửa chữa),0,0,Intel Core i5,8.0,Onboard,128,Nước khác,desktop,220.000 đ
1800,desktop,desktop,Đã sử dụng (chưa sửa chữa),3,21,Intel Core i5,16.0,NVIDIA,128,Nhật Bản,desktop,3.000.000 đ
1801,desktop,desktop,Đã sử dụng (chưa sửa chữa),1,21,Intel Xeon,64.0,AMD,256,Nước khác,desktop,6.300.000 đ
1802,desktop,desktop,Mới,1,21,Intel Core i5,16.0,NVIDIA,500,Việt Nam,desktop,22.400.000 đ
1803,desktop,desktop,Đã sử dụng (chưa sửa chữa),1,0,Intel Core 2 Duo,4.0,Onboard,128,Đài Loan,desktop,500.000 đ
1804,desktop,desktop,Mới,0,21,Intel Core i5,16.0,NVIDIA,250,Việt Nam,desktop,15.000.000 đ
1805,desktop,desktop,Đã sử dụng (chưa sửa chữa),0,0,Intel Core i3,16.0,Onboard,128,Nước khác,desktop,700.000 đ
1806,desktop,desktop,Mới,12,21,Intel Core i5,16.0,NVIDIA,256,Nước khác,desktop,12.400.000 đ
1807,desktop,desktop,Mới,9,0,Intel Atom,16.0,NVIDIA,256,Việt Nam,desktop,12.000.000 đ
1808,desktop,desktop,Mới,9,21,Intel Atom,16.0,NVIDIA,256,Việt Nam,desktop,9.000.000 đ
1809,desktop,desktop,Đã sử dụng (chưa sửa chữa),5,21,Intel Core i5,8.0,Onboard,512,Việt Nam,desktop,25.000.000 đ
1810,desktop,desktop,Đã sử dụng (chưa sửa chữa),1,0,Intel Core i3,16.0,NVIDIA,256,Nước khác,desktop,5.000.000 đ
1811,desktop,desktop,Mới,1,21,Intel Core i5,16.0,Onboard,512,Việt Nam,desktop,15.950.000 đ
1812,desktop,desktop,Đã sử dụng (chưa sửa chữa),12,0,Intel Xeon,32.0,NVIDIA,256,Nước khác,desktop,6.500.000 đ
1813,desktop,desktop,Mới,1,21,Intel Core i7,16.0,Onboard,256,Việt Nam,desktop,7.850.000 đ
1814,desktop,desktop,Đã sử dụng (qua sửa chữa),5,20,Intel Core i5,8.0,Onboard,128,Nước khác,desktop,3.650.000 đ
1815,desktop,desktop,Đã sử dụng (chưa sửa chữa),3,20,Intel Core i3,2.0,Onboard,128,Hàn Quốc,desktop,2.500.000 đ
1816,desktop,desktop,Đã sử dụng (chưa sửa chữa),1,20,Intel Core i3,16.0,AMD,256,Việt Nam,desktop,4.000.000 đ
1817,desktop,desktop,Đã sử dụng (chưa sửa chữa),0,0,Intel Core i7,16.0,NVIDIA,256,Việt Nam,desktop,5.700.000 đ
1818,desktop,desktop,Mới,9,0,Intel Core i7,16.0,NVIDIA,250,Việt Nam,desktop,11.750.000 đ
1819,desktop,desktop,Đã sử dụng (chưa sửa chữa),0,0,Intel Core i5,16.0,AMD,256,Nước khác,desktop,6.500.000 đ
1820,desktop,desktop,Đã sử dụng (chưa sửa chữa),0,20,Intel Core i5,8.0,Onboard,128,Việt Nam,desktop,1.000.000 đ
1821,desktop,desktop,Đã sử dụng (chưa sửa chữa),1,21,Intel Core i3,8.0,NVIDIA,128,Nước khác,desktop,4.800.000 đ
1822,desktop,desktop,Mới,1,21,Intel Xeon,32.0,NVIDIA,256,Việt Nam,desktop,7.200.000 đ
1823,desktop,desktop,Đã sử dụng (qua sửa chữa),0,0,Intel Xeon,8.0,Onboard,128,Nước khác,desktop,650.000 đ
1824,desktop,desktop,Đã sử dụng (chưa sửa chữa),0,20,Intel Core i5,8.0,Onboard,128,Nước khác,desktop,2.000.000 đ
1825,desktop,desktop,Đã sử dụng (qua sửa chữa),1,0,Intel Core i5,16.0,NVIDIA,512,Nước khác,desktop,15.990.000 đ
1826,desktop,desktop,Đã sử dụng (chưa sửa chữa),1,20,Intel Xeon,8.0,NVIDIA,250,Nước khác,desktop,1.500.000 đ
1827,desktop,desktop,Đã sử dụng (chưa sửa chữa),0,0,Intel Pentium,2.0,Onboard,128,Nước khác,desktop,150.000 đ
1828,desktop,desktop,Mới,12,21,Intel Core i3,16.0,NVIDIA,128,Việt Nam,desktop,8.490.000 đ
1829,desktop,desktop,Đã sử dụng (chưa sửa chữa),1,0,Ryzen 3,16.0,NVIDIA,500,Việt Nam,desktop,8.100.000 đ
1830,desktop,desktop,Đã sử dụng (chưa sửa chữa),0,21,Intel Xeon,16.0,NVIDIA,1000,Nước khác,desktop,5.500.000 đ
1831,desktop,desktop,Mới,5,21,Intel Core i5,8.0,Onboard,128,Việt Nam,desktop,5.700.000 đ
1832,desktop,desktop,Đã sử dụng (chưa sửa chữa),1,0,Intel Core i3,16.0,NVIDIA,250,Việt Nam,desktop,9.600.000 đ
1833,desktop,desktop,Đã sử dụng (qua sửa chữa),0,0,AMD,16.0,NVIDIA,256,Nước khác,desktop,4.800.000 đ
1834,desktop,desktop,Đã sử dụng (chưa sửa chữa),0,0,Intel Core i5,16.0,NVIDIA,128,Việt Nam,desktop,3.800.000 đ
1835,desktop,desktop,Đã sử dụng (chưa sửa chữa),0,0,Intel Core i5,8.0,Onboard,128,Nước khác,desktop,1.550.000 đ
1836,desktop,desktop,Đã sử dụng (chưa sửa chữa),3,21,Intel Core i3,16.0,NVIDIA,250,Nước khác,desktop,6.100.000 đ
1837,desktop,desktop,Đã sử dụng (chưa sửa chữa),3,0,Intel Core i5,8.0,NVIDIA,256,Nước khác,desktop,4.900.000 đ
1838,desktop,desktop,Đã sử dụng (chưa sửa chữa),3,20,Intel Core i5,8.0,Onboard,250,Việt Nam,desktop,3.800.000 đ
1839,desktop,desktop,Đã sử dụng (chưa sửa chữa),3,18,Intel Core i3,4.0,Onboard,128,Nước khác,desktop,1.550.000 đ
1840,desktop,desktop,Mới,12,0,Intel Pentium,8.0,Onboard,256,Trung Quốc,desktop,3.950.000 đ
1841,desktop,desktop,Mới,12,0,Intel Core i3,16.0,AMD,256,Việt Nam,desktop,9.500.000 đ
1842,desktop,desktop,Đã sử dụng (chưa sửa chữa),0,21,Intel Core i5,16.0,Onboard,256,Hàn Quốc,desktop,12.000.000 đ
1843,desktop,desktop,Đã sử dụng (chưa sửa chữa),0,0,Intel Core i5,8.0,Onboard,128,Nước khác,desktop,7.700.000 đ
1844,desktop,desktop,Đã sử dụng (chưa sửa chữa),0,0,Intel Core i3,8.0,Onboard,128,Nước khác,desktop,2.200.000 đ
1845,desktop,desktop,Đã sử dụng (chưa sửa chữa),1,0,Intel Xeon,16.0,AMD,120,Nước khác,desktop,4.200.000 đ
1846,desktop,desktop,Đã sử dụng (chưa sửa chữa),12,21,Intel Core i5,32.0,NVIDIA,1500,Việt Nam,desktop,14.100.000 đ
1847,desktop,desktop,Đã sử dụng (chưa sửa chữa),0,20,Intel Core i3,4.0,Onboard,320,Nước khác,desktop,1.800.000 đ
1848,desktop,desktop,Đã sử dụng (chưa sửa chữa),1,21,Intel Core i7,16.0,Onboard,512,Nước khác,desktop,6.000.000 đ
1849,desktop,desktop,Đã sử dụng (chưa sửa chữa),0,0,Intel Core i5,16.0,Onboard,256,Nước khác,desktop,5.990.000 đ
1850,desktop,desktop,Đã sử dụng (chưa sửa chữa),12,21,Intel Core i7,64.0,NVIDIA,1500,Việt Nam,desktop,30.000.000 đ
1851,desktop,desktop,Đã sử dụng (chưa sửa chữa),0,18,Intel Celeron,4.0,Onboard,128,Nước khác,desktop,1.100.000 đ
1852,desktop,desktop,Đã sử dụng (chưa sửa chữa),0,0,Intel Core 2 Duo,4.0,Onboard,120,Nước khác,desktop,700.000 đ
1853,desktop,desktop,Mới,1,21,Intel Core i5,16.0,NVIDIA,256,Nước khác,desktop,14.300.000 đ
1854,desktop,desktop,Đã sử dụng (chưa sửa chữa),0,0,Intel Core i3,6.0,Onboard,128,Nước khác,desktop,900.000 đ
1855,desktop,desktop,Đã sử dụng (chưa sửa chữa),0,0,Intel Core i7,16.0,NVIDIA,128,Việt Nam,desktop,3.500.000 đ
1856,desktop,desktop,Đã sử dụng (chưa sửa chữa),1,0,Intel Core i3,8.0,NVIDIA,256,Việt Nam,desktop,4.800.000 đ
1857,desktop,desktop,Đã sử dụng (chưa sửa chữa),1,0,Intel Core i7,8.0,Onboard,120,Nước khác,desktop,2.500.000 đ
1858,desktop,desktop,Đã sử dụng (chưa sửa chữa),1,20,Intel Core i3,8.0,Onboard,128,Nước khác,desktop,3.900.000 đ
1859,desktop,desktop,Đã sử dụng (chưa sửa chữa),0,0,Intel Core 2 Quad,4.0,Onboard,128,Nước khác,desktop,680.000 đ
1860,desktop,desktop,Đã sử dụng (chưa sửa chữa),1,0,Intel Xeon,16.0,AMD,256,Việt Nam,desktop,4.999.000 đ
1861,desktop,desktop,Mới,12,0,Intel Core i5,16.0,NVIDIA,256,Việt Nam,desktop,15.100.000 đ
1862,desktop,desktop,Đã sử dụng (chưa sửa chữa),2,20,Intel Core i5,8.0,Onboard,128,Mỹ,desktop,3.200.000 đ
1863,desktop,desktop,Đã sử dụng (chưa sửa chữa),0,21,Intel Core i5,4.0,Onboard,128,Việt Nam,desktop,2.500.000 đ
1864,desktop,desktop,Đã sử dụng (chưa sửa chữa),0,21,AMD,32.0,NVIDIA,256,Nước khác,desktop,6.000.000 đ
1865,desktop,desktop,Đã sử dụng (chưa sửa chữa),5,18,Intel Core i5,8.0,Onboard,128,Việt Nam,desktop,2.350.000 đ
1866,desktop,desktop,Mới,0,0,Intel Core i5,8.0,NVIDIA,256,Việt Nam,desktop,6.000.000 đ
1867,desktop,desktop,Mới,12,21,Intel Core i5,8.0,NVIDIA,128,Việt Nam,desktop,5.500.000 đ
1868,desktop,desktop,Đã sử dụng (chưa sửa chữa),1,16,Intel Core i3,8.0,AMD,120,Việt Nam,desktop,3.200.000 đ
1869,desktop,desktop,Đã sử dụng (chưa sửa chữa),0,0,Intel Core i5,8.0,NVIDIA,128,Nước khác,desktop,3.400.000 đ
1870,desktop,desktop,Đã sử dụng (chưa sửa chữa),9,0,Intel Xeon,64.0,NVIDIA,1500,Việt Nam,desktop,15.000.000 đ
1871,desktop,desktop,Đã sử dụng (chưa sửa chữa),3,21,Intel Xeon,16.0,AMD,250,Việt Nam,desktop,6.650.000 đ
1872,desktop,desktop,Đã sử dụng (chưa sửa chữa),1,20,Intel Core i3,4.0,Onboard,128,Nước khác,desktop,2.000.000 đ
1873,desktop,desktop,Đã sử dụng (chưa sửa chữa),9,0,Intel Xeon,64.0,NVIDIA,512,Nước khác,desktop,35.500.000 đ
1874,desktop,desktop,Đã sử dụng (chưa sửa chữa),3,21,Intel Core i3,8.0,Onboard,256,Nhật Bản,desktop,7.500.000 đ
1875,desktop,desktop,Đã sử dụng (chưa sửa chữa),1,21,Intel Core i5,8.0,NVIDIA,256,Việt Nam,desktop,4.500.000 đ
1876,desktop,desktop,Đã sử dụng (chưa sửa chữa),1,21,Intel Core i5,8.0,NVIDIA,256,Việt Nam,desktop,2.300.000 đ
1877,desktop,desktop,Đã sử dụng (chưa sửa chữa),5,21,Intel Core i7,16.0,NVIDIA,500,Việt Nam,desktop,450.000 đ
1878,desktop,desktop,Đã sử dụng (chưa sửa chữa),3,20,AMD,8.0,AMD,128,Trung Quốc,desktop,3.900.000 đ
1879,desktop,desktop,Đã sử dụng (chưa sửa chữa),0,0,Intel Core i5,16.0,Onboard,128,Mỹ,desktop,4.900.000 đ
1880,desktop,desktop,Đã sử dụng (chưa sửa chữa),3,21,Intel Core i5,16.0,NVIDIA,480,Việt Nam,desktop,8.670.000 đ
1881,desktop,desktop,Mới,3,21,Intel Core i5,8.0,Onboard,128,Nhật Bản,desktop,3.500.000 đ
1882,desktop,desktop,Mới,12,21,Intel Core i5,8.0,NVIDIA,500,Việt Nam,desktop,8.500.000 đ
1883,desktop,desktop,Đã sử dụng (chưa sửa chữa),12,21,Intel Core i5,8.0,Onboard,500,Việt Nam,desktop,1.800.000 đ
1884,desktop,desktop,Đã sử dụng (chưa sửa chữa),12,21,Intel Core i5,8.0,NVIDIA,120,Nhật Bản,desktop,1.800.000 đ
1885,desktop,desktop,Mới,12,21,Intel Core i5,8.0,NVIDIA,128,Việt Nam,desktop,5.800.000 đ
1886,desktop,desktop,Đã sử dụng (chưa sửa chữa),3,0,Intel Core i5,8.0,NVIDIA,120,Nước khác,desktop,3.900.000 đ
1887,desktop,desktop,Đã sử dụng (chưa sửa chữa),0,0,Intel Core i3,8.0,Onboard,256,Nước khác,desktop,3.290.000 đ
1888,desktop,desktop,Mới,12,21,Intel Xeon,64.0,NVIDIA,256,Việt Nam,desktop,10.500.000 đ
1889,desktop,desktop,Mới,9,21,Intel Xeon,32.0,NVIDIA,500,Việt Nam,desktop,10.500.000 đ
1890,desktop,desktop,Đã sử dụng (chưa sửa chữa),12,21,Intel Core i5,16.0,NVIDIA,256,Nước khác,desktop,8.300.000 đ
1891,desktop,desktop,Đã sử dụng (chưa sửa chữa),0,0,Intel Core i5,8.0,AMD,256,Nước khác,desktop,4.500.000 đ
1892,desktop,desktop,Đã sử dụng (qua sửa chữa),0,21,Intel Core 2 Duo,4.0,Onboard,250,Nước khác,desktop,7.000.000 đ
1893,desktop,desktop,Mới,0,0,Intel Core i5,16.0,NVIDIA,256,Việt Nam,desktop,10.500.000 đ
1894,desktop,desktop,Mới,12,21,Intel Xeon,64.0,NVIDIA,256,Việt Nam,desktop,13.500.000 đ
1895,desktop,desktop,Đã sử dụng (chưa sửa chữa),1,21,Intel Core i3,16.0,AMD,512,Nước khác,desktop,10.200.000 đ
1896,desktop,desktop,Mới,12,21,Intel Core i5,8.0,NVIDIA,250,Việt Nam,desktop,8.500.000 đ
1897,desktop,desktop,Đã sử dụng (chưa sửa chữa),0,21,Intel Core i5,8.0,AMD,128,Nước khác,desktop,7.200.000 đ
1898,desktop,desktop,Đã sử dụng (chưa sửa chữa),0,0,Intel Core i3,8.0,Onboard,250,Nước khác,desktop,750.000 đ
1899,desktop,desktop,Mới,1,0,Intel Core i3,16.0,AMD,256,Việt Nam,desktop,9.950.000 đ
1900,desktop,desktop,Đã sử dụng (chưa sửa chữa),0,21,Intel Core i5,16.0,NVIDIA,250,Nước khác,desktop,5.650.000 đ
1901,desktop,desktop,Mới,12,0,Intel Core i5,16.0,NVIDIA,512,Việt Nam,desktop,22.690.000 đ
1902,desktop,desktop,Đã sử dụng (chưa sửa chữa),0,0,AMD,8.0,Onboard,128,Nước khác,desktop,1.100.000 đ
1903,desktop,desktop,Đã sử dụng (chưa sửa chữa),3,0,Intel Core i5,8.0,AMD,256,Nước khác,desktop,6.800.000 đ
1904,desktop,desktop,Đã sử dụng (chưa sửa chữa),1,0,Intel Xeon,32.0,NVIDIA,256,Nước khác,desktop,6.500.000 đ
1905,desktop,desktop,Đã sử dụng (chưa sửa chữa),0,18,Intel Xeon,16.0,NVIDIA,256,Nước khác,desktop,10.000.000 đ
1906,desktop,desktop,Đã sử dụng (chưa sửa chữa),1,21,Intel Core i3,16.0,NVIDIA,250,Nước khác,desktop,2.000.000 đ
1907,desktop,desktop,Đã sử dụng (chưa sửa chữa),1,21,Intel Xeon,32.0,AMD,256,Nước khác,desktop,8.000.000 đ
1908,desktop,desktop,Đã sử dụng (chưa sửa chữa),1,20,Intel Core i3,8.0,NVIDIA,128,Nước khác,desktop,4.300.000 đ
1909,desktop,desktop,Đã sử dụng (chưa sửa chữa),0,0,Intel Core i5,8.0,Onboard,128,Nước khác,desktop,200.000 đ
1910,desktop,desktop,Đã sử dụng (chưa sửa chữa),0,0,Intel Core i5,8.0,NVIDIA,128,Nước khác,desktop,5.000.000 đ
1911,desktop,desktop,Đã sử dụng (chưa sửa chữa),12,21,Intel Core i5,16.0,Onboard,512,Nước khác,desktop,6.999.000 đ
1912,desktop,desktop,Đã sử dụng (chưa sửa chữa),0,0,Intel Core i5,16.0,Onboard,128,Nước khác,desktop,2.400.000 đ
1913,desktop,desktop,Đã sử dụng (chưa sửa chữa),1,0,Intel Xeon,8.0,NVIDIA,250,Nước khác,desktop,1.700.000 đ
1914,desktop,desktop,Đã sử dụng (chưa sửa chữa),0,18,Intel Core i5,8.0,Onboard,250,Nước khác,desktop,700.000 đ
1915,desktop,desktop,Mới,1,21,Intel Core i3,16.0,AMD,256,Việt Nam,desktop,10.000.000 đ
1916,desktop,desktop,Đã sử dụng (chưa sửa chữa),9,21,Intel Xeon,32.0,Onboard,256,Nước khác,desktop,7.700.000 đ
1917,desktop,desktop,Đã sử dụng (chưa sửa chữa),0,21,Intel Core i5,8.0,NVIDIA,128,Việt Nam,desktop,6.500.000 đ
1918,desktop,desktop,Mới,1,0,Intel Core i5,16.0,NVIDIA,256,Nước khác,desktop,7.800.000 đ
1919,desktop,desktop,Đã sử dụng (chưa sửa chữa),12,0,Intel Core i3,16.0,NVIDIA,256,Nước khác,desktop,8.800.000 đ
1920,desktop,desktop,Mới,1,0,Intel Core i7,32.0,NVIDIA,512,Nước khác,desktop,17.000.000 đ
1921,desktop,desktop,Mới,9,0,Intel Xeon,32.0,NVIDIA,128,Việt Nam,desktop,5.400.000 đ
1922,desktop,desktop,Đã sử dụng (chưa sửa chữa),12,16,Intel Core i5,4.0,Onboard,256,Nước khác,desktop,15.000.000 đ
1923,desktop,desktop,Đã sử dụng (chưa sửa chữa),0,0,Intel Core i5,16.0,Onboard,256,Mỹ,desktop,3.850.000 đ
1924,desktop,desktop,Mới,12,21,Intel Core i7,16.0,Onboard,500,Nước khác,desktop,9.500.000 đ
1925,desktop,desktop,Đã sử dụng (chưa sửa chữa),5,0,Intel Core i5,8.0,Onboard,120,Nước khác,desktop,1.530.000 đ
1926,desktop,desktop,Mới,0,21,Intel Core i5,8.0,NVIDIA,120,Việt Nam,desktop,5.650.000 đ
1927,desktop,desktop,Mới,9,0,Intel Xeon,16.0,NVIDIA,256,Nước khác,desktop,3.900.000 đ
1928,desktop,desktop,Mới,9,0,Intel Xeon,32.0,NVIDIA,128,Trung Quốc,desktop,3.700.000 đ
1929,desktop,desktop,Đã sử dụng (chưa sửa chữa),0,0,Intel Core i7,8.0,NVIDIA,128,Nước khác,desktop,6.300.000 đ
1930,desktop,desktop,Mới,9,21,Intel Xeon,16.0,NVIDIA,256,Nước khác,desktop,6.800.000 đ
1931,desktop,desktop,Đã sử dụng (chưa sửa chữa),1,20,Intel Core i5,8.0,NVIDIA,128,Việt Nam,desktop,1.800.000 đ
1932,desktop,desktop,Đã sử dụng (chưa sửa chữa),0,0,Intel Core i5,16.0,Onboard,128,Nước khác,desktop,3.500.000 đ
1933,desktop,desktop,Mới,1,0,Intel Core i7,64.0,NVIDIA,128,Nước khác,desktop,3.450.000 đ
1934,desktop,desktop,Đã sử dụng (chưa sửa chữa),0,20,Intel Pentium,8.0,Onboard,500,Việt Nam,desktop,1.950.000 đ
1935,desktop,desktop,Mới,1,0,Intel Core i3,16.0,NVIDIA,256,Nước khác,desktop,9.700.000 đ
1936,desktop,desktop,Mới,12,21,Intel Core i5,16.0,NVIDIA,256,Mỹ,desktop,7.900.000 đ
1937,desktop,desktop,Đã sử dụng (chưa sửa chữa),0,0,Intel Core i3,4.0,Onboard,128,Nước khác,desktop,800.000 đ
1938,desktop,desktop,Đã sử dụng (chưa sửa chữa),3,20,Intel Core i3,8.0,Onboard,128,Nước khác,desktop,1.990.000 đ
1939,desktop,desktop,Đã sử dụng (chưa sửa chữa),1,20,AMD,8.0,NVIDIA,128,Nước khác,desktop,1.600.000 đ
1940,desktop,desktop,Mới,9,21,Intel Core i3,8.0,Onboard,128,Việt Nam,desktop,4.490.000 đ
1941,desktop,desktop,Mới,1,21,Intel Core i5,16.0,NVIDIA,500,Việt Nam,desktop,17.350.000 đ
1942,desktop,desktop,Đã sử dụng (chưa sửa chữa),1,21,Intel Core i5,8.0,AMD,256,Việt Nam,desktop,8.200.000 đ
1943,desktop,desktop,Đã sử dụng (chưa sửa chữa),0,0,Intel Core i7,32.0,NVIDIA,500,Nước khác,desktop,12.500.000 đ
1944,desktop,desktop,Đã sử dụng (chưa sửa chữa),0,21,Intel Core i5,16.0,Onboard,512,Việt Nam,desktop,35.000.000 đ
1945,desktop,desktop,Mới,12,21,Intel Core i7,16.0,NVIDIA,500,Mỹ,desktop,12.900.000 đ
1946,desktop,desktop,Đã sử dụng (chưa sửa chữa),5,20,Intel Core i5,4.0,NVIDIA,128,Việt Nam,desktop,2.200.000 đ
1947,desktop,desktop,Đã sử dụng (qua sửa chữa),0,20,Intel Core i5,8.0,Onboard,256,Nước khác,desktop,1.800.000 đ
1948,desktop,desktop,Đã sử dụng (chưa sửa chữa),2,0,Intel Pentium,4.0,Onboard,128,Việt Nam,desktop,1.000.000 đ
1949,desktop,desktop,Đã sử dụng (chưa sửa chữa),0,21,Intel Core i5,16.0,Onboard,250,Nước khác,desktop,138.888 đ
1950,desktop,desktop,Đã sử dụng (chưa sửa chữa),3,21,Intel Core i5,16.0,NVIDIA,256,Việt Nam,desktop,13.900.000 đ
1951,desktop,desktop,Đã sử dụng (chưa sửa chữa),0,18,Intel Core i5,8.0,NVIDIA,128,Nước khác,desktop,4.600.000 đ
1952,desktop,desktop,Đã sử dụng (chưa sửa chữa),0,0,Intel Core i3,8.0,Onboard,120,Nước khác,desktop,800.000 đ
1953,desktop,desktop,Đã sử dụng (chưa sửa chữa),3,0,Intel Core i5,8.0,Onboard,256,Việt Nam,desktop,11.000.000 đ
1954,desktop,desktop,Mới,0,21,Intel Core i5,8.0,NVIDIA,120,Nước khác,desktop,4.600.000 đ
1955,desktop,desktop,Đã sử dụng (chưa sửa chữa),1,18,Intel Core 2 Duo,4.0,Onboard,128,Nước khác,desktop,1.180.000 đ
1956,desktop,desktop,Đã sử dụng (qua sửa chữa),1,21,Intel Xeon,16.0,AMD,120,Nước khác,desktop,5.900.000 đ
1957,desktop,desktop,Đã sử dụng (chưa sửa chữa),3,20,Intel Core i3,8.0,Onboard,250,Nước khác,desktop,4.000.000 đ
1958,desktop,desktop,Đã sử dụng (chưa sửa chữa),1,21,Intel Core i5,8.0,AMD,128,Nước khác,desktop,3.900.000 đ
1959,desktop,desktop,Đã sử dụng (chưa sửa chữa),0,21,Intel Core i3,16.0,NVIDIA,256,Việt Nam,desktop,9.600.000 đ
1960,desktop,desktop,Đã sử dụng (chưa sửa chữa),0,20,Intel Core i3,8.0,Onboard,128,Việt Nam,desktop,2.200.000 đ
1961,desktop,desktop,Đã sử dụng (chưa sửa chữa),1,18,Intel Core i3,8.0,Onboard,128,Nước khác,desktop,2.190.000 đ
1962,desktop,desktop,Đã sử dụng (chưa sửa chữa),0,18,Intel Core i5,8.0,NVIDIA,128,Nước khác,desktop,2.300.000 đ
1963,desktop,desktop,Đã sử dụng (chưa sửa chữa),1,21,Intel Xeon,64.0,AMD,500,Việt Nam,desktop,12.800.000 đ
1964,desktop,desktop,Đã sử dụng (chưa sửa chữa),12,21,Intel Core i9,32.0,NVIDIA,1000,Việt Nam,desktop,26.900.000 đ
1965,desktop,desktop,Đã sử dụng (chưa sửa chữa),1,18,Intel Xeon,16.0,AMD,500,Việt Nam,desktop,6.800.000 đ
1966,desktop,desktop,Mới,9,21,Intel Xeon,32.0,NVIDIA,128,Việt Nam,desktop,7.800.000 đ
1967,desktop,desktop,Mới,12,0,Intel Core i5,16.0,AMD,256,Việt Nam,desktop,16.999.999 đ
1968,desktop,desktop,Đã sử dụng (chưa sửa chữa),1,0,Intel Core i5,16.0,AMD,128,Việt Nam,desktop,7.500.000 đ
1969,desktop,desktop,Mới,12,0,Intel Core i5,8.0,AMD,256,Nước khác,desktop,10.800.000 đ
1970,desktop,desktop,Mới,12,21,Intel Core i5,16.0,NVIDIA,256,Nước khác,desktop,11.000.000 đ
1971,desktop,desktop,Mới,12,0,Intel Core i3,8.0,AMD,256,Nước khác,desktop,9.500.000 đ
1972,desktop,desktop,Đã sử dụng (chưa sửa chữa),5,0,Intel Core i5,16.0,AMD,256,Nước khác,desktop,10.999.999 đ
1973,desktop,desktop,Đã sử dụng (chưa sửa chữa),1,21,Ryzen 3,8.0,AMD,128,Nước khác,desktop,5.200.000 đ
1974,desktop,desktop,Đã sử dụng (chưa sửa chữa),1,21,Intel Core i3,8.0,NVIDIA,128,Nước khác,desktop,7.777.777 đ
1975,desktop,desktop,Đã sử dụng (chưa sửa chữa),1,21,Intel Core i5,8.0,AMD,128,Việt Nam,desktop,7.500.000 đ
1976,desktop,desktop,Mới,1,0,Intel Core i5,16.0,AMD,256,Việt Nam,desktop,15.500.000 đ
1977,desktop,desktop,Đã sử dụng (chưa sửa chữa),3,0,Intel Xeon,16.0,Onboard,250,Nước khác,desktop,7.700.000 đ
1978,desktop,desktop,Đã sử dụng (chưa sửa chữa),0,16,Intel Core i5,64.0,Onboard,120,Việt Nam,desktop,1.000.000 đ
1979,desktop,desktop,Đã sử dụng (chưa sửa chữa),1,0,Intel Core i3,6.0,Onboard,128,Nước khác,desktop,1.950.000 đ
1980,desktop,desktop,Mới,9,20,Intel Core i5,8.0,Onboard,128,Việt Nam,desktop,5.500.000 đ
1981,desktop,desktop,Mới,1,21,Intel Xeon,64.0,AMD,250,Việt Nam,desktop,9.200.000 đ
1982,desktop,desktop,Đã sử dụng (chưa sửa chữa),3,21,Intel Core i5,8.0,Onboard,1000,Việt Nam,desktop,6.500.000 đ
1983,desktop,desktop,Mới,12,0,Intel Core i5,8.0,Onboard,256,Mỹ,desktop,6.900.000 đ
1984,desktop,desktop,Đã sử dụng (chưa sửa chữa),3,0,Intel Core i5,8.0,NVIDIA,128,Nước khác,desktop,2.000.000 đ
1985,desktop,desktop,Đã sử dụng (chưa sửa chữa),1,21,Intel Core i5,32.0,Onboard,512,Mỹ,desktop,9.999.990 đ
1986,desktop,desktop,Mới,12,21,Intel Core i5,16.0,NVIDIA,256,Nước khác,desktop,10.490.000 đ
1987,desktop,desktop,Mới,12,0,Intel Core i5,16.0,AMD,256,Nước khác,desktop,8.890.000 đ
1988,desktop,desktop,Đã sử dụng (chưa sửa chữa),0,21,Intel Core i5,16.0,NVIDIA,1000,Nước khác,desktop,7.300.000 đ
1989,desktop,desktop,Đã sử dụng (chưa sửa chữa),3,21,Intel Core i5,8.0,Onboard,256,Nhật Bản,desktop,20.500.000 đ
1990,desktop,desktop,Đã sử dụng (qua sửa chữa),0,0,Intel Core 2 Duo,2.0,Onboard,250,Nước khác,desktop,500.000 đ
1991,desktop,desktop,Đã sử dụng (chưa sửa chữa),1,0,Intel Core i7,8.0,NVIDIA,128,Nước khác,desktop,6.300.000 đ
1992,desktop,desktop,Đã sử dụng (chưa sửa chữa),0,20,Intel Core 2 Duo,8.0,Onboard,128,Nước khác,desktop,1.300.000 đ
1993,desktop,desktop,Đã sử dụng (chưa sửa chữa),1,0,Intel Core i5,16.0,NVIDIA,256,Việt Nam,desktop,9.650.000 đ
1994,desktop,desktop,Mới,0,0,Intel Core i3,8.0,NVIDIA,128,Nước khác,desktop,6.300.000 đ
1995,desktop,desktop,Đã sử dụng (chưa sửa chữa),12,0,Intel Core i5,32.0,NVIDIA,512,Nước khác,desktop,11.900.000 đ
1996,desktop,desktop,Đã sử dụng (chưa sửa chữa),0,21,Intel Core i5,16.0,Onboard,250,Nước khác,desktop,10.900.000 đ
1997,desktop,desktop,Đã sử dụng (chưa sửa chữa),0,16,Intel Core i3,4.0,Onboard,120,Việt Nam,desktop,1.600.000 đ
1998,desktop,desktop,Đã sử dụng (chưa sửa chữa),12,21,Intel Core i5,16.0,Onboard,512,Mỹ,desktop,9.900.000 đ
1999,desktop,desktop,Đã sử dụng (chưa sửa chữa),3,0,Intel Core i7,32.0,Onboard,250,Việt Nam,desktop,6.000.000 đ
2000,desktop,desktop,Đã sử dụng (chưa sửa chữa),1,21,Intel Core i3,16.0,NVIDIA,1500,Việt Nam,desktop,8.500.000 đ
2001,desktop,desktop,Đã sử dụng (chưa sửa chữa),1,21,Intel Core i5,16.0,Onboard,512,Việt Nam,desktop,15.000.000 đ
2002,desktop,desktop,Đã sử dụng (chưa sửa chữa),0,20,Intel Core i3,4.0,Onboard,500,Việt Nam,desktop,3.200.000 đ
2003,desktop,desktop,Mới,12,0,Intel Core i5,6.0,NVIDIA,120,Việt Nam,desktop,3.500.000 đ
2004,desktop,desktop,Đã sử dụng (chưa sửa chữa),1,0,Intel Xeon,16.0,AMD,128,Nước khác,desktop,4.700.000 đ
2005,desktop,desktop,Đã sử dụng (chưa sửa chữa),0,0,Intel Xeon,32.0,AMD,256,Nước khác,desktop,5.700.000 đ
2006,desktop,desktop,Mới,12,21,Intel Core i5,16.0,NVIDIA,256,Nước khác,desktop,12.500.000 đ
2007,desktop,desktop,Đã sử dụng (chưa sửa chữa),0,21,Intel Core i3,8.0,AMD,500,Nước khác,desktop,6.700.000 đ
2008,desktop,desktop,Đã sử dụng (chưa sửa chữa),0,21,Intel Core i3,8.0,Onboard,500,Nước khác,desktop,7.200.000 đ
2009,desktop,desktop,Đã sử dụng (chưa sửa chữa),0,0,Intel Core i7,8.0,NVIDIA,128,Nước khác,desktop,2.500.000 đ
2010,desktop,desktop,Đã sử dụng (chưa sửa chữa),3,20,Intel Core i3,8.0,Onboard,500,Nước khác,desktop,2.600.000 đ
2011,desktop,desktop,Đã sử dụng (chưa sửa chữa),1,20,Intel Core i7,8.0,AMD,256,Nước khác,desktop,4.500.000 đ
2012,desktop,desktop,Đã sử dụng (chưa sửa chữa),0,21,Intel Core i3,8.0,NVIDIA,256,Nước khác,desktop,6.500.000 đ
2013,desktop,desktop,Đã sử dụng (chưa sửa chữa),0,0,Intel Core i3,8.0,Onboard,256,Nước khác,desktop,2.350.000 đ
2014,desktop,desktop,Đã sử dụng (chưa sửa chữa),0,0,Intel Xeon,64.0,NVIDIA,512,Nước khác,desktop,23.500.000 đ
2015,desktop,desktop,Đã sử dụng (qua sửa chữa),0,0,Intel Core i5,8.0,Onboard,128,Nước khác,desktop,5.500.000 đ
2016,desktop,desktop,Mới,3,20,Intel Core i5,8.0,Onboard,128,Việt Nam,desktop,3.200.000 đ
2017,desktop,desktop,Mới,0,0,Intel Core i5,8.0,Onboard,1000,Mỹ,desktop,5.000.000 đ
2018,desktop,desktop,Mới,0,0,Intel Xeon,32.0,Onboard,256,Đài Loan,desktop,7.200.000 đ
2019,desktop,desktop,Mới,5,21,Ryzen 9,16.0,NVIDIA,320,Mỹ,desktop,90.000.000 đ
2020,desktop,desktop,Đã sử dụng (chưa sửa chữa),1,0,Intel Core i5,8.0,Onboard,128,Việt Nam,desktop,2.300.000 đ
2021,desktop,desktop,Đã sử dụng (chưa sửa chữa),0,21,Intel Core i3,16.0,NVIDIA,128,Việt Nam,desktop,7.100.000 đ
2022,desktop,desktop,Mới,12,21,Intel Core i5,64.0,Onboard,1500,Việt Nam,desktop,3.000.000 đ
2023,desktop,desktop,Mới,1,21,Intel Core i3,8.0,NVIDIA,256,Việt Nam,desktop,5.999.999 đ
2024,desktop,desktop,Đã sử dụng (chưa sửa chữa),0,21,Intel Core i3,16.0,AMD,500,Nước khác,desktop,5.800.000 đ
2025,desktop,desktop,Đã sử dụng (chưa sửa chữa),12,21,Intel Core i7,64.0,NVIDIA,500,Nước khác,desktop,35.000.000 đ
2026,desktop,desktop,Đã sử dụng (chưa sửa chữa),1,21,Intel Core i5,16.0,NVIDIA,120,Nước khác,desktop,8.800.000 đ
2027,desktop,desktop,Mới,1,21,Intel Core i5,16.0,NVIDIA,500,Việt Nam,desktop,15.750.000 đ
2028,desktop,desktop,Mới,12,21,Intel Core i5,16.0,NVIDIA,256,Nước khác,desktop,8.250.000 đ
2029,desktop,desktop,Mới,0,0,Intel Xeon,64.0,AMD,1500,Mỹ,desktop,13.000.000 đ
2030,desktop,desktop,Đã sử dụng (chưa sửa chữa),3,20,Intel Celeron,8.0,Onboard,120,Nước khác,desktop,3.000.000 đ
2031,desktop,desktop,Đã sử dụng (chưa sửa chữa),3,21,Intel Core i5,8.0,NVIDIA,256,Việt Nam,desktop,11.000.000 đ
2032,desktop,desktop,Đã sử dụng (chưa sửa chữa),0,0,Intel Core i5,8.0,Onboard,128,Nước khác,desktop,9.500.000 đ
2033,desktop,desktop,Đã sử dụng (chưa sửa chữa),0,0,Intel Core i3,16.0,AMD,1500,Nước khác,desktop,2.500.000 đ
2034,desktop,desktop,Đã sử dụng (chưa sửa chữa),0,0,Intel Core i5,16.0,NVIDIA,500,Việt Nam,desktop,3.500.000 đ
2035,desktop,desktop,Đã sử dụng (chưa sửa chữa),3,0,Intel Core i5,16.0,NVIDIA,128,Việt Nam,desktop,4.290.000 đ
2036,desktop,desktop,Đã sử dụng (chưa sửa chữa),5,21,Intel Core i3,16.0,NVIDIA,256,Nước khác,desktop,11.000.000 đ
2037,desktop,desktop,Đã sử dụng (chưa sửa chữa),0,0,Intel Core i3,4.0,Onboard,250,Nước khác,desktop,499.000 đ
2038,desktop,desktop,Đã sử dụng (chưa sửa chữa),3,21,Intel Xeon,32.0,AMD,256,Việt Nam,desktop,7.650.000 đ
2039,desktop,desktop,Đã sử dụng (chưa sửa chữa),1,21,Intel Core i7,8.0,NVIDIA,256,Việt Nam,desktop,6.900.000 đ
2040,desktop,desktop,Mới,0,21,Intel Core i3,8.0,NVIDIA,256,Việt Nam,desktop,5.500.000 đ
2041,desktop,desktop,Đã sử dụng (chưa sửa chữa),0,0,Intel Core i5,8.0,NVIDIA,120,Nước khác,desktop,3.650.000 đ
2042,desktop,desktop,Mới,1,0,Intel Core i5,16.0,NVIDIA,256,Trung Quốc,desktop,7.430.000 đ
2043,desktop,desktop,Đã sử dụng (chưa sửa chữa),0,0,Intel Core i5,8.0,Onboard,128,Nước khác,desktop,2.500.000 đ
2044,desktop,desktop,Đã sử dụng (chưa sửa chữa),3,21,Intel Core i5,64.0,NVIDIA,500,Nước khác,desktop,4.400.000 đ
2045,desktop,desktop,Đã sử dụng (chưa sửa chữa),0,20,Intel Pentium,8.0,Onboard,120,Nhật Bản,desktop,1.950.000 đ
2046,desktop,desktop,Đã sử dụng (chưa sửa chữa),0,0,AMD,64.0,Onboard,1500,Nước khác,desktop,32.000.000 đ
2047,desktop,desktop,Đã sử dụng (chưa sửa chữa),0,21,Intel Core i5,16.0,NVIDIA,256,Nước khác,desktop,13.500.000 đ
2048,desktop,desktop,Đã sử dụng (chưa sửa chữa),0,21,Intel Core i5,8.0,NVIDIA,128,Việt Nam,desktop,6.200.000 đ
2049,desktop,desktop,Mới,0,18,Intel Pentium,4.0,Onboard,320,Việt Nam,desktop,1.900.000 đ
2050,desktop,desktop,Đã sử dụng (chưa sửa chữa),0,0,Intel Core i3,8.0,Onboard,256,Nước khác,desktop,1.100.000 đ
2051,desktop,desktop,Đã sử dụng (chưa sửa chữa),0,21,Intel Core i5,16.0,NVIDIA,1000,Việt Nam,desktop,5.000.000 đ
2052,desktop,desktop,Mới,5,21,Intel Xeon,64.0,NVIDIA,1500,Việt Nam,desktop,14.999.999 đ
2053,desktop,desktop,Đã sử dụng (chưa sửa chữa),12,21,Intel Core i5,16.0,NVIDIA,250,Nước khác,desktop,11.500.000 đ
2054,desktop,desktop,Đã sử dụng (chưa sửa chữa),1,0,Intel Core i3,8.0,NVIDIA,128,Việt Nam,desktop,7.500.000 đ
2055,desktop,desktop,Đã sử dụng (chưa sửa chữa),0,0,Intel Core i5,32.0,NVIDIA,500,Việt Nam,desktop,44.000.000 đ
2056,desktop,desktop,Đã sử dụng (chưa sửa chữa),1,21,Intel Core i5,8.0,NVIDIA,1000,Nước khác,desktop,4.799.000 đ
2057,desktop,desktop,Đã sử dụng (chưa sửa chữa),0,0,Intel Core i5,16.0,Onboard,128,Nước khác,desktop,5.500.000 đ
2058,desktop,desktop,Đã sử dụng (chưa sửa chữa),0,21,Intel Core i5,8.0,Onboard,1000,Việt Nam,desktop,5.000.000 đ
2059,desktop,desktop,Đã sử dụng (chưa sửa chữa),0,0,Intel Core i5,8.0,Onboard,256,Nước khác,desktop,4.500.000 đ
2060,desktop,desktop,Đã sử dụng (qua sửa chữa),1,20,Intel Core i3,8.0,Onboard,128,Nước khác,desktop,2.000.000 đ
2061,desktop,desktop,Đã sử dụng (chưa sửa chữa),0,0,Intel Core i3,8.0,Onboard,128,Nước khác,desktop,4.500.000 đ
2062,desktop,desktop,Mới,9,21,Intel Core i5,8.0,NVIDIA,120,Nước khác,desktop,9.000.000 đ
2063,desktop,desktop,Mới,9,0,Intel Xeon,32.0,NVIDIA,128,Việt Nam,desktop,5.100.000 đ
2064,desktop,desktop,Mới,12,21,Intel Xeon,64.0,NVIDIA,512,Việt Nam,desktop,123.456 đ
2065,desktop,desktop,Đã sử dụng (chưa sửa chữa),3,0,Intel Core i5,16.0,NVIDIA,256,Nước khác,desktop,8.500.000 đ
2066,desktop,desktop,Đã sử dụng (chưa sửa chữa),1,0,Intel Pentium,2.0,Onboard,250,Nước khác,desktop,750.000 đ
2067,desktop,desktop,Đã sử dụng (chưa sửa chữa),0,0,Intel Core i5,8.0,Onboard,128,Nước khác,desktop,8.000.000 đ
2068,desktop,desktop,Đã sử dụng (chưa sửa chữa),1,21,Intel Core i3,8.0,Onboard,120,Nước khác,desktop,4.900.000 đ
2069,desktop,desktop,Đã sử dụng (chưa sửa chữa),0,0,Intel Core i3,8.0,Onboard,128,Nước khác,desktop,4.000.000 đ
2070,desktop,desktop,Mới,12,20,Intel Core i5,8.0,Onboard,256,Nhật Bản,desktop,3.900.000 đ
2071,desktop,desktop,Đã sử dụng (chưa sửa chữa),0,0,Intel Core i7,16.0,AMD,250,Việt Nam,desktop,330.000 đ
2072,desktop,desktop,Đã sử dụng (chưa sửa chữa),1,21,Intel Core i5,8.0,NVIDIA,256,Việt Nam,desktop,7.500.000 đ
2073,desktop,desktop,Đã sử dụng (chưa sửa chữa),1,21,Intel Xeon,32.0,AMD,256,Việt Nam,desktop,6.800.000 đ
2074,desktop,desktop,Đã sử dụng (chưa sửa chữa),0,0,Intel Core i5,8.0,Onboard,512,Nước khác,desktop,7.000.000 đ
2075,desktop,desktop,Đã sử dụng (chưa sửa chữa),1,0,Intel Core i5,16.0,NVIDIA,120,Nước khác,desktop,6.600.000 đ
2076,desktop,desktop,Đã sử dụng (chưa sửa chữa),1,0,Intel Core i3,16.0,NVIDIA,320,Nước khác,desktop,7.000.000 đ
2077,desktop,desktop,Đã sử dụng (chưa sửa chữa),0,0,Intel Core i5,6.0,Onboard,128,Nước khác,desktop,1.086.000 đ
2078,desktop,desktop,Đã sử dụng (chưa sửa chữa),1,0,Intel Core i5,16.0,NVIDIA,500,Việt Nam,desktop,13.680.000 đ
2079,desktop,desktop,Mới,12,21,Intel Core i7,16.0,Onboard,500,Nước khác,desktop,9.500.000 đ
2080,desktop,desktop,Đã sử dụng (chưa sửa chữa),0,21,Intel Core i3,16.0,NVIDIA,512,Nước khác,desktop,1.000.000 đ
2081,desktop,desktop,Mới,1,0,Intel Core i5,8.0,NVIDIA,128,Nước khác,desktop,5.500.000 đ
2082,desktop,desktop,Đã sử dụng (chưa sửa chữa),0,18,Intel Core i5,4.0,AMD,512,Nước khác,desktop,100.000 đ
2083,desktop,desktop,Đã sử dụng (qua sửa chữa),0,0,Intel Core i5,8.0,Onboard,256,Nước khác,desktop,3.500.000 đ
2084,desktop,desktop,Đã sử dụng (chưa sửa chữa),0,0,Intel Core i5,4.0,Onboard,500,Nước khác,desktop,850.000 đ
2085,desktop,desktop,Đã sử dụng (chưa sửa chữa),3,0,Intel Core i5,16.0,Onboard,256,Mỹ,desktop,1.999.000 đ
2086,desktop,desktop,Đã sử dụng (chưa sửa chữa),3,0,Intel Core i5,8.0,Onboard,256,Nước khác,desktop,3.800.000 đ
2087,desktop,desktop,Đã sử dụng (chưa sửa chữa),0,21,Intel Core i5,8.0,Onboard,128,Nước khác,desktop,3.500.000 đ
2088,desktop,desktop,Đã sử dụng (chưa sửa chữa),1,20,AMD,8.0,AMD,256,Nhật Bản,desktop,2.500.000 đ
2089,desktop,desktop,Đã sử dụng (chưa sửa chữa),0,0,Intel Core i7,8.0,Onboard,128,Nước khác,desktop,3.999.999 đ
2090,desktop,desktop,Đã sử dụng (chưa sửa chữa),3,0,Intel Core i3,4.0,Onboard,128,Nước khác,desktop,1.700.000 đ
2091,desktop,desktop,Mới,1,21,Intel Core i5,16.0,NVIDIA,500,Việt Nam,desktop,16.450.000 đ
2092,desktop,desktop,Mới,0,21,Intel Core i5,8.0,Onboard,256,Việt Nam,desktop,6.200.000 đ
2093,desktop,desktop,Đã sử dụng (chưa sửa chữa),0,0,Intel Core i5,8.0,Onboard,128,Nước khác,desktop,3.500.000 đ
2094,desktop,desktop,Đã sử dụng (chưa sửa chữa),0,0,Intel Core i3,8.0,NVIDIA,128,Việt Nam,desktop,3.500.000 đ
2095,desktop,desktop,Đã sử dụng (chưa sửa chữa),0,21,Intel Xeon,8.0,NVIDIA,128,Nước khác,desktop,3.950.000 đ
2096,desktop,desktop,Đã sử dụng (chưa sửa chữa),0,21,Intel Xeon,64.0,NVIDIA,250,Việt Nam,desktop,6.000.000 đ
2097,desktop,desktop,Đã sử dụng (chưa sửa chữa),1,0,Intel Xeon,16.0,Onboard,120,Nước khác,desktop,2.900.000 đ
2098,desktop,desktop,Đã sử dụng (chưa sửa chữa),0,0,Intel Core i5,4.0,Onboard,128,Nước khác,desktop,1.700.000 đ
2099,desktop,desktop,Đã sử dụng (chưa sửa chữa),0,0,Intel Core i5,8.0,Onboard,128,Việt Nam,desktop,1.000.000 đ
2100,desktop,desktop,Đã sử dụng (chưa sửa chữa),0,0,Intel Xeon,8.0,NVIDIA,128,Nước khác,desktop,2.500.000 đ
2101,desktop,desktop,Đã sử dụng (chưa sửa chữa),9,21,Intel Core i5,16.0,NVIDIA,256,Nước khác,desktop,15.500.000 đ
2102,desktop,desktop,Đã sử dụng (chưa sửa chữa),3,21,Intel Core i5,8.0,NVIDIA,128,Nước khác,desktop,5.400.000 đ
2103,desktop,desktop,Đã sử dụng (chưa sửa chữa),0,20,Intel Core i5,4.0,Onboard,128,Nước khác,desktop,1.500.000 đ
2104,desktop,desktop,Đã sử dụng (chưa sửa chữa),3,21,Intel Core i7,16.0,Onboard,480,Nước khác,desktop,4.500.000 đ
2105,desktop,desktop,Đã sử dụng (chưa sửa chữa),0,0,Intel Core i5,16.0,Onboard,1000,Nước khác,desktop,8.800.000 đ
2106,desktop,desktop,Đã sử dụng (chưa sửa chữa),0,18,Intel Core 2 Duo,4.0,Onboard,128,Nước khác,desktop,1.000.000 đ
2107,desktop,desktop,Đã sử dụng (chưa sửa chữa),0,0,Intel Core i3,4.0,Onboard,256,Nước khác,desktop,800.000 đ
2108,desktop,desktop,Mới,1,21,Intel Core i5,16.0,NVIDIA,250,Nhật Bản,desktop,12.500.000 đ
2109,desktop,desktop,Đã sử dụng (chưa sửa chữa),9,0,Intel Core i3,6.0,Onboard,128,Mỹ,desktop,1.500.000 đ
2110,desktop,desktop,Đã sử dụng (chưa sửa chữa),0,0,Intel Core i5,16.0,Onboard,256,Nước khác,desktop,5.500.000 đ
2111,desktop,desktop,Đã sử dụng (chưa sửa chữa),0,0,Intel Core i5,8.0,Onboard,512,Nước khác,desktop,5.500.000 đ
2112,desktop,desktop,Đã sử dụng (chưa sửa chữa),0,0,Intel Core i3,4.0,Onboard,320,Nước khác,desktop,650.000 đ
2113,desktop,desktop,Đã sử dụng (chưa sửa chữa),0,20,Intel Pentium,8.0,Onboard,1000,Nước khác,desktop,3.000.000 đ
2114,desktop,desktop,Mới,12,0,Intel Core i5,8.0,Onboard,256,Nước khác,desktop,6.700.000 đ
2115,desktop,desktop,Đã sử dụng (chưa sửa chữa),0,0,Intel Core i3,16.0,NVIDIA,128,Nước khác,desktop,9.500.000 đ
2116,desktop,desktop,Đã sử dụng (chưa sửa chữa),0,21,Intel Core i5,8.0,NVIDIA,128,Nước khác,desktop,5.900.000 đ
2117,desktop,desktop,Mới,12,21,Intel Core i3,16.0,NVIDIA,256,Việt Nam,desktop,15.900.000 đ
2118,desktop,desktop,Mới,1,21,Intel Core i3,16.0,NVIDIA,256,Việt Nam,desktop,14.000.000 đ
2119,desktop,desktop,Đã sử dụng (chưa sửa chữa),0,0,Intel Core i5,8.0,Onboard,128,Nước khác,desktop,6.500.000 đ
2120,desktop,desktop,Mới,0,21,Intel Core i5,16.0,Onboard,256,Việt Nam,desktop,12.000.000 đ
2121,desktop,desktop,Mới,1,0,Intel Xeon,64.0,AMD,256,Việt Nam,desktop,5.200.000 đ
2122,desktop,desktop,Đã sử dụng (chưa sửa chữa),0,0,Intel Core i7,8.0,Onboard,128,Việt Nam,desktop,2.500.000 đ
2123,desktop,desktop,Đã sử dụng (chưa sửa chữa),1,21,Intel Core i5,8.0,Onboard,256,Nước khác,desktop,4.400.000 đ
2124,desktop,desktop,Mới,1,21,Intel Core i7,16.0,NVIDIA,512,Nước khác,desktop,15.000.000 đ
2125,desktop,desktop,Đã sử dụng (chưa sửa chữa),1,21,Intel Core i5,16.0,NVIDIA,320,Việt Nam,desktop,4.000.000 đ
2126,desktop,desktop,Mới,1,0,Intel Core i5,16.0,NVIDIA,256,Việt Nam,desktop,9.500.000 đ
2127,desktop,desktop,Đã sử dụng (chưa sửa chữa),0,0,Intel Core i3,4.0,Onboard,500,Nước khác,desktop,800.000 đ
2128,desktop,desktop,Đã sử dụng (chưa sửa chữa),0,21,Intel Core i7,16.0,AMD,128,Nước khác,desktop,8.500.000 đ
2129,desktop,desktop,Đã sử dụng (chưa sửa chữa),0,0,Intel Xeon,64.0,NVIDIA,128,Nước khác,desktop,5.500.000 đ
2130,desktop,desktop,Đã sử dụng (chưa sửa chữa),9,0,Intel Core i3,8.0,AMD,128,Mỹ,desktop,3.500.000 đ
2131,desktop,desktop,Đã sử dụng (chưa sửa chữa),5,21,Intel Core i5,16.0,Onboard,512,Việt Nam,desktop,20.000.000 đ
2132,desktop,desktop,Đã sử dụng (chưa sửa chữa),1,21,Intel Core i5,8.0,Onboard,256,Nước khác,desktop,2.900.000 đ
2133,desktop,desktop,Đã sử dụng (chưa sửa chữa),0,0,Intel Core i3,4.0,Onboard,256,Việt Nam,desktop,1.200.000 đ
2134,desktop,desktop,Mới,1,21,Intel Core i3,16.0,NVIDIA,250,Việt Nam,desktop,15.300.000 đ
2135,desktop,desktop,Đã sử dụng (chưa sửa chữa),0,0,Intel Core i3,8.0,Onboard,500,Nước khác,desktop,1.250.000 đ
2136,desktop,desktop,Đã sử dụng (chưa sửa chữa),0,21,Intel Core i7,8.0,Onboard,1000,Nước khác,desktop,11.000.000 đ
2137,desktop,desktop,Đã sử dụng (chưa sửa chữa),1,21,Intel Core i5,8.0,NVIDIA,128,Nước khác,desktop,4.300.000 đ
2138,desktop,desktop,Đã sử dụng (chưa sửa chữa),0,0,Intel Core i5,8.0,Onboard,1000,Nước khác,desktop,3.500.000 đ
2139,desktop,desktop,Đã sử dụng (chưa sửa chữa),0,20,Intel Core i5,32.0,Onboard,120,Việt Nam,desktop,500.000 đ
2140,desktop,desktop,Đã sử dụng (chưa sửa chữa),0,0,Intel Core i5,0.5,Onboard,120,Nước khác,desktop,399.000 đ
2141,desktop,desktop,Đã sử dụng (chưa sửa chữa),0,0,AMD,8.0,Onboard,120,Nước khác,desktop,1.000.000 đ
2142,desktop,desktop,Đã sử dụng (chưa sửa chữa),0,20,Intel Core 2 Duo,8.0,Onboard,128,Nước khác,desktop,1.200.000 đ
2143,desktop,desktop,Đã sử dụng (chưa sửa chữa),3,21,Intel Core i5,8.0,NVIDIA,256,Nước khác,desktop,8.000.000 đ
2144,desktop,desktop,Đã sử dụng (chưa sửa chữa),0,20,Intel Core i5,8.0,NVIDIA,120,Mỹ,desktop,2.200.000 đ
2145,desktop,desktop,Đã sử dụng (chưa sửa chữa),0,0,Intel Core i5,16.0,Onboard,128,Việt Nam,desktop,2.000.000 đ
2146,desktop,desktop,Đã sử dụng (chưa sửa chữa),0,0,Intel Core i3,4.0,Onboard,120,Nước khác,desktop,1.900.000 đ
2147,desktop,desktop,Đã sử dụng (chưa sửa chữa),0,21,AMD,8.0,NVIDIA,500,Việt Nam,desktop,5.500.000 đ
2148,desktop,desktop,Đã sử dụng (chưa sửa chữa),9,0,Intel Core i5,8.0,Onboard,256,Nước khác,desktop,2.950.000 đ
2149,desktop,desktop,Mới,1,21,Intel Core i5,16.0,NVIDIA,500,Nhật Bản,desktop,15.500.000 đ
2150,desktop,desktop,Đã sử dụng (chưa sửa chữa),0,21,Intel Xeon,32.0,AMD,250,Nước khác,desktop,12.300.000 đ
2151,desktop,desktop,Mới,1,21,Intel Core i5,8.0,NVIDIA,250,Việt Nam,desktop,11.000.000 đ
2152,desktop,desktop,Đã sử dụng (chưa sửa chữa),1,0,Intel Xeon,16.0,AMD,256,Nước khác,desktop,6.300.000 đ
2153,desktop,desktop,Đã sử dụng (chưa sửa chữa),3,21,Intel Core i5,8.0,AMD,256,Nước khác,desktop,5.000.000 đ
2154,desktop,desktop,Đã sử dụng (chưa sửa chữa),0,0,Intel Core i5,8.0,NVIDIA,128,Nước khác,desktop,1.800.000 đ
2155,desktop,desktop,Mới,12,0,Intel Core i5,8.0,Onboard,128,Nước khác,desktop,1.800.000 đ
2156,desktop,desktop,Đã sử dụng (chưa sửa chữa),3,0,Intel Core i5,32.0,NVIDIA,512,Nước khác,desktop,13.000.000 đ
2157,desktop,desktop,Đã sử dụng (chưa sửa chữa),0,0,Intel Core i9,32.0,NVIDIA,512,Nước khác,desktop,21.900.000 đ
2158,desktop,desktop,Đã sử dụng (chưa sửa chữa),3,20,Intel Xeon,16.0,NVIDIA,128,Việt Nam,desktop,4.950.000 đ
2159,desktop,desktop,Đã sử dụng (chưa sửa chữa),0,0,Intel Core i5,8.0,Onboard,256,Nước khác,desktop,4.500.000 đ
2160,desktop,desktop,Mới,12,21,Intel Core i5,8.0,Onboard,128,Việt Nam,desktop,5.500.000 đ
2161,desktop,desktop,Đã sử dụng (chưa sửa chữa),0,0,Intel Core 2 Quad,2.0,Onboard,250,Nước khác,desktop,320.000 đ
2162,desktop,desktop,Đã sử dụng (chưa sửa chữa),3,20,Intel Core i5,8.0,Onboard,128,Nước khác,desktop,3.800.000 đ
2163,desktop,desktop,Đã sử dụng (chưa sửa chữa),1,21,Intel Core i3,8.0,NVIDIA,256,Nước khác,desktop,8.100.000 đ
2164,desktop,desktop,Đã sử dụng (chưa sửa chữa),1,0,Intel Core i5,16.0,NVIDIA,256,Nước khác,desktop,8.000.000 đ
2165,desktop,desktop,Mới,1,21,Intel Core i3,8.0,NVIDIA,120,Việt Nam,desktop,7.200.000 đ
2166,desktop,desktop,Đã sử dụng (chưa sửa chữa),1,21,Intel Core i5,8.0,Onboard,500,Nước khác,desktop,1.800.000 đ
2167,desktop,desktop,Đã sử dụng (chưa sửa chữa),12,0,Intel Core i5,32.0,NVIDIA,1000,Việt Nam,desktop,12.000.000 đ
2168,desktop,desktop,Đã sử dụng (chưa sửa chữa),1,21,Intel Core i5,8.0,Onboard,128,Nước khác,desktop,3.880.000 đ
2169,desktop,desktop,Đã sử dụng (chưa sửa chữa),0,21,Intel Core i3,8.0,NVIDIA,120,Việt Nam,desktop,3.200.000 đ
2170,desktop,desktop,Đã sử dụng (chưa sửa chữa),0,21,Intel Core i3,16.0,Onboard,250,Mỹ,desktop,5.500.000 đ
2171,desktop,desktop,Mới,1,21,Intel Core i5,16.0,NVIDIA,256,Việt Nam,desktop,8.500.000 đ
2172,desktop,desktop,Đã sử dụng (chưa sửa chữa),0,21,Intel Xeon,16.0,AMD,640,Nước khác,desktop,5.500.000 đ
2173,desktop,desktop,Đã sử dụng (chưa sửa chữa),0,21,Intel Core 2 Duo,4.0,NVIDIA,250,Nhật Bản,desktop,1.500.000 đ
2174,desktop,desktop,Đã sử dụng (chưa sửa chữa),0,21,Intel Core i5,16.0,NVIDIA,256,Nước khác,desktop,7.700.000 đ
2175,desktop,desktop,Đã sử dụng (chưa sửa chữa),0,0,Intel Core i3,8.0,Onboard,128,Việt Nam,desktop,2.450.000 đ
2176,desktop,desktop,Đã sử dụng (chưa sửa chữa),1,21,Intel Xeon,8.0,NVIDIA,128,Việt Nam,desktop,6.000.000 đ
2177,desktop,desktop,Đã sử dụng (chưa sửa chữa),1,0,Intel Core i3,4.0,Onboard,128,Mỹ,desktop,1.300.000 đ
2178,desktop,desktop,Mới,12,21,Intel Core i3,16.0,NVIDIA,256,Việt Nam,desktop,9.500.000 đ
2179,desktop,desktop,Đã sử dụng (chưa sửa chữa),0,0,Intel Core i3,8.0,Onboard,250,Nước khác,desktop,5.300.000 đ
2180,desktop,desktop,Mới,12,0,Intel Xeon,32.0,NVIDIA,128,Việt Nam,desktop,5.900.000 đ
2181,desktop,desktop,Đã sử dụng (chưa sửa chữa),0,0,Intel Core i7,16.0,Onboard,128,Nước khác,desktop,1.000.000 đ
2182,desktop,desktop,Đã sử dụng (chưa sửa chữa),1,21,Intel Core i3,16.0,NVIDIA,256,Việt Nam,desktop,8.600.000 đ
2183,desktop,desktop,Đã sử dụng (chưa sửa chữa),0,20,Intel Xeon,4.0,Onboard,128,Nước khác,desktop,2.000.000 đ
2184,desktop,desktop,Đã sử dụng (chưa sửa chữa),1,0,Intel Xeon,32.0,NVIDIA,256,Nước khác,desktop,5.600.000 đ
2185,desktop,desktop,Đã sử dụng (chưa sửa chữa),3,0,Intel Core i3,8.0,Onboard,128,Nước khác,desktop,2.000.000 đ
2186,desktop,desktop,Đã sử dụng (chưa sửa chữa),0,20,Intel Core i3,6.0,Onboard,128,Nước khác,desktop,2.000.000 đ
2187,desktop,desktop,Đã sử dụng (chưa sửa chữa),3,21,Intel Core i5,8.0,Onboard,128,Nhật Bản,desktop,3.500.000 đ
2188,desktop,desktop,Mới,12,21,Intel Core i5,16.0,Onboard,512,Việt Nam,desktop,18.400.000 đ
2189,desktop,desktop,Đã sử dụng (chưa sửa chữa),1,20,Intel Core i3,8.0,NVIDIA,128,Việt Nam,desktop,3.000.000 đ
2190,desktop,desktop,Mới,12,0,Intel Core i7,16.0,NVIDIA,512,Việt Nam,desktop,15.000.000 đ
2191,desktop,desktop,Đã sử dụng (qua sửa chữa),1,21,Intel Xeon,16.0,NVIDIA,1000,Việt Nam,desktop,5.000.000 đ
2192,desktop,desktop,Đã sử dụng (chưa sửa chữa),1,21,Intel Core i3,16.0,AMD,320,Việt Nam,desktop,10.700.000 đ
2193,desktop,desktop,Đã sử dụng (qua sửa chữa),0,21,Intel Core i3,8.0,Onboard,120,Việt Nam,desktop,5.500.000 đ
2194,desktop,desktop,Đã sử dụng (chưa sửa chữa),0,21,Intel Core i5,8.0,NVIDIA,120,Nhật Bản,desktop,3.890.000 đ
2195,desktop,desktop,Đã sử dụng (chưa sửa chữa),1,0,Intel Core i5,4.0,Onboard,128,Nước khác,desktop,950.000 đ
2196,desktop,desktop,Đã sử dụng (chưa sửa chữa),0,20,Intel Core i3,8.0,Onboard,250,Nước khác,desktop,1.250.000 đ
2197,desktop,desktop,Mới,1,0,Intel Xeon,16.0,NVIDIA,256,Việt Nam,desktop,6.300.000 đ
2198,desktop,desktop,Đã sử dụng (chưa sửa chữa),0,21,Intel Xeon,32.0,AMD,500,Nước khác,desktop,6.000.000 đ
2199,desktop,desktop,Đã sử dụng (chưa sửa chữa),0,21,Intel Core i5,8.0,Onboard,128,Nước khác,desktop,4.700.000 đ
2200,desktop,desktop,Mới,0,0,Intel Core i5,2.0,Onboard,128,Nước khác,desktop,2.000.000 đ
2201,desktop,desktop,Đã sử dụng (chưa sửa chữa),0,0,Intel Core i5,8.0,Onboard,128,Nước khác,desktop,2.500.000 đ
2202,desktop,desktop,Đã sử dụng (chưa sửa chữa),0,0,Intel Core i3,8.0,NVIDIA,120,Việt Nam,desktop,3.500.000 đ
2203,desktop,desktop,Đã sử dụng (chưa sửa chữa),0,0,Intel Core i5,16.0,NVIDIA,128,Nước khác,desktop,7.800.000 đ
2204,desktop,desktop,Đã sử dụng (chưa sửa chữa),0,20,Intel Core i5,8.0,Onboard,128,Việt Nam,desktop,700.000 đ
2205,desktop,desktop,Đã sử dụng (chưa sửa chữa),0,16,Intel Core i3,4.0,Onboard,250,Nước khác,desktop,2.500.000 đ
2206,desktop,desktop,Mới,2,21,Intel Xeon,32.0,AMD,256,Việt Nam,desktop,6.500.000 đ
2207,desktop,desktop,Đã sử dụng (chưa sửa chữa),1,21,Intel Core i5,16.0,NVIDIA,1500,Nước khác,desktop,2.200.000 đ
2208,desktop,desktop,Mới,0,0,Intel Core i3,16.0,NVIDIA,256,Việt Nam,desktop,10.350.000 đ
2209,desktop,desktop,Đã sử dụng (chưa sửa chữa),1,21,Intel Core i5,0.5,Onboard,120,Việt Nam,desktop,13.500.000 đ
2210,desktop,desktop,Đã sử dụng (chưa sửa chữa),1,0,Intel Core i5,8.0,Onboard,128,Nước khác,desktop,1.000.000 đ
2211,desktop,desktop,Đã sử dụng (chưa sửa chữa),0,0,Intel Core i5,8.0,Onboard,128,Nước khác,desktop,600.000 đ
2212,desktop,desktop,Đã sử dụng (chưa sửa chữa),0,0,Intel Core i5,4.0,Onboard,128,Nước khác,desktop,1.000.000 đ
2213,desktop,desktop,Đã sử dụng (chưa sửa chữa),1,20,Intel Core i3,6.0,NVIDIA,250,Nước khác,desktop,1.950.000 đ
2214,desktop,desktop,Đã sử dụng (chưa sửa chữa),1,0,Intel Core i5,16.0,NVIDIA,256,Nước khác,desktop,6.300.000 đ
2215,desktop,desktop,Đã sử dụng (qua sửa chữa),1,0,Intel Core i5,8.0,Onboard,1000,Việt Nam,desktop,1.550.000 đ
2216,desktop,desktop,Đã sử dụng (chưa sửa chữa),3,21,Intel Core i5,8.0,Onboard,256,Nước khác,desktop,8.750.000 đ
2217,desktop,desktop,Mới,12,21,Intel Core i5,16.0,NVIDIA,256,Nhật Bản,desktop,13.990.000 đ
2218,desktop,desktop,Đã sử dụng (chưa sửa chữa),0,0,Intel Core i5,16.0,NVIDIA,256,Nước khác,desktop,4.500.000 đ
2219,desktop,desktop,Mới,5,21,Intel Core i5,8.0,Onboard,128,Nước khác,desktop,4.200.000 đ
2220,desktop,desktop,Đã sử dụng (chưa sửa chữa),5,21,AMD,8.0,AMD,256,Nước khác,desktop,8.000.000 đ
2221,desktop,desktop,Mới,12,21,Intel Core i3,16.0,NVIDIA,256,Việt Nam,desktop,12.600.000 đ
2222,desktop,desktop,Đã sử dụng (chưa sửa chữa),0,21,Intel Core i5,8.0,AMD,120,Nước khác,desktop,4.000.000 đ
2223,desktop,desktop,Đã sử dụng (chưa sửa chữa),0,0,Intel Core i5,32.0,NVIDIA,1000,Nước khác,desktop,18.800.000 đ
2224,desktop,desktop,Đã sử dụng (qua sửa chữa),0,0,Intel Core i7,8.0,Onboard,256,Nước khác,desktop,4.000.000 đ
2225,desktop,desktop,Mới,12,21,Intel Core i5,8.0,NVIDIA,256,Việt Nam,desktop,10.500.000 đ
2226,desktop,desktop,Đã sử dụng (chưa sửa chữa),0,0,Intel Core i5,16.0,Onboard,128,Nước khác,desktop,8.000.000 đ
2227,desktop,desktop,Mới,12,21,Intel Xeon,64.0,NVIDIA,256,Việt Nam,desktop,12.500.000 đ
2228,desktop,desktop,Đã sử dụng (chưa sửa chữa),0,18,Intel Core i5,16.0,NVIDIA,256,Nước khác,desktop,3.000.000 đ
2229,desktop,desktop,Đã sử dụng (chưa sửa chữa),1,0,Intel Core i3,8.0,Onboard,128,Nước khác,desktop,1.600.000 đ
2230,desktop,desktop,Mới,12,21,Intel Core i7,8.0,Onboard,128,Việt Nam,desktop,4.000.000 đ
2231,desktop,desktop,Đã sử dụng (chưa sửa chữa),1,20,Intel Core i3,8.0,NVIDIA,128,Việt Nam,desktop,4.200.000 đ
2232,desktop,desktop,Đã sử dụng (chưa sửa chữa),0,0,Intel Core i5,8.0,NVIDIA,128,Việt Nam,desktop,5.000.000 đ
2233,desktop,desktop,Đã sử dụng (chưa sửa chữa),3,18,Intel Core 2 Quad,4.0,Onboard,128,Nước khác,desktop,1.200.000 đ
2234,desktop,desktop,Đã sử dụng (chưa sửa chữa),3,18,Intel Core i5,4.0,Onboard,128,Nước khác,desktop,3.000.000 đ
2235,desktop,desktop,Đã sử dụng (chưa sửa chữa),3,20,Intel Core i5,4.0,Onboard,128,Nước khác,desktop,3.900.000 đ
2236,desktop,desktop,Đã sử dụng (chưa sửa chữa),3,18,Intel Core 2 Duo,4.0,Onboard,128,Nước khác,desktop,1.100.000 đ
2237,desktop,desktop,Đã sử dụng (chưa sửa chữa),3,18,Intel Core i5,4.0,Onboard,128,Nước khác,desktop,2.600.000 đ
2238,desktop,desktop,Đã sử dụng (chưa sửa chữa),3,18,Intel Core i3,4.0,Onboard,128,Nước khác,desktop,2.500.000 đ
2239,desktop,desktop,Đã sử dụng (chưa sửa chữa),3,18,Intel Core i5,4.0,Onboard,128,Nước khác,desktop,2.200.000 đ
2240,desktop,desktop,Đã sử dụng (chưa sửa chữa),2,18,Intel Core i3,4.0,Onboard,128,Nước khác,desktop,1.900.000 đ
2241,desktop,desktop,Đã sử dụng (qua sửa chữa),3,21,Intel Core i5,8.0,Onboard,128,Việt Nam,desktop,3.000.000 đ
2242,desktop,desktop,Mới,12,0,Intel Core i7,16.0,NVIDIA,256,Nước khác,desktop,10.990.000 đ
2243,desktop,desktop,Đã sử dụng (qua sửa chữa),0,16,Intel Core 2 Duo,4.0,Onboard,500,Nước khác,desktop,800.000 đ
2244,desktop,desktop,Đã sử dụng (chưa sửa chữa),0,0,Intel Pentium,4.0,Onboard,128,Nước khác,desktop,599.999 đ
2245,desktop,desktop,Đã sử dụng (chưa sửa chữa),1,0,Intel Xeon,64.0,AMD,512,Nước khác,desktop,7.000.000 đ
2246,desktop,desktop,Đã sử dụng (chưa sửa chữa),3,21,Intel Core i5,8.0,Onboard,128,Nước khác,desktop,2.500.000 đ
2247,desktop,desktop,Mới,1,0,Intel Core i5,16.0,NVIDIA,500,Việt Nam,desktop,15.999.999 đ
2248,desktop,desktop,Đã sử dụng (chưa sửa chữa),1,21,Intel Core i5,8.0,NVIDIA,256,Việt Nam,desktop,8.500.000 đ
2249,desktop,desktop,Đã sử dụng (chưa sửa chữa),0,20,Intel Xeon,32.0,NVIDIA,128,Nước khác,desktop,3.500.000 đ
2250,desktop,desktop,Đã sử dụng (chưa sửa chữa),0,0,Intel Core i5,4.0,Onboard,500,Mỹ,desktop,750.000 đ
2251,desktop,desktop,Đã sử dụng (chưa sửa chữa),0,20,Intel Pentium,8.0,Onboard,256,Nước khác,desktop,2.500.000 đ
2252,desktop,desktop,Đã sử dụng (chưa sửa chữa),1,21,Intel Core i5,16.0,Onboard,256,Nước khác,desktop,8.500.000 đ
2253,desktop,desktop,Đã sử dụng (chưa sửa chữa),0,21,Intel Xeon,32.0,NVIDIA,1000,Việt Nam,desktop,10.000.000 đ
2254,desktop,desktop,Mới,1,20,Intel Core i5,8.0,NVIDIA,128,Việt Nam,desktop,3.000.000 đ
2255,desktop,desktop,Đã sử dụng (chưa sửa chữa),3,0,Intel Core i5,8.0,Onboard,256,Mỹ,desktop,2.600.000 đ
2256,desktop,desktop,Đã sử dụng (chưa sửa chữa),5,21,Intel Core i3,8.0,Onboard,128,Nước khác,desktop,1.550.000 đ
2257,desktop,desktop,Đã sử dụng (chưa sửa chữa),1,21,Intel Core i3,8.0,NVIDIA,256,Việt Nam,desktop,4.999.999 đ
2258,desktop,desktop,Mới,12,21,Intel Core i5,16.0,NVIDIA,256,Nước khác,desktop,3.300.000 đ
2259,desktop,desktop,Đã sử dụng (chưa sửa chữa),0,21,Intel Core i5,16.0,NVIDIA,512,Nước khác,desktop,18.400.000 đ
2260,desktop,desktop,Đã sử dụng (chưa sửa chữa),0,0,Intel Core i5,8.0,NVIDIA,512,Việt Nam,desktop,6.990.000 đ
2261,desktop,desktop,Đã sử dụng (chưa sửa chữa),0,0,Intel Xeon,64.0,NVIDIA,256,Nước khác,desktop,10.200.000 đ
2262,desktop,desktop,Đã sử dụng (chưa sửa chữa),1,20,Intel Core i5,8.0,AMD,128,Nước khác,desktop,4.200.000 đ
2263,desktop,desktop,Đã sử dụng (chưa sửa chữa),0,0,Intel Core i5,8.0,Onboard,256,Nước khác,desktop,9.500.000 đ
2264,desktop,desktop,Mới,12,21,Intel Core i5,16.0,Onboard,256,Nước khác,desktop,7.900.000 đ
2265,desktop,desktop,Mới,12,0,Intel Core i5,16.0,NVIDIA,256,Việt Nam,desktop,9.750.000 đ
2266,desktop,desktop,Mới,12,0,Intel Core i5,16.0,NVIDIA,512,Nước khác,desktop,21.300.000 đ
2267,desktop,desktop,Đã sử dụng (chưa sửa chữa),1,21,Intel Core i5,8.0,NVIDIA,128,Nước khác,desktop,2.900.000 đ
2268,desktop,desktop,Đã sử dụng (chưa sửa chữa),9,20,Intel Core i5,4.0,NVIDIA,320,Nhật Bản,desktop,2.541.111 đ
2269,desktop,desktop,Đã sử dụng (chưa sửa chữa),1,0,Intel Xeon,32.0,Onboard,1500,Nước khác,desktop,2.900.000 đ
2270,desktop,desktop,Đã sử dụng (chưa sửa chữa),0,0,Intel Core i5,64.0,Onboard,120,Nước khác,desktop,12.000.000 đ
2271,desktop,desktop,Đã sử dụng (chưa sửa chữa),0,21,Intel Core i3,8.0,NVIDIA,500,Nước khác,desktop,4.900.000 đ
2272,desktop,desktop,Đã sử dụng (chưa sửa chữa),1,0,Intel Celeron,4.0,Onboard,128,Nước khác,desktop,2.000.000 đ
2273,desktop,desktop,Đã sử dụng (chưa sửa chữa),1,21,Intel Core i5,16.0,NVIDIA,512,Nước khác,desktop,15.000.000 đ
2274,desktop,desktop,Đã sử dụng (qua sửa chữa),1,21,Intel Core i5,16.0,Onboard,512,Nước khác,desktop,12.500.000 đ
2275,desktop,desktop,Đã sử dụng (chưa sửa chữa),0,0,Intel Core i3,8.0,Onboard,120,Nước khác,desktop,2.200.000 đ
2276,desktop,desktop,Đã sử dụng (chưa sửa chữa),0,0,Intel Core i3,4.0,Onboard,128,Nước khác,desktop,1.650.000 đ
2277,desktop,desktop,Đã sử dụng (chưa sửa chữa),3,0,Intel Core i3,8.0,Onboard,256,Việt Nam,desktop,2.500.000 đ
2278,desktop,desktop,Đã sử dụng (chưa sửa chữa),0,0,Intel Core i5,8.0,Onboard,128,Nước khác,desktop,2.400.000 đ
2279,desktop,desktop,Mới,3,21,Intel Core i5,16.0,Onboard,512,Việt Nam,desktop,22.000.000 đ
2280,desktop,desktop,Mới,2,21,Intel Core i5,8.0,Onboard,250,Việt Nam,desktop,7.500.000 đ
2281,desktop,desktop,Mới,3,21,Intel Core i5,16.0,Onboard,500,Việt Nam,desktop,8.000.000 đ
2282,desktop,desktop,Đã sử dụng (chưa sửa chữa),1,21,Intel Xeon,32.0,AMD,256,Việt Nam,desktop,5.500.000 đ
2283,desktop,desktop,Mới,1,0,Intel Xeon,8.0,NVIDIA,128,Việt Nam,desktop,11.000.000 đ
2284,desktop,desktop,Mới,0,0,Intel Core i5,8.0,NVIDIA,256,Việt Nam,desktop,3.350.000 đ
2285,desktop,desktop,Đã sử dụng (chưa sửa chữa),12,0,Intel Core i5,8.0,Onboard,256,Nước khác,desktop,3.400.000 đ
2286,desktop,desktop,Đã sử dụng (chưa sửa chữa),9,0,Intel Xeon,16.0,NVIDIA,256,Nhật Bản,desktop,8.700.000 đ
2287,desktop,desktop,Đã sử dụng (chưa sửa chữa),0,20,Intel Core i5,8.0,NVIDIA,128,Nước khác,desktop,3.450.000 đ
2288,desktop,desktop,Đã sử dụng (chưa sửa chữa),9,0,Intel Core i5,8.0,AMD,500,Mỹ,desktop,2.500.000 đ
2289,desktop,desktop,Đã sử dụng (chưa sửa chữa),12,0,Intel Xeon,16.0,Onboard,256,Nhật Bản,desktop,7.800.000 đ
2290,desktop,desktop,Đã sử dụng (chưa sửa chữa),0,20,Intel Core i3,16.0,Onboard,1500,Nước khác,desktop,1.700.000 đ
2291,desktop,desktop,Đã sử dụng (chưa sửa chữa),1,0,Intel Xeon,16.0,AMD,120,Nước khác,desktop,6.400.000 đ
2292,desktop,desktop,Mới,12,0,Intel Core i5,8.0,Onboard,256,Nước khác,desktop,4.990.000 đ
2293,desktop,desktop,Đã sử dụng (chưa sửa chữa),0,20,Intel Core i3,8.0,Onboard,250,Việt Nam,desktop,2.350.000 đ
2294,desktop,desktop,Đã sử dụng (qua sửa chữa),0,0,Intel Core i7,16.0,Onboard,256,Nước khác,desktop,6.200.000 đ
2295,desktop,desktop,Đã sử dụng (chưa sửa chữa),12,0,Intel Xeon,32.0,NVIDIA,256,Nước khác,desktop,21.000.000 đ
2296,desktop,desktop,Đã sử dụng (chưa sửa chữa),3,18,Intel Core i5,8.0,Onboard,500,Nước khác,desktop,3.100.000 đ
2297,desktop,desktop,Đã sử dụng (chưa sửa chữa),0,0,Intel Core i5,8.0,Onboard,128,Nước khác,desktop,1.500.000 đ
2298,desktop,desktop,Đã sử dụng (chưa sửa chữa),1,21,Intel Core i5,8.0,Onboard,256,Nước khác,desktop,5.900.000 đ
2299,desktop,desktop,Đã sử dụng (chưa sửa chữa),0,0,Intel Core i5,8.0,NVIDIA,128,Nước khác,desktop,5.990.000 đ
2300,desktop,desktop,Đã sử dụng (chưa sửa chữa),0,0,Intel Celeron,8.0,Onboard,128,Nước khác,desktop,100.000 đ
2301,desktop,desktop,Đã sử dụng (chưa sửa chữa),0,0,Intel Core i5,8.0,Onboard,128,Nước khác,desktop,2.250.000 đ
2302,desktop,desktop,Đã sử dụng (chưa sửa chữa),0,16,Intel Core i5,16.0,Onboard,256,Nước khác,desktop,8.000.000 đ
2303,desktop,desktop,Đã sử dụng (chưa sửa chữa),1,0,Intel Core i5,8.0,NVIDIA,1000,Nước khác,desktop,4.993.900 đ
2304,desktop,desktop,Đã sử dụng (chưa sửa chữa),0,0,Intel Core i3,8.0,Onboard,120,Nước khác,desktop,1.600.000 đ
2305,desktop,desktop,Mới,12,0,Intel Core i5,8.0,Onboard,250,Việt Nam,desktop,2.600.000 đ
2306,desktop,desktop,Đã sử dụng (chưa sửa chữa),0,21,Intel Core i5,8.0,Onboard,500,Nước khác,desktop,6.500.000 đ
2307,desktop,desktop,Mới,9,0,Intel Core i5,16.0,AMD,128,Việt Nam,desktop,4.000.000 đ
2308,desktop,desktop,Đã sử dụng (qua sửa chữa),1,21,Intel Xeon,16.0,AMD,128,Nước khác,desktop,6.400.000 đ
2309,desktop,desktop,Đã sử dụng (chưa sửa chữa),2,20,Intel Core i5,8.0,Onboard,128,Nước khác,desktop,2.800.000 đ
2310,desktop,desktop,Mới,1,0,Intel Core i5,8.0,Onboard,256,Nước khác,desktop,3.900.000 đ
2311,desktop,desktop,Mới,3,21,Intel Core i5,8.0,NVIDIA,256,Việt Nam,desktop,4.500.000 đ
2312,desktop,desktop,Đã sử dụng (chưa sửa chữa),1,21,Intel Core i5,32.0,NVIDIA,250,Nước khác,desktop,15.000.000 đ
2313,desktop,desktop,Đã sử dụng (chưa sửa chữa),9,21,Intel Core i5,8.0,Onboard,1000,Việt Nam,desktop,10.000.000 đ
2314,desktop,desktop,Đã sử dụng (chưa sửa chữa),0,0,AMD,16.0,AMD,256,Nước khác,desktop,3.800.000 đ
2315,desktop,desktop,Đã sử dụng (chưa sửa chữa),0,16,Intel Pentium,4.0,Onboard,500,Nước khác,desktop,1.800.000 đ
2316,desktop,desktop,Đã sử dụng (chưa sửa chữa),1,21,Intel Core i5,8.0,Onboard,256,Nước khác,desktop,4.100.000 đ
2317,desktop,desktop,Đã sử dụng (chưa sửa chữa),1,21,Intel Core i9,32.0,NVIDIA,1000,Nước khác,desktop,26.900.000 đ
2318,desktop,desktop,Mới,12,21,Intel Core i5,16.0,NVIDIA,512,Nước khác,desktop,5.000.000 đ
2319,desktop,desktop,Mới,0,0,Intel Xeon,16.0,Onboard,128,Việt Nam,desktop,1.500.000 đ
2320,desktop,desktop,Mới,3,21,Intel Core i5,32.0,AMD,500,Nước khác,desktop,26.000.000 đ
2321,desktop,desktop,Đã sử dụng (chưa sửa chữa),0,0,Intel Core i9,16.0,NVIDIA,250,Việt Nam,desktop,400.000 đ
2322,desktop,desktop,Đã sử dụng (chưa sửa chữa),0,0,Intel Core i5,8.0,Onboard,128,Việt Nam,desktop,500.000 đ
2323,desktop,desktop,Đã sử dụng (chưa sửa chữa),1,0,Intel Core i7,32.0,NVIDIA,256,Nước khác,desktop,10.299.999 đ
2324,desktop,desktop,Đã sử dụng (chưa sửa chữa),0,0,Intel Core i3,8.0,Onboard,256,Nước khác,desktop,2.700.000 đ
2325,desktop,desktop,Đã sử dụng (chưa sửa chữa),3,21,Intel Xeon,32.0,AMD,256,Trung Quốc,desktop,5.000.000 đ
2326,desktop,desktop,Đã sử dụng (qua sửa chữa),0,16,Intel Core i3,4.0,Onboard,128,Nước khác,desktop,600.000 đ
2327,desktop,desktop,Đã sử dụng (chưa sửa chữa),1,21,Intel Core i5,16.0,AMD,128,Nước khác,desktop,6.400.000 đ
2328,desktop,desktop,Đã sử dụng (chưa sửa chữa),1,21,Intel Core i5,16.0,NVIDIA,512,Việt Nam,desktop,5.500.000 đ
2329,desktop,desktop,Đã sử dụng (chưa sửa chữa),3,21,Intel Core i5,32.0,AMD,1500,Nhật Bản,desktop,11.000.000 đ
2330,desktop,desktop,Đã sử dụng (chưa sửa chữa),0,0,Intel Core i3,4.0,Onboard,120,Việt Nam,desktop,800.000 đ
2331,desktop,desktop,Đã sử dụng (chưa sửa chữa),0,0,Intel Celeron,4.0,Onboard,500,Nước khác,desktop,300.000 đ
2332,desktop,desktop,Đã sử dụng (chưa sửa chữa),1,0,Intel Core i5,8.0,NVIDIA,120,Nước khác,desktop,3.550.000 đ
2333,desktop,desktop,Đã sử dụng (chưa sửa chữa),0,0,Intel Core i5,8.0,AMD,128,Việt Nam,desktop,1.900.000 đ
2334,desktop,desktop,Đã sử dụng (chưa sửa chữa),3,0,Intel Core i3,8.0,Onboard,120,Việt Nam,desktop,3.000.000 đ
2335,desktop,desktop,Mới,9,0,Intel Core i7,8.0,NVIDIA,128,Nước khác,desktop,5.450.000 đ
2336,desktop,desktop,Mới,12,0,Intel Core i5,16.0,NVIDIA,512,Nước khác,desktop,10.850.000 đ
2337,desktop,desktop,Đã sử dụng (chưa sửa chữa),0,0,Intel Core i3,8.0,Onboard,120,Nước khác,desktop,1.500.000 đ
2338,desktop,desktop,Đã sử dụng (chưa sửa chữa),0,0,Intel Core i5,16.0,Onboard,128,Nước khác,desktop,18.299.000 đ
2339,desktop,desktop,Đã sử dụng (chưa sửa chữa),0,21,Intel Core i5,32.0,NVIDIA,500,Nước khác,desktop,17.000.000 đ
2340,desktop,desktop,Đã sử dụng (chưa sửa chữa),9,18,AMD,16.0,NVIDIA,500,Nước khác,desktop,20.000.000 đ
2341,desktop,desktop,Mới,12,21,Intel Core i5,16.0,Onboard,500,Việt Nam,desktop,18.450.000 đ
2342,desktop,desktop,Đã sử dụng (chưa sửa chữa),12,21,Intel Core i5,16.0,Onboard,250,Việt Nam,desktop,9.500.000 đ
2343,desktop,desktop,Đã sử dụng (chưa sửa chữa),0,0,Intel Core 2 Duo,2.0,Onboard,128,Nước khác,desktop,250.000 đ
2344,desktop,desktop,Mới,9,21,Intel Core i5,8.0,NVIDIA,256,Việt Nam,desktop,7.500.000 đ
2345,desktop,desktop,Đã sử dụng (chưa sửa chữa),9,0,Intel Core i5,32.0,NVIDIA,500,Nước khác,desktop,33.000.000 đ
2346,desktop,desktop,Mới,0,21,Intel Core i5,8.0,NVIDIA,256,Việt Nam,desktop,8.500.000 đ
2347,desktop,desktop,Đã sử dụng (chưa sửa chữa),1,20,Intel Core i5,8.0,NVIDIA,128,Nước khác,desktop,3.800.000 đ
2348,desktop,desktop,Mới,0,0,Intel Core i5,16.0,Onboard,750,Nước khác,desktop,4.100.000 đ
2349,desktop,desktop,Đã sử dụng (chưa sửa chữa),5,18,Intel Core i5,4.0,AMD,256,Nước khác,desktop,500.000 đ
2350,desktop,desktop,Đã sử dụng (chưa sửa chữa),0,20,Intel Atom,4.0,Onboard,120,Việt Nam,desktop,2.700.000 đ
2351,desktop,desktop,Đã sử dụng (chưa sửa chữa),3,0,Intel Core i7,16.0,Onboard,256,Nước khác,desktop,5.500.000 đ
2352,desktop,desktop,Đã sử dụng (chưa sửa chữa),0,0,Intel Core 2 Duo,4.0,Onboard,256,Nước khác,desktop,750.000 đ
2353,desktop,desktop,Đã sử dụng (chưa sửa chữa),0,0,Intel Pentium,8.0,Onboard,500,Nước khác,desktop,2.750.000 đ
2354,desktop,desktop,Đã sử dụng (chưa sửa chữa),0,0,Intel Core i5,32.0,Onboard,500,Nước khác,desktop,12.999.000 đ
2355,desktop,desktop,Đã sử dụng (chưa sửa chữa),0,0,Intel Core i5,32.0,Onboard,1000,Nước khác,desktop,20.000.000 đ
2356,desktop,desktop,Mới,12,0,Intel Core i5,8.0,Onboard,256,Nước khác,desktop,5.500.000 đ
2357,desktop,desktop,Đã sử dụng (chưa sửa chữa),0,21,Intel Core i5,16.0,Onboard,128,Việt Nam,desktop,7.500.000 đ
2358,desktop,desktop,Đã sử dụng (chưa sửa chữa),1,20,Intel Core i5,8.0,Onboard,128,Việt Nam,desktop,3.800.000 đ
2359,desktop,desktop,Đã sử dụng (chưa sửa chữa),0,20,Intel Core i5,8.0,Onboard,128,Nước khác,desktop,2.500.000 đ
2360,desktop,desktop,Mới,12,21,Intel Core i7,16.0,NVIDIA,256,Việt Nam,desktop,9.500.000 đ
2361,desktop,desktop,Đã sử dụng (chưa sửa chữa),1,21,Intel Core i5,8.0,NVIDIA,128,Việt Nam,desktop,6.000.000 đ
2362,desktop,desktop,Đã sử dụng (chưa sửa chữa),1,21,Intel Core i3,8.0,Onboard,1500,Việt Nam,desktop,4.900.000 đ
2363,desktop,desktop,Đã sử dụng (chưa sửa chữa),1,21,Intel Xeon,6.0,NVIDIA,128,Nhật Bản,desktop,2.700.000 đ
2364,desktop,desktop,Mới,12,21,Intel Core i7,8.0,Onboard,128,Việt Nam,desktop,5.000.000 đ
2365,desktop,desktop,Mới,12,0,Intel Core i7,16.0,Onboard,500,Nước khác,desktop,9.500.000 đ
2366,desktop,desktop,Đã sử dụng (chưa sửa chữa),1,0,Intel Core i5,8.0,Onboard,120,Nước khác,desktop,1.200.000 đ
2367,desktop,desktop,Đã sử dụng (chưa sửa chữa),1,20,Intel Core i5,8.0,Onboard,250,Nước khác,desktop,4.200.000 đ
2368,desktop,desktop,Đã sử dụng (chưa sửa chữa),3,21,Intel Core i7,8.0,Onboard,1500,Việt Nam,desktop,5.600.000 đ
2369,desktop,desktop,Đã sử dụng (chưa sửa chữa),0,0,Ryzen 5,8.0,Onboard,128,Nước khác,desktop,2.500.000 đ
2370,desktop,desktop,Đã sử dụng (chưa sửa chữa),0,0,Intel Core i7,16.0,NVIDIA,250,Việt Nam,desktop,12.500.000 đ
2371,desktop,desktop,Đã sử dụng (chưa sửa chữa),1,16,Intel Core i3,4.0,Onboard,128,Trung Quốc,desktop,3.500.000 đ
2372,desktop,desktop,Đã sử dụng (qua sửa chữa),0,21,Intel Core i3,8.0,AMD,250,Mỹ,desktop,5.000.000 đ
2373,desktop,desktop,Mới,1,21,Intel Core i5,16.0,Onboard,1000,Mỹ,desktop,41.500.000 đ
2374,desktop,desktop,Mới,12,21,Intel Core i5,16.0,NVIDIA,256,Nước khác,desktop,12.500.000 đ
2375,desktop,desktop,Đã sử dụng (chưa sửa chữa),1,0,Ryzen 7,16.0,AMD,256,Nước khác,desktop,7.500.000 đ
2376,desktop,desktop,Đã sử dụng (chưa sửa chữa),1,0,Intel Core i3,4.0,Onboard,250,Nước khác,desktop,2.500.000 đ
2377,desktop,desktop,Đã sử dụng (qua sửa chữa),0,0,Intel Core i3,8.0,Onboard,128,Việt Nam,desktop,3.100.000 đ
2378,desktop,desktop,Đã sử dụng (chưa sửa chữa),0,0,Intel Core i3,2.0,Onboard,120,Việt Nam,desktop,750.000 đ
2379,desktop,desktop,Đã sử dụng (chưa sửa chữa),0,0,Intel Core i3,2.0,Onboard,120,Việt Nam,desktop,850.000 đ
2380,desktop,desktop,Đã sử dụng (chưa sửa chữa),0,21,Intel Core i5,16.0,NVIDIA,250,Nước khác,desktop,5.000.000 đ
2381,desktop,desktop,Đã sử dụng (chưa sửa chữa),3,18,Intel Core i5,8.0,Onboard,500,Nước khác,desktop,3.300.000 đ
2382,desktop,desktop,Đã sử dụng (chưa sửa chữa),9,0,Intel Core i7,8.0,NVIDIA,250,Nước khác,desktop,4.450.000 đ
2383,desktop,desktop,Đã sử dụng (chưa sửa chữa),0,20,Intel Core i5,4.0,Onboard,250,Việt Nam,desktop,3.400.000 đ
2384,desktop,desktop,Đã sử dụng (chưa sửa chữa),9,0,Intel Core i5,16.0,Onboard,1000,Mỹ,desktop,7.000.000 đ
2385,desktop,desktop,Đã sử dụng (chưa sửa chữa),1,21,Intel Core i5,16.0,NVIDIA,256,Việt Nam,desktop,3.500.000 đ
2386,desktop,desktop,Đã sử dụng (chưa sửa chữa),12,21,Intel Core i5,8.0,NVIDIA,128,Nhật Bản,desktop,1.800.000 đ
2387,desktop,desktop,Đã sử dụng (chưa sửa chữa),0,0,Intel Core i7,8.0,Onboard,128,Nước khác,desktop,4.900.000 đ
2388,desktop,desktop,Đã sử dụng (chưa sửa chữa),0,0,Intel Xeon,4.0,NVIDIA,512,Nước khác,desktop,2.200.000 đ
2389,desktop,desktop,Đã sử dụng (chưa sửa chữa),0,20,Intel Core i5,8.0,NVIDIA,128,Nước khác,desktop,2.200.000 đ
2390,desktop,desktop,Mới,1,20,Intel Core i5,8.0,Onboard,128,Việt Nam,desktop,2.300.000 đ
2391,desktop,desktop,Đã sử dụng (chưa sửa chữa),0,0,Intel Core i5,8.0,Onboard,128,Việt Nam,desktop,2.000.000 đ
2392,desktop,desktop,Mới,5,21,Intel Core i3,8.0,Onboard,250,Nước khác,desktop,3.700.000 đ
2393,desktop,desktop,Mới,0,21,Intel Core i5,8.0,AMD,500,Việt Nam,desktop,12.500.000 đ
2394,desktop,desktop,Mới,0,21,Intel Xeon,64.0,NVIDIA,500,Việt Nam,desktop,13.500.000 đ
2395,desktop,desktop,Mới,12,21,Intel Xeon,64.0,NVIDIA,500,Việt Nam,desktop,13.500.000 đ
2396,desktop,desktop,Đã sử dụng (chưa sửa chữa),0,20,Intel Pentium,8.0,Onboard,128,Nước khác,desktop,2.940.000 đ
2397,desktop,desktop,Đã sử dụng (chưa sửa chữa),9,21,Intel Core i3,8.0,AMD,250,Nước khác,desktop,8.500.000 đ
2398,desktop,desktop,Đã sử dụng (chưa sửa chữa),1,0,Intel Core i5,8.0,Onboard,256,Nước khác,desktop,1.200.000 đ
2399,desktop,desktop,Đã sử dụng (chưa sửa chữa),0,0,Intel Celeron,4.0,Onboard,128,Nước khác,desktop,450.000 đ
2400,desktop,desktop,Đã sử dụng (chưa sửa chữa),0,0,Intel Core i5,16.0,Onboard,256,Nước khác,desktop,15.900.000 đ
2401,desktop,desktop,Đã sử dụng (chưa sửa chữa),0,0,Intel Core i5,8.0,NVIDIA,128,Nước khác,desktop,2.500.000 đ
2402,desktop,desktop,Đã sử dụng (chưa sửa chữa),9,0,Intel Core i5,16.0,Onboard,256,Mỹ,desktop,6.000.000 đ
2403,desktop,desktop,Đã sử dụng (chưa sửa chữa),9,0,Intel Core i5,8.0,Onboard,256,Mỹ,desktop,3.700.000 đ
2404,desktop,desktop,Đã sử dụng (chưa sửa chữa),9,0,Intel Core i5,8.0,Onboard,256,Mỹ,desktop,3.500.000 đ
2405,desktop,desktop,Đã sử dụng (chưa sửa chữa),0,21,Intel Core i5,8.0,Onboard,120,Nước khác,desktop,6.850.000 đ
2406,desktop,desktop,Mới,12,21,Intel Core i5,8.0,NVIDIA,256,Trung Quốc,desktop,7.500.000 đ
2407,desktop,desktop,Mới,12,21,Intel Core i5,8.0,NVIDIA,512,Việt Nam,desktop,4.400.000 đ
2408,desktop,desktop,Đã sử dụng (chưa sửa chữa),1,0,Intel Core i7,16.0,NVIDIA,256,Việt Nam,desktop,3.800.000 đ
2409,desktop,desktop,Mới,0,0,Intel Core i5,16.0,NVIDIA,256,Việt Nam,desktop,8.450.000 đ
2410,desktop,desktop,Đã sử dụng (chưa sửa chữa),0,0,Intel Core i3,8.0,NVIDIA,128,Nước khác,desktop,3.600.000 đ
2411,desktop,desktop,Mới,1,0,Intel Core i5,16.0,NVIDIA,256,Việt Nam,desktop,10.000.000 đ
2412,desktop,desktop,Đã sử dụng (chưa sửa chữa),0,21,Intel Core i7,16.0,Onboard,1000,Mỹ,desktop,5.500.000 đ
2413,desktop,desktop,Đã sử dụng (chưa sửa chữa),0,21,Intel Core i3,8.0,NVIDIA,128,Việt Nam,desktop,6.000.000 đ
2414,desktop,desktop,Đã sử dụng (chưa sửa chữa),0,21,Intel Core i5,8.0,Onboard,1000,Trung Quốc,desktop,9.600.000 đ
2415,desktop,desktop,Đã sử dụng (chưa sửa chữa),1,21,Intel Core i5,8.0,Onboard,1000,Nước khác,desktop,6.000.000 đ
2416,desktop,desktop,Đã sử dụng (chưa sửa chữa),0,0,Intel Pentium,4.0,Onboard,500,Nước khác,desktop,680.000 đ
2417,desktop,desktop,Mới,3,21,Intel Core i5,8.0,Onboard,256,Việt Nam,desktop,7.500.000 đ
2418,desktop,desktop,Đã sử dụng (chưa sửa chữa),0,0,Intel Core i3,8.0,Onboard,128,Nước khác,desktop,200.000 đ
2419,desktop,desktop,Mới,12,21,Intel Core i3,8.0,NVIDIA,128,Việt Nam,desktop,10.000.000 đ
2420,desktop,desktop,Mới,1,0,Intel Core i5,16.0,NVIDIA,512,Nước khác,desktop,10.200.000 đ
2421,desktop,desktop,Đã sử dụng (chưa sửa chữa),0,0,Intel Core i3,8.0,Onboard,500,Nước khác,desktop,3.200.000 đ
2422,desktop,desktop,Đã sử dụng (chưa sửa chữa),0,21,Intel Core i3,8.0,Onboard,500,Nước khác,desktop,2.500.000 đ
2423,desktop,desktop,Đã sử dụng (chưa sửa chữa),1,0,Intel Pentium,4.0,Onboard,128,Nước khác,desktop,1.600.000 đ
2424,desktop,desktop,Đã sử dụng (chưa sửa chữa),0,20,Intel Celeron,8.0,NVIDIA,256,Việt Nam,desktop,3.600.000 đ
2425,desktop,desktop,Đã sử dụng (chưa sửa chữa),1,0,Intel Core i3,8.0,Onboard,500,Nước khác,desktop,1.900.000 đ
2426,desktop,desktop,Đã sử dụng (chưa sửa chữa),1,0,Intel Core i3,4.0,Onboard,500,Nước khác,desktop,1.200.000 đ
2427,desktop,desktop,Mới,9,20,Intel Core i5,8.0,NVIDIA,120,Mỹ,desktop,2.600.000 đ
2428,desktop,desktop,Đã sử dụng (chưa sửa chữa),1,0,Intel Core i3,8.0,Onboard,128,Nước khác,desktop,3.200.000 đ
2429,desktop,desktop,Đã sử dụng (chưa sửa chữa),1,0,Intel Core i5,16.0,Onboard,500,Nước khác,desktop,5.500.000 đ
2430,desktop,desktop,Đã sử dụng (chưa sửa chữa),0,0,Intel Core i5,8.0,NVIDIA,256,Nước khác,desktop,5.500.000 đ
2431,desktop,desktop,Đã sử dụng (chưa sửa chữa),1,18,Intel Core i5,8.0,Onboard,1500,Nước khác,desktop,2.600.000 đ
2432,desktop,desktop,Đã sử dụng (chưa sửa chữa),1,21,Intel Core i5,8.0,Onboard,256,Nước khác,desktop,7.100.000 đ
2433,desktop,desktop,Đã sử dụng (chưa sửa chữa),0,0,Intel Core i7,4.0,Onboard,500,Nước khác,desktop,3.000.000 đ
2434,desktop,desktop,Đã sử dụng (chưa sửa chữa),0,0,Intel Core i5,8.0,Onboard,256,Nước khác,desktop,3.000.000 đ
2435,desktop,desktop,Đã sử dụng (chưa sửa chữa),0,20,Intel Core i7,8.0,Onboard,128,Nước khác,desktop,2.250.000 đ
2436,desktop,desktop,Đã sử dụng (chưa sửa chữa),0,0,Intel Xeon,32.0,NVIDIA,512,Việt Nam,desktop,5.000.000 đ
2437,desktop,desktop,Đã sử dụng (qua sửa chữa),0,20,Intel Core i3,8.0,Onboard,128,Nhật Bản,desktop,2.500.000 đ
2438,desktop,desktop,Đã sử dụng (chưa sửa chữa),0,20,Intel Xeon,32.0,NVIDIA,128,Nước khác,desktop,3.500.000 đ
2439,desktop,desktop,Mới,1,21,Intel Xeon,64.0,AMD,256,Việt Nam,desktop,8.500.000 đ
2440,desktop,desktop,Đã sử dụng (chưa sửa chữa),0,20,Intel Core i5,8.0,Onboard,128,Nước khác,desktop,3.500.000 đ
2441,desktop,desktop,Đã sử dụng (chưa sửa chữa),1,20,Intel Core i5,8.0,Onboard,128,Việt Nam,desktop,2.100.000 đ
2442,desktop,desktop,Đã sử dụng (qua sửa chữa),0,0,Intel Core i5,0.5,Onboard,256,Nước khác,desktop,200.000 đ
2443,desktop,desktop,Mới,12,0,Intel Core i3,32.0,Onboard,256,Việt Nam,desktop,1.399.999 đ
2444,desktop,desktop,Mới,0,0,Intel Core i5,8.0,NVIDIA,256,Nước khác,desktop,8.800.000 đ
2445,desktop,desktop,Đã sử dụng (qua sửa chữa),1,21,Intel Core i5,32.0,NVIDIA,500,Việt Nam,desktop,15.000.000 đ
2446,desktop,desktop,Mới,5,21,Intel Core i5,8.0,NVIDIA,512,Nước khác,desktop,5.500.000 đ
2447,desktop,desktop,Mới,1,21,Intel Core i3,8.0,Onboard,128,Nước khác,desktop,9.000.000 đ
2448,desktop,desktop,Đã sử dụng (chưa sửa chữa),0,21,AMD,32.0,Onboard,500,Nước khác,desktop,11.000.000 đ
2449,desktop,desktop,Đã sử dụng (chưa sửa chữa),0,16,Intel Core i3,4.0,Onboard,500,Nước khác,desktop,2.450.000 đ
2450,desktop,desktop,Đã sử dụng (chưa sửa chữa),0,20,Intel Core i3,8.0,Onboard,120,Nước khác,desktop,1.350.000 đ
2451,desktop,desktop,Đã sử dụng (chưa sửa chữa),0,20,Intel Pentium,8.0,Onboard,500,Nước khác,desktop,1.100.000 đ
2452,desktop,desktop,Đã sử dụng (chưa sửa chữa),9,20,Intel Pentium,8.0,Onboard,128,Nước khác,desktop,2.250.000 đ
2453,desktop,desktop,Đã sử dụng (chưa sửa chữa),1,20,Intel Core i3,16.0,Onboard,120,Nước khác,desktop,8.000.000 đ
2454,desktop,desktop,Đã sử dụng (chưa sửa chữa),0,21,Intel Core i7,16.0,AMD,256,Việt Nam,desktop,7.900.000 đ
2455,desktop,desktop,Đã sử dụng (chưa sửa chữa),3,0,Intel Core i7,16.0,NVIDIA,256,Nước khác,desktop,8.000.000 đ
2456,desktop,desktop,Đã sử dụng (chưa sửa chữa),0,21,Intel Core i5,8.0,Onboard,256,Việt Nam,desktop,4.000.000 đ
2457,desktop,desktop,Đã sử dụng (chưa sửa chữa),1,21,Intel Xeon,8.0,NVIDIA,128,Việt Nam,desktop,2.222.222 đ
2458,desktop,desktop,Đã sử dụng (chưa sửa chữa),0,0,Intel Core i5,8.0,NVIDIA,128,Nước khác,desktop,3.000.000 đ
2459,desktop,desktop,Đã sử dụng (chưa sửa chữa),0,0,Intel Core i3,8.0,Onboard,128,Nước khác,desktop,123.456 đ
2460,desktop,desktop,Đã sử dụng (chưa sửa chữa),0,0,Intel Core i7,16.0,Onboard,480,Nước khác,desktop,3.999.000 đ
2461,desktop,desktop,Đã sử dụng (qua sửa chữa),0,20,Intel Pentium,4.0,Onboard,512,Nước khác,desktop,2.800.000 đ
2462,desktop,desktop,Đã sử dụng (chưa sửa chữa),0,21,Intel Xeon,64.0,NVIDIA,256,Nước khác,desktop,15.000.000 đ
2463,desktop,desktop,Mới,1,0,Intel Core i5,16.0,NVIDIA,500,Việt Nam,desktop,25.590.000 đ
2464,desktop,desktop,Đã sử dụng (chưa sửa chữa),0,0,Intel Core i5,4.0,Onboard,500,Nước khác,desktop,1.000.000 đ
2465,desktop,desktop,Mới,1,0,Intel Core i7,32.0,NVIDIA,512,Nước khác,desktop,44.990.000 đ
2466,desktop,desktop,Đã sử dụng (chưa sửa chữa),1,21,Intel Core i5,8.0,NVIDIA,256,Việt Nam,desktop,5.900.000 đ
2467,desktop,desktop,Đã sử dụng (chưa sửa chữa),1,20,Intel Core i5,8.0,NVIDIA,128,Việt Nam,desktop,2.850.000 đ
2468,desktop,desktop,Đã sử dụng (qua sửa chữa),1,21,Intel Xeon,16.0,NVIDIA,256,Nước khác,desktop,2.999.000 đ
2469,desktop,desktop,Mới,1,0,Intel Core i9,32.0,NVIDIA,512,Việt Nam,desktop,37.490.000 đ
2470,desktop,desktop,Đã sử dụng (chưa sửa chữa),0,0,Intel Core i3,8.0,Onboard,250,Nước khác,desktop,3.800.000 đ
2471,desktop,desktop,Đã sử dụng (chưa sửa chữa),0,0,Intel Core i3,4.0,Onboard,128,Nước khác,desktop,1.900.000 đ
2472,desktop,desktop,Đã sử dụng (chưa sửa chữa),0,21,Intel Core i5,16.0,NVIDIA,250,Việt Nam,desktop,9.500.000 đ
2473,desktop,desktop,Đã sử dụng (chưa sửa chữa),5,0,Ryzen 5,16.0,AMD,1000,Việt Nam,desktop,11.000.000 đ
2474,desktop,desktop,Đã sử dụng (chưa sửa chữa),0,0,Intel Pentium,4.0,Onboard,512,Đài Loan,desktop,1.800.000 đ
2475,desktop,desktop,Đã sử dụng (chưa sửa chữa),0,0,Intel Xeon,8.0,Onboard,128,Nước khác,desktop,6.500.000 đ
2476,desktop,desktop,Đã sử dụng (chưa sửa chữa),1,0,Intel Xeon,32.0,NVIDIA,1000,Nước khác,desktop,15.000.000 đ
2477,desktop,desktop,Đã sử dụng (chưa sửa chữa),0,0,Intel Core i5,64.0,NVIDIA,256,Mỹ,desktop,5.200.000 đ
2478,desktop,desktop,Đã sử dụng (chưa sửa chữa),3,21,Intel Core i3,8.0,NVIDIA,128,Việt Nam,desktop,7.300.000 đ
2479,desktop,desktop,Đã sử dụng (chưa sửa chữa),0,16,Intel Core i3,8.0,Onboard,480,Nước khác,desktop,1.900.000 đ
2480,desktop,desktop,Đã sử dụng (chưa sửa chữa),0,21,Intel Core i5,8.0,NVIDIA,128,Việt Nam,desktop,3.000.000 đ
2481,desktop,desktop,Mới,12,0,Intel Core i5,16.0,NVIDIA,512,Nước khác,desktop,25.850.000 đ
2482,desktop,desktop,Đã sử dụng (chưa sửa chữa),12,0,Intel Core i5,16.0,NVIDIA,256,Nước khác,desktop,8.800.000 đ
2483,desktop,desktop,Đã sử dụng (chưa sửa chữa),1,21,Intel Xeon,32.0,AMD,250,Việt Nam,desktop,5.500.000 đ
2484,desktop,desktop,Đã sử dụng (chưa sửa chữa),0,20,Intel Pentium,8.0,Onboard,120,Nước khác,desktop,2.300.000 đ
2485,desktop,desktop,Đã sử dụng (chưa sửa chữa),1,21,Intel Core i3,8.0,NVIDIA,128,Việt Nam,desktop,7.999.999 đ
2486,desktop,desktop,Đã sử dụng (chưa sửa chữa),1,0,Intel Core i7,32.0,NVIDIA,512,Việt Nam,desktop,6.500.000 đ
2487,desktop,desktop,Đã sử dụng (chưa sửa chữa),0,20,Intel Core i5,8.0,Onboard,128,Nước khác,desktop,2.300.000 đ
2488,desktop,desktop,Đã sử dụng (chưa sửa chữa),3,0,Intel Core i5,16.0,Onboard,128,Việt Nam,desktop,6.500.000 đ
2489,desktop,desktop,Đã sử dụng (qua sửa chữa),0,0,Intel Core i3,4.0,Onboard,128,Nước khác,desktop,750.000 đ
2490,desktop,desktop,Đã sử dụng (chưa sửa chữa),5,21,Intel Core i5,8.0,Onboard,256,Mỹ,desktop,8.500.000 đ
2491,desktop,desktop,Đã sử dụng (chưa sửa chữa),1,21,Intel Xeon,8.0,NVIDIA,250,Việt Nam,desktop,4.500.000 đ
2492,desktop,desktop,Đã sử dụng (chưa sửa chữa),1,0,Intel Core i7,8.0,NVIDIA,128,Nước khác,desktop,3.800.000 đ
2493,desktop,desktop,Đã sử dụng (chưa sửa chữa),3,20,Intel Core i5,8.0,Onboard,500,Việt Nam,desktop,2.100.000 đ
2494,desktop,desktop,Đã sử dụng (chưa sửa chữa),0,0,Intel Core i5,8.0,Onboard,128,Nước khác,desktop,2.500.000 đ
2495,desktop,desktop,Đã sử dụng (chưa sửa chữa),3,0,Intel Xeon,32.0,AMD,128,Việt Nam,desktop,4.900.000 đ
2496,desktop,desktop,Đã sử dụng (chưa sửa chữa),0,0,Intel Core i5,4.0,Onboard,128,Việt Nam,desktop,900.000 đ
2497,desktop,desktop,Đã sử dụng (chưa sửa chữa),1,0,Intel Celeron,8.0,Onboard,128,Nước khác,desktop,1.300.000 đ
2498,desktop,desktop,Mới,1,0,Intel Xeon,32.0,NVIDIA,256,Việt Nam,desktop,6.990.000 đ
2499,desktop,desktop,Đã sử dụng (chưa sửa chữa),0,0,Intel Xeon,32.0,Onboard,128,Nước khác,desktop,6.500.000 đ
2500,desktop,desktop,Đã sử dụng (chưa sửa chữa),12,21,Intel Core i5,32.0,AMD,512,Việt Nam,desktop,15.000.000 đ
2501,desktop,desktop,Đã sử dụng (chưa sửa chữa),0,0,AMD,16.0,Onboard,1000,Nước khác,desktop,11.000.000 đ
2502,desktop,desktop,Đã sử dụng (chưa sửa chữa),1,0,Intel Core i7,8.0,Onboard,256,Nước khác,desktop,1.100.000 đ
2503,desktop,desktop,Đã sử dụng (chưa sửa chữa),12,0,Intel Core i3,8.0,Onboard,256,Nước khác,desktop,3.300.000 đ
2504,desktop,desktop,Đã sử dụng (chưa sửa chữa),3,0,Intel Core i7,32.0,NVIDIA,1000,Nước khác,desktop,11.000.000 đ
2505,desktop,desktop,Mới,1,21,Intel Core i7,8.0,Onboard,256,Việt Nam,desktop,2.000.000 đ
2506,desktop,desktop,Đã sử dụng (chưa sửa chữa),3,20,Intel Core i7,8.0,NVIDIA,250,Mỹ,desktop,4.000.000 đ
2507,desktop,desktop,Mới,0,21,Intel Core i5,8.0,NVIDIA,128,Việt Nam,desktop,4.600.000 đ
2508,desktop,desktop,Đã sử dụng (chưa sửa chữa),3,20,Intel Core i5,8.0,Onboard,120,Nước khác,desktop,2.500.000 đ
2509,desktop,desktop,Mới,9,0,Intel Xeon,16.0,NVIDIA,256,Nước khác,desktop,6.390.000 đ
2510,desktop,desktop,Mới,12,0,Intel Core i7,8.0,Onboard,512,Mỹ,desktop,6.900.000 đ
2511,desktop,desktop,Đã sử dụng (chưa sửa chữa),0,20,Intel Pentium,4.0,Onboard,128,Nước khác,desktop,1.500.000 đ
2512,desktop,desktop,Đã sử dụng (chưa sửa chữa),0,0,Intel Core i5,8.0,Onboard,256,Việt Nam,desktop,7.000.000 đ
2513,desktop,desktop,Đã sử dụng (chưa sửa chữa),1,0,Intel Core i5,16.0,NVIDIA,128,Nước khác,desktop,6.700.000 đ
2514,desktop,desktop,Đã sử dụng (chưa sửa chữa),1,0,Intel Core i5,16.0,NVIDIA,256,Nước khác,desktop,6.500.000 đ
2515,desktop,desktop,Đã sử dụng (chưa sửa chữa),0,0,Intel Core i3,8.0,Onboard,250,Nước khác,desktop,2.500.000 đ
2516,desktop,desktop,Đã sử dụng (chưa sửa chữa),12,21,Intel Core i3,16.0,AMD,500,Việt Nam,desktop,12.000.000 đ
2517,desktop,desktop,Đã sử dụng (chưa sửa chữa),0,0,Intel Pentium,2.0,Onboard,120,Việt Nam,desktop,500.000 đ
2518,desktop,desktop,Đã sử dụng (chưa sửa chữa),1,21,Intel Core 2 Duo,8.0,NVIDIA,128,Nước khác,desktop,2.800.000 đ
2519,desktop,desktop,Đã sử dụng (chưa sửa chữa),0,0,Intel Core i5,8.0,NVIDIA,120,Nước khác,desktop,2.600.000 đ
2520,desktop,desktop,Đã sử dụng (chưa sửa chữa),1,21,Intel Core i5,16.0,NVIDIA,128,Nước khác,desktop,5.500.000 đ
2521,desktop,desktop,Mới,0,0,Intel Core i5,8.0,Onboard,128,Mỹ,desktop,2.999.000 đ
2522,desktop,desktop,Đã sử dụng (chưa sửa chữa),2,20,Intel Core i5,8.0,Onboard,128,Nước khác,desktop,2.700.000 đ
2523,desktop,desktop,Đã sử dụng (chưa sửa chữa),1,21,Intel Core i5,16.0,NVIDIA,512,Nước khác,desktop,12.500.000 đ
2524,desktop,desktop,Đã sử dụng (chưa sửa chữa),0,18,Intel Core i3,6.0,Onboard,128,Nước khác,desktop,1.250.000 đ
2525,desktop,desktop,Đã sử dụng (chưa sửa chữa),1,21,Intel Core i7,8.0,Onboard,512,Nhật Bản,desktop,6.000.000 đ
2526,desktop,desktop,Đã sử dụng (chưa sửa chữa),0,21,Intel Core i5,8.0,NVIDIA,256,Nước khác,desktop,10.000.000 đ
2527,desktop,desktop,Đã sử dụng (chưa sửa chữa),1,21,Intel Core i5,16.0,NVIDIA,128,Nước khác,desktop,5.900.000 đ
2528,desktop,desktop,Đã sử dụng (chưa sửa chữa),1,21,Intel Core i7,16.0,NVIDIA,128,Việt Nam,desktop,6.200.000 đ
2529,desktop,desktop,Mới,1,21,Intel Core i3,8.0,NVIDIA,256,Nước khác,desktop,9.500.000 đ
2530,desktop,desktop,Đã sử dụng (chưa sửa chữa),0,21,Intel Core i7,16.0,NVIDIA,750,Nước khác,desktop,16.000.000 đ
2531,desktop,desktop,Đã sử dụng (chưa sửa chữa),3,21,Intel Core i5,8.0,NVIDIA,128,Nước khác,desktop,4.900.000 đ
2532,desktop,desktop,Đã sử dụng (chưa sửa chữa),0,21,Intel Core i5,8.0,NVIDIA,500,Trung Quốc,desktop,4.500.000 đ
2533,desktop,desktop,Đã sử dụng (chưa sửa chữa),9,21,Intel Core i5,8.0,NVIDIA,128,Việt Nam,desktop,7.000.000 đ
2534,desktop,desktop,Đã sử dụng (chưa sửa chữa),0,21,Intel Core i3,8.0,NVIDIA,128,Việt Nam,desktop,2.900.000 đ
2535,desktop,desktop,Mới,5,21,Intel Core i5,8.0,NVIDIA,500,Việt Nam,desktop,5.500.000 đ
2536,desktop,desktop,Mới,5,21,Intel Core i5,8.0,NVIDIA,500,Việt Nam,desktop,4.500.000 đ
2537,desktop,desktop,Mới,0,20,Intel Core i5,8.0,Onboard,128,Việt Nam,desktop,3.500.000 đ
2538,desktop,desktop,Đã sử dụng (chưa sửa chữa),5,21,Intel Core i5,6.0,NVIDIA,256,Nước khác,desktop,2.600.000 đ
2539,desktop,desktop,Đã sử dụng (chưa sửa chữa),0,20,Intel Core i3,8.0,NVIDIA,500,Nước khác,desktop,2.300.000 đ
2540,desktop,desktop,Đã sử dụng (chưa sửa chữa),0,21,Intel Core i5,8.0,Onboard,1000,Việt Nam,desktop,4.888.888 đ
2541,desktop,desktop,Mới,9,0,Intel Core i5,8.0,Onboard,128,Việt Nam,desktop,1.350.000 đ
2542,desktop,desktop,Đã sử dụng (chưa sửa chữa),3,21,Intel Core i5,8.0,NVIDIA,500,Nước khác,desktop,5.900.000 đ
2543,desktop,desktop,Mới,1,21,Intel Core i3,16.0,AMD,320,Việt Nam,desktop,8.700.000 đ
2544,desktop,desktop,Đã sử dụng (chưa sửa chữa),3,21,Intel Core i5,8.0,NVIDIA,128,Nước khác,desktop,7.700.000 đ
2545,desktop,desktop,Đã sử dụng (chưa sửa chữa),0,21,Intel Core i7,16.0,Onboard,256,Nước khác,desktop,4.700.000 đ
2546,desktop,desktop,Mới,0,21,Intel Core i3,16.0,AMD,256,Việt Nam,desktop,9.200.000 đ
2547,desktop,desktop,Đã sử dụng (chưa sửa chữa),0,21,Intel Core i5,16.0,NVIDIA,256,Nước khác,desktop,7.200.000 đ
2548,desktop,desktop,Đã sử dụng (chưa sửa chữa),1,0,Intel Core i5,8.0,NVIDIA,128,Nước khác,desktop,2.200.000 đ
2549,desktop,desktop,Đã sử dụng (chưa sửa chữa),0,0,Intel Core i3,16.0,NVIDIA,250,Nước khác,desktop,7.350.000 đ
2550,desktop,desktop,Đã sử dụng (chưa sửa chữa),0,21,Intel Core i5,8.0,NVIDIA,1500,Nước khác,desktop,10.000.000 đ
2551,desktop,desktop,Mới,1,21,Intel Core i5,8.0,NVIDIA,120,Việt Nam,desktop,4.700.000 đ
2552,desktop,desktop,Đã sử dụng (chưa sửa chữa),12,21,Intel Core i3,16.0,Onboard,512,Việt Nam,desktop,9.500.000 đ
2553,desktop,desktop,Đã sử dụng (chưa sửa chữa),0,0,Intel Core i5,8.0,Onboard,128,Nước khác,desktop,900.000 đ
2554,desktop,desktop,Đã sử dụng (chưa sửa chữa),0,0,Intel Core i5,8.0,Onboard,128,Nước khác,desktop,5.000.000 đ
2555,desktop,desktop,Mới,12,0,Intel Core i5,8.0,Onboard,128,Việt Nam,desktop,6.900.000 đ
2556,desktop,desktop,Mới,1,21,Intel Core i7,16.0,NVIDIA,256,Việt Nam,desktop,5.890.000 đ
2557,desktop,desktop,Mới,1,21,Intel Core i5,8.0,Onboard,256,Nhật Bản,desktop,4.500.000 đ
2558,desktop,desktop,Mới,0,21,Intel Core i5,16.0,NVIDIA,500,Việt Nam,desktop,12.400.000 đ
2559,desktop,desktop,Đã sử dụng (chưa sửa chữa),0,0,Intel Core i5,8.0,Onboard,120,Nước khác,desktop,800.000 đ
2560,desktop,desktop,Đã sử dụng (chưa sửa chữa),3,21,Intel Core i5,8.0,NVIDIA,128,Việt Nam,desktop,4.390.000 đ
2561,desktop,desktop,Mới,12,21,Intel Core i5,32.0,NVIDIA,512,Nước khác,desktop,6.950.000 đ
2562,desktop,desktop,Đã sử dụng (chưa sửa chữa),0,20,Intel Core i5,8.0,Onboard,128,Nước khác,desktop,3.300.000 đ
2563,desktop,desktop,Đã sử dụng (chưa sửa chữa),0,0,AMD,8.0,AMD,128,Nước khác,desktop,4.000.000 đ
2564,desktop,desktop,Mới,0,0,Intel Core i5,16.0,NVIDIA,500,Việt Nam,desktop,19.500.000 đ
2565,desktop,desktop,Đã sử dụng (chưa sửa chữa),1,21,Intel Xeon,8.0,AMD,128,Việt Nam,desktop,6.500.000 đ
2566,desktop,desktop,Đã sử dụng (chưa sửa chữa),0,0,Intel Core i3,8.0,Onboard,256,Nước khác,desktop,5.500.000 đ
2567,desktop,desktop,Đã sử dụng (chưa sửa chữa),1,21,Intel Core i5,8.0,AMD,128,Việt Nam,desktop,7.000.000 đ
2568,desktop,desktop,Đã sử dụng (chưa sửa chữa),0,0,Intel Core i5,4.0,Onboard,120,Trung Quốc,desktop,1.800.000 đ
2569,desktop,desktop,Đã sử dụng (chưa sửa chữa),1,21,Intel Pentium,8.0,NVIDIA,128,Nước khác,desktop,4.300.000 đ
2570,desktop,desktop,Mới,3,21,Intel Core i5,8.0,NVIDIA,128,Nước khác,desktop,4.990.000 đ
2571,desktop,desktop,Đã sử dụng (chưa sửa chữa),0,21,Intel Core i5,32.0,AMD,512,Mỹ,desktop,12.990.000 đ
2572,desktop,desktop,Đã sử dụng (chưa sửa chữa),9,20,Intel Core i3,2.0,Onboard,128,Trung Quốc,desktop,2.000.000 đ
2573,desktop,desktop,Đã sử dụng (chưa sửa chữa),0,0,Intel Core i5,16.0,NVIDIA,256,Nước khác,desktop,7.800.000 đ
2574,desktop,desktop,Đã sử dụng (chưa sửa chữa),0,21,Ryzen 9,64.0,NVIDIA,1500,Nước khác,desktop,35.000.000 đ
2575,desktop,desktop,Mới,3,0,Intel Xeon,64.0,AMD,256,Việt Nam,desktop,4.900.000 đ
2576,desktop,desktop,Đã sử dụng (chưa sửa chữa),0,0,Intel Core i3,4.0,Onboard,320,Nước khác,desktop,1.666.666 đ
2577,desktop,desktop,Đã sử dụng (chưa sửa chữa),1,21,Intel Core i5,16.0,NVIDIA,1000,Việt Nam,desktop,5.500.000 đ
2578,desktop,desktop,Đã sử dụng (chưa sửa chữa),1,18,Intel Core i5,8.0,Onboard,250,Nước khác,desktop,1.950.000 đ
2579,desktop,desktop,Đã sử dụng (chưa sửa chữa),0,0,Intel Core i5,8.0,Onboard,256,Việt Nam,desktop,1.800.000 đ
2580,desktop,desktop,Đã sử dụng (chưa sửa chữa),5,21,Intel Core i3,8.0,AMD,256,Mỹ,desktop,8.000.000 đ
2581,desktop,desktop,Mới,1,21,Ryzen 5,64.0,Onboard,512,Việt Nam,desktop,9.900.000 đ
2582,desktop,desktop,Mới,1,21,Intel Core i5,16.0,NVIDIA,128,Việt Nam,desktop,6.000.000 đ
2583,desktop,desktop,Đã sử dụng (chưa sửa chữa),1,21,Intel Core i5,16.0,NVIDIA,500,Nước khác,desktop,7.900.000 đ
2584,desktop,desktop,Đã sử dụng (chưa sửa chữa),1,21,Intel Xeon,16.0,NVIDIA,250,Nước khác,desktop,7.350.000 đ
2585,desktop,desktop,Mới,0,0,Intel Core i7,32.0,NVIDIA,1500,Nước khác,desktop,32.000.000 đ
2586,desktop,desktop,Đã sử dụng (chưa sửa chữa),0,0,Intel Core i5,16.0,Onboard,256,Trung Quốc,desktop,3.500.000 đ
2587,desktop,desktop,Đã sử dụng (chưa sửa chữa),0,0,Intel Core i7,8.0,NVIDIA,750,Nước khác,desktop,2.699.000 đ
2588,desktop,desktop,Đã sử dụng (chưa sửa chữa),0,21,Intel Core i5,16.0,NVIDIA,128,Việt Nam,desktop,9.800.000 đ
2589,desktop,desktop,Mới,0,0,Intel Core i5,8.0,Onboard,512,Nước khác,desktop,11.147.000 đ
2590,desktop,desktop,Đã sử dụng (chưa sửa chữa),1,0,Intel Core i3,8.0,Onboard,250,Mỹ,desktop,700.000 đ
2591,desktop,desktop,Mới,1,21,Intel Core i3,16.0,NVIDIA,250,Việt Nam,desktop,12.290.000 đ
2592,desktop,desktop,Đã sử dụng (chưa sửa chữa),1,0,Intel Core i5,16.0,AMD,128,Nước khác,desktop,8.000.000 đ
2593,desktop,desktop,Đã sử dụng (chưa sửa chữa),0,0,Intel Core i5,8.0,NVIDIA,128,Nước khác,desktop,6.350.000 đ
2594,desktop,desktop,Mới,1,0,Intel Core i3,16.0,NVIDIA,256,Việt Nam,desktop,8.900.000 đ
2595,desktop,desktop,Đã sử dụng (chưa sửa chữa),0,0,Intel Core i7,8.0,NVIDIA,500,Nước khác,desktop,4.900.000 đ
2596,desktop,desktop,Đã sử dụng (chưa sửa chữa),3,21,Intel Core i3,8.0,NVIDIA,128,Việt Nam,desktop,3.950.000 đ
2597,desktop,desktop,Đã sử dụng (chưa sửa chữa),0,0,Intel Core i7,8.0,Onboard,256,Nước khác,desktop,2.999.000 đ
2598,desktop,desktop,Đã sử dụng (chưa sửa chữa),0,21,Intel Core i5,8.0,Onboard,128,Nước khác,desktop,3.500.000 đ
2599,desktop,desktop,Mới,12,0,Intel Core i5,8.0,NVIDIA,256,Việt Nam,desktop,8.999.999 đ
2600,desktop,desktop,Đã sử dụng (chưa sửa chữa),0,21,Intel Core i3,6.0,Onboard,128,Nước khác,desktop,3.200.000 đ
2601,desktop,desktop,Đã sử dụng (chưa sửa chữa),3,0,Intel Core i5,8.0,Onboard,256,Nước khác,desktop,2.700.000 đ
2602,desktop,desktop,Đã sử dụng (chưa sửa chữa),1,20,Intel Core i5,8.0,AMD,128,Mỹ,desktop,2.500.000 đ
2603,desktop,desktop,Đã sử dụng (qua sửa chữa),0,0,Intel Xeon,64.0,Onboard,128,Nước khác,desktop,2.900.000 đ
2604,desktop,desktop,Đã sử dụng (chưa sửa chữa),3,0,Intel Core i5,8.0,Onboard,256,Nước khác,desktop,3.500.000 đ
2605,desktop,desktop,Đã sử dụng (chưa sửa chữa),1,21,Intel Core i3,8.0,AMD,256,Nước khác,desktop,4.000.000 đ
2606,desktop,desktop,Đã sử dụng (chưa sửa chữa),1,21,Intel Pentium,8.0,NVIDIA,256,Nước khác,desktop,4.800.000 đ
2607,desktop,desktop,Đã sử dụng (chưa sửa chữa),3,21,Intel Core i5,8.0,Onboard,128,Nước khác,desktop,4.350.000 đ
2608,desktop,desktop,Đã sử dụng (chưa sửa chữa),0,0,Intel Core i5,8.0,Onboard,128,Nước khác,desktop,1.650.000 đ
2609,desktop,desktop,Đã sử dụng (chưa sửa chữa),0,20,Intel Core 2 Duo,2.0,Onboard,128,Việt Nam,desktop,2.850.000 đ
2610,desktop,desktop,Đã sử dụng (chưa sửa chữa),1,21,Intel Xeon,32.0,NVIDIA,256,Nước khác,desktop,7.700.000 đ
2611,desktop,desktop,Mới,9,21,Intel Core i7,16.0,NVIDIA,500,Nước khác,desktop,5.500.000 đ
2612,desktop,desktop,Đã sử dụng (chưa sửa chữa),0,0,Intel Core i7,16.0,Onboard,256,Nước khác,desktop,6.200.000 đ
2613,desktop,desktop,Đã sử dụng (chưa sửa chữa),0,21,Intel Core i5,16.0,Onboard,512,Nước khác,desktop,17.000.000 đ
2614,desktop,desktop,Đã sử dụng (chưa sửa chữa),1,0,Intel Xeon,8.0,NVIDIA,250,Việt Nam,desktop,3.770.000 đ
2615,desktop,desktop,Đã sử dụng (chưa sửa chữa),0,0,Intel Core i5,8.0,NVIDIA,250,Việt Nam,desktop,5.500.000 đ
2616,desktop,desktop,Đã sử dụng (chưa sửa chữa),9,20,Intel Core i5,8.0,Onboard,128,Nước khác,desktop,3.500.000 đ
2617,desktop,desktop,Đã sử dụng (chưa sửa chữa),0,0,Intel Xeon,16.0,NVIDIA,128,Nước khác,desktop,7.500.000 đ
2618,desktop,desktop,Đã sử dụng (chưa sửa chữa),0,21,Intel Core i3,8.0,NVIDIA,128,Nước khác,desktop,2.100.000 đ
2619,desktop,desktop,Đã sử dụng (chưa sửa chữa),1,21,Intel Core i3,8.0,NVIDIA,128,Việt Nam,desktop,3.500.000 đ
2620,desktop,desktop,Đã sử dụng (chưa sửa chữa),2,0,Intel Core i5,8.0,Onboard,250,Việt Nam,desktop,1.900.000 đ
2621,desktop,desktop,Đã sử dụng (chưa sửa chữa),1,0,Intel Xeon,0.5,Onboard,120,Nhật Bản,desktop,6.666.000 đ
2622,desktop,desktop,Đã sử dụng (chưa sửa chữa),0,20,Intel Core i3,8.0,Onboard,128,Nước khác,desktop,2.200.000 đ
2623,desktop,desktop,Đã sử dụng (chưa sửa chữa),0,0,Intel Core i5,16.0,Onboard,256,Việt Nam,desktop,7.500.000 đ
2624,desktop,desktop,Đã sử dụng (chưa sửa chữa),3,21,Intel Core i3,16.0,Onboard,250,Nước khác,desktop,9.500.000 đ
2625,desktop,desktop,Đã sử dụng (chưa sửa chữa),0,0,Intel Core i3,16.0,Onboard,256,Nước khác,desktop,8.600.000 đ
2626,desktop,desktop,Đã sử dụng (chưa sửa chữa),0,0,AMD,4.0,Onboard,120,Nước khác,desktop,900.000 đ
2627,desktop,desktop,Đã sử dụng (chưa sửa chữa),1,0,Intel Core i5,8.0,NVIDIA,128,Nước khác,desktop,3.500.000 đ
2628,desktop,desktop,Đã sử dụng (chưa sửa chữa),0,21,Intel Core i5,16.0,NVIDIA,128,Nước khác,desktop,11.000.000 đ
2629,desktop,desktop,Đã sử dụng (chưa sửa chữa),3,21,Intel Core i3,16.0,NVIDIA,250,Việt Nam,desktop,5.500.000 đ
2630,desktop,desktop,Mới,12,21,Intel Core i7,16.0,Onboard,500,Mỹ,desktop,9.500.000 đ
2631,desktop,desktop,Đã sử dụng (qua sửa chữa),1,18,Intel Pentium,4.0,NVIDIA,320,Nước khác,desktop,1.500.000 đ
2632,desktop,desktop,Đã sử dụng (chưa sửa chữa),0,0,Intel Core i3,8.0,Onboard,128,Nước khác,desktop,1.400.000 đ
2633,desktop,desktop,Đã sử dụng (chưa sửa chữa),0,0,Intel Xeon,64.0,Onboard,256,Nước khác,desktop,7.000.000 đ
2634,desktop,desktop,Đã sử dụng (chưa sửa chữa),1,16,Intel Core i5,16.0,AMD,256,Nước khác,desktop,8.000.000 đ
2635,desktop,desktop,Mới,2,21,Intel Xeon,64.0,Onboard,500,Việt Nam,desktop,15.000.000 đ
2636,desktop,desktop,Mới,12,21,Intel Core i5,8.0,NVIDIA,128,Việt Nam,desktop,6.500.000 đ
2637,desktop,desktop,Mới,1,0,Intel Core i7,8.0,Onboard,128,Việt Nam,desktop,2.600.000 đ
2638,desktop,desktop,Đã sử dụng (chưa sửa chữa),0,16,AMD,0.5,Onboard,120,Việt Nam,desktop,2.000.000 đ
2639,desktop,desktop,Đã sử dụng (chưa sửa chữa),5,0,Intel Core i7,16.0,NVIDIA,1000,Việt Nam,desktop,8.800.000 đ
2640,desktop,desktop,Đã sử dụng (chưa sửa chữa),1,0,Intel Core i5,8.0,Onboard,128,Hàn Quốc,desktop,1.200.000 đ
2641,desktop,desktop,Đã sử dụng (chưa sửa chữa),0,21,Intel Core i5,16.0,NVIDIA,256,Việt Nam,desktop,9.999.999 đ
2642,desktop,desktop,Đã sử dụng (chưa sửa chữa),12,0,Intel Core i5,16.0,Onboard,1000,Việt Nam,desktop,16.555.555 đ
2643,desktop,desktop,Đã sử dụng (chưa sửa chữa),1,21,Intel Xeon,64.0,NVIDIA,1000,Việt Nam,desktop,20.000.000 đ
2644,desktop,desktop,Đã sử dụng (chưa sửa chữa),1,21,Intel Core i5,32.0,NVIDIA,1500,Nước khác,desktop,17.000.000 đ
2645,desktop,desktop,Mới,3,0,Intel Xeon,64.0,AMD,256,Việt Nam,desktop,5.900.000 đ
2646,desktop,desktop,Đã sử dụng (chưa sửa chữa),1,21,Intel Core i3,8.0,NVIDIA,256,Nước khác,desktop,9.500.000 đ
2647,desktop,desktop,Đã sử dụng (chưa sửa chữa),1,0,Intel Core i7,8.0,Onboard,120,Nước khác,desktop,3.290.000 đ
2648,desktop,desktop,Đã sử dụng (chưa sửa chữa),1,21,Intel Xeon,8.0,NVIDIA,128,Đài Loan,desktop,3.800.000 đ
2649,desktop,desktop,Mới,3,0,Intel Xeon,64.0,AMD,120,Việt Nam,desktop,3.500.000 đ
2650,desktop,desktop,Đã sử dụng (chưa sửa chữa),3,0,Intel Xeon,8.0,Onboard,120,Nước khác,desktop,2.390.000 đ
2651,desktop,desktop,Mới,0,21,Intel Xeon,16.0,Onboard,256,Mỹ,desktop,10.500.000 đ
2652,desktop,desktop,Đã sử dụng (chưa sửa chữa),0,0,Intel Core i3,8.0,NVIDIA,480,Nước khác,desktop,5.800.000 đ
2653,desktop,desktop,Đã sử dụng (chưa sửa chữa),0,0,Intel Celeron,16.0,Onboard,480,Nước khác,desktop,1.100.000 đ
2654,desktop,desktop,Đã sử dụng (chưa sửa chữa),0,0,Intel Core i3,4.0,Onboard,256,Nước khác,desktop,1.500.000 đ
2655,desktop,desktop,Đã sử dụng (qua sửa chữa),1,0,Intel Pentium,4.0,Onboard,120,Việt Nam,desktop,1.200.000 đ
2656,desktop,desktop,Đã sử dụng (chưa sửa chữa),1,20,Intel Core i5,8.0,Onboard,128,Mỹ,desktop,2.500.000 đ
2657,desktop,desktop,Đã sử dụng (chưa sửa chữa),1,0,Intel Xeon,32.0,NVIDIA,500,Hàn Quốc,desktop,10.500.000 đ
2658,desktop,desktop,Mới,9,0,Intel Xeon,32.0,NVIDIA,256,Việt Nam,desktop,5.000.000 đ
2659,desktop,desktop,Đã sử dụng (chưa sửa chữa),0,20,Intel Core i5,8.0,Onboard,1500,Nước khác,desktop,1.850.000 đ
2660,desktop,desktop,Mới,1,0,Intel Core i5,16.0,NVIDIA,250,Việt Nam,desktop,4.760.000 đ
2661,desktop,desktop,Mới,1,0,Intel Core i3,16.0,NVIDIA,256,Việt Nam,desktop,6.300.000 đ
2662,desktop,desktop,Đã sử dụng (chưa sửa chữa),1,21,Intel Core i3,8.0,NVIDIA,500,Việt Nam,desktop,3.499.000 đ
2663,desktop,desktop,Đã sử dụng (chưa sửa chữa),0,0,Intel Pentium,8.0,Onboard,120,Nước khác,desktop,2.500.000 đ
2664,desktop,desktop,Đã sử dụng (chưa sửa chữa),0,0,Intel Xeon,4.0,Onboard,256,Nước khác,desktop,1.000.000 đ
2665,desktop,desktop,Đã sử dụng (chưa sửa chữa),0,20,Intel Core i5,8.0,Onboard,500,Nước khác,desktop,2.900.000 đ
2666,desktop,desktop,Đã sử dụng (chưa sửa chữa),0,0,Intel Core i3,16.0,Onboard,1000,Nước khác,desktop,6.300.000 đ
2667,desktop,desktop,Đã sử dụng (chưa sửa chữa),0,0,Intel Core i5,16.0,Onboard,120,Nước khác,desktop,11.000.000 đ
2668,desktop,desktop,Đã sử dụng (chưa sửa chữa),0,20,Intel Core i3,8.0,Onboard,250,Việt Nam,desktop,2.500.000 đ
2669,desktop,desktop,Đã sử dụng (chưa sửa chữa),1,21,Intel Core i5,8.0,NVIDIA,128,Nước khác,desktop,4.000.000 đ
2670,desktop,desktop,Đã sử dụng (chưa sửa chữa),1,21,Intel Pentium,8.0,Onboard,250,Trung Quốc,desktop,3.500.000 đ
2671,desktop,desktop,Đã sử dụng (chưa sửa chữa),1,21,Intel Core i5,16.0,NVIDIA,512,Nước khác,desktop,18.000.000 đ
2672,desktop,desktop,Đã sử dụng (chưa sửa chữa),1,21,Ryzen 7,32.0,NVIDIA,512,Việt Nam,desktop,11.200.000 đ
2673,desktop,desktop,Đã sử dụng (chưa sửa chữa),0,0,Athlon,8.0,Onboard,128,Nước khác,desktop,4.000.000 đ
2674,desktop,desktop,Đã sử dụng (chưa sửa chữa),3,21,Intel Core i5,8.0,NVIDIA,500,Nước khác,desktop,5.600.000 đ
2675,desktop,desktop,Đã sử dụng (chưa sửa chữa),0,0,Intel Core i3,4.0,Onboard,1000,Nước khác,desktop,1.500.000 đ
2676,desktop,desktop,Đã sử dụng (chưa sửa chữa),1,21,Intel Core i3,8.0,NVIDIA,128,Nước khác,desktop,6.000.000 đ
2677,desktop,desktop,Đã sử dụng (chưa sửa chữa),0,21,Intel Pentium,8.0,NVIDIA,128,Nước khác,desktop,3.000.000 đ
2678,desktop,desktop,Mới,1,21,Intel Core i5,8.0,NVIDIA,250,Việt Nam,desktop,8.990.000 đ
2679,desktop,desktop,Đã sử dụng (chưa sửa chữa),0,21,Intel Core i5,8.0,Onboard,128,Việt Nam,desktop,4.350.000 đ
2680,desktop,desktop,Đã sử dụng (chưa sửa chữa),3,21,Intel Xeon,64.0,NVIDIA,256,Việt Nam,desktop,7.950.000 đ
2681,desktop,desktop,Đã sử dụng (chưa sửa chữa),1,21,Intel Core i5,8.0,NVIDIA,120,Nước khác,desktop,2.850.000 đ
2682,desktop,desktop,Đã sử dụng (chưa sửa chữa),3,21,Intel Core i5,8.0,NVIDIA,256,Nước khác,desktop,15.250.000 đ
2683,desktop,desktop,Đã sử dụng (chưa sửa chữa),0,21,Intel Core i7,8.0,NVIDIA,128,Nước khác,desktop,3.150.000 đ
2684,desktop,desktop,Đã sử dụng (chưa sửa chữa),12,21,AMD,16.0,NVIDIA,512,Nước khác,desktop,14.000.000 đ
2685,desktop,desktop,Đã sử dụng (chưa sửa chữa),5,0,Intel Core i5,8.0,NVIDIA,500,Việt Nam,desktop,17.000.000 đ
2686,desktop,desktop,Đã sử dụng (chưa sửa chữa),0,21,Intel Core i5,16.0,NVIDIA,1500,Việt Nam,desktop,20.000.000 đ
2687,desktop,desktop,Đã sử dụng (chưa sửa chữa),0,0,Intel Core i7,8.0,NVIDIA,120,Nước khác,desktop,3.800.000 đ
2688,desktop,desktop,Đã sử dụng (chưa sửa chữa),0,0,Intel Core i5,16.0,NVIDIA,128,Nước khác,desktop,5.990.000 đ
2689,desktop,desktop,Đã sử dụng (chưa sửa chữa),0,0,Intel Core i7,8.0,NVIDIA,128,Nước khác,desktop,3.000.000 đ
2690,desktop,desktop,Đã sử dụng (chưa sửa chữa),3,0,Intel Core i7,8.0,Onboard,250,Nhật Bản,desktop,1.750.000 đ
2691,desktop,desktop,Đã sử dụng (chưa sửa chữa),12,21,Intel Core i5,32.0,Onboard,256,Nước khác,desktop,17.500.000 đ
2692,desktop,desktop,Đã sử dụng (chưa sửa chữa),0,0,Intel Core i7,8.0,Onboard,128,Nước khác,desktop,1.800.000 đ
2693,desktop,desktop,Đã sử dụng (chưa sửa chữa),1,0,Intel Core i5,8.0,Onboard,128,Nước khác,desktop,2.600.000 đ
2694,desktop,desktop,Đã sử dụng (chưa sửa chữa),0,0,Intel Core i5,8.0,Onboard,128,Nước khác,desktop,4.500.000 đ
2695,desktop,desktop,Đã sử dụng (chưa sửa chữa),1,21,Intel Core i3,32.0,AMD,1000,Nước khác,desktop,11.500.000 đ
2696,desktop,desktop,Đã sử dụng (chưa sửa chữa),0,0,Intel Core i3,8.0,Onboard,128,Nước khác,desktop,1.200.000 đ
2697,desktop,desktop,Đã sử dụng (chưa sửa chữa),0,0,Intel Core 2 Duo,2.0,Onboard,320,Nước khác,desktop,600.000 đ
2698,desktop,desktop,Đã sử dụng (chưa sửa chữa),0,0,Intel Core i5,16.0,Onboard,256,Nước khác,desktop,8.500.000 đ
2699,desktop,desktop,Đã sử dụng (chưa sửa chữa),1,0,Intel Core i5,64.0,NVIDIA,500,Việt Nam,desktop,22.220.000 đ
2700,desktop,desktop,Đã sử dụng (chưa sửa chữa),3,0,Intel Core i9,32.0,NVIDIA,1000,Nước khác,desktop,15.200.000 đ
2701,desktop,desktop,Đã sử dụng (chưa sửa chữa),1,20,Intel Core i3,8.0,Onboard,128,Việt Nam,desktop,2.200.000 đ
2702,desktop,desktop,Đã sử dụng (chưa sửa chữa),0,16,Intel Core i5,16.0,NVIDIA,320,Nước khác,desktop,2.800.000 đ
2703,desktop,desktop,Mới,9,0,Intel Core i5,16.0,NVIDIA,250,Việt Nam,desktop,10.900.000 đ
2704,desktop,desktop,Đã sử dụng (chưa sửa chữa),0,0,Intel Core i3,4.0,Onboard,128,Nước khác,desktop,1.500.000 đ
2705,desktop,desktop,Đã sử dụng (chưa sửa chữa),0,0,Intel Xeon,32.0,AMD,500,Nước khác,desktop,4.000.000 đ
2706,desktop,desktop,Mới,0,21,AMD,4.0,Onboard,128,Trung Quốc,desktop,4.200.000 đ
2707,desktop,desktop,Đã sử dụng (chưa sửa chữa),0,0,Intel Core i3,4.0,Onboard,500,Nước khác,desktop,1.500.000 đ
2708,desktop,desktop,Đã sử dụng (chưa sửa chữa),0,0,Intel Core i3,8.0,Onboard,500,Nước khác,desktop,2.500.000 đ
2709,desktop,desktop,Đã sử dụng (chưa sửa chữa),1,0,Intel Core i3,8.0,Onboard,128,Nước khác,desktop,1.690.000 đ
2710,desktop,desktop,Đã sử dụng (chưa sửa chữa),5,21,Intel Core i3,8.0,NVIDIA,120,Việt Nam,desktop,5.000.000 đ
2711,desktop,desktop,Đã sử dụng (chưa sửa chữa),3,0,Intel Core i3,8.0,Onboard,256,Nước khác,desktop,5.000.000 đ
2712,desktop,desktop,Đã sử dụng (chưa sửa chữa),0,0,Intel Xeon,8.0,NVIDIA,120,Nước khác,desktop,4.500.000 đ
2713,desktop,desktop,Đã sử dụng (chưa sửa chữa),3,20,Intel Core i3,8.0,Onboard,120,Nước khác,desktop,2.400.000 đ
2714,desktop,desktop,Mới,0,0,Intel Core i5,16.0,Onboard,1000,Việt Nam,desktop,18.500.000 đ
2715,desktop,desktop,Đã sử dụng (chưa sửa chữa),0,20,Intel Core i5,4.0,Onboard,256,Nhật Bản,desktop,4.000.000 đ
2716,desktop,desktop,Mới,12,20,Intel Core i3,8.0,Onboard,128,Việt Nam,desktop,3.200.000 đ
2717,desktop,desktop,Đã sử dụng (chưa sửa chữa),1,20,Intel Core i5,8.0,Onboard,128,Việt Nam,desktop,2.600.000 đ
2718,desktop,desktop,Đã sử dụng (chưa sửa chữa),1,0,Intel Xeon,32.0,AMD,256,Nước khác,desktop,7.400.000 đ
2719,desktop,desktop,Đã sử dụng (qua sửa chữa),1,20,Intel Core i5,8.0,Onboard,128,Việt Nam,desktop,1.990.000 đ
2720,desktop,desktop,Đã sử dụng (qua sửa chữa),0,16,Intel Core i7,4.0,Onboard,256,Nước khác,desktop,1.300.000 đ
2721,desktop,desktop,Đã sử dụng (chưa sửa chữa),1,21,Intel Core i3,8.0,NVIDIA,120,Nước khác,desktop,5.350.000 đ
2722,desktop,desktop,Đã sử dụng (chưa sửa chữa),0,21,Intel Core i5,16.0,AMD,128,Nước khác,desktop,12.100.000 đ
2723,desktop,desktop,Đã sử dụng (qua sửa chữa),1,20,Intel Pentium,8.0,Onboard,128,Việt Nam,desktop,1.600.000 đ
2724,desktop,desktop,Đã sử dụng (chưa sửa chữa),3,0,Intel Core i7,32.0,Onboard,1000,Mỹ,desktop,4.800.000 đ
2725,desktop,desktop,Đã sử dụng (chưa sửa chữa),3,21,Intel Core i5,8.0,Onboard,128,Nước khác,desktop,4.900.000 đ
2726,desktop,desktop,Đã sử dụng (chưa sửa chữa),9,0,Intel Xeon,32.0,NVIDIA,256,Nước khác,desktop,7.800.000 đ
2727,desktop,desktop,Mới,1,21,Intel Core i3,16.0,NVIDIA,250,Việt Nam,desktop,5.500.000 đ
2728,desktop,desktop,Mới,12,21,Intel Core i7,8.0,Onboard,128,Mỹ,desktop,5.550.000 đ
2729,desktop,desktop,Đã sử dụng (chưa sửa chữa),1,21,Intel Xeon,32.0,NVIDIA,256,Nước khác,desktop,8.400.000 đ
2730,desktop,desktop,Đã sử dụng (chưa sửa chữa),3,21,Intel Core i5,8.0,Onboard,128,Nước khác,desktop,3.800.000 đ
2731,desktop,desktop,Đã sử dụng (chưa sửa chữa),1,0,Intel Xeon,16.0,NVIDIA,250,Nước khác,desktop,5.500.000 đ
2732,desktop,desktop,Đã sử dụng (chưa sửa chữa),1,0,Intel Celeron,4.0,Onboard,128,Trung Quốc,desktop,1.200.000 đ
2733,desktop,desktop,Đã sử dụng (chưa sửa chữa),1,0,Intel Xeon,16.0,AMD,128,Mỹ,desktop,5.550.000 đ
2734,desktop,desktop,Đã sử dụng (chưa sửa chữa),0,0,Intel Core i3,16.0,Onboard,128,Nước khác,desktop,4.800.000 đ
2735,desktop,desktop,Đã sử dụng (chưa sửa chữa),3,0,Intel Core i7,8.0,Onboard,256,Nước khác,desktop,4.200.000 đ
2736,desktop,desktop,Đã sử dụng (chưa sửa chữa),1,0,Intel Core i3,2.0,Onboard,250,Nước khác,desktop,500.000 đ
2737,desktop,desktop,Đã sử dụng (chưa sửa chữa),0,0,Intel Core i3,4.0,Onboard,128,Nước khác,desktop,1.800.000 đ
2738,desktop,desktop,Đã sử dụng (chưa sửa chữa),1,0,Intel Core i3,8.0,NVIDIA,250,Nước khác,desktop,5.100.000 đ
2739,desktop,desktop,Mới,12,21,Intel Core i5,16.0,NVIDIA,128,Trung Quốc,desktop,10.500.000 đ
2740,desktop,desktop,Đã sử dụng (chưa sửa chữa),1,0,Intel Core i3,16.0,AMD,256,Việt Nam,desktop,7.500.000 đ
2741,desktop,desktop,Mới,1,0,AMD,32.0,NVIDIA,1000,Trung Quốc,desktop,34.500.000 đ
2742,desktop,desktop,Đã sử dụng (chưa sửa chữa),0,0,Intel Core i3,8.0,Onboard,120,Nước khác,desktop,4.300.000 đ
2743,desktop,desktop,Đã sử dụng (chưa sửa chữa),1,21,Intel Core i5,16.0,NVIDIA,128,Việt Nam,desktop,2.200.000 đ
2744,desktop,desktop,Đã sử dụng (qua sửa chữa),1,21,Intel Core i7,16.0,NVIDIA,128,Việt Nam,desktop,11.000.000 đ
2745,desktop,desktop,Đã sử dụng (chưa sửa chữa),0,21,Intel Core i5,8.0,NVIDIA,250,Nước khác,desktop,6.500.000 đ
2746,desktop,desktop,Đã sử dụng (chưa sửa chữa),0,0,Intel Xeon,32.0,NVIDIA,250,Nước khác,desktop,9.000.000 đ
2747,desktop,desktop,Đã sử dụng (chưa sửa chữa),1,20,Intel Core i5,8.0,NVIDIA,128,Việt Nam,desktop,2.950.000 đ
2748,desktop,desktop,Đã sử dụng (chưa sửa chữa),0,0,Intel Core 2 Quad,4.0,NVIDIA,640,Nước khác,desktop,900.000 đ
2749,desktop,desktop,Đã sử dụng (chưa sửa chữa),0,0,Intel Core 2 Duo,2.0,Onboard,128,Nước khác,desktop,350.000 đ
2750,desktop,desktop,Đã sử dụng (chưa sửa chữa),5,0,Intel Core i7,16.0,NVIDIA,256,Việt Nam,desktop,8.800.000 đ
2751,desktop,desktop,Đã sử dụng (chưa sửa chữa),1,0,Intel Xeon,16.0,AMD,120,Nước khác,desktop,5.900.000 đ
2752,desktop,desktop,Mới,3,21,Intel Core i5,8.0,Onboard,256,Việt Nam,desktop,7.000.000 đ
2753,desktop,desktop,Mới,12,0,Intel Core i5,32.0,Onboard,256,Nước khác,desktop,6.290.000 đ
2754,desktop,desktop,Đã sử dụng (chưa sửa chữa),0,0,Intel Core 2 Duo,4.0,NVIDIA,320,Nước khác,desktop,1.850.000 đ
2755,desktop,desktop,Đã sử dụng (chưa sửa chữa),1,0,Intel Core i3,8.0,NVIDIA,120,Việt Nam,desktop,1.500.000 đ
2756,desktop,desktop,Đã sử dụng (chưa sửa chữa),0,0,Intel Core 2 Duo,8.0,Onboard,128,Nước khác,desktop,1.200.000 đ
2757,desktop,desktop,Mới,1,21,Intel Core i3,8.0,NVIDIA,128,Việt Nam,desktop,6.000.000 đ
2758,desktop,desktop,Đã sử dụng (qua sửa chữa),0,21,Intel Core i5,8.0,Onboard,128,Nước khác,desktop,1.900.000 đ
2759,desktop,desktop,Đã sử dụng (chưa sửa chữa),2,20,Intel Core i5,8.0,Onboard,128,Nước khác,desktop,2.600.000 đ
2760,desktop,desktop,Đã sử dụng (chưa sửa chữa),0,0,Intel Core 2 Duo,4.0,Onboard,500,Nước khác,desktop,450.000 đ
2761,desktop,desktop,Mới,1,0,Intel Core i3,8.0,NVIDIA,250,Nước khác,desktop,7.700.000 đ
2762,desktop,desktop,Đã sử dụng (chưa sửa chữa),1,21,Intel Xeon,16.0,NVIDIA,250,Nước khác,desktop,7.500.000 đ
2763,desktop,desktop,Đã sử dụng (chưa sửa chữa),5,20,Intel Core i3,4.0,Onboard,500,Việt Nam,desktop,1.450.000 đ
2764,desktop,desktop,Đã sử dụng (chưa sửa chữa),0,21,Intel Core i5,8.0,AMD,128,Nước khác,desktop,190.000 đ
2765,desktop,desktop,Đã sử dụng (qua sửa chữa),0,21,Intel Core i3,8.0,NVIDIA,120,Nước khác,desktop,6.800.000 đ
2766,desktop,desktop,Đã sử dụng (chưa sửa chữa),1,21,AMD,8.0,NVIDIA,250,Nước khác,desktop,4.000.000 đ
2767,desktop,desktop,Đã sử dụng (chưa sửa chữa),0,0,Intel Xeon,64.0,AMD,256,Việt Nam,desktop,7.500.000 đ
2768,desktop,desktop,Đã sử dụng (chưa sửa chữa),0,0,Ryzen 3,8.0,Onboard,256,Nước khác,desktop,99.999 đ
2769,desktop,desktop,Mới,1,0,Intel Core i5,16.0,Onboard,512,Mỹ,desktop,5.600.000 đ
2770,desktop,desktop,Đã sử dụng (chưa sửa chữa),1,0,Intel Xeon,32.0,NVIDIA,250,Nước khác,desktop,4.600.000 đ
2771,desktop,desktop,Đã sử dụng (chưa sửa chữa),3,0,Intel Core i5,8.0,NVIDIA,256,Nước khác,desktop,4.500.000 đ
2772,desktop,desktop,Đã sử dụng (chưa sửa chữa),3,21,Intel Core i7,16.0,NVIDIA,256,Nước khác,desktop,12.000.000 đ
2773,desktop,desktop,Đã sử dụng (chưa sửa chữa),0,20,Intel Core i5,8.0,NVIDIA,128,Nước khác,desktop,3.800.000 đ
2774,desktop,desktop,Đã sử dụng (chưa sửa chữa),0,0,Intel Core i5,8.0,NVIDIA,250,Nước khác,desktop,4.500.000 đ
2775,desktop,desktop,Đã sử dụng (chưa sửa chữa),1,0,Intel Core i5,16.0,NVIDIA,1000,Nước khác,desktop,17.000.000 đ
2776,desktop,desktop,Mới,5,21,Intel Core i5,16.0,NVIDIA,256,Việt Nam,desktop,9.000.000 đ
2777,desktop,desktop,Đã sử dụng (chưa sửa chữa),0,18,Intel Core i5,4.0,Onboard,250,Nước khác,desktop,1.300.000 đ
2778,desktop,desktop,Đã sử dụng (chưa sửa chữa),0,21,Intel Core i5,8.0,NVIDIA,250,Nước khác,desktop,4.800.000 đ
2779,desktop,desktop,Đã sử dụng (chưa sửa chữa),0,0,Intel Core i7,8.0,Onboard,128,Nước khác,desktop,2.750.000 đ
2780,desktop,desktop,Mới,1,21,Intel Core i5,8.0,NVIDIA,256,Việt Nam,desktop,8.500.000 đ
2781,desktop,desktop,Đã sử dụng (chưa sửa chữa),0,0,Intel Core i3,16.0,AMD,256,Việt Nam,desktop,4.999.999 đ
2782,desktop,desktop,Đã sử dụng (chưa sửa chữa),1,0,Intel Core i3,16.0,NVIDIA,256,Việt Nam,desktop,8.000.000 đ
2783,desktop,desktop,Đã sử dụng (chưa sửa chữa),0,0,Intel Core i3,16.0,Onboard,256,Nước khác,desktop,2.500.000 đ
2784,desktop,desktop,Đã sử dụng (chưa sửa chữa),0,0,Intel Core 2 Duo,4.0,Onboard,128,Nước khác,desktop,300.000 đ
2785,desktop,desktop,Đã sử dụng (chưa sửa chữa),1,0,Intel Core i3,8.0,Onboard,120,Nước khác,desktop,1.200.000 đ
2786,desktop,desktop,Đã sử dụng (chưa sửa chữa),0,20,Intel Core i3,8.0,Onboard,128,Việt Nam,desktop,11.000.000 đ
2787,desktop,desktop,Đã sử dụng (chưa sửa chữa),0,0,AMD,32.0,NVIDIA,1500,Nước khác,desktop,30.000.000 đ
2788,desktop,desktop,Mới,0,0,Intel Core i7,8.0,Onboard,256,Mỹ,desktop,4.200.000 đ
2789,desktop,desktop,Đã sử dụng (chưa sửa chữa),1,0,Intel Core i3,8.0,NVIDIA,128,Việt Nam,desktop,6.500.000 đ
2790,desktop,desktop,Mới,12,20,Intel Core i5,8.0,NVIDIA,256,Nước khác,desktop,6.600.000 đ
2791,desktop,desktop,Đã sử dụng (chưa sửa chữa),0,20,Intel Core i3,4.0,Onboard,500,Việt Nam,desktop,2.700.000 đ
2792,desktop,desktop,Đã sử dụng (chưa sửa chữa),0,0,AMD,4.0,Onboard,320,Nước khác,desktop,900.000 đ
2793,desktop,desktop,Đã sử dụng (chưa sửa chữa),3,0,Intel Core i5,8.0,Onboard,256,Nước khác,desktop,4.800.000 đ
2794,desktop,desktop,Đã sử dụng (chưa sửa chữa),1,0,Intel Xeon,32.0,AMD,256,Nước khác,desktop,6.350.000 đ
2795,desktop,desktop,Đã sử dụng (chưa sửa chữa),1,21,Intel Core i3,8.0,NVIDIA,128,Nước khác,desktop,5.555.555 đ
2796,desktop,desktop,Mới,1,21,Intel Core i3,8.0,Onboard,128,Việt Nam,desktop,12.500.000 đ
2797,desktop,desktop,Mới,1,21,Intel Core i3,8.0,Onboard,128,Nước khác,desktop,12.500.000 đ
2798,desktop,desktop,Mới,1,21,Intel Xeon,8.0,NVIDIA,128,Việt Nam,desktop,2.300.000 đ
2799,desktop,desktop,Đã sử dụng (chưa sửa chữa),0,0,Intel Core i5,8.0,NVIDIA,500,Nước khác,desktop,3.450.000 đ
2800,desktop,desktop,Đã sử dụng (chưa sửa chữa),0,0,Intel Xeon,32.0,NVIDIA,700,Nước khác,desktop,5.000.000 đ
2801,desktop,desktop,Mới,1,21,Intel Core i5,8.0,NVIDIA,256,Nước khác,desktop,6.200.000 đ
2802,desktop,desktop,Đã sử dụng (chưa sửa chữa),9,0,Intel Xeon,32.0,NVIDIA,256,Nước khác,desktop,5.500.000 đ
2803,desktop,desktop,Đã sử dụng (chưa sửa chữa),0,0,Intel Core i5,8.0,NVIDIA,128,Nước khác,desktop,5.500.000 đ
2804,desktop,desktop,Đã sử dụng (chưa sửa chữa),0,20,Intel Pentium,4.0,Onboard,500,Việt Nam,desktop,700.000 đ
2805,desktop,desktop,Đã sử dụng (chưa sửa chữa),0,21,Ryzen 3,8.0,NVIDIA,256,Việt Nam,desktop,5.200.000 đ
2806,desktop,desktop,Đã sử dụng (chưa sửa chữa),3,21,Intel Core i5,8.0,NVIDIA,128,Nước khác,desktop,5.200.000 đ
2807,desktop,desktop,Đã sử dụng (chưa sửa chữa),3,0,Intel Core i5,8.0,Onboard,256,Mỹ,desktop,1.800.000 đ
2808,desktop,desktop,Đã sử dụng (chưa sửa chữa),5,21,Intel Core i5,16.0,NVIDIA,256,Việt Nam,desktop,13.700.000 đ
2809,desktop,desktop,Mới,0,0,Intel Core i5,8.0,NVIDIA,256,Nước khác,desktop,9.200.000 đ
2810,desktop,desktop,Đã sử dụng (chưa sửa chữa),0,0,Intel Core i5,8.0,Onboard,500,Nước khác,desktop,2.000.000 đ
2811,desktop,desktop,Mới,12,0,Intel Core i5,16.0,NVIDIA,256,Mỹ,desktop,12.500.000 đ
2812,desktop,desktop,Đã sử dụng (chưa sửa chữa),1,20,Intel Core i5,8.0,Onboard,500,Việt Nam,desktop,2.000.000 đ
2813,desktop,desktop,Đã sử dụng (chưa sửa chữa),0,0,Intel Core i3,8.0,Onboard,128,Mỹ,desktop,2.200.000 đ
2814,desktop,desktop,Đã sử dụng (chưa sửa chữa),5,0,Intel Core i3,4.0,Onboard,250,Nước khác,desktop,650.000 đ
2815,desktop,desktop,Đã sử dụng (chưa sửa chữa),3,0,Intel Core i5,8.0,Onboard,256,Nước khác,desktop,2.850.000 đ
2816,desktop,desktop,Đã sử dụng (chưa sửa chữa),3,21,Intel Core i3,8.0,Onboard,250,Nước khác,desktop,3.300.000 đ
2817,desktop,desktop,Mới,12,0,AMD,8.0,NVIDIA,250,Nước khác,desktop,7.990.000 đ
2818,desktop,desktop,Mới,1,21,Intel Core i5,16.0,NVIDIA,500,Việt Nam,desktop,12.800.000 đ
2819,desktop,desktop,Đã sử dụng (chưa sửa chữa),9,21,Intel Xeon,32.0,Onboard,256,Việt Nam,desktop,10.800.000 đ
2820,desktop,desktop,Đã sử dụng (chưa sửa chữa),0,0,Intel Pentium,8.0,Onboard,500,Nước khác,desktop,2.450.000 đ
2821,desktop,desktop,Mới,12,0,Intel Core i3,8.0,Onboard,128,Nước khác,desktop,9.600.000 đ
2822,desktop,desktop,Đã sử dụng (chưa sửa chữa),1,0,Intel Core i3,16.0,NVIDIA,128,Việt Nam,desktop,5.100.000 đ
2823,desktop,desktop,Đã sử dụng (chưa sửa chữa),9,21,Intel Core i5,8.0,AMD,256,Việt Nam,desktop,5.990.000 đ
2824,desktop,desktop,Mới,12,0,Intel Core i5,16.0,AMD,256,Việt Nam,desktop,5.800.000 đ
2825,desktop,desktop,Đã sử dụng (chưa sửa chữa),0,21,Intel Core i5,8.0,Onboard,128,Việt Nam,desktop,4.500.000 đ
2826,desktop,desktop,Đã sử dụng (chưa sửa chữa),3,21,Intel Core i5,8.0,NVIDIA,500,Nước khác,desktop,7.700.000 đ
2827,desktop,desktop,Mới,1,0,Intel Core i5,8.0,NVIDIA,256,Nước khác,desktop,4.960.000 đ
2828,desktop,desktop,Đã sử dụng (chưa sửa chữa),0,20,Intel Core i3,4.0,Onboard,128,Nước khác,desktop,1.890.000 đ
2829,desktop,desktop,Đã sử dụng (chưa sửa chữa),0,0,Intel Core i3,4.0,Onboard,250,Nước khác,desktop,900.000 đ
2830,desktop,desktop,Mới,9,0,Intel Core i7,16.0,NVIDIA,256,Nước khác,desktop,8.150.000 đ
2831,desktop,desktop,Đã sử dụng (chưa sửa chữa),0,0,AMD,0.5,Onboard,120,Việt Nam,desktop,700.000 đ
2832,desktop,desktop,Đã sử dụng (chưa sửa chữa),1,21,Intel Core i3,8.0,Onboard,250,Nước khác,desktop,12.500.000 đ
2833,desktop,desktop,Đã sử dụng (chưa sửa chữa),3,20,Intel Core i3,8.0,Onboard,128,Nước khác,desktop,3.200.000 đ
2834,desktop,desktop,Đã sử dụng (chưa sửa chữa),0,21,Intel Core i5,8.0,NVIDIA,128,Việt Nam,desktop,4.000.000 đ
2835,desktop,desktop,Đã sử dụng (chưa sửa chữa),0,21,Intel Core i5,8.0,Onboard,250,Việt Nam,desktop,4.200.000 đ
2836,desktop,desktop,Mới,1,0,Intel Xeon,16.0,Onboard,128,Việt Nam,desktop,5.790.000 đ
2837,desktop,desktop,Đã sử dụng (chưa sửa chữa),1,0,Intel Core i3,4.0,Onboard,128,Nước khác,desktop,1.400.000 đ
2838,desktop,desktop,Đã sử dụng (chưa sửa chữa),0,0,Intel Pentium,4.0,Onboard,500,Nước khác,desktop,123.456 đ
2839,desktop,desktop,Mới,1,21,Intel Core i5,16.0,NVIDIA,500,Việt Nam,desktop,14.800.000 đ
2840,desktop,desktop,Đã sử dụng (chưa sửa chữa),1,0,Intel Core i5,8.0,Onboard,256,Việt Nam,desktop,10.990.000 đ
2841,desktop,desktop,Mới,3,21,Intel Xeon,32.0,AMD,256,Việt Nam,desktop,6.950.000 đ
2842,desktop,desktop,Đã sử dụng (chưa sửa chữa),3,20,Intel Core i5,8.0,Onboard,250,Nước khác,desktop,4.200.000 đ
2843,desktop,desktop,Đã sử dụng (chưa sửa chữa),0,0,Intel Xeon,32.0,NVIDIA,512,Nhật Bản,desktop,10.990.000 đ
2844,desktop,desktop,Đã sử dụng (chưa sửa chữa),2,21,Intel Core i5,8.0,NVIDIA,1000,Việt Nam,desktop,18.000.000 đ
2845,desktop,desktop,Đã sử dụng (chưa sửa chữa),1,20,Intel Core i5,8.0,Onboard,128,Nước khác,desktop,2.600.000 đ
2846,desktop,desktop,Đã sử dụng (chưa sửa chữa),3,21,Intel Core i7,32.0,AMD,512,Nước khác,desktop,14.000.000 đ
2847,desktop,desktop,Đã sử dụng (chưa sửa chữa),0,0,Intel Core i5,8.0,Onboard,128,Mỹ,desktop,1.100.000 đ
2848,desktop,desktop,Mới,12,21,Intel Core i3,8.0,AMD,250,Việt Nam,desktop,6.990.000 đ
2849,desktop,desktop,Đã sử dụng (chưa sửa chữa),0,21,Intel Core i5,4.0,Onboard,1000,Nước khác,desktop,2.100.000 đ
2850,desktop,desktop,Đã sử dụng (chưa sửa chữa),0,0,Intel Core i5,16.0,Onboard,256,Nước khác,desktop,6.200.000 đ
2851,desktop,desktop,Đã sử dụng (chưa sửa chữa),0,0,Intel Xeon,16.0,Onboard,128,Nước khác,desktop,4.500.000 đ
2852,desktop,desktop,Đã sử dụng (chưa sửa chữa),0,0,Intel Pentium,4.0,Onboard,120,Nước khác,desktop,1.700.000 đ
2853,desktop,desktop,Đã sử dụng (chưa sửa chữa),0,21,Intel Core i7,8.0,Onboard,128,Mỹ,desktop,5.550.000 đ
2854,desktop,desktop,Đã sử dụng (chưa sửa chữa),12,0,Intel Core i7,8.0,Onboard,256,Trung Quốc,desktop,9.000.000 đ
2855,desktop,desktop,Đã sử dụng (chưa sửa chữa),0,0,Intel Xeon,16.0,NVIDIA,250,Nước khác,desktop,4.500.000 đ
2856,desktop,desktop,Đã sử dụng (chưa sửa chữa),0,21,Intel Core i5,8.0,NVIDIA,128,Nước khác,desktop,5.000.000 đ
2857,desktop,desktop,Đã sử dụng (chưa sửa chữa),1,21,Intel Core i5,16.0,Onboard,128,Nước khác,desktop,10.000.000 đ
2858,desktop,desktop,Đã sử dụng (chưa sửa chữa),1,20,Intel Core i3,8.0,Onboard,128,Nước khác,desktop,3.500.000 đ
2859,desktop,desktop,Đã sử dụng (chưa sửa chữa),0,21,Intel Core i5,32.0,NVIDIA,256,Việt Nam,desktop,7.500.000 đ
2860,desktop,desktop,Đã sử dụng (chưa sửa chữa),9,21,Intel Xeon,32.0,NVIDIA,512,Nước khác,desktop,7.800.000 đ
2861,desktop,desktop,Mới,9,0,Intel Core i5,8.0,Onboard,256,Mỹ,desktop,2.700.000 đ
2862,desktop,desktop,Mới,0,0,Intel Xeon,16.0,Onboard,128,Việt Nam,desktop,5.000.000 đ
2863,desktop,desktop,Đã sử dụng (chưa sửa chữa),0,0,Intel Core i5,8.0,Onboard,128,Việt Nam,desktop,3.900.000 đ
2864,desktop,desktop,Đã sử dụng (chưa sửa chữa),1,0,Intel Core i3,8.0,Onboard,1000,Nước khác,desktop,3.500.000 đ
2865,desktop,desktop,Đã sử dụng (chưa sửa chữa),9,0,Intel Xeon,16.0,AMD,256,Nước khác,desktop,5.700.000 đ
2866,desktop,desktop,Mới,3,0,Intel Xeon,32.0,Onboard,256,Việt Nam,desktop,5.550.000 đ
2867,desktop,desktop,Đã sử dụng (chưa sửa chữa),3,18,Intel Core 2 Duo,4.0,Onboard,250,Nước khác,desktop,1.300.000 đ
2868,desktop,desktop,Đã sử dụng (chưa sửa chữa),0,0,Intel Core i5,8.0,NVIDIA,128,Nước khác,desktop,3.800.000 đ
2869,desktop,desktop,Đã sử dụng (chưa sửa chữa),3,18,Intel Core i3,8.0,Onboard,128,Việt Nam,desktop,2.900.000 đ
2870,desktop,desktop,Mới,1,18,Intel Core i5,8.0,Onboard,128,Việt Nam,desktop,2.100.000 đ
2871,desktop,desktop,Đã sử dụng (chưa sửa chữa),1,20,Intel Core i3,4.0,Onboard,250,Nước khác,desktop,650.000 đ
2872,desktop,desktop,Đã sử dụng (chưa sửa chữa),0,0,Intel Core i7,8.0,Onboard,120,Nước khác,desktop,4.490.000 đ
2873,desktop,desktop,Đã sử dụng (chưa sửa chữa),5,21,Intel Core i5,8.0,Onboard,256,Nước khác,desktop,5.800.000 đ
2874,desktop,desktop,Đã sử dụng (chưa sửa chữa),3,20,Intel Core i3,8.0,NVIDIA,128,Nước khác,desktop,3.300.000 đ
2875,desktop,desktop,Đã sử dụng (chưa sửa chữa),0,21,Intel Core i5,1.0,Onboard,128,Trung Quốc,desktop,450.000 đ
2876,desktop,desktop,Đã sử dụng (chưa sửa chữa),0,0,Intel Core 2 Duo,2.0,Onboard,250,Nước khác,desktop,600.000 đ
2877,desktop,desktop,Đã sử dụng (chưa sửa chữa),1,21,Intel Core i5,8.0,AMD,120,Nước khác,desktop,6.500.000 đ
2878,desktop,desktop,Đã sử dụng (chưa sửa chữa),1,0,Intel Core i3,8.0,Onboard,128,Nước khác,desktop,1.300.000 đ
2879,desktop,desktop,Đã sử dụng (chưa sửa chữa),5,0,Intel Core i5,16.0,Onboard,512,Nước khác,desktop,18.800.000 đ
2880,desktop,desktop,Đã sử dụng (chưa sửa chữa),0,21,Intel Core i7,16.0,NVIDIA,1500,Nước khác,desktop,21.000.000 đ
2881,desktop,desktop,Đã sử dụng (chưa sửa chữa),5,0,Intel Core i3,4.0,Onboard,128,Nhật Bản,desktop,999.999 đ
2882,desktop,desktop,Đã sử dụng (chưa sửa chữa),0,20,Intel Core i5,4.0,Onboard,128,Việt Nam,desktop,3.000.000 đ
2883,desktop,desktop,Đã sử dụng (chưa sửa chữa),0,21,Intel Core i3,16.0,NVIDIA,256,Nước khác,desktop,10.500.000 đ
2884,desktop,desktop,Mới,12,21,Intel Core i5,16.0,NVIDIA,512,Nước khác,desktop,7.900.000 đ
2885,desktop,desktop,Đã sử dụng (chưa sửa chữa),0,0,Intel Core i3,0.5,Onboard,128,Nước khác,desktop,100.000 đ
2886,desktop,desktop,Đã sử dụng (chưa sửa chữa),3,21,Intel Core i9,64.0,NVIDIA,1000,Nhật Bản,desktop,38.000.000 đ
2887,desktop,desktop,Đã sử dụng (chưa sửa chữa),5,0,Intel Core i3,16.0,AMD,250,Nước khác,desktop,5.300.000 đ
2888,desktop,desktop,Mới,1,21,Intel Core i5,8.0,NVIDIA,128,Việt Nam,desktop,2.600.000 đ
2889,desktop,desktop,Đã sử dụng (chưa sửa chữa),0,21,Intel Core i3,4.0,Onboard,128,Nhật Bản,desktop,3.800.000 đ
2890,desktop,desktop,Đã sử dụng (chưa sửa chữa),0,21,Intel Core i5,32.0,NVIDIA,256,Nước khác,desktop,90.000 đ
2891,desktop,desktop,Đã sử dụng (chưa sửa chữa),12,0,Intel Core i3,16.0,NVIDIA,512,Nước khác,desktop,8.800.000 đ
2892,desktop,desktop,Đã sử dụng (chưa sửa chữa),1,21,Intel Core i9,32.0,NVIDIA,1000,Nước khác,desktop,42.000.000 đ
2893,desktop,desktop,Mới,1,21,Intel Core i5,16.0,NVIDIA,256,Việt Nam,desktop,12.000.000 đ
2894,desktop,desktop,Đã sử dụng (chưa sửa chữa),1,21,Intel Core i5,16.0,NVIDIA,512,Nước khác,desktop,9.500.000 đ
2895,desktop,desktop,Đã sử dụng (chưa sửa chữa),0,0,Intel Pentium,4.0,Onboard,128,Nước khác,desktop,1.200.000 đ
2896,desktop,desktop,Mới,12,21,Intel Core i5,8.0,Onboard,256,Hàn Quốc,desktop,3.669.999 đ
2897,desktop,desktop,Đã sử dụng (chưa sửa chữa),1,20,Intel Pentium,8.0,NVIDIA,128,Nước khác,desktop,3.000.000 đ
2898,desktop,desktop,Đã sử dụng (chưa sửa chữa),1,0,Intel Core i5,8.0,Onboard,128,Nước khác,desktop,1.899.999 đ
2899,desktop,desktop,Đã sử dụng (chưa sửa chữa),1,0,Intel Pentium,4.0,Onboard,128,Việt Nam,desktop,1.900.000 đ
2900,desktop,desktop,Đã sử dụng (chưa sửa chữa),1,20,Intel Core i7,8.0,NVIDIA,128,Nước khác,desktop,3.550.000 đ
2901,desktop,desktop,Đã sử dụng (chưa sửa chữa),0,0,AMD,8.0,Onboard,256,Nước khác,desktop,3.000.000 đ
2902,desktop,desktop,Mới,0,0,Intel Xeon,16.0,Onboard,128,Mỹ,desktop,3.400.000 đ
2903,desktop,desktop,Đã sử dụng (chưa sửa chữa),0,18,Intel Core i3,8.0,Onboard,512,Nước khác,desktop,2.500.000 đ
2904,desktop,desktop,Đã sử dụng (chưa sửa chữa),0,20,Intel Core i5,8.0,Onboard,128,Mỹ,desktop,2.000.000 đ
2905,desktop,desktop,Đã sử dụng (chưa sửa chữa),0,21,Intel Core i5,8.0,Onboard,250,Nước khác,desktop,3.600.000 đ
2906,desktop,desktop,Đã sử dụng (chưa sửa chữa),1,21,Intel Core i5,16.0,Onboard,1000,Nhật Bản,desktop,11.000.000 đ
2907,desktop,desktop,Đã sử dụng (chưa sửa chữa),0,0,Intel Core i5,8.0,Onboard,256,Nước khác,desktop,9.900.000 đ
2908,desktop,desktop,Đã sử dụng (chưa sửa chữa),0,21,Intel Core i3,8.0,NVIDIA,120,Nước khác,desktop,5.490.000 đ
2909,desktop,desktop,Đã sử dụng (chưa sửa chữa),0,20,Intel Core i3,8.0,Onboard,250,Nước khác,desktop,1.400.000 đ
2910,desktop,desktop,Đã sử dụng (chưa sửa chữa),1,21,Intel Core i3,8.0,NVIDIA,128,Nước khác,desktop,6.600.000 đ
2911,desktop,desktop,Đã sử dụng (chưa sửa chữa),5,21,Intel Core i7,8.0,NVIDIA,500,Nước khác,desktop,4.700.000 đ
2912,desktop,desktop,Đã sử dụng (chưa sửa chữa),1,21,Intel Core i5,16.0,NVIDIA,512,Nước khác,desktop,14.000.000 đ
2913,desktop,desktop,Đã sử dụng (chưa sửa chữa),9,21,Intel Core i5,8.0,NVIDIA,250,Nước khác,desktop,4.800.000 đ
2914,desktop,desktop,Đã sử dụng (chưa sửa chữa),0,0,Intel Xeon,16.0,NVIDIA,256,Việt Nam,desktop,7.000.000 đ
2915,desktop,desktop,Mới,1,21,Intel Core i5,8.0,NVIDIA,120,Việt Nam,desktop,3.900.000 đ
2916,desktop,desktop,Đã sử dụng (chưa sửa chữa),0,21,Intel Core i5,8.0,Onboard,128,Nước khác,desktop,1.000.000 đ
2917,desktop,desktop,Đã sử dụng (chưa sửa chữa),1,21,Intel Core i5,8.0,Onboard,256,Nước khác,desktop,10.700.000 đ
2918,desktop,desktop,Đã sử dụng (chưa sửa chữa),2,0,Intel Pentium,8.0,Onboard,128,Việt Nam,desktop,1.500.000 đ
2919,desktop,desktop,Đã sử dụng (chưa sửa chữa),1,21,Intel Core i5,16.0,AMD,512,Nước khác,desktop,11.500.000 đ
2920,desktop,desktop,Mới,1,18,Intel Core i5,8.0,Onboard,128,Việt Nam,desktop,2.200.000 đ
2921,desktop,desktop,Đã sử dụng (chưa sửa chữa),0,21,Intel Core i5,8.0,Onboard,1000,Mỹ,desktop,4.500.000 đ
2922,desktop,desktop,Đã sử dụng (chưa sửa chữa),3,0,Intel Core i5,8.0,Onboard,256,Nước khác,desktop,8.300.000 đ
2923,desktop,desktop,Đã sử dụng (chưa sửa chữa),9,21,Intel Core i7,8.0,Onboard,256,Nước khác,desktop,4.999.000 đ
2924,desktop,desktop,Đã sử dụng (chưa sửa chữa),0,20,Intel Celeron,4.0,Onboard,500,Việt Nam,desktop,1.499.999 đ
2925,desktop,desktop,Đã sử dụng (chưa sửa chữa),1,21,Ryzen 5,16.0,AMD,1500,Nước khác,desktop,7.000.000 đ
2926,desktop,desktop,Đã sử dụng (chưa sửa chữa),3,0,Intel Core i5,8.0,Onboard,256,Nước khác,desktop,3.200.000 đ
2927,desktop,desktop,Đã sử dụng (chưa sửa chữa),0,21,Intel Core i5,32.0,AMD,1500,Mỹ,desktop,23.900.000 đ
2928,desktop,desktop,Đã sử dụng (chưa sửa chữa),1,20,Intel Core i3,8.0,Onboard,120,Nước khác,desktop,4.400.000 đ
2929,desktop,desktop,Đã sử dụng (qua sửa chữa),0,0,Intel Core i5,16.0,NVIDIA,250,Nước khác,desktop,9.500.000 đ
2930,desktop,desktop,Mới,12,20,Intel Core i3,4.0,Onboard,120,Việt Nam,desktop,3.500.000 đ
2931,desktop,desktop,Đã sử dụng (chưa sửa chữa),3,0,Intel Core i5,8.0,NVIDIA,128,Nước khác,desktop,6.200.000 đ
2932,desktop,desktop,Đã sử dụng (chưa sửa chữa),12,21,Intel Core i5,8.0,NVIDIA,256,Việt Nam,desktop,7.500.000 đ
2933,desktop,desktop,Đã sử dụng (chưa sửa chữa),1,21,Intel Core i5,8.0,NVIDIA,256,Việt Nam,desktop,8.500.000 đ
2934,desktop,desktop,Đã sử dụng (chưa sửa chữa),1,0,Intel Core i3,16.0,NVIDIA,1000,Nước khác,desktop,7.500.000 đ
2935,desktop,desktop,Đã sử dụng (chưa sửa chữa),0,0,Intel Xeon,8.0,Onboard,128,Nước khác,desktop,5.999.999 đ
2936,desktop,desktop,Đã sử dụng (chưa sửa chữa),0,0,Intel Core i7,8.0,Onboard,512,Nước khác,desktop,1.500.000 đ
2937,desktop,desktop,Mới,12,21,Intel Core i7,16.0,NVIDIA,500,Nước khác,desktop,12.900.000 đ
2938,desktop,desktop,Mới,12,21,Intel Core i3,8.0,Onboard,250,Nước khác,desktop,4.290.000 đ
2939,desktop,desktop,Đã sử dụng (chưa sửa chữa),3,0,Intel Core i5,8.0,Onboard,128,Nước khác,desktop,1.800.000 đ
2940,desktop,desktop,Mới,1,0,Intel Core i5,8.0,Onboard,128,Việt Nam,desktop,4.000.000 đ
2941,desktop,desktop,Đã sử dụng (chưa sửa chữa),1,21,Intel Core i5,8.0,NVIDIA,128,Nước khác,desktop,4.750.000 đ
2942,desktop,desktop,Đã sử dụng (chưa sửa chữa),5,20,Intel Core i3,8.0,Onboard,128,Mỹ,desktop,3.199.000 đ
2943,desktop,desktop,Đã sử dụng (chưa sửa chữa),0,21,Intel Core i3,16.0,Onboard,256,Trung Quốc,desktop,10.000.000 đ
2944,desktop,desktop,Đã sử dụng (chưa sửa chữa),3,0,Intel Core i3,8.0,NVIDIA,128,Việt Nam,desktop,3.000.000 đ
2945,desktop,desktop,Mới,12,21,Intel Core i5,8.0,NVIDIA,250,Việt Nam,desktop,6.200.000 đ
2946,desktop,desktop,Đã sử dụng (qua sửa chữa),0,0,Intel Core i5,8.0,Onboard,128,Trung Quốc,desktop,1.800.000 đ
2947,desktop,desktop,Đã sử dụng (chưa sửa chữa),0,21,Intel Core i5,8.0,Onboard,128,Nước khác,desktop,3.390.000 đ
2948,desktop,desktop,Đã sử dụng (chưa sửa chữa),3,21,Intel Xeon,16.0,Onboard,128,Nước khác,desktop,5.900.000 đ
2949,desktop,desktop,Đã sử dụng (chưa sửa chữa),0,20,Intel Core i5,8.0,AMD,128,Nước khác,desktop,2.200.000 đ
2950,desktop,desktop,Đã sử dụng (chưa sửa chữa),12,21,Intel Core i5,16.0,NVIDIA,500,Việt Nam,desktop,7.599.000 đ
2951,desktop,desktop,Đã sử dụng (chưa sửa chữa),0,0,Intel Core i7,8.0,Onboard,128,Nước khác,desktop,3.900.000 đ
2952,desktop,desktop,Đã sử dụng (chưa sửa chữa),1,0,Intel Core i5,8.0,AMD,500,Nước khác,desktop,8.500.000 đ
2953,desktop,desktop,Đã sử dụng (chưa sửa chữa),1,21,Intel Pentium,16.0,NVIDIA,1500,Việt Nam,desktop,9.500.000 đ
2954,desktop,desktop,Đã sử dụng (chưa sửa chữa),0,0,Intel Xeon,64.0,NVIDIA,512,Nước khác,desktop,12.500.000 đ
2955,desktop,desktop,Đã sử dụng (chưa sửa chữa),1,21,Intel Core i5,8.0,NVIDIA,250,Nước khác,desktop,7.150.000 đ
2956,desktop,desktop,Mới,0,0,Intel Core i5,2.0,Onboard,128,Nước khác,desktop,6.900.000 đ
2957,desktop,desktop,Đã sử dụng (chưa sửa chữa),0,0,Intel Pentium,4.0,Onboard,128,Việt Nam,desktop,600.000 đ
2958,desktop,desktop,Đã sử dụng (chưa sửa chữa),0,21,Intel Core i5,8.0,Onboard,128,Nước khác,desktop,3.500.000 đ
2959,desktop,desktop,Đã sử dụng (chưa sửa chữa),1,0,Intel Core i3,8.0,NVIDIA,250,Nước khác,desktop,5.200.000 đ
2960,desktop,desktop,Đã sử dụng (chưa sửa chữa),1,21,Intel Core i5,32.0,NVIDIA,500,Việt Nam,desktop,24.500.000 đ
2961,desktop,desktop,Mới,12,21,Intel Core i5,16.0,NVIDIA,512,Việt Nam,desktop,6.550.000 đ
2962,desktop,desktop,Đã sử dụng (chưa sửa chữa),0,0,Intel Core i7,8.0,NVIDIA,128,Nước khác,desktop,2.500.000 đ
2963,desktop,desktop,Mới,12,21,Intel Core i3,16.0,NVIDIA,120,Việt Nam,desktop,259.000.000 đ
2964,desktop,desktop,Mới,1,0,Intel Core i5,32.0,NVIDIA,128,Việt Nam,desktop,9.900.000 đ
2965,desktop,desktop,Mới,1,21,Intel Core i3,8.0,NVIDIA,256,Nước khác,desktop,9.800.000 đ
2966,desktop,desktop,Đã sử dụng (chưa sửa chữa),1,20,Intel Core i5,8.0,Onboard,128,Nước khác,desktop,2.500.000 đ
2967,desktop,desktop,Đã sử dụng (qua sửa chữa),0,0,Intel Core i5,8.0,Onboard,500,Nước khác,desktop,1.950.000 đ
2968,desktop,desktop,Đã sử dụng (chưa sửa chữa),0,21,Intel Core i7,32.0,Onboard,1000,Nước khác,desktop,17.500.000 đ
2969,desktop,desktop,Đã sử dụng (qua sửa chữa),2,0,Intel Core i5,8.0,Onboard,250,Việt Nam,desktop,4.300.000 đ
2970,desktop,desktop,Đã sử dụng (chưa sửa chữa),0,0,Intel Core i5,8.0,Onboard,128,Nước khác,desktop,2.000.000 đ
2971,desktop,desktop,Đã sử dụng (chưa sửa chữa),0,0,Intel Core i7,16.0,Onboard,256,Nước khác,desktop,11.000.000 đ
2972,desktop,desktop,Đã sử dụng (chưa sửa chữa),3,21,Intel Core i3,8.0,Onboard,250,Việt Nam,desktop,6.500.000 đ
2973,desktop,desktop,Mới,3,0,Intel Core i5,16.0,AMD,256,Việt Nam,desktop,4.490.000 đ
2974,desktop,desktop,Đã sử dụng (chưa sửa chữa),12,0,Intel Core i5,8.0,Onboard,128,Nước khác,desktop,2.800.000 đ
2975,desktop,desktop,Mới,12,21,Intel Core i5,16.0,Onboard,128,Nước khác,desktop,5.000.000 đ
2976,desktop,desktop,Đã sử dụng (chưa sửa chữa),12,0,Intel Core i5,16.0,NVIDIA,256,Nước khác,desktop,6.050.000 đ
2977,desktop,desktop,Đã sử dụng (chưa sửa chữa),0,0,Intel Core i5,4.0,Onboard,250,Việt Nam,desktop,750.000 đ
2978,desktop,desktop,Đã sử dụng (chưa sửa chữa),1,0,Intel Core i5,32.0,NVIDIA,512,Việt Nam,desktop,15.900.000 đ
2979,desktop,desktop,Đã sử dụng (chưa sửa chữa),0,20,Intel Core i5,4.0,Onboard,500,Nước khác,desktop,4.950.000 đ
2980,desktop,desktop,Đã sử dụng (chưa sửa chữa),1,20,Intel Core i5,8.0,NVIDIA,128,Nước khác,desktop,4.000.000 đ
2981,desktop,desktop,Mới,0,0,Intel Core i5,8.0,NVIDIA,128,Nước khác,desktop,5.500.000 đ
2982,desktop,desktop,Mới,12,21,Intel Core i7,16.0,NVIDIA,500,Nước khác,desktop,9.500.000 đ
2983,desktop,desktop,Mới,12,21,Intel Core i5,8.0,Onboard,256,Nước khác,desktop,15.500.000 đ
2984,desktop,desktop,Đã sử dụng (chưa sửa chữa),1,0,Intel Core i5,16.0,AMD,512,Nước khác,desktop,9.500.000 đ
2985,desktop,desktop,Đã sử dụng (chưa sửa chữa),0,20,Intel Pentium,8.0,Onboard,128,Việt Nam,desktop,2.500.000 đ
2986,desktop,desktop,Đã sử dụng (chưa sửa chữa),1,0,Intel Core i5,32.0,NVIDIA,512,Nước khác,desktop,12.000.000 đ
2987,desktop,desktop,Đã sử dụng (chưa sửa chữa),1,0,Intel Xeon,32.0,NVIDIA,128,Nước khác,desktop,4.700.000 đ
2988,desktop,desktop,Đã sử dụng (chưa sửa chữa),9,16,Intel Core i5,8.0,Onboard,256,Việt Nam,desktop,23.000.000 đ
2989,desktop,desktop,Đã sử dụng (chưa sửa chữa),0,0,Intel Pentium,8.0,Onboard,128,Nước khác,desktop,1.800.000 đ
2990,desktop,desktop,Đã sử dụng (qua sửa chữa),0,20,Intel Atom,0.5,Onboard,120,Nước khác,desktop,200.000 đ
2991,desktop,desktop,Đã sử dụng (chưa sửa chữa),0,21,Intel Core i5,8.0,Onboard,128,Trung Quốc,desktop,8.000.000 đ
2992,desktop,desktop,Đã sử dụng (chưa sửa chữa),0,21,Intel Core i5,8.0,NVIDIA,128,Trung Quốc,desktop,3.500.000 đ
2993,desktop,desktop,Mới,3,21,Intel Core i5,8.0,Onboard,256,Việt Nam,desktop,6.500.000 đ
2994,desktop,desktop,Đã sử dụng (chưa sửa chữa),3,0,AMD,8.0,Onboard,128,Việt Nam,desktop,1.900.000 đ
2995,desktop,desktop,Đã sử dụng (chưa sửa chữa),1,21,Ryzen 5,32.0,NVIDIA,512,Nước khác,desktop,10.000.000 đ
2996,desktop,desktop,Mới,1,20,Intel Core i5,8.0,Onboard,128,Việt Nam,desktop,2.600.000 đ
2997,desktop,desktop,Đã sử dụng (chưa sửa chữa),1,0,Intel Core i7,16.0,Onboard,120,Nhật Bản,desktop,2.800.000 đ
2998,desktop,desktop,Đã sử dụng (chưa sửa chữa),5,0,Intel Xeon,64.0,NVIDIA,1000,Trung Quốc,desktop,21.000.000 đ
2999,desktop,desktop,Mới,1,21,Intel Core i5,8.0,NVIDIA,256,Nước khác,desktop,8.000.000 đ
3000,desktop,desktop,Đã sử dụng (chưa sửa chữa),0,0,Intel Core i5,8.0,Onboard,250,Nước khác,desktop,3.000.000 đ
3001,desktop,desktop,Mới,1,21,Intel Core i3,16.0,NVIDIA,320,Việt Nam,desktop,10.950.000 đ
3002,desktop,desktop,Mới,12,21,Intel Xeon,32.0,AMD,500,Việt Nam,desktop,9.800.000 đ
3003,desktop,desktop,Đã sử dụng (chưa sửa chữa),1,0,Ryzen 7,32.0,NVIDIA,1000,Việt Nam,desktop,7.800.000 đ
3004,desktop,desktop,Đã sử dụng (chưa sửa chữa),0,21,Intel Core i3,16.0,NVIDIA,250,Nước khác,desktop,9.000.000 đ
3005,desktop,desktop,Mới,1,0,Intel Core i5,8.0,Onboard,128,Trung Quốc,desktop,99.000 đ
3006,desktop,desktop,Mới,0,21,Intel Core i7,32.0,Onboard,320,Việt Nam,desktop,23.000.000 đ
3007,desktop,desktop,Đã sử dụng (chưa sửa chữa),0,0,Intel Celeron,4.0,Onboard,128,Nước khác,desktop,1.100.000 đ
3008,desktop,desktop,Mới,12,21,Intel Xeon,8.0,NVIDIA,256,Hàn Quốc,desktop,5.450.000 đ
3009,desktop,desktop,Đã sử dụng (chưa sửa chữa),0,0,Intel Core i5,8.0,Onboard,128,Nước khác,desktop,1.400.000 đ
3010,desktop,desktop,Đã sử dụng (chưa sửa chữa),0,0,Intel Core i5,8.0,Onboard,120,Việt Nam,desktop,3.800.000 đ
3011,desktop,desktop,Đã sử dụng (chưa sửa chữa),0,0,Intel Core i5,16.0,AMD,250,Nước khác,desktop,7.000.000 đ
3012,desktop,desktop,Đã sử dụng (chưa sửa chữa),1,20,Intel Core i3,4.0,Onboard,128,Nước khác,desktop,2.500.000 đ
3013,desktop,desktop,Đã sử dụng (chưa sửa chữa),1,21,Intel Core i5,8.0,NVIDIA,256,Việt Nam,desktop,4.700.000 đ
3014,desktop,desktop,Mới,1,0,Intel Core i7,8.0,Onboard,128,Việt Nam,desktop,5.200.000 đ
3015,desktop,desktop,Đã sử dụng (chưa sửa chữa),0,0,Intel Xeon,8.0,NVIDIA,128,Việt Nam,desktop,1.500.000 đ
3016,desktop,desktop,Mới,12,0,AMD,64.0,AMD,1500,Nước khác,desktop,16.800.000 đ
3017,desktop,desktop,Đã sử dụng (chưa sửa chữa),1,0,Intel Core i3,8.0,NVIDIA,750,Việt Nam,desktop,2.800.000 đ
3018,desktop,desktop,Đã sử dụng (chưa sửa chữa),0,21,Intel Core i3,8.0,AMD,250,Nước khác,desktop,8.700.000 đ
3019,desktop,desktop,Đã sử dụng (chưa sửa chữa),0,0,Intel Xeon,8.0,Onboard,128,Mỹ,desktop,7.500.000 đ
3020,desktop,desktop,Đã sử dụng (chưa sửa chữa),0,18,Intel Core i5,2.0,Onboard,250,Nước khác,desktop,490.000 đ
3021,desktop,desktop,Đã sử dụng (chưa sửa chữa),0,0,Intel Core i5,16.0,Onboard,512,Nước khác,desktop,20.000.000 đ
3022,desktop,desktop,Đã sử dụng (chưa sửa chữa),1,0,Intel Core i5,8.0,NVIDIA,1000,Nước khác,desktop,5.200.000 đ
3023,desktop,desktop,Đã sử dụng (chưa sửa chữa),0,21,Intel Celeron,4.0,Onboard,500,Đài Loan,desktop,1.700.000 đ
3024,desktop,desktop,Đã sử dụng (chưa sửa chữa),0,0,Intel Pentium,8.0,Onboard,250,Mỹ,desktop,2.650.000 đ
3025,desktop,desktop,Mới,9,0,Intel Xeon,16.0,NVIDIA,256,Nước khác,desktop,4.150.000 đ
3026,desktop,desktop,Đã sử dụng (chưa sửa chữa),0,0,Intel Core i5,16.0,NVIDIA,512,Nước khác,desktop,8.500.000 đ
3027,desktop,desktop,Đã sử dụng (chưa sửa chữa),0,0,Intel Core i7,8.0,Onboard,128,Nước khác,desktop,2.250.000 đ
3028,desktop,desktop,Mới,0,21,Intel Core i3,8.0,NVIDIA,128,Nước khác,desktop,6.300.000 đ
3029,desktop,desktop,Mới,3,0,Intel Core i5,8.0,Onboard,256,Việt Nam,desktop,5.900.000 đ
3030,desktop,desktop,Đã sử dụng (chưa sửa chữa),1,0,Ryzen 7,16.0,NVIDIA,250,Nước khác,desktop,13.500.000 đ
3031,desktop,desktop,Đã sử dụng (chưa sửa chữa),0,0,Intel Core i5,16.0,Onboard,256,Nước khác,desktop,4.200.000 đ
3032,desktop,desktop,Mới,1,21,Intel Core i5,8.0,NVIDIA,128,Việt Nam,desktop,5.900.000 đ
3033,desktop,desktop,Đã sử dụng (chưa sửa chữa),0,0,Intel Core i7,32.0,Onboard,256,Nước khác,desktop,13.000.000 đ
3034,desktop,desktop,Đã sử dụng (chưa sửa chữa),9,21,Intel Core i5,32.0,NVIDIA,512,Nước khác,desktop,16.800.000 đ
3035,desktop,desktop,Đã sử dụng (chưa sửa chữa),1,0,Intel Core i3,8.0,Onboard,128,Nước khác,desktop,1.900.000 đ
3036,desktop,desktop,Đã sử dụng (chưa sửa chữa),0,0,Intel Core i5,8.0,Onboard,250,Mỹ,desktop,3.000.000 đ
3037,desktop,desktop,Mới,0,0,Intel Core i7,4.0,Onboard,256,Đài Loan,desktop,30.000.000 đ
3038,desktop,desktop,Đã sử dụng (chưa sửa chữa),0,0,Intel Core i5,16.0,NVIDIA,250,Ấn Độ,desktop,9.000.000 đ
3039,desktop,desktop,Đã sử dụng (chưa sửa chữa),1,21,Intel Core i3,4.0,Onboard,1000,Việt Nam,desktop,11.000.000 đ
3040,desktop,desktop,Đã sử dụng (chưa sửa chữa),0,21,Intel Core i5,16.0,Onboard,500,Nước khác,desktop,9.000.000 đ
3041,desktop,desktop,Đã sử dụng (chưa sửa chữa),0,21,Intel Core i5,8.0,NVIDIA,128,Nước khác,desktop,11.000.000 đ
3042,desktop,desktop,Đã sử dụng (chưa sửa chữa),12,21,Intel Core i7,16.0,NVIDIA,1500,Nước khác,desktop,20.900.000 đ
3043,desktop,desktop,Mới,0,16,Intel Core i5,8.0,Onboard,256,Nước khác,desktop,32.000.000 đ
3044,desktop,desktop,Đã sử dụng (chưa sửa chữa),0,0,Intel Core i3,4.0,Onboard,250,Nước khác,desktop,600.000 đ
3045,desktop,desktop,Đã sử dụng (chưa sửa chữa),1,21,Intel Core i5,8.0,Onboard,120,Nước khác,desktop,5.900.000 đ
3046,desktop,desktop,Đã sử dụng (chưa sửa chữa),1,0,Intel Core i5,16.0,NVIDIA,128,Việt Nam,desktop,7.999.999 đ
3047,desktop,desktop,Đã sử dụng (chưa sửa chữa),3,21,Intel Core i5,16.0,AMD,1000,Nhật Bản,desktop,9.000.000 đ
3048,desktop,desktop,Đã sử dụng (chưa sửa chữa),0,20,Intel Core i3,4.0,Onboard,128,Nước khác,desktop,1.900.000 đ
3049,desktop,desktop,Đã sử dụng (chưa sửa chữa),0,0,Intel Xeon,8.0,Onboard,128,Nước khác,desktop,4.999.999 đ
3050,desktop,desktop,Đã sử dụng (chưa sửa chữa),0,0,Intel Xeon,8.0,NVIDIA,750,Mỹ,desktop,3.000.000 đ
3051,desktop,desktop,Đã sử dụng (chưa sửa chữa),3,20,Intel Core i5,8.0,Onboard,500,Nước khác,desktop,3.700.000 đ
3052,desktop,desktop,Đã sử dụng (qua sửa chữa),3,0,Intel Core i5,8.0,Onboard,256,Việt Nam,desktop,1.650.000 đ
3053,desktop,desktop,Đã sử dụng (chưa sửa chữa),0,21,Intel Core i7,32.0,NVIDIA,512,Nước khác,desktop,17.400.000 đ
3054,desktop,desktop,Đã sử dụng (chưa sửa chữa),12,0,Intel Core i5,16.0,Onboard,512,Nước khác,desktop,15.700.000 đ
3055,desktop,desktop,Đã sử dụng (chưa sửa chữa),3,21,Intel Xeon,16.0,Onboard,128,Nước khác,desktop,7.000.000 đ
3056,desktop,desktop,Đã sử dụng (chưa sửa chữa),3,0,Intel Xeon,8.0,Onboard,128,Nước khác,desktop,7.600.000 đ
3057,desktop,desktop,Đã sử dụng (chưa sửa chữa),3,0,Intel Xeon,64.0,Onboard,512,Nước khác,desktop,11.100.000 đ
3058,desktop,desktop,Đã sử dụng (chưa sửa chữa),3,0,Intel Core i7,32.0,NVIDIA,512,Việt Nam,desktop,13.490.000 đ
3059,desktop,desktop,Đã sử dụng (chưa sửa chữa),3,18,Intel Core i7,16.0,Onboard,256,Mỹ,desktop,5.900.000 đ
3060,desktop,desktop,Mới,12,21,Intel Core i5,16.0,NVIDIA,250,Nước khác,desktop,12.500.000 đ
3061,desktop,desktop,Đã sử dụng (chưa sửa chữa),1,0,Intel Core i3,16.0,NVIDIA,256,Nước khác,desktop,7.400.000 đ
3062,desktop,desktop,Mới,1,0,Intel Core i9,32.0,NVIDIA,512,Nước khác,desktop,21.000.000 đ
3063,desktop,desktop,Đã sử dụng (chưa sửa chữa),1,21,Intel Core i5,16.0,NVIDIA,256,Việt Nam,desktop,7.299.000 đ
3064,desktop,desktop,Đã sử dụng (chưa sửa chữa),1,0,Intel Core i7,32.0,NVIDIA,512,Việt Nam,desktop,13.500.000 đ
3065,desktop,desktop,Đã sử dụng (chưa sửa chữa),1,0,Intel Core i5,16.0,NVIDIA,500,Việt Nam,desktop,23.800.000 đ
3066,desktop,desktop,Đã sử dụng (chưa sửa chữa),9,21,Intel Xeon,8.0,NVIDIA,256,Việt Nam,desktop,5.500.000 đ
3067,desktop,desktop,Đã sử dụng (chưa sửa chữa),1,0,Intel Core 2 Duo,4.0,Onboard,250,Nước khác,desktop,750.000 đ
3068,desktop,desktop,Đã sử dụng (chưa sửa chữa),1,21,Intel Core i5,8.0,NVIDIA,1000,Nước khác,desktop,4.800.000 đ
3069,desktop,desktop,Đã sử dụng (chưa sửa chữa),0,21,Intel Core i3,8.0,NVIDIA,120,Nước khác,desktop,3.450.000 đ
3070,desktop,desktop,Đã sử dụng (chưa sửa chữa),1,21,Intel Core i5,8.0,Onboard,256,Mỹ,desktop,1.950.000 đ
3071,desktop,desktop,Đã sử dụng (chưa sửa chữa),0,0,Intel Core i5,16.0,Onboard,128,Nước khác,desktop,8.500.000 đ
3072,desktop,desktop,Đã sử dụng (chưa sửa chữa),1,18,Intel Core 2 Duo,4.0,Onboard,120,Nước khác,desktop,700.000 đ
3073,desktop,desktop,Đã sử dụng (chưa sửa chữa),1,0,Intel Xeon,32.0,AMD,256,Nước khác,desktop,5.600.000 đ
3074,desktop,desktop,Đã sử dụng (chưa sửa chữa),0,0,Intel Core i7,16.0,Onboard,256,Nước khác,desktop,4.500.000 đ
3075,desktop,desktop,Đã sử dụng (chưa sửa chữa),3,0,Intel Core i5,16.0,NVIDIA,256,Nước khác,desktop,7.190.000 đ
3076,desktop,desktop,Đã sử dụng (chưa sửa chữa),0,0,Intel Core i3,8.0,Onboard,128,Nước khác,desktop,2.000.000 đ
3077,desktop,desktop,Đã sử dụng (chưa sửa chữa),1,21,Intel Xeon,64.0,NVIDIA,128,Việt Nam,desktop,13.000.000 đ
3078,desktop,desktop,Đã sử dụng (chưa sửa chữa),1,0,Intel Core i5,16.0,NVIDIA,250,Nước khác,desktop,4.100.000 đ
3079,desktop,desktop,Đã sử dụng (chưa sửa chữa),1,21,Intel Core i7,16.0,NVIDIA,250,Nước khác,desktop,7.850.000 đ
3080,desktop,desktop,Đã sử dụng (chưa sửa chữa),0,0,Intel Core i3,2.0,Onboard,120,Việt Nam,desktop,2.550.000 đ
3081,desktop,desktop,Đã sử dụng (chưa sửa chữa),0,0,Intel Core i5,16.0,Onboard,1500,Việt Nam,desktop,5.800.000 đ
3082,desktop,desktop,Đã sử dụng (chưa sửa chữa),0,0,Intel Xeon,8.0,Onboard,128,Nước khác,desktop,9.999.999 đ
3083,desktop,desktop,Đã sử dụng (chưa sửa chữa),5,0,Intel Xeon,64.0,NVIDIA,512,Trung Quốc,desktop,6.900.000 đ
3084,desktop,desktop,Mới,1,0,Intel Core i5,8.0,NVIDIA,256,Việt Nam,desktop,7.990.000 đ
3085,desktop,desktop,Mới,0,21,Athlon,8.0,NVIDIA,128,Việt Nam,desktop,5.500.000 đ
3086,desktop,desktop,Đã sử dụng (chưa sửa chữa),1,21,Intel Core i5,8.0,Onboard,256,Nước khác,desktop,20.990.000 đ
3087,desktop,desktop,Đã sử dụng (chưa sửa chữa),3,0,Intel Core i3,8.0,Onboard,256,Nước khác,desktop,2.900.000 đ
3088,desktop,desktop,Mới,5,0,AMD,16.0,AMD,512,Trung Quốc,desktop,2.350.000 đ
3089,desktop,desktop,Đã sử dụng (chưa sửa chữa),1,0,Intel Core i5,16.0,NVIDIA,256,Nước khác,desktop,9.000.000 đ
3090,desktop,desktop,Mới,1,20,Intel Core i5,8.0,Onboard,256,Mỹ,desktop,3.990.000 đ
3091,desktop,desktop,Đã sử dụng (chưa sửa chữa),3,21,Intel Core i7,8.0,NVIDIA,120,Việt Nam,desktop,5.350.000 đ
3092,desktop,desktop,Mới,1,21,Intel Core i7,32.0,NVIDIA,1000,Việt Nam,desktop,25.500.000 đ
3093,desktop,desktop,Mới,1,21,Intel Core i3,8.0,NVIDIA,256,Việt Nam,desktop,11.500.000 đ
3094,desktop,desktop,Mới,1,0,Intel Core i5,16.0,NVIDIA,256,Việt Nam,desktop,6.580.000 đ
3095,desktop,desktop,Đã sử dụng (chưa sửa chữa),3,0,Intel Xeon,16.0,Onboard,512,Nước khác,desktop,13.000.000 đ
3096,desktop,desktop,Đã sử dụng (chưa sửa chữa),3,20,Intel Core i3,8.0,Onboard,250,Việt Nam,desktop,3.200.000 đ
3097,desktop,desktop,Đã sử dụng (chưa sửa chữa),1,21,Intel Core i5,16.0,AMD,128,Việt Nam,desktop,15.000.000 đ
3098,desktop,desktop,Đã sử dụng (chưa sửa chữa),0,0,Intel Core i5,8.0,Onboard,128,Nước khác,desktop,1.850.000 đ
3099,desktop,desktop,Đã sử dụng (chưa sửa chữa),0,20,Intel Core i3,8.0,NVIDIA,120,Nước khác,desktop,1.700.000 đ
3100,desktop,desktop,Đã sử dụng (chưa sửa chữa),0,20,Intel Core i5,8.0,Onboard,120,Nước khác,desktop,3.500.000 đ
3101,desktop,desktop,Mới,12,21,Intel Core i5,8.0,Onboard,120,Nước khác,desktop,5.500.000 đ
3102,desktop,desktop,Đã sử dụng (chưa sửa chữa),0,0,AMD,8.0,AMD,128,Nước khác,desktop,2.000.000 đ
3103,desktop,desktop,Mới,3,0,Intel Core i3,16.0,Onboard,512,Việt Nam,desktop,11.000.000 đ
3104,desktop,desktop,Đã sử dụng (chưa sửa chữa),0,21,Intel Core i5,16.0,NVIDIA,256,Việt Nam,desktop,8.300.000 đ
3105,desktop,desktop,Đã sử dụng (qua sửa chữa),0,21,Ryzen 5,8.0,NVIDIA,320,Nước khác,desktop,5.000.000 đ
3106,desktop,desktop,Đã sử dụng (chưa sửa chữa),0,0,Intel Core i7,16.0,NVIDIA,250,Nước khác,desktop,6.850.000 đ
3107,desktop,desktop,Đã sử dụng (chưa sửa chữa),1,20,Intel Core i5,8.0,Onboard,128,Nước khác,desktop,1.850.000 đ
3108,desktop,desktop,Đã sử dụng (chưa sửa chữa),12,0,Intel Core i3,16.0,NVIDIA,128,Nước khác,desktop,8.000.000 đ
3109,desktop,desktop,Mới,12,0,Intel Core i7,8.0,Onboard,256,Nước khác,desktop,3.300.000 đ
3110,desktop,desktop,Mới,1,0,Intel Xeon,32.0,NVIDIA,256,Nước khác,desktop,7.900.000 đ
3111,desktop,desktop,Đã sử dụng (chưa sửa chữa),0,0,Intel Core i5,8.0,Onboard,250,Việt Nam,desktop,2.900.000 đ
3112,desktop,desktop,Đã sử dụng (chưa sửa chữa),1,0,Intel Xeon,32.0,NVIDIA,250,Nước khác,desktop,6.500.000 đ
3113,desktop,desktop,Đã sử dụng (chưa sửa chữa),0,0,Intel Pentium,8.0,Onboard,120,Nước khác,desktop,950.000 đ
3114,desktop,desktop,Đã sử dụng (chưa sửa chữa),0,0,Intel Pentium,8.0,Onboard,120,Nước khác,desktop,1.000.000 đ
3115,desktop,desktop,Đã sử dụng (chưa sửa chữa),0,0,Intel Core i7,8.0,NVIDIA,128,Nước khác,desktop,3.300.000 đ
3116,desktop,desktop,Mới,3,21,Intel Core i5,8.0,NVIDIA,120,Nước khác,desktop,3.900.000 đ
3117,desktop,desktop,Đã sử dụng (chưa sửa chữa),9,20,Intel Core i5,8.0,Onboard,120,Nước khác,desktop,2.250.000 đ
3118,desktop,desktop,Đã sử dụng (chưa sửa chữa),1,0,Intel Core i3,16.0,NVIDIA,256,Nước khác,desktop,5.700.000 đ
3119,desktop,desktop,Đã sử dụng (chưa sửa chữa),1,21,Intel Core i3,8.0,Onboard,250,Đài Loan,desktop,5.500.000 đ
3120,desktop,desktop,Đã sử dụng (chưa sửa chữa),0,21,Intel Core i5,16.0,Onboard,1000,Nhật Bản,desktop,9.500.000 đ
3121,desktop,desktop,Đã sử dụng (chưa sửa chữa),1,0,Intel Core i5,16.0,NVIDIA,256,Việt Nam,desktop,11.000.000 đ
3122,desktop,desktop,Đã sử dụng (chưa sửa chữa),0,20,Intel Core 2 Quad,4.0,NVIDIA,250,Việt Nam,desktop,1.700.000 đ
3123,desktop,desktop,Mới,0,0,Intel Core i5,16.0,Onboard,256,Mỹ,desktop,16.100.000 đ
3124,desktop,desktop,Đã sử dụng (chưa sửa chữa),0,0,Intel Core i5,8.0,Onboard,1000,Mỹ,desktop,3.600.000 đ
3125,desktop,desktop,Đã sử dụng (chưa sửa chữa),0,0,Intel Core i3,4.0,NVIDIA,128,Việt Nam,desktop,1.800.000 đ
3126,desktop,desktop,Mới,0,21,Intel Core i5,8.0,NVIDIA,256,Việt Nam,desktop,7.500.000 đ
3127,desktop,desktop,Đã sử dụng (chưa sửa chữa),0,0,Intel Core i3,8.0,Onboard,128,Nước khác,desktop,5.200.000 đ
3128,desktop,desktop,Đã sử dụng (chưa sửa chữa),0,20,Intel Core i3,6.0,NVIDIA,320,Nước khác,desktop,2.200.000 đ
3129,desktop,desktop,Đã sử dụng (chưa sửa chữa),0,20,Intel Core i3,8.0,NVIDIA,128,Việt Nam,desktop,3.500.000 đ
3130,desktop,desktop,Đã sử dụng (chưa sửa chữa),0,0,Intel Core i3,8.0,Onboard,128,Nước khác,desktop,1.700.000 đ
3131,desktop,desktop,Đã sử dụng (chưa sửa chữa),1,21,Intel Core i5,16.0,NVIDIA,500,Nước khác,desktop,7.500.000 đ
3132,desktop,desktop,Đã sử dụng (chưa sửa chữa),9,21,Intel Core i5,8.0,NVIDIA,500,Nước khác,desktop,1.800.000 đ
3133,desktop,desktop,Đã sử dụng (chưa sửa chữa),9,21,Intel Core i5,8.0,NVIDIA,500,Nhật Bản,desktop,1.800.000 đ
3134,desktop,desktop,Đã sử dụng (chưa sửa chữa),1,21,Intel Xeon,32.0,AMD,256,Nước khác,desktop,7.500.000 đ
3135,desktop,desktop,Đã sử dụng (qua sửa chữa),0,20,Intel Pentium,2.0,Onboard,480,Việt Nam,desktop,1.000.000 đ
3136,desktop,desktop,Đã sử dụng (chưa sửa chữa),1,0,Intel Core i5,8.0,Onboard,256,Nước khác,desktop,3.400.000 đ
3137,desktop,desktop,Mới,1,18,Intel Xeon,16.0,NVIDIA,128,Việt Nam,desktop,3.750.000 đ
3138,desktop,desktop,Đã sử dụng (chưa sửa chữa),0,20,Intel Core i5,6.0,Onboard,250,Mỹ,desktop,3.000.000 đ
3139,desktop,desktop,Mới,12,16,Intel Core i5,8.0,Onboard,256,Nước khác,desktop,24.850.000 đ
3140,desktop,desktop,Đã sử dụng (chưa sửa chữa),3,21,Intel Xeon,8.0,NVIDIA,128,Việt Nam,desktop,4.700.000 đ
3141,desktop,desktop,Đã sử dụng (chưa sửa chữa),0,21,Intel Core i5,16.0,NVIDIA,128,Việt Nam,desktop,3.500.000 đ
3142,desktop,desktop,Đã sử dụng (chưa sửa chữa),0,21,Intel Core i5,0.5,Onboard,120,Nhật Bản,desktop,1.200.000 đ
3143,desktop,desktop,Đã sử dụng (chưa sửa chữa),0,20,Intel Pentium,4.0,Onboard,250,Nước khác,desktop,999.999 đ
3144,desktop,desktop,Đã sử dụng (chưa sửa chữa),0,0,Intel Xeon,16.0,AMD,250,Nước khác,desktop,3.700.000 đ
3145,desktop,desktop,Đã sử dụng (chưa sửa chữa),0,21,Intel Core i5,16.0,NVIDIA,1500,Nước khác,desktop,15.300.000 đ
3146,desktop,desktop,Đã sử dụng (chưa sửa chữa),3,21,Intel Pentium,8.0,Onboard,128,Việt Nam,desktop,2.100.000 đ
3147,desktop,desktop,Đã sử dụng (chưa sửa chữa),0,0,Intel Core i5,8.0,Onboard,128,Nước khác,desktop,3.500.000 đ
3148,desktop,desktop,Mới,1,0,Intel Xeon,32.0,AMD,1500,Việt Nam,desktop,6.000.000 đ
3149,desktop,desktop,Đã sử dụng (chưa sửa chữa),3,20,Intel Core i5,8.0,Onboard,128,Mỹ,desktop,3.500.000 đ
3150,desktop,desktop,Đã sử dụng (chưa sửa chữa),0,21,Intel Core i3,8.0,Onboard,128,Nước khác,desktop,7.500.000 đ
3151,desktop,desktop,Đã sử dụng (chưa sửa chữa),0,21,Intel Core i5,32.0,Onboard,500,Nước khác,desktop,5.500.000 đ
3152,desktop,desktop,Đã sử dụng (chưa sửa chữa),9,21,Intel Core 2 Duo,8.0,NVIDIA,256,Việt Nam,desktop,5.000.000 đ
3153,desktop,desktop,Đã sử dụng (chưa sửa chữa),1,21,Intel Core i5,8.0,NVIDIA,128,Việt Nam,desktop,3.900.000 đ
3154,desktop,desktop,Đã sử dụng (chưa sửa chữa),0,0,Intel Xeon,16.0,Onboard,256,Nước khác,desktop,6.400.000 đ
3155,desktop,desktop,Đã sử dụng (chưa sửa chữa),1,21,Intel Core i7,16.0,NVIDIA,128,Nước khác,desktop,4.700.000 đ
3156,desktop,desktop,Đã sử dụng (chưa sửa chữa),0,20,Intel Core i5,8.0,NVIDIA,128,Việt Nam,desktop,3.300.000 đ
3157,desktop,desktop,Đã sử dụng (chưa sửa chữa),3,21,Intel Core i5,8.0,Onboard,256,Mỹ,desktop,4.500.000 đ
3158,desktop,desktop,Đã sử dụng (chưa sửa chữa),1,0,Intel Core i9,32.0,NVIDIA,128,Nhật Bản,desktop,17.888.888 đ
3159,desktop,desktop,Đã sử dụng (chưa sửa chữa),5,0,Intel Core i7,16.0,NVIDIA,128,Nước khác,desktop,15.000.000 đ
3160,desktop,desktop,Đã sử dụng (chưa sửa chữa),0,20,Intel Core i3,8.0,Onboard,128,Nước khác,desktop,1.800.000 đ
3161,desktop,desktop,Đã sử dụng (chưa sửa chữa),1,18,Intel Core i7,8.0,Onboard,120,Việt Nam,desktop,450.000 đ
3162,desktop,desktop,Đã sử dụng (chưa sửa chữa),1,0,Intel Core i3,8.0,AMD,128,Nước khác,desktop,5.690.000 đ
3163,desktop,desktop,Đã sử dụng (qua sửa chữa),0,0,Intel Core i5,8.0,Onboard,128,Nước khác,desktop,2.500.000 đ
3164,desktop,desktop,Đã sử dụng (chưa sửa chữa),1,16,Intel Core i5,4.0,Onboard,256,Nhật Bản,desktop,4.200.000 đ
3165,desktop,desktop,Đã sử dụng (chưa sửa chữa),0,0,Intel Core i5,8.0,Onboard,256,Nước khác,desktop,9.300.000 đ
3166,desktop,desktop,Đã sử dụng (qua sửa chữa),1,21,Intel Core i5,8.0,Onboard,128,Trung Quốc,desktop,4.500.000 đ
3167,desktop,desktop,Đã sử dụng (chưa sửa chữa),1,21,Intel Core i3,16.0,AMD,256,Việt Nam,desktop,11.000.000 đ
3168,desktop,desktop,Đã sử dụng (chưa sửa chữa),1,0,Intel Core i7,16.0,NVIDIA,500,Nhật Bản,desktop,9.560.000 đ
3169,desktop,desktop,Đã sử dụng (chưa sửa chữa),0,0,Intel Quark,8.0,Onboard,128,Việt Nam,desktop,1.000.000 đ
3170,desktop,desktop,Đã sử dụng (chưa sửa chữa),1,21,Intel Core i3,8.0,AMD,250,Nước khác,desktop,8.300.000 đ
3171,desktop,desktop,Đã sử dụng (chưa sửa chữa),0,21,Intel Core i5,8.0,NVIDIA,128,Nước khác,desktop,3.800.000 đ
3172,desktop,desktop,Đã sử dụng (chưa sửa chữa),0,0,Intel Core i5,64.0,NVIDIA,128,Nước khác,desktop,5.350.000 đ
3173,desktop,desktop,Đã sử dụng (chưa sửa chữa),0,20,Intel Core i3,8.0,Onboard,128,Nước khác,desktop,3.200.000 đ
3174,desktop,desktop,Đã sử dụng (chưa sửa chữa),1,0,Intel Core i3,8.0,Onboard,256,Nước khác,desktop,3.290.000 đ
3175,desktop,desktop,Mới,3,21,Intel Core i5,16.0,NVIDIA,250,Việt Nam,desktop,7.700.000 đ
3176,desktop,desktop,Đã sử dụng (chưa sửa chữa),0,21,Intel Core i5,8.0,NVIDIA,700,Việt Nam,desktop,3.200.000 đ
3177,desktop,desktop,Đã sử dụng (chưa sửa chữa),0,0,Intel Pentium,4.0,Onboard,120,Nước khác,desktop,650.000 đ
3178,desktop,desktop,Đã sử dụng (chưa sửa chữa),0,16,Intel Core i5,4.0,Onboard,500,Nước khác,desktop,1.350.000 đ
3179,desktop,desktop,Đã sử dụng (chưa sửa chữa),0,0,Intel Xeon,32.0,Onboard,128,Nước khác,desktop,8.500.000 đ
3180,desktop,desktop,Đã sử dụng (chưa sửa chữa),2,20,Intel Core i5,8.0,NVIDIA,128,Việt Nam,desktop,2.680.000 đ
3181,desktop,desktop,Đã sử dụng (chưa sửa chữa),0,16,Intel Core i5,4.0,Onboard,128,Việt Nam,desktop,1.600.000 đ
3182,desktop,desktop,Mới,12,21,Intel Core i5,16.0,Onboard,480,Nước khác,desktop,9.500.000 đ
3183,desktop,desktop,Đã sử dụng (chưa sửa chữa),0,0,Intel Core i3,8.0,Onboard,128,Nước khác,desktop,1.800.000 đ
3184,desktop,desktop,Đã sử dụng (chưa sửa chữa),1,21,Intel Core i5,8.0,NVIDIA,128,Việt Nam,desktop,4.799.000 đ
3185,desktop,desktop,Đã sử dụng (chưa sửa chữa),0,20,Intel Core i3,8.0,Onboard,128,Mỹ,desktop,2.500.000 đ
3186,desktop,desktop,Đã sử dụng (chưa sửa chữa),0,21,Intel Core i5,16.0,NVIDIA,128,Nước khác,desktop,111.111 đ
3187,desktop,desktop,Mới,9,21,Intel Core i5,16.0,Onboard,250,Nước khác,desktop,12.990.000 đ
3188,desktop,desktop,Đã sử dụng (chưa sửa chữa),0,21,Intel Core i7,8.0,Onboard,256,Việt Nam,desktop,4.500.000 đ
3189,desktop,desktop,Đã sử dụng (chưa sửa chữa),1,20,Intel Core i5,8.0,Onboard,128,Việt Nam,desktop,2.900.000 đ
3190,desktop,desktop,Đã sử dụng (chưa sửa chữa),1,0,Intel Xeon,64.0,NVIDIA,1000,Nước khác,desktop,27.800.000 đ
3191,desktop,desktop,Đã sử dụng (chưa sửa chữa),3,0,Intel Core i7,32.0,NVIDIA,512,Nước khác,desktop,10.000.000 đ
3192,desktop,desktop,Đã sử dụng (chưa sửa chữa),9,20,Intel Core i3,8.0,Onboard,250,Việt Nam,desktop,4.500.000 đ
3193,desktop,desktop,Đã sử dụng (chưa sửa chữa),1,0,Intel Core i5,16.0,NVIDIA,250,Nước khác,desktop,20.000.000 đ
3194,desktop,desktop,Mới,1,0,Intel Core i3,16.0,NVIDIA,256,Đài Loan,desktop,8.900.000 đ
3195,desktop,desktop,Mới,1,0,Intel Core i5,16.0,Onboard,256,Nước khác,desktop,11.900.000 đ
3196,desktop,desktop,Đã sử dụng (chưa sửa chữa),0,21,Intel Core i3,8.0,Onboard,250,Việt Nam,desktop,5.000.000 đ
3197,desktop,desktop,Đã sử dụng (chưa sửa chữa),0,21,Intel Core i5,8.0,NVIDIA,128,Nước khác,desktop,5.100.000 đ
3198,desktop,desktop,Đã sử dụng (chưa sửa chữa),1,21,Intel Core i5,8.0,NVIDIA,500,Nước khác,desktop,4.000.000 đ
3199,desktop,desktop,Đã sử dụng (chưa sửa chữa),1,21,Intel Core i5,8.0,NVIDIA,256,Mỹ,desktop,1.800.000 đ
3200,desktop,desktop,Đã sử dụng (chưa sửa chữa),0,21,Intel Core i3,8.0,Onboard,256,Nước khác,desktop,4.500.000 đ
3201,desktop,desktop,Đã sử dụng (chưa sửa chữa),0,0,Intel Core i3,8.0,Onboard,128,Nước khác,desktop,1.000.000 đ
3202,desktop,desktop,Đã sử dụng (chưa sửa chữa),0,0,Intel Core i3,4.0,Onboard,128,Nước khác,desktop,980.000 đ
3203,desktop,desktop,Đã sử dụng (chưa sửa chữa),12,21,Intel Core i5,16.0,NVIDIA,500,Nước khác,desktop,22.000.000 đ
3204,desktop,desktop,Mới,12,21,Intel Core i7,16.0,NVIDIA,500,Nước khác,desktop,12.900.000 đ
3205,desktop,desktop,Đã sử dụng (chưa sửa chữa),1,21,Intel Core i7,8.0,Onboard,500,Nước khác,desktop,15.000.000 đ
3206,desktop,desktop,Đã sử dụng (chưa sửa chữa),0,0,Intel Core i5,8.0,Onboard,250,Nước khác,desktop,300.000 đ
3207,desktop,desktop,Đã sử dụng (qua sửa chữa),3,21,Intel Core i5,8.0,Onboard,128,Việt Nam,desktop,4.000.000 đ
3208,desktop,desktop,Đã sử dụng (chưa sửa chữa),1,21,Intel Xeon,16.0,NVIDIA,250,Nước khác,desktop,2.999.000 đ
3209,desktop,desktop,Đã sử dụng (chưa sửa chữa),1,0,Intel Xeon,8.0,Onboard,320,Nước khác,desktop,1.999.000 đ
3210,desktop,desktop,Đã sử dụng (chưa sửa chữa),0,21,Intel Core 2 Duo,2.0,AMD,128,Việt Nam,desktop,2.000.000 đ
3211,desktop,desktop,Mới,12,21,Intel Core i5,8.0,Onboard,128,Việt Nam,desktop,3.300.000 đ
3212,desktop,desktop,Mới,12,0,Intel Core i3,16.0,NVIDIA,256,Việt Nam,desktop,7.500.000 đ
3213,desktop,desktop,Mới,1,21,Intel Core i3,8.0,Onboard,250,Nước khác,desktop,10.500.000 đ
3214,desktop,desktop,Đã sử dụng (chưa sửa chữa),12,21,Intel Core i3,16.0,AMD,500,Việt Nam,desktop,10.500.000 đ
3215,desktop,desktop,Đã sử dụng (chưa sửa chữa),0,21,Intel Core i5,8.0,Onboard,1000,Nhật Bản,desktop,6.500.000 đ
3216,desktop,desktop,Đã sử dụng (chưa sửa chữa),0,20,Intel Celeron,16.0,NVIDIA,640,Nước khác,desktop,4.000.000 đ
3217,Asus,VivoBook S Series,Đã sử dụng (chưa sửa chữa),1,16,Intel Core i7,16.0,NVIDIA,512,Đài Loan,laptop,16.900.000 đ
3218,HP,ProBook,Đã sử dụng (chưa sửa chữa),9,14,Intel Core i5,8.0,Onboard,256,Nước khác,laptop,4.800.000 đ
3219,Dell,Precision,Đã sử dụng (chưa sửa chữa),5,16,Intel Core i7,32.0,NVIDIA,512,Mỹ,laptop,13.000.000 đ
3220,Dell,Vostro,Đã sử dụng (chưa sửa chữa),9,14,Intel Core i5,8.0,Onboard,256,Nước khác,laptop,5.700.000 đ
3221,Dell,Latitude,Đã sử dụng (chưa sửa chữa),3,14,Intel Core i7,8.0,Onboard,256,Mỹ,laptop,4.900.000 đ
3222,Dell,Vostro,Đã sử dụng (chưa sửa chữa),0,14,Intel Core i5,8.0,NVIDIA,500,Nước khác,laptop,4.000.000 đ
3223,Apple,MacBook Air,Đã sử dụng (chưa sửa chữa),0,14,Intel Core i5,8.0,Onboard,128,Việt Nam,laptop,9.800.000 đ
3224,Dell,Latitude,Đã sử dụng (qua sửa chữa),0,14,Intel Core i5,4.0,Onboard,512,Trung Quốc,laptop,2.500.000 đ
3225,Apple,MacBook,Đã sử dụng (chưa sửa chữa),0,16,Intel Core i7,4.0,Onboard,128,Mỹ,laptop,2.999.999 đ
3226,Sony,S Series,Đã sử dụng (chưa sửa chữa),3,16,Intel Core i7,8.0,Onboard,640,Nhật Bản,laptop,3.900.000 đ
3227,Dell,Precision,Đã sử dụng (chưa sửa chữa),0,16,Intel Core i7,32.0,Onboard,500,Nước khác,laptop,12.500.000 đ
3228,Toshiba,Satellite Series,Đã sử dụng (chưa sửa chữa),1,14,Intel Core i5,8.0,Onboard,256,Nhật Bản,laptop,3.950.000 đ
3229,Lenovo,Legion Y Series,Đã sử dụng (chưa sửa chữa),1,16,Intel Core i5,16.0,NVIDIA,1500,Việt Nam,laptop,10.500.000 đ
3230,Dell,Latitude,Đã sử dụng (chưa sửa chữa),3,12,Intel Core i5,8.0,Onboard,256,Mỹ,laptop,3.700.000 đ
3231,Dell,Latitude,Đã sử dụng (qua sửa chữa),0,12,Intel Core 2 Duo,2.0,Onboard,120,Nước khác,laptop,1.500.000 đ
3232,Lenovo,ThinkPad,Đã sử dụng (chưa sửa chữa),1,14,Intel Core i5,8.0,Onboard,256,Nhật Bản,laptop,4.550.000 đ
3233,Microsoft,Surface Go,Đã sử dụng (chưa sửa chữa),0,10,Intel Core i5,4.0,Onboard,120,Nước khác,laptop,7.000.000 đ
3234,Dell,Latitude,Đã sử dụng (chưa sửa chữa),3,14,Intel Core i7,8.0,Onboard,256,Mỹ,laptop,5.400.000 đ
3235,Dell,Latitude,Đã sử dụng (chưa sửa chữa),0,14,Intel Core i7,8.0,Onboard,256,Nước khác,laptop,4.000.000 đ
3236,Dell,Precision,Đã sử dụng (chưa sửa chữa),3,16,Intel Core i7,16.0,NVIDIA,512,Mỹ,laptop,17.200.000 đ
3237,Lenovo,ThinkPad,Mới,1,14,Intel Core i7,16.0,Onboard,512,Việt Nam,laptop,9.900.000 đ
3238,Panasonic,CF,Đã sử dụng (chưa sửa chữa),0,12,Intel Core i5,8.0,Onboard,256,Nước khác,laptop,6.500.000 đ
3239,Asus,VivoBook S Series,Đã sử dụng (qua sửa chữa),0,14,Intel Core 2 Duo,2.0,Onboard,250,Nước khác,laptop,1.800.000 đ
3240,Lenovo,IdeaPad,Đã sử dụng (chưa sửa chữa),1,16,Intel Core i5,8.0,Onboard,512,Nước khác,laptop,7.120.000 đ
3241,Apple,MacBook Pro Touch Bar,Đã sử dụng (chưa sửa chữa),1,16,Intel Core i7,16.0,NVIDIA,512,Nước khác,laptop,14.800.000 đ
3242,Dell,Latitude,Đã sử dụng (chưa sửa chữa),1,14,Intel Core i5,8.0,Onboard,128,Mỹ,laptop,4.490.000 đ
3243,HP,Elitebook,Đã sử dụng (chưa sửa chữa),3,16,Intel Core i5,8.0,Onboard,128,Nhật Bản,laptop,5.700.000 đ
3244,Dell,Latitude,Đã sử dụng (chưa sửa chữa),3,12,Intel Core i5,8.0,Onboard,256,Nhật Bản,laptop,4.900.000 đ
3245,Apple,MacBook Pro,Đã sử dụng (chưa sửa chữa),0,14,Intel Core i7,16.0,AMD,256,Nước khác,laptop,4.000.000 đ
3246,HP,Elitebook,Đã sử dụng (chưa sửa chữa),9,14,Intel Core i3,8.0,Onboard,256,Nước khác,laptop,7.000.000 đ
3247,Sony,C Series,Đã sử dụng (qua sửa chữa),0,14,Intel Core i3,6.0,Onboard,256,Nhật Bản,laptop,1.500.000 đ
3248,HP,Elitebook,Đã sử dụng (chưa sửa chữa),3,12,Intel Core i7,8.0,Onboard,128,Nước khác,laptop,5.900.000 đ
3249,Dell,XPS,Đã sử dụng (chưa sửa chữa),3,14,Intel Core i5,8.0,Onboard,256,Mỹ,laptop,7.800.000 đ
3250,Dell,Precision,Đã sử dụng (chưa sửa chữa),5,16,Intel Core i7,32.0,NVIDIA,512,Mỹ,laptop,7.900.000 đ
3251,Sony,Vaio Series,Đã sử dụng (chưa sửa chữa),0,12,Intel Core i5,4.0,Onboard,128,Nước khác,laptop,4.999.000 đ
3252,Hãng Khác,Dòng khác,Đã sử dụng (chưa sửa chữa),0,14,Intel Core i5,8.0,Onboard,512,Nước khác,laptop,8.400.000 đ
3253,Lenovo,ThinkPad,Đã sử dụng (chưa sửa chữa),0,16,Intel Core i3,4.0,NVIDIA,512,Nước khác,laptop,2.900.000 đ
3254,Apple,MacBook Pro Touch Bar,Đã sử dụng (chưa sửa chữa),1,14,Intel Core i7,16.0,Onboard,512,Nước khác,laptop,13.900.000 đ
3255,HP,Compaq,Đã sử dụng (chưa sửa chữa),1,14,Intel Core i5,4.0,Onboard,320,Mỹ,laptop,2.000.000 đ
3256,Sony,Vaio Series,Đã sử dụng (chưa sửa chữa),0,14,Intel Core i5,8.0,NVIDIA,256,Nhật Bản,laptop,850.000 đ
3257,Dell,G Series,Đã sử dụng (chưa sửa chữa),9,16,Intel Core i5,16.0,NVIDIA,500,Việt Nam,laptop,10.500.000 đ
3258,HP,Pavilion,Đã sử dụng (chưa sửa chữa),0,14,Intel Core i5,8.0,Onboard,256,Nước khác,laptop,6.000.000 đ
3259,Microsoft,Surface Pro 5,Đã sử dụng (chưa sửa chữa),0,14,Intel Core i5,8.0,Onboard,128,Nước khác,laptop,4.000.000 đ
3260,Dell,Latitude,Đã sử dụng (chưa sửa chữa),0,14,Intel Core i7,8.0,Onboard,256,Nước khác,laptop,4.900.000 đ
3261,HP,ZBook,Đã sử dụng (chưa sửa chữa),0,14,Intel Core i7,16.0,NVIDIA,500,Mỹ,laptop,14.900.000 đ
3262,Asus,VivoBook S Series,Đã sử dụng (chưa sửa chữa),0,16,Intel Core i5,8.0,Onboard,256,Nước khác,laptop,13.000.000 đ
3263,HP,Elitebook,Đã sử dụng (chưa sửa chữa),1,14,Intel Core i5,8.0,Onboard,256,Mỹ,laptop,7.300.000 đ
3264,Dell,Inspiron,Đã sử dụng (chưa sửa chữa),0,14,Intel Core i3,4.0,Onboard,500,Nước khác,laptop,1.100.000 đ
3265,Dell,Inspiron,Đã sử dụng (chưa sửa chữa),0,16,Intel Core i5,4.0,Onboard,500,Việt Nam,laptop,3.500.000 đ
3266,HP,Pavilion,Đã sử dụng (chưa sửa chữa),0,16,Intel Core i3,4.0,Onboard,512,Nước khác,laptop,12.500.000 đ
3267,Dell,Latitude,Đã sử dụng (chưa sửa chữa),1,14,Intel Core i7,16.0,Onboard,512,Mỹ,laptop,13.300.000 đ
3268,Microsoft,Surface,Đã sử dụng (chưa sửa chữa),0,14,Intel Core i7,8.0,Onboard,256,Nước khác,laptop,6.500.000 đ
3269,Asus,X Series,Đã sử dụng (chưa sửa chữa),1,16,Intel Core i3,8.0,Onboard,256,Việt Nam,laptop,3.800.000 đ
3270,Asus,Zenbook Series,Đã sử dụng (chưa sửa chữa),0,14,Intel Pentium,2.0,AMD,128,Mỹ,laptop,450.000 đ
3271,Apple,MacBook Pro M1,Đã sử dụng (chưa sửa chữa),1,14,Apple M1,8.0,Onboard,256,Nước khác,laptop,13.500.000 đ
3272,Dell,Latitude,Đã sử dụng (chưa sửa chữa),3,14,Intel Core i5,16.0,Onboard,256,Nước khác,laptop,9.300.000 đ
3273,Dell,Latitude,Đã sử dụng (chưa sửa chữa),3,14,Intel Core i7,8.0,Onboard,128,Việt Nam,laptop,4.200.000 đ
3274,Lenovo,IdeaPad,Đã sử dụng (chưa sửa chữa),0,14,Intel Core i3,8.0,Onboard,512,Trung Quốc,laptop,5.999.000 đ
3275,Dell,Precision,Đã sử dụng (chưa sửa chữa),0,16,Intel Core i7,16.0,NVIDIA,500,Mỹ,laptop,2.900.000 đ
3276,Dell,Latitude,Đã sử dụng (chưa sửa chữa),1,14,Intel Core i7,16.0,Onboard,512,Mỹ,laptop,11.300.000 đ
3277,Asus,X Series,Đã sử dụng (chưa sửa chữa),0,16,Intel Core i3,8.0,Onboard,1500,Việt Nam,laptop,3.000.000 đ
3278,Dell,Inspiron,Đã sử dụng (chưa sửa chữa),1,16,Intel Core i3,4.0,Onboard,256,Mỹ,laptop,2.900.000 đ
3279,HP,ZBook,Mới,0,16,Intel Core i7,16.0,AMD,512,Việt Nam,laptop,8.500.000 đ
3280,Dell,Inspiron,Đã sử dụng (chưa sửa chữa),0,14,Intel Core i7,8.0,Onboard,256,Nước khác,laptop,3.100.000 đ
3281,Dell,Alienware,Đã sử dụng (chưa sửa chữa),0,14,Intel Core i7,8.0,NVIDIA,256,Nước khác,laptop,38.000.000 đ
3282,Dell,Precision,Đã sử dụng (chưa sửa chữa),1,16,Intel Core i7,8.0,NVIDIA,128,Nước khác,laptop,4.100.000 đ
3283,Dell,Latitude,Đã sử dụng (chưa sửa chữa),1,14,Intel Core i7,8.0,Onboard,256,Mỹ,laptop,7.300.000 đ
3284,Apple,MacBook Air,Đã sử dụng (chưa sửa chữa),0,14,Intel Core i5,8.0,Onboard,120,Nước khác,laptop,5.600.000 đ
3285,Apple,MacBook Pro Touch Bar,Đã sử dụng (chưa sửa chữa),0,14,Intel Core i7,16.0,Onboard,256,Nước khác,laptop,12.800.000 đ
3286,Dell,Inspiron,Đã sử dụng (chưa sửa chữa),0,14,Intel Core i5,4.0,Onboard,500,Nước khác,laptop,1.600.000 đ
3287,Dell,Inspiron,Đã sử dụng (chưa sửa chữa),0,14,Intel Core i5,8.0,NVIDIA,256,Mỹ,laptop,5.000.000 đ
3288,Apple,MacBook Air,Đã sử dụng (chưa sửa chữa),0,14,Intel Core i5,8.0,Onboard,128,Nước khác,laptop,5.700.000 đ
3289,Dell,Precision,Đã sử dụng (chưa sửa chữa),3,16,Intel Core i7,8.0,NVIDIA,256,Mỹ,laptop,7.100.000 đ
3290,Dell,Inspiron,Đã sử dụng (chưa sửa chữa),1,14,Ryzen 7,16.0,AMD,1000,Hàn Quốc,laptop,15.500.000 đ
3291,Dell,Vostro,Đã sử dụng (chưa sửa chữa),0,16,Intel Core i3,4.0,Onboard,256,Việt Nam,laptop,4.500.000 đ
3292,Dell,Latitude,Đã sử dụng (chưa sửa chữa),1,14,Intel Core i5,8.0,Onboard,256,Nước khác,laptop,6.900.000 đ
3293,Lenovo,ThinkPad,Đã sử dụng (chưa sửa chữa),3,16,Intel Core i7,16.0,NVIDIA,512,Mỹ,laptop,15.500.000 đ
3294,Apple,MacBook Pro,Đã sử dụng (chưa sửa chữa),1,14,Intel Core i7,16.0,AMD,512,Nước khác,laptop,12.300.000 đ
3295,Apple,MacBook Air M2,Đã sử dụng (chưa sửa chữa),1,16,Apple M2,8.0,Onboard,256,Mỹ,laptop,25.300.000 đ
3296,Dell,Latitude,Đã sử dụng (chưa sửa chữa),0,14,Intel Core i7,16.0,Onboard,256,Mỹ,laptop,12.500.000 đ
3297,Hãng Khác,Dòng khác,Đã sử dụng (chưa sửa chữa),0,12,Intel Core i5,8.0,Onboard,256,Nước khác,laptop,3.700.000 đ
3298,Dell,Latitude,Đã sử dụng (chưa sửa chữa),0,16,Intel Core i7,8.0,Onboard,128,Nước khác,laptop,2.500.000 đ
3299,Microsoft,Surface Pro 7,Đã sử dụng (chưa sửa chữa),3,12,Intel Core i5,8.0,Onboard,256,Mỹ,laptop,12.000.000 đ
3300,Asus,VivoBook S Series,Đã sử dụng (chưa sửa chữa),0,14,Intel Core i3,8.0,Onboard,256,Nước khác,laptop,250.000 đ
3301,Toshiba,Satellite Series,Đã sử dụng (chưa sửa chữa),3,14,Intel Core i5,8.0,Onboard,128,Nước khác,laptop,4.139.000 đ
3302,Dell,Inspiron,Đã sử dụng (chưa sửa chữa),0,16,Intel Core 2 Duo,4.0,Onboard,320,Mỹ,laptop,900.000 đ
3303,Apple,MacBook Pro,Đã sử dụng (chưa sửa chữa),1,16,Intel Core i7,32.0,AMD,1000,Nước khác,laptop,15.500.000 đ
3304,Lenovo,IdeaPad,Đã sử dụng (chưa sửa chữa),0,16,AMD,4.0,AMD,500,Nhật Bản,laptop,1.300.000 đ
3305,Apple,MacBook Air,Đã sử dụng (chưa sửa chữa),0,14,Intel Core i5,4.0,Onboard,256,Mỹ,laptop,3.500.000 đ
3306,Dell,Latitude,Đã sử dụng (chưa sửa chữa),1,14,Intel Core i7,16.0,Onboard,512,Mỹ,laptop,8.700.000 đ
3307,Apple,MacBook Pro,Đã sử dụng (chưa sửa chữa),1,16,Intel Core i9,16.0,AMD,500,Mỹ,laptop,16.500.000 đ
3308,Apple,MacBook Pro,Đã sử dụng (chưa sửa chữa),0,14,Intel Core i5,8.0,Onboard,256,Nhật Bản,laptop,5.500.000 đ
3309,Apple,MacBook Air M2,Đã sử dụng (chưa sửa chữa),1,14,Apple M2,8.0,Onboard,256,Việt Nam,laptop,21.800.000 đ
3310,Asus,ROG Strix Scar,Đã sử dụng (chưa sửa chữa),5,16,Ryzen 7,16.0,NVIDIA,512,Việt Nam,laptop,18.800.000 đ
3311,Dell,Inspiron,Đã sử dụng (chưa sửa chữa),1,16,Intel Core i5,8.0,NVIDIA,128,Nước khác,laptop,4.990.000 đ
3312,Apple,MacBook Pro Touch Bar,Đã sử dụng (chưa sửa chữa),1,14,Intel Core i5,16.0,Onboard,256,Mỹ,laptop,8.000.000 đ
3313,Sony,Vaio Series,Đã sử dụng (chưa sửa chữa),0,14,Intel Core i5,8.0,Onboard,256,Nước khác,laptop,3.450.000 đ
3314,Asus,VivoBook S Series,Đã sử dụng (chưa sửa chữa),0,14,Intel Core i5,4.0,Onboard,250,Nước khác,laptop,1.200.000 đ
3315,Apple,MacBook Air M1,Đã sử dụng (chưa sửa chữa),0,14,Intel Core i5,64.0,Onboard,128,Nước khác,laptop,8.500.000 đ
3316,Apple,MacBook Air,Đã sử dụng (chưa sửa chữa),0,14,Intel Core i5,8.0,Onboard,256,Mỹ,laptop,7.900.000 đ
3317,Apple,MacBook Pro,Đã sử dụng (chưa sửa chữa),1,16,Intel Core i7,16.0,AMD,512,Nước khác,laptop,16.800.000 đ
3318,Toshiba,Satellite Series,Đã sử dụng (chưa sửa chữa),0,14,Intel Core i5,8.0,Onboard,256,Nước khác,laptop,3.600.000 đ
3319,HP,Elitebook,Đã sử dụng (chưa sửa chữa),0,14,Intel Core i5,8.0,Onboard,320,Trung Quốc,laptop,1.300.000 đ
3320,Microsoft,Surface,Đã sử dụng (chưa sửa chữa),1,16,Intel Core i7,16.0,Onboard,256,Mỹ,laptop,14.000.000 đ
3321,Dell,Inspiron,Đã sử dụng (chưa sửa chữa),0,14,Intel Core i3,4.0,Onboard,256,Nước khác,laptop,2.500.000 đ
3322,Lenovo,ThinkPad,Đã sử dụng (chưa sửa chữa),0,14,Intel Core i5,16.0,Onboard,256,Nước khác,laptop,9.700.000 đ
3323,Dell,Inspiron,Đã sử dụng (chưa sửa chữa),1,14,Intel Core i5,8.0,Onboard,512,Mỹ,laptop,11.900.000 đ
3324,Dell,Latitude,Mới,0,16,Intel Core i7,16.0,Onboard,256,Mỹ,laptop,8.500.000 đ
3325,Microsoft,Surface Book,Đã sử dụng (chưa sửa chữa),1,14,Intel Core i7,32.0,NVIDIA,512,Mỹ,laptop,11.000.000 đ
3326,Dell,Inspiron,Đã sử dụng (chưa sửa chữa),0,14,Intel Core i7,8.0,Onboard,128,Nước khác,laptop,4.500.000 đ
3327,Apple,MacBook Air,Đã sử dụng (chưa sửa chữa),0,14,Intel Core i5,8.0,Onboard,128,Nước khác,laptop,5.000.000 đ
3328,Dell,Inspiron,Đã sử dụng (chưa sửa chữa),0,16,Intel Core i3,4.0,Onboard,500,Mỹ,laptop,1.250.000 đ
3329,Dell,Latitude,Đã sử dụng (chưa sửa chữa),1,12,Intel Core i5,8.0,Onboard,256,Nước khác,laptop,4.290.000 đ
3330,Lenovo,ThinkPad,Đã sử dụng (chưa sửa chữa),0,14,Intel Core i5,8.0,Onboard,128,Nước khác,laptop,1.000.000 đ
3331,Apple,MacBook Pro Touch Bar,Đã sử dụng (chưa sửa chữa),1,16,Intel Core i7,16.0,AMD,512,Mỹ,laptop,9.990.000 đ
3332,MSI,CR Series,Đã sử dụng (chưa sửa chữa),0,14,Intel Core i5,4.0,Onboard,500,Nước khác,laptop,1.200.000 đ
3333,Hãng Khác,Dòng khác,Đã sử dụng (chưa sửa chữa),3,12,Intel Core i5,8.0,Onboard,256,Nhật Bản,laptop,3.000.000 đ
3334,HP,Elitebook,Đã sử dụng (chưa sửa chữa),0,16,Ryzen 5,8.0,Onboard,128,Nước khác,laptop,2.500.000 đ
3335,Apple,MacBook Pro M2 Touch Bar,Đã sử dụng (chưa sửa chữa),3,14,Apple M2,16.0,Onboard,512,Việt Nam,laptop,31.500.000 đ
3336,HP,Notebook,Đã sử dụng (chưa sửa chữa),0,16,Intel Core i5,8.0,Onboard,512,Nước khác,laptop,3.300.000 đ
3337,Dell,Inspiron,Đã sử dụng (chưa sửa chữa),1,14,Intel Core i7,8.0,Onboard,256,Mỹ,laptop,6.100.000 đ
3338,HP,ProBook,Đã sử dụng (chưa sửa chữa),2,14,Intel Core i7,16.0,Onboard,256,Việt Nam,laptop,8.200.000 đ
3339,Acer,VX5,Đã sử dụng (chưa sửa chữa),0,16,Intel Core i7,16.0,NVIDIA,1000,Trung Quốc,laptop,14.000.000 đ
3340,Apple,MacBook Pro,Đã sử dụng (chưa sửa chữa),0,14,Intel Core i5,8.0,Onboard,512,Nước khác,laptop,10.500.000 đ
3341,Apple,MacBook Pro,Mới,0,16,Intel Core i9,16.0,AMD,1000,Nhật Bản,laptop,23.000.000 đ
3342,Asus,X Series,Đã sử dụng (qua sửa chữa),0,16,Intel Core i5,4.0,Onboard,128,Mỹ,laptop,1.800.000 đ
3343,Sony,S Series,Đã sử dụng (chưa sửa chữa),3,14,Intel Core i7,8.0,Onboard,640,Nhật Bản,laptop,3.900.000 đ
3344,Dell,Latitude,Đã sử dụng (chưa sửa chữa),0,14,Intel Core i3,4.0,Onboard,128,Nước khác,laptop,2.500.000 đ
3345,Dell,Latitude,Đã sử dụng (chưa sửa chữa),3,14,Intel Core i5,8.0,Onboard,128,Nước khác,laptop,3.600.000 đ
3346,Dell,Latitude,Đã sử dụng (chưa sửa chữa),1,14,Intel Core i7,8.0,Onboard,256,Nước khác,laptop,5.299.000 đ
3347,Asus,X Series,Đã sử dụng (qua sửa chữa),0,14,Intel Core i5,4.0,Onboard,128,Việt Nam,laptop,1.800.000 đ
3348,Dell,Vostro,Đã sử dụng (chưa sửa chữa),0,16,Intel Core i5,8.0,NVIDIA,256,Nước khác,laptop,7.399.000 đ
3349,Dell,Latitude,Đã sử dụng (chưa sửa chữa),1,12,Intel Core i5,8.0,Onboard,128,Nước khác,laptop,3.900.000 đ
3350,HP,Notebook,Đã sử dụng (chưa sửa chữa),9,16,Intel Core i5,8.0,Onboard,256,Nước khác,laptop,6.300.000 đ
3351,Apple,MacBook Pro M1 Touch Bar,Đã sử dụng (chưa sửa chữa),0,14,Apple M1,16.0,Onboard,1000,Nước khác,laptop,28.700.000 đ
3352,HP,ZBook,Đã sử dụng (chưa sửa chữa),1,14,Intel Core i7,16.0,Onboard,512,Nước khác,laptop,20.000.000 đ
3353,Dell,Latitude,Đã sử dụng (chưa sửa chữa),3,16,Intel Core i7,16.0,NVIDIA,512,Mỹ,laptop,9.500.000 đ
3354,Dell,Latitude,Đã sử dụng (chưa sửa chữa),0,14,Intel Core i7,8.0,Onboard,256,Nước khác,laptop,3.300.000 đ
3355,Acer,Aspire,Đã sử dụng (chưa sửa chữa),0,14,Intel Core i3,4.0,Onboard,120,Nước khác,laptop,1.800.000 đ
3356,Dell,Latitude,Đã sử dụng (chưa sửa chữa),3,14,Intel Core i5,8.0,Onboard,256,Nước khác,laptop,5.700.000 đ
3357,Toshiba,Satellite Series,Đã sử dụng (chưa sửa chữa),0,16,Intel Core i5,16.0,Onboard,256,Nước khác,laptop,3.200.000 đ
3358,Apple,MacBook Air,Đã sử dụng (chưa sửa chữa),0,14,Intel Core i3,8.0,Onboard,256,Trung Quốc,laptop,9.500.000 đ
3359,Apple,MacBook Air,Đã sử dụng (chưa sửa chữa),9,14,Intel Core i5,8.0,Onboard,128,Nước khác,laptop,6.990.000 đ
3360,Acer,Nitro 5,Đã sử dụng (chưa sửa chữa),3,16,Intel Core i7,16.0,NVIDIA,512,Nước khác,laptop,25.500.000 đ
3361,Dell,Latitude,Đã sử dụng (chưa sửa chữa),3,14,Intel Core i5,8.0,Onboard,256,Mỹ,laptop,6.900.000 đ
3362,Lenovo,ThinkPad,Mới,1,16,Intel Core i7,16.0,NVIDIA,512,Mỹ,laptop,33.800.000 đ
3363,Dell,Vostro,Đã sử dụng (chưa sửa chữa),0,16,Intel Core i5,8.0,NVIDIA,256,Nước khác,laptop,7.000.000 đ
3364,Dell,Latitude,Đã sử dụng (chưa sửa chữa),2,14,Intel Core i5,8.0,Onboard,128,Việt Nam,laptop,3.200.000 đ
3365,HP,Elitebook,Đã sử dụng (chưa sửa chữa),0,16,Intel Pentium,4.0,Onboard,500,Việt Nam,laptop,3.500.000 đ
3366,MSI,GT Series,Đã sử dụng (chưa sửa chữa),0,18,Intel Core i7,32.0,NVIDIA,128,Đài Loan,laptop,11.800.000 đ
3367,Apple,MacBook Pro,Đã sử dụng (chưa sửa chữa),0,14,Intel Core i5,8.0,Onboard,256,Nước khác,laptop,9.000.000 đ
3368,HP,ProBook,Đã sử dụng (chưa sửa chữa),1,14,Intel Core i5,4.0,Onboard,500,Nước khác,laptop,1.600.000 đ
3369,Lenovo,ThinkPad,Đã sử dụng (chưa sửa chữa),0,14,Intel Core i5,4.0,Onboard,120,Nước khác,laptop,1.200.000 đ
3370,Acer,Aspire,Đã sử dụng (chưa sửa chữa),0,16,Intel Pentium,4.0,Onboard,500,Nước khác,laptop,1.800.000 đ
3371,Asus,X Series,Đã sử dụng (chưa sửa chữa),3,16,Intel Core i3,4.0,Onboard,256,Việt Nam,laptop,6.500.000 đ
3372,Apple,MacBook Pro M1,Đã sử dụng (chưa sửa chữa),3,14,Apple M1,16.0,Onboard,512,Việt Nam,laptop,32.999.999 đ
3373,Apple,MacBook Air M1,Đã sử dụng (chưa sửa chữa),0,14,Apple M1,8.0,Onboard,256,Nước khác,laptop,12.700.000 đ
3374,Asus,VivoBook S Series,Đã sử dụng (chưa sửa chữa),0,16,Intel Core i3,8.0,NVIDIA,250,Nước khác,laptop,2.500.000 đ
3375,HP,Elitebook,Đã sử dụng (chưa sửa chữa),0,12,Intel Core i5,8.0,Onboard,256,Mỹ,laptop,4.600.000 đ
3376,Asus,VivoBook S Series,Đã sử dụng (chưa sửa chữa),0,16,Intel Core i3,4.0,Onboard,128,Việt Nam,laptop,2.900.000 đ
3377,Asus,ROG Strix Scar,Đã sử dụng (chưa sửa chữa),3,16,Ryzen 7,8.0,NVIDIA,512,Việt Nam,laptop,14.900.000 đ
3378,Apple,MacBook Pro,Đã sử dụng (chưa sửa chữa),0,14,Intel Core i5,16.0,Onboard,256,Nước khác,laptop,9.600.000 đ
3379,Dell,Latitude,Đã sử dụng (chưa sửa chữa),3,14,Intel Core i5,8.0,Onboard,256,Mỹ,laptop,3.500.000 đ
3380,Dell,Inspiron,Đã sử dụng (chưa sửa chữa),1,14,Intel Core i5,8.0,Onboard,256,Nước khác,laptop,4.500.000 đ
3381,HP,Notebook,Đã sử dụng (chưa sửa chữa),3,14,Intel Core i5,4.0,Onboard,256,Việt Nam,laptop,7.800.000 đ
3382,Apple,MacBook Air M1,Đã sử dụng (chưa sửa chữa),3,14,Apple M1,8.0,Onboard,256,Việt Nam,laptop,14.999.999 đ
3383,HP,ProBook,Đã sử dụng (chưa sửa chữa),1,14,Intel Core i5,8.0,Onboard,256,Mỹ,laptop,2.800.000 đ
3384,Lenovo,IdeaPad,Mới,9,16,Ryzen 5,8.0,AMD,256,Mỹ,laptop,11.500.000 đ
3385,Lenovo,ThinkPad,Đã sử dụng (chưa sửa chữa),1,14,Intel Core i5,8.0,AMD,256,Nước khác,laptop,7.000.000 đ
3386,Lenovo,ThinkPad,Đã sử dụng (chưa sửa chữa),0,14,Intel Core i3,8.0,Onboard,500,Nước khác,laptop,2.100.000 đ
3387,Dell,Inspiron,Đã sử dụng (chưa sửa chữa),0,14,Intel Core i5,8.0,Onboard,256,Việt Nam,laptop,5.900.000 đ
3388,Asus,TUF Gaming,Mới,0,21,Ryzen 7,16.0,AMD,1000,Trung Quốc,laptop,12.500.000 đ
3389,Lenovo,ThinkBook,Đã sử dụng (chưa sửa chữa),0,14,Ryzen 5,8.0,AMD,256,Việt Nam,laptop,7.000.000 đ
3390,Apple,MacBook Pro Touch Bar,Đã sử dụng (chưa sửa chữa),1,14,Intel Core i5,8.0,Onboard,256,Nước khác,laptop,14.500.000 đ
3391,HP,Elitebook,Đã sử dụng (chưa sửa chữa),0,14,Intel Core i5,8.0,Onboard,256,Nước khác,laptop,6.390.000 đ
3392,Apple,MacBook Pro Touch Bar,Đã sử dụng (chưa sửa chữa),0,14,Intel Core i5,8.0,Onboard,256,Mỹ,laptop,13.990.000 đ
3393,Dell,Inspiron,Đã sử dụng (chưa sửa chữa),3,16,Intel Core i7,16.0,NVIDIA,512,Việt Nam,laptop,12.999.999 đ
3394,Apple,MacBook Air M1,Đã sử dụng (chưa sửa chữa),5,14,Apple M1,16.0,Onboard,256,Nước khác,laptop,20.500.000 đ
3395,Lenovo,ThinkPad,Đã sử dụng (chưa sửa chữa),0,12,Intel Core i5,8.0,Onboard,128,Mỹ,laptop,2.900.000 đ
3396,Asus,X Series,Đã sử dụng (chưa sửa chữa),0,16,Intel Core i3,4.0,Onboard,500,Nước khác,laptop,2.600.000 đ
3397,Asus,VivoBook S Series,Đã sử dụng (chưa sửa chữa),0,14,Intel Core i5,4.0,Onboard,500,Nước khác,laptop,1.500.000 đ
3398,Apple,MacBook Pro,Đã sử dụng (chưa sửa chữa),1,14,Intel Core i5,8.0,NVIDIA,128,Mỹ,laptop,3.300.000 đ
3399,Dell,Latitude,Đã sử dụng (chưa sửa chữa),3,16,Intel Core i5,16.0,Onboard,256,Mỹ,laptop,6.900.000 đ
3400,HP,Victus,Mới,0,14,Ryzen 5,8.0,Onboard,256,Mỹ,laptop,15.990.000 đ
3401,HP,ProBook,Đã sử dụng (chưa sửa chữa),1,14,Intel Core i5,8.0,Onboard,256,Mỹ,laptop,2.800.000 đ
3402,Apple,MacBook Pro,Đã sử dụng (chưa sửa chữa),1,18,Intel Core i7,4.0,Onboard,500,Mỹ,laptop,3.800.000 đ
3403,MSI,GF Series,Đã sử dụng (chưa sửa chữa),1,16,Intel Core i5,8.0,NVIDIA,512,Nước khác,laptop,12.900.000 đ
3404,Dell,Inspiron,Đã sử dụng (chưa sửa chữa),0,16,Intel Pentium,4.0,Onboard,500,Việt Nam,laptop,2.200.000 đ
3405,Lenovo,ThinkPad,Đã sử dụng (chưa sửa chữa),0,14,Intel Core i5,8.0,Onboard,500,Mỹ,laptop,3.300.000 đ
3406,Toshiba,Satellite Series,Đã sử dụng (chưa sửa chữa),0,14,Intel Core i5,6.0,Onboard,128,Nước khác,laptop,2.300.000 đ
3407,Dell,Inspiron,Đã sử dụng (chưa sửa chữa),0,14,Intel Core i3,4.0,Onboard,120,Việt Nam,laptop,2.300.000 đ
3408,Dell,Inspiron,Đã sử dụng (chưa sửa chữa),1,14,Intel Core i5,8.0,Onboard,512,Việt Nam,laptop,8.800.000 đ
3409,Asus,X Series,Đã sử dụng (chưa sửa chữa),3,16,Intel Core i7,8.0,NVIDIA,512,Việt Nam,laptop,7.900.000 đ
3410,HP,Elitebook,Đã sử dụng (chưa sửa chữa),1,14,Intel Core i5,8.0,Onboard,256,Mỹ,laptop,3.700.000 đ
3411,Dell,Latitude,Đã sử dụng (chưa sửa chữa),3,14,Intel Core i5,8.0,Onboard,256,Mỹ,laptop,5.000.000 đ
3412,Dell,G Series,Đã sử dụng (chưa sửa chữa),1,16,Ryzen 5,16.0,NVIDIA,512,Nước khác,laptop,14.800.000 đ
3413,Dell,Inspiron,Đã sử dụng (chưa sửa chữa),0,16,Intel Core i5,4.0,AMD,128,Việt Nam,laptop,3.900.000 đ
3414,Sony,C Series,Đã sử dụng (chưa sửa chữa),0,16,Intel Core i5,8.0,AMD,1000,Nước khác,laptop,2.000.000 đ
3415,Dell,XPS,Đã sử dụng (chưa sửa chữa),3,14,Intel Core i7,8.0,Onboard,512,Mỹ,laptop,9.800.000 đ
3416,HP,Pavilion,Đã sử dụng (chưa sửa chữa),3,14,Intel Core i5,8.0,Onboard,256,Việt Nam,laptop,6.900.000 đ
3417,Dell,Alienware,Đã sử dụng (chưa sửa chữa),0,18,Intel Core i7,16.0,NVIDIA,250,Nước khác,laptop,3.800.000 đ
3418,Dell,Latitude,Đã sử dụng (chưa sửa chữa),0,14,Intel Core i5,8.0,Onboard,256,Mỹ,laptop,2.950.000 đ
3419,Dell,Latitude,Đã sử dụng (chưa sửa chữa),0,14,Intel Core i7,8.0,Onboard,256,Việt Nam,laptop,7.200.000 đ
3420,Dell,Latitude,Đã sử dụng (chưa sửa chữa),0,16,Intel Core i5,8.0,Onboard,256,Việt Nam,laptop,3.000.000 đ
3421,Acer,Aspire,Đã sử dụng (chưa sửa chữa),3,12,Intel Core i3,8.0,AMD,256,Việt Nam,laptop,1.000.000 đ
3422,Dell,Inspiron,Đã sử dụng (chưa sửa chữa),0,14,Intel Core i5,6.0,AMD,128,Mỹ,laptop,2.900.000 đ
3423,Dell,Latitude,Đã sử dụng (chưa sửa chữa),5,14,Intel Core i7,16.0,NVIDIA,512,Mỹ,laptop,6.300.000 đ
3424,Asus,VivoBook S Series,Đã sử dụng (chưa sửa chữa),3,14,Ryzen 5,8.0,Onboard,256,Việt Nam,laptop,5.900.000 đ
3425,Asus,VivoBook S Series,Đã sử dụng (chưa sửa chữa),0,16,Intel Core i3,4.0,Onboard,1000,Việt Nam,laptop,2.900.000 đ
3426,HP,OMEN,Mới,1,16,Ryzen 5,8.0,NVIDIA,512,Mỹ,laptop,16.500.000 đ
3427,Lenovo,ThinkPad,Đã sử dụng (chưa sửa chữa),1,14,Intel Core i5,8.0,Onboard,500,Trung Quốc,laptop,9.300.000 đ
3428,Acer,Aspire,Đã sử dụng (chưa sửa chữa),3,16,Intel Core i5,8.0,AMD,512,Việt Nam,laptop,7.800.000 đ
3429,Dell,Latitude,Đã sử dụng (chưa sửa chữa),0,14,Intel Core i5,8.0,Onboard,250,Trung Quốc,laptop,3.500.000 đ
3430,Asus,VivoBook S Series,Đã sử dụng (chưa sửa chữa),0,14,Intel Core i3,4.0,Onboard,500,Việt Nam,laptop,2.900.000 đ
3431,Asus,TUF Gaming,Đã sử dụng (chưa sửa chữa),0,16,Intel Core i5,8.0,NVIDIA,512,Mỹ,laptop,13.900.000 đ
3432,Dell,Inspiron,Đã sử dụng (chưa sửa chữa),3,16,Intel Core i3,4.0,Onboard,256,Việt Nam,laptop,6.500.000 đ
3433,Microsoft,Surface Pro 5,Đã sử dụng (chưa sửa chữa),0,12,Intel Core i7,8.0,Onboard,256,Nước khác,laptop,6.800.000 đ
3434,HP,Envy,Đã sử dụng (chưa sửa chữa),0,16,Intel Core i7,8.0,NVIDIA,750,Nước khác,laptop,3.300.000 đ
3435,Acer,Nitro 5,Đã sử dụng (chưa sửa chữa),0,16,Intel Core i5,8.0,NVIDIA,512,Mỹ,laptop,14.900.000 đ
3436,Dell,Precision,Đã sử dụng (chưa sửa chữa),3,16,Intel Core i5,16.0,NVIDIA,512,Mỹ,laptop,9.200.000 đ
3437,Apple,MacBook Pro,Đã sử dụng (chưa sửa chữa),3,16,Intel Core i7,16.0,Onboard,512,Nhật Bản,laptop,7.300.000 đ
3438,Asus,Zenbook Series,Đã sử dụng (chưa sửa chữa),12,16,Intel Core i9,32.0,NVIDIA,1000,Nước khác,laptop,39.990.000 đ
3439,Acer,Nitro 5,Đã sử dụng (chưa sửa chữa),0,16,Ryzen 5,8.0,NVIDIA,512,Nước khác,laptop,7.950.000 đ
3440,MSI,GL Series,Đã sử dụng (chưa sửa chữa),1,16,Intel Core i3,16.0,NVIDIA,512,Mỹ,laptop,17.800.000 đ
3441,Acer,Aspire,Đã sử dụng (chưa sửa chữa),1,12,Intel Pentium,4.0,Onboard,256,Nước khác,laptop,2.800.000 đ
3442,Sony,Vaio Series,Đã sử dụng (chưa sửa chữa),0,14,Intel Core i5,4.0,Onboard,500,Việt Nam,laptop,1.150.000 đ
3443,HP,ZBook,Đã sử dụng (chưa sửa chữa),3,16,Intel Core i7,16.0,NVIDIA,512,Mỹ,laptop,18.900.000 đ
3444,Apple,MacBook Air,Đã sử dụng (chưa sửa chữa),0,16,Intel Core i5,8.0,Onboard,640,Mỹ,laptop,8.000.000 đ
3445,Apple,MacBook Pro M1,Đã sử dụng (chưa sửa chữa),0,14,Apple M1,16.0,Onboard,512,Nước khác,laptop,24.500.000 đ
3446,Hãng Khác,Dòng khác,Đã sử dụng (chưa sửa chữa),0,16,Intel Core i5,8.0,Onboard,512,Nước khác,laptop,6.999.000 đ
3447,Lenovo,ThinkPad,Đã sử dụng (chưa sửa chữa),0,9,Intel Pentium,2.0,Onboard,120,Nước khác,laptop,950.000 đ
3448,Dell,Latitude,Đã sử dụng (chưa sửa chữa),0,14,Intel Core i7,8.0,Onboard,256,Nước khác,laptop,5.800.000 đ
3449,Microsoft,Surface,Đã sử dụng (chưa sửa chữa),0,14,Intel Core i7,8.0,Onboard,256,Nước khác,laptop,7.199.999 đ
3450,Acer,Aspire,Đã sử dụng (chưa sửa chữa),5,16,Intel Core i3,8.0,Onboard,128,Việt Nam,laptop,5.200.000 đ
3451,Lenovo,ThinkPad,Đã sử dụng (chưa sửa chữa),0,16,Intel Core i5,8.0,Onboard,256,Nước khác,laptop,5.999.000 đ
3452,Asus,FX Series/ZX Series,Đã sử dụng (qua sửa chữa),0,16,Intel Core i5,8.0,NVIDIA,256,Việt Nam,laptop,9.500.000 đ
3453,HP,Notebook,Đã sử dụng (chưa sửa chữa),1,16,Intel Core i3,8.0,Onboard,128,Nước khác,laptop,3.300.000 đ
3454,HP,Notebook,Đã sử dụng (chưa sửa chữa),0,14,Intel Core i3,4.0,Onboard,256,Trung Quốc,laptop,2.800.000 đ
3455,HP,Pavilion,Mới,9,16,Ryzen 3,8.0,AMD,256,Nước khác,laptop,7.000.000 đ
3456,Acer,Aspire,Đã sử dụng (chưa sửa chữa),5,16,Intel Core i5,8.0,Onboard,128,Việt Nam,laptop,4.500.000 đ
3457,Lenovo,ThinkPad,Đã sử dụng (chưa sửa chữa),0,14,Intel Core i5,16.0,Onboard,256,Nước khác,laptop,8.000.000 đ
3458,Asus,X Series,Đã sử dụng (chưa sửa chữa),1,14,Intel Core i3,4.0,Onboard,512,Việt Nam,laptop,4.800.000 đ
3459,HP,Notebook,Đã sử dụng (chưa sửa chữa),1,16,Intel Pentium,4.0,Onboard,128,Nước khác,laptop,1.700.000 đ
3460,Sony,Vaio Series,Đã sử dụng (qua sửa chữa),0,16,Intel Core i5,4.0,Onboard,128,Việt Nam,laptop,3.000.000 đ
3461,Dell,Latitude,Đã sử dụng (chưa sửa chữa),0,14,Intel Core i5,4.0,Onboard,128,Nước khác,laptop,1.200.000 đ
3462,MSI,GF Series,Đã sử dụng (chưa sửa chữa),0,16,Intel Core i7,8.0,NVIDIA,512,Nước khác,laptop,11.000.000 đ
3463,Apple,MacBook Air,Đã sử dụng (chưa sửa chữa),0,12,Intel Core i5,4.0,Onboard,128,Mỹ,laptop,4.500.000 đ
3464,Lenovo,ThinkPad,Đã sử dụng (chưa sửa chữa),1,14,Intel Core i7,8.0,Onboard,250,Nước khác,laptop,5.000.000 đ
3465,Dell,Latitude,Đã sử dụng (chưa sửa chữa),1,16,Intel Core i5,4.0,Onboard,128,Việt Nam,laptop,3.600.000 đ
3466,Acer,Aspire,Đã sử dụng (chưa sửa chữa),1,14,Intel Core i5,4.0,Onboard,320,Nước khác,laptop,1.500.000 đ
3467,Dell,Inspiron,Đã sử dụng (chưa sửa chữa),0,16,Intel Core i7,8.0,Onboard,128,Nước khác,laptop,2.700.000 đ
3468,Dell,Precision,Đã sử dụng (chưa sửa chữa),12,16,Intel Core i7,16.0,NVIDIA,256,Mỹ,laptop,7.500.000 đ
3469,Dell,Vostro,Đã sử dụng (chưa sửa chữa),0,14,Intel Core i3,4.0,Onboard,500,Nhật Bản,laptop,1.600.000 đ
3470,Acer,Aspire,Đã sử dụng (chưa sửa chữa),0,14,Intel Core i3,4.0,Onboard,500,Nước khác,laptop,650.000 đ
3471,Lenovo,ThinkPad,Đã sử dụng (chưa sửa chữa),3,14,Intel Core i5,8.0,Onboard,256,Nhật Bản,laptop,7.200.000 đ
3472,HP,ZBook,Đã sử dụng (chưa sửa chữa),1,16,Intel Core i7,8.0,NVIDIA,128,Mỹ,laptop,4.500.000 đ
3473,Apple,MacBook Pro Touch Bar,Đã sử dụng (chưa sửa chữa),1,16,Intel Core i7,16.0,AMD,512,Nước khác,laptop,11.900.000 đ
3474,HP,Elitebook,Đã sử dụng (chưa sửa chữa),1,12,Intel Core i5,8.0,Onboard,256,Mỹ,laptop,4.800.000 đ
3475,Dell,Latitude,Đã sử dụng (chưa sửa chữa),1,14,Intel Core i7,8.0,Onboard,256,Mỹ,laptop,4.000.000 đ
3476,Dell,Precision,Đã sử dụng (chưa sửa chữa),3,16,Intel Core i5,8.0,AMD,250,Nước khác,laptop,5.500.000 đ
3477,Dell,Inspiron,Đã sử dụng (chưa sửa chữa),0,16,Intel Core i5,8.0,Onboard,128,Nước khác,laptop,3.300.000 đ
3478,HP,ZBook,Mới,12,16,Intel Core i7,32.0,NVIDIA,1000,Mỹ,laptop,12.500.000 đ
3479,Dell,Latitude,Đã sử dụng (chưa sửa chữa),0,14,Intel Core i7,8.0,Onboard,256,Nước khác,laptop,2.350.000 đ
3480,Apple,MacBook,Đã sử dụng (chưa sửa chữa),0,12,Intel Core i5,8.0,Onboard,256,Việt Nam,laptop,6.500.000 đ
3481,Dell,Latitude,Đã sử dụng (chưa sửa chữa),0,16,Intel Core i5,8.0,Onboard,500,Mỹ,laptop,1.600.000 đ
3482,HP,ZBook,Đã sử dụng (chưa sửa chữa),3,16,Intel Core i7,8.0,NVIDIA,128,Mỹ,laptop,4.400.000 đ
3483,Sony,Vaio Series,Đã sử dụng (chưa sửa chữa),0,14,Intel Core i7,16.0,Onboard,256,Nhật Bản,laptop,4.900.000 đ
3484,Apple,MacBook Pro Touch Bar,Đã sử dụng (chưa sửa chữa),3,16,Intel Core i7,16.0,AMD,256,Nước khác,laptop,14.700.000 đ
3485,Microsoft,Surface Pro X,Đã sử dụng (chưa sửa chữa),1,14,Microsoft SQ2,16.0,Onboard,256,Mỹ,laptop,11.500.000 đ
3486,Dell,Latitude,Mới,1,14,Intel Core i7,16.0,Onboard,256,Mỹ,laptop,6.500.000 đ
3487,Dell,Inspiron,Đã sử dụng (chưa sửa chữa),3,16,Intel Core i5,8.0,NVIDIA,256,Nước khác,laptop,5.200.000 đ
3488,Dell,Latitude,Đã sử dụng (chưa sửa chữa),5,14,Intel Core i7,16.0,NVIDIA,256,Mỹ,laptop,6.500.000 đ
3489,MSI,GF Series,Đã sử dụng (chưa sửa chữa),12,16,Intel Core i7,16.0,NVIDIA,512,Việt Nam,laptop,11.999.000 đ
3490,Acer,Aspire,Đã sử dụng (chưa sửa chữa),1,12,Intel Pentium,4.0,Onboard,128,Việt Nam,laptop,3.300.000 đ
3491,Toshiba,Satellite Series,Đã sử dụng (chưa sửa chữa),0,16,Intel Core i7,8.0,Onboard,128,Nhật Bản,laptop,2.600.000 đ
3492,Dell,Inspiron,Đã sử dụng (chưa sửa chữa),0,16,Intel Core i3,16.0,Onboard,250,Việt Nam,laptop,3.500.000 đ
3493,HP,Elitebook,Đã sử dụng (chưa sửa chữa),3,14,Intel Core i7,8.0,Onboard,256,Nước khác,laptop,7.300.000 đ
3494,Apple,MacBook Pro,Đã sử dụng (chưa sửa chữa),0,14,Intel Core i5,16.0,Onboard,512,Việt Nam,laptop,14.800.000 đ
3495,HP,Elitebook,Đã sử dụng (chưa sửa chữa),5,14,Intel Core i5,8.0,Onboard,256,Mỹ,laptop,5.990.000 đ
3496,Lenovo,IdeaPad,Đã sử dụng (chưa sửa chữa),0,14,Intel Core i3,8.0,Onboard,256,Việt Nam,laptop,5.799.999 đ
3497,Acer,Aspire,Đã sử dụng (chưa sửa chữa),1,14,Intel Core i5,8.0,Onboard,512,Việt Nam,laptop,7.900.000 đ
3498,Dell,Latitude,Đã sử dụng (chưa sửa chữa),3,14,Intel Core i7,8.0,NVIDIA,256,Nước khác,laptop,6.600.000 đ
3499,Hãng Khác,Dòng khác,Đã sử dụng (chưa sửa chữa),0,14,Intel Core i5,8.0,Onboard,256,Nước khác,laptop,6.300.000 đ
3500,Hãng Khác,Dòng khác,Đã sử dụng (chưa sửa chữa),0,14,Intel Core i5,8.0,Onboard,256,Nước khác,laptop,4.900.000 đ
3501,Hãng Khác,Dòng khác,Đã sử dụng (chưa sửa chữa),0,12,Intel Core i5,8.0,Onboard,256,Nhật Bản,laptop,5.200.000 đ
3502,Acer,Aspire,Đã sử dụng (chưa sửa chữa),0,16,Intel Core i5,4.0,Onboard,128,Nước khác,laptop,4.500.000 đ
3503,Asus,FX Series/ZX Series,Đã sử dụng (chưa sửa chữa),1,16,Intel Core i5,8.0,NVIDIA,512,Việt Nam,laptop,13.900.000 đ
3504,Dell,Inspiron,Đã sử dụng (chưa sửa chữa),9,16,Intel Core i3,8.0,Onboard,256,Nước khác,laptop,4.800.000 đ
3505,HP,Elitebook,Đã sử dụng (chưa sửa chữa),0,16,Intel Core i7,8.0,Onboard,256,Mỹ,laptop,3.000.000 đ
3506,Dell,Inspiron,Đã sử dụng (chưa sửa chữa),1,16,Intel Core i5,8.0,NVIDIA,128,Việt Nam,laptop,5.900.000 đ
3507,Dell,Latitude,Đã sử dụng (chưa sửa chữa),0,16,Intel Core i3,8.0,NVIDIA,128,Nhật Bản,laptop,2.500.000 đ
3508,HP,Elitebook,Đã sử dụng (chưa sửa chữa),3,14,Intel Core i5,8.0,Onboard,256,Mỹ,laptop,4.100.000 đ
3509,Asus,X Series,Đã sử dụng (chưa sửa chữa),1,14,Intel Core i3,8.0,Onboard,500,Việt Nam,laptop,3.500.000 đ
3510,Lenovo,ThinkPad,Đã sử dụng (chưa sửa chữa),0,14,Intel Core i5,8.0,Onboard,128,Nhật Bản,laptop,4.000.000 đ
3511,Dell,Latitude,Đã sử dụng (chưa sửa chữa),0,14,Intel Core i3,16.0,Onboard,480,Nước khác,laptop,6.000.000 đ
3512,Dell,Latitude,Đã sử dụng (qua sửa chữa),0,14,Intel Core i5,8.0,Onboard,256,Mỹ,laptop,1.500.000 đ
3513,Acer,Aspire,Đã sử dụng (qua sửa chữa),0,14,Intel Core i5,4.0,Onboard,128,Nước khác,laptop,2.500.000 đ
3514,HP,Elitebook,Đã sử dụng (chưa sửa chữa),0,14,Intel Core i5,8.0,Onboard,256,Nước khác,laptop,5.500.000 đ
3515,HP,Elitebook,Đã sử dụng (chưa sửa chữa),0,14,Intel Core i5,16.0,Onboard,256,Nước khác,laptop,2.000.000 đ
3516,Apple,MacBook Pro,Đã sử dụng (chưa sửa chữa),1,16,Intel Core i7,16.0,NVIDIA,250,Mỹ,laptop,4.900.000 đ
3517,Acer,Aspire,Đã sử dụng (chưa sửa chữa),0,14,Intel Celeron,4.0,Onboard,256,Nước khác,laptop,3.690.000 đ
3518,Sony,Vaio Series,Đã sử dụng (chưa sửa chữa),0,14,Intel Core i5,8.0,Onboard,128,Nước khác,laptop,1.800.000 đ
3519,HP,Elitebook,Đã sử dụng (chưa sửa chữa),3,14,Intel Core i5,4.0,Onboard,128,Mỹ,laptop,1.500.000 đ
3520,Toshiba,Portege,Đã sử dụng (chưa sửa chữa),0,14,Intel Core i3,8.0,Onboard,256,Nước khác,laptop,1.900.000 đ
3521,Dell,Vostro,Đã sử dụng (chưa sửa chữa),0,14,Intel Core i3,6.0,Onboard,128,Hàn Quốc,laptop,2.800.000 đ
3522,Apple,MacBook Pro Touch Bar,Đã sử dụng (chưa sửa chữa),1,16,Intel Core i7,16.0,AMD,256,Mỹ,laptop,18.800.000 đ
3523,Acer,Aspire,Đã sử dụng (chưa sửa chữa),1,16,Intel Core i5,8.0,NVIDIA,1500,Việt Nam,laptop,5.999.000 đ
3524,Dell,Inspiron,Đã sử dụng (chưa sửa chữa),0,14,Intel Core i7,4.0,Onboard,256,Nước khác,laptop,4.900.000 đ
3525,Apple,MacBook Air,Đã sử dụng (qua sửa chữa),0,14,Intel Core i5,8.0,Onboard,128,Việt Nam,laptop,5.000.000 đ
3526,Dell,Latitude,Đã sử dụng (chưa sửa chữa),0,14,Intel Core i7,4.0,Onboard,128,Việt Nam,laptop,3.560.000 đ
3527,Apple,MacBook Air,Đã sử dụng (chưa sửa chữa),0,14,Intel Core i5,8.0,Onboard,128,Hàn Quốc,laptop,5.999.999 đ
3528,Dell,Inspiron,Đã sử dụng (chưa sửa chữa),0,14,Intel Core i5,4.0,Onboard,128,Mỹ,laptop,1.500.000 đ
3529,Microsoft,Surface Pro 7,Đã sử dụng (chưa sửa chữa),0,12,Intel Core i5,16.0,Onboard,256,Nước khác,laptop,15.000.000 đ
3530,Dell,Latitude,Đã sử dụng (chưa sửa chữa),3,14,Intel Core i5,8.0,Onboard,256,Mỹ,laptop,6.300.000 đ
3531,HP,Envy,Đã sử dụng (chưa sửa chữa),5,14,Intel Core i7,16.0,Onboard,512,Nước khác,laptop,22.500.000 đ
3532,Dell,Inspiron,Đã sử dụng (qua sửa chữa),0,14,Intel Core i3,4.0,Onboard,500,Nước khác,laptop,1.950.000 đ
3533,Asus,K Series,Đã sử dụng (chưa sửa chữa),0,16,Intel Core i3,8.0,NVIDIA,256,Việt Nam,laptop,1.650.000 đ
3534,Dell,Latitude,Đã sử dụng (chưa sửa chữa),0,14,Intel Core i5,8.0,Onboard,500,Nước khác,laptop,4.200.000 đ
3535,Dell,Precision,Đã sử dụng (chưa sửa chữa),3,16,Intel Xeon,16.0,NVIDIA,512,Mỹ,laptop,14.890.000 đ
3536,Dell,Precision,Đã sử dụng (chưa sửa chữa),5,16,Intel Core i7,32.0,NVIDIA,512,Mỹ,laptop,20.200.000 đ
3537,Dell,Inspiron,Đã sử dụng (chưa sửa chữa),1,16,Intel Core i5,4.0,Onboard,128,Thái Lan,laptop,1.550.000 đ
3538,Dell,Latitude,Đã sử dụng (chưa sửa chữa),5,16,Intel Core i7,16.0,NVIDIA,512,Mỹ,laptop,16.700.000 đ
3539,Asus,ASUSPRO,Đã sử dụng (chưa sửa chữa),1,16,Intel Core i5,4.0,NVIDIA,128,Thái Lan,laptop,2.250.000 đ
3540,Dell,Latitude,Đã sử dụng (chưa sửa chữa),1,16,Intel Core i3,8.0,Onboard,128,Nước khác,laptop,4.200.000 đ
3541,Dell,Precision,Đã sử dụng (chưa sửa chữa),5,16,Intel Core i7,16.0,NVIDIA,512,Mỹ,laptop,19.600.000 đ
3542,Lenovo,ThinkPad,Đã sử dụng (chưa sửa chữa),0,14,Intel Core i5,8.0,NVIDIA,128,Mỹ,laptop,2.000.000 đ
3543,Dell,XPS,Đã sử dụng (chưa sửa chữa),5,14,Intel Core i7,16.0,Onboard,512,Mỹ,laptop,17.600.000 đ
3544,Asus,ASUSPRO,Đã sử dụng (chưa sửa chữa),0,14,Intel Core i5,8.0,Onboard,256,Nước khác,laptop,4.500.000 đ
3545,HP,Elitebook,Đã sử dụng (chưa sửa chữa),0,14,Intel Celeron,4.0,Onboard,128,Nước khác,laptop,1.000.000 đ
3546,Dell,Latitude,Đã sử dụng (chưa sửa chữa),3,14,Intel Core i5,8.0,Onboard,256,Mỹ,laptop,5.600.000 đ
3547,HP,Elitebook,Đã sử dụng (chưa sửa chữa),0,14,Intel Core i5,8.0,Onboard,500,Mỹ,laptop,2.000.000 đ
3548,Dell,Inspiron,Đã sử dụng (chưa sửa chữa),0,16,Intel Core i5,4.0,Onboard,512,Nước khác,laptop,9.000.000 đ
3549,Dell,Latitude,Đã sử dụng (chưa sửa chữa),0,14,Intel Core i5,8.0,Onboard,256,Nhật Bản,laptop,6.000.000 đ
3550,HP,Pavilion,Đã sử dụng (chưa sửa chữa),1,14,Intel Core i5,8.0,Onboard,256,Mỹ,laptop,3.000.000 đ
3551,HP,ProBook,Đã sử dụng (chưa sửa chữa),0,14,AMD,4.0,NVIDIA,128,Nước khác,laptop,1.400.000 đ
3552,Dell,Latitude,Đã sử dụng (chưa sửa chữa),1,14,Intel Core i7,32.0,Onboard,256,Mỹ,laptop,7.000.000 đ
3553,Lenovo,ThinkPad,Mới,1,16,Intel Core i9,16.0,NVIDIA,1000,Mỹ,laptop,42.800.000 đ
3554,Panasonic,CF,Đã sử dụng (chưa sửa chữa),0,14,Intel Core i3,8.0,Onboard,250,Nước khác,laptop,2.300.000 đ
3555,Apple,MacBook Pro,Đã sử dụng (chưa sửa chữa),0,14,Intel Core i7,8.0,Onboard,250,Việt Nam,laptop,3.500.000 đ
3556,Asus,VivoBook S Series,Đã sử dụng (chưa sửa chữa),0,14,Intel Core i5,4.0,Onboard,120,Nhật Bản,laptop,1.000.000 đ
3557,Dell,Inspiron,Đã sử dụng (chưa sửa chữa),0,16,Intel Core i5,8.0,Onboard,256,Nước khác,laptop,6.990.000 đ
3558,Apple,MacBook Pro M2,Đã sử dụng (chưa sửa chữa),0,14,Apple M2,8.0,Onboard,256,Nước khác,laptop,27.990.000 đ
3559,Asus,Zenbook Series,Đã sử dụng (chưa sửa chữa),0,14,Intel Core i5,8.0,Onboard,512,Nước khác,laptop,9.000.000 đ
3560,HP,Elitebook,Đã sử dụng (chưa sửa chữa),1,16,Intel Core i3,8.0,Onboard,256,Nước khác,laptop,4.500.000 đ
3561,Hãng Khác,Dòng khác,Đã sử dụng (chưa sửa chữa),2,16,Intel Core i7,8.0,Onboard,256,Nước khác,laptop,16.000.000 đ
3562,Apple,MacBook,Đã sử dụng (chưa sửa chữa),1,12,Intel Core i5,8.0,Onboard,256,Mỹ,laptop,4.800.000 đ
3563,Acer,Aspire,Đã sử dụng (chưa sửa chữa),1,16,Intel Core i3,8.0,Onboard,256,Mỹ,laptop,6.890.000 đ
3564,Dell,Inspiron,Mới,2,14,Intel Core i7,8.0,AMD,128,Trung Quốc,laptop,7.000.000 đ
3565,HP,Spectre,Đã sử dụng (chưa sửa chữa),0,14,Intel Core i5,8.0,Onboard,256,Nhật Bản,laptop,6.800.000 đ
3566,Dell,Inspiron,Đã sử dụng (chưa sửa chữa),0,16,Intel Core i3,8.0,Onboard,128,Nước khác,laptop,2.500.000 đ
3567,Acer,Aspire,Mới,9,16,Ryzen 5,8.0,NVIDIA,512,Việt Nam,laptop,13.333.333 đ
3568,Lenovo,IdeaPad,Đã sử dụng (chưa sửa chữa),0,14,Intel Core i3,8.0,Onboard,128,Nước khác,laptop,2.850.000 đ
3569,Asus,FX Series/ZX Series,Mới,12,16,Intel Core i7,16.0,NVIDIA,512,Việt Nam,laptop,17.999.999 đ
3570,Dell,Vostro,Mới,1,14,Intel Core i5,8.0,Onboard,256,Mỹ,laptop,6.399.999 đ
3571,Dell,Latitude,Đã sử dụng (chưa sửa chữa),0,14,Intel Core i5,4.0,Onboard,128,Nước khác,laptop,2.900.000 đ
3572,Acer,Aspire,Đã sử dụng (chưa sửa chữa),2,16,Ryzen 5,8.0,AMD,512,Nước khác,laptop,9.200.000 đ
3573,Dell,Inspiron,Đã sử dụng (chưa sửa chữa),0,16,Intel Core i5,16.0,Onboard,256,Nước khác,laptop,4.900.000 đ
3574,Asus,X Series,Đã sử dụng (chưa sửa chữa),0,16,Intel Core i5,8.0,NVIDIA,128,Nước khác,laptop,3.500.000 đ
3575,HP,ProBook,Đã sử dụng (qua sửa chữa),0,16,Intel Core i5,4.0,Onboard,128,Nước khác,laptop,999.999 đ
3576,Dell,Latitude,Đã sử dụng (chưa sửa chữa),1,16,Intel Core i5,8.0,Onboard,256,Mỹ,laptop,4.850.000 đ
3577,Dell,Latitude,Mới,1,14,Intel Core i5,16.0,Onboard,256,Mỹ,laptop,5.000.000 đ
3578,Dell,Latitude,Đã sử dụng (chưa sửa chữa),0,14,Intel Core i7,8.0,Onboard,256,Việt Nam,laptop,7.450.000 đ
3579,Apple,MacBook Air,Đã sử dụng (chưa sửa chữa),5,14,Intel Core i5,4.0,Onboard,128,Nhật Bản,laptop,4.900.000 đ
3580,HP,Pavilion,Đã sử dụng (chưa sửa chữa),1,14,Intel Core i7,8.0,Onboard,256,Mỹ,laptop,4.000.000 đ
3581,Apple,MacBook Air M1,Đã sử dụng (chưa sửa chữa),5,14,Apple M1,16.0,Onboard,512,Nước khác,laptop,22.200.000 đ
3582,Lenovo,IdeaPad,Đã sử dụng (chưa sửa chữa),3,14,Intel Core i3,8.0,Onboard,512,Việt Nam,laptop,4.500.000 đ
3583,Dell,Inspiron,Đã sử dụng (chưa sửa chữa),0,14,Intel Core i5,8.0,AMD,128,Việt Nam,laptop,1.200.000 đ
3584,Dell,Inspiron,Đã sử dụng (chưa sửa chữa),0,16,Intel Core i7,16.0,NVIDIA,1500,Việt Nam,laptop,9.900.000 đ
3585,HP,Elitebook,Đã sử dụng (chưa sửa chữa),1,14,Intel Core i5,4.0,Onboard,500,Nước khác,laptop,1.800.000 đ
3586,HP,Notebook,Đã sử dụng (chưa sửa chữa),3,16,Intel Core i5,8.0,Onboard,512,Việt Nam,laptop,7.999.000 đ
3587,HP,Pavilion,Đã sử dụng (chưa sửa chữa),1,14,Intel Core i5,8.0,Onboard,256,Nước khác,laptop,5.650.000 đ
3588,HP,Notebook,Đã sử dụng (chưa sửa chữa),1,16,Intel Core i7,8.0,AMD,256,Việt Nam,laptop,5.900.000 đ
3589,Dell,Latitude,Đã sử dụng (chưa sửa chữa),1,16,Intel Core i3,8.0,Onboard,256,Việt Nam,laptop,6.500.000 đ
3590,Dell,Latitude,Đã sử dụng (chưa sửa chữa),1,14,Intel Core i5,8.0,Onboard,256,Mỹ,laptop,5.200.000 đ
3591,Dell,Latitude,Đã sử dụng (chưa sửa chữa),1,12,Intel Core i7,8.0,Onboard,256,Nước khác,laptop,4.890.000 đ
3592,Dell,Latitude,Đã sử dụng (chưa sửa chữa),3,12,Intel Core i7,8.0,Onboard,256,Nước khác,laptop,5.900.000 đ
3593,Dell,Latitude,Đã sử dụng (chưa sửa chữa),0,14,Intel Core i7,8.0,NVIDIA,256,Mỹ,laptop,4.100.000 đ
3594,Dell,Latitude,Đã sử dụng (chưa sửa chữa),0,14,Intel Core i7,8.0,Onboard,256,Nước khác,laptop,6.290.000 đ
3595,Dell,Latitude,Đã sử dụng (chưa sửa chữa),0,14,Intel Core i5,8.0,Onboard,256,Mỹ,laptop,5.300.000 đ
3596,Asus,VivoBook S Series,Mới,1,16,Ryzen 5,16.0,NVIDIA,512,Việt Nam,laptop,18.200.000 đ
3597,Apple,MacBook Pro,Đã sử dụng (chưa sửa chữa),5,14,Intel Core i5,8.0,Onboard,128,Nước khác,laptop,7.500.000 đ
3598,Hãng Khác,Dòng khác,Mới,1,16,Intel Core i5,16.0,NVIDIA,512,Nước khác,laptop,13.500.000 đ
3599,Apple,MacBook Air,Đã sử dụng (chưa sửa chữa),0,14,Intel Core i5,8.0,Onboard,128,Nước khác,laptop,6.900.000 đ
3600,MSI,GF Series,Mới,1,16,Ryzen 7,8.0,AMD,512,Nước khác,laptop,13.800.000 đ
3601,Dell,Precision,Đã sử dụng (chưa sửa chữa),0,18,Intel Core i7,8.0,NVIDIA,128,Nước khác,laptop,6.800.000 đ
3602,Lenovo,ThinkPad,Đã sử dụng (chưa sửa chữa),0,12,Intel Core i5,8.0,Onboard,128,Việt Nam,laptop,3.300.000 đ
3603,HP,ProBook,Mới,3,14,Intel Core i5,8.0,Onboard,256,Nước khác,laptop,2.900.000 đ
3604,Dell,Inspiron,Đã sử dụng (chưa sửa chữa),0,14,Intel Core i5,4.0,Onboard,128,Nước khác,laptop,3.500.000 đ
3605,Apple,MacBook Pro M1 Touch Bar,Mới,0,14,Apple M1,8.0,Onboard,256,Nước khác,laptop,17.900.000 đ
3606,Lenovo,IdeaPad,Đã sử dụng (chưa sửa chữa),0,14,Intel Pentium,4.0,Onboard,500,Nước khác,laptop,1.300.000 đ
3607,Dell,XPS,Mới,3,14,Intel Core i7,8.0,Onboard,512,Mỹ,laptop,24.500.000 đ
3608,Dell,XPS,Đã sử dụng (chưa sửa chữa),3,14,Intel Core i7,16.0,Onboard,512,Việt Nam,laptop,23.700.000 đ
3609,HP,Notebook,Đã sử dụng (chưa sửa chữa),3,16,Intel Core i5,8.0,NVIDIA,256,Nước khác,laptop,7.500.000 đ
3610,Dell,Inspiron,Mới,9,16,Intel Core i7,64.0,Onboard,1000,Mỹ,laptop,18.900.000 đ
3611,Dell,Precision,Đã sử dụng (chưa sửa chữa),3,18,Intel Core i7,16.0,NVIDIA,256,Nước khác,laptop,8.400.000 đ
3612,Asus,VivoBook S Series,Đã sử dụng (chưa sửa chữa),1,16,Intel Core i9,16.0,NVIDIA,1000,Nước khác,laptop,31.600.000 đ
3613,Apple,MacBook Pro Touch Bar,Đã sử dụng (chưa sửa chữa),0,14,Intel Core i5,8.0,Onboard,128,Nước khác,laptop,12.000.000 đ
3614,Dell,Latitude,Đã sử dụng (chưa sửa chữa),0,16,Intel Core i5,16.0,Onboard,512,Mỹ,laptop,10.500.000 đ
3615,Dell,Latitude,Đã sử dụng (chưa sửa chữa),0,14,Intel Core i5,8.0,Onboard,128,Nước khác,laptop,2.500.000 đ
3616,Asus,VivoBook S Series,Đã sử dụng (chưa sửa chữa),1,16,AMD,16.0,NVIDIA,512,Nước khác,laptop,16.000.000 đ
3617,Apple,MacBook Air M1,Đã sử dụng (chưa sửa chữa),0,14,Apple M1,8.0,Onboard,256,Nước khác,laptop,15.000.000 đ
3618,Asus,VivoBook S Series,Đã sử dụng (chưa sửa chữa),0,14,Intel Core i5,8.0,Onboard,512,Nước khác,laptop,8.500.000 đ
3619,Asus,Zenbook Series,Đã sử dụng (chưa sửa chữa),0,14,Intel Core i5,8.0,Onboard,512,Trung Quốc,laptop,8.990.000 đ
3620,Apple,MacBook Air,Đã sử dụng (chưa sửa chữa),0,14,Intel Core i5,8.0,Onboard,128,Mỹ,laptop,5.400.000 đ
3621,Dell,Precision,Đã sử dụng (chưa sửa chữa),5,16,Intel Core i7,16.0,NVIDIA,512,Mỹ,laptop,8.900.000 đ
3622,Lenovo,ThinkPad,Đã sử dụng (chưa sửa chữa),1,12,Intel Core i5,8.0,Onboard,256,Nước khác,laptop,5.000.000 đ
3623,Acer,Aspire,Đã sử dụng (chưa sửa chữa),0,16,Intel Core i3,4.0,Onboard,500,Trung Quốc,laptop,123.456 đ
3624,HP,Compaq,Đã sử dụng (chưa sửa chữa),1,14,Intel Core 2 Quad,4.0,Onboard,120,Việt Nam,laptop,750.000 đ
3625,Samsung,Galaxyboook,Đã sử dụng (chưa sửa chữa),0,14,AMD,8.0,Onboard,128,Nước khác,laptop,1.600.000 đ
3626,HP,Compaq,Đã sử dụng (chưa sửa chữa),3,14,Intel Core i3,4.0,Onboard,128,Việt Nam,laptop,1.300.000 đ
3627,Dell,Inspiron,Đã sử dụng (chưa sửa chữa),3,16,Intel Core i7,8.0,NVIDIA,256,Việt Nam,laptop,6.500.000 đ
3628,Lenovo,IdeaPad,Đã sử dụng (chưa sửa chữa),12,16,AMD,8.0,Onboard,512,Nước khác,laptop,8.000.000 đ
3629,Dell,Inspiron,Đã sử dụng (chưa sửa chữa),1,16,Intel Core i5,16.0,NVIDIA,512,Nước khác,laptop,15.500.000 đ
3630,Dell,Latitude,Đã sử dụng (chưa sửa chữa),3,16,Intel Core i7,8.0,Onboard,256,Mỹ,laptop,7.000.000 đ
3631,Lenovo,IdeaPad,Mới,0,14,Intel Core i5,8.0,Onboard,512,Trung Quốc,laptop,7.500.000 đ
3632,Asus,VivoBook S Series,Đã sử dụng (chưa sửa chữa),0,14,Intel Core i3,4.0,Onboard,128,Nước khác,laptop,1.800.000 đ
3633,Acer,Aspire,Đã sử dụng (chưa sửa chữa),3,16,Intel Core i5,8.0,NVIDIA,256,Việt Nam,laptop,6.500.000 đ
3634,Asus,VivoBook S Series,Đã sử dụng (chưa sửa chữa),1,16,Intel Core i3,4.0,Onboard,512,Việt Nam,laptop,5.700.000 đ
3635,MSI,GF Series,Đã sử dụng (chưa sửa chữa),3,16,Intel Core i7,8.0,NVIDIA,512,Việt Nam,laptop,10.500.000 đ
3636,Lenovo,ThinkPad,Đã sử dụng (chưa sửa chữa),0,14,Intel Core i5,8.0,Onboard,256,Nước khác,laptop,3.800.000 đ
3637,Dell,Precision,Đã sử dụng (chưa sửa chữa),0,16,Intel Core i7,16.0,NVIDIA,512,Nước khác,laptop,11.500.000 đ
3638,HP,ProBook,Đã sử dụng (chưa sửa chữa),3,14,Intel Core i5,8.0,Onboard,256,Việt Nam,laptop,5.500.000 đ
3639,Dell,Inspiron,Đã sử dụng (chưa sửa chữa),0,16,Intel Core i5,8.0,NVIDIA,256,Nước khác,laptop,3.800.000 đ
3640,Lenovo,ThinkPad,Đã sử dụng (chưa sửa chữa),0,16,Intel Core i7,16.0,NVIDIA,512,Nước khác,laptop,20.999.999 đ
3641,Lenovo,ThinkPad,Đã sử dụng (chưa sửa chữa),0,14,Intel Core i7,16.0,Onboard,512,Nước khác,laptop,10.990.000 đ
3642,Dell,Precision,Đã sử dụng (chưa sửa chữa),1,16,Intel Core i7,8.0,NVIDIA,256,Mỹ,laptop,6.900.000 đ
3643,Asus,VivoBook S Series,Đã sử dụng (chưa sửa chữa),1,16,Intel Core i7,16.0,NVIDIA,512,Nước khác,laptop,24.600.000 đ
3644,Dell,Latitude,Đã sử dụng (chưa sửa chữa),0,12,Intel Core i7,16.0,Onboard,256,Nước khác,laptop,9.990.000 đ
3645,Dell,Inspiron,Đã sử dụng (chưa sửa chữa),0,14,Intel Core 2 Duo,4.0,Onboard,320,Nước khác,laptop,1.000.000 đ
3646,Dell,Latitude,Đã sử dụng (chưa sửa chữa),0,14,Intel Core i5,8.0,Onboard,256,Nước khác,laptop,3.600.000 đ
3647,Dell,Latitude,Đã sử dụng (chưa sửa chữa),1,14,Intel Core i7,8.0,Onboard,256,Mỹ,laptop,6.900.000 đ
3648,Apple,MacBook Pro,Đã sử dụng (chưa sửa chữa),3,16,Intel Core i7,32.0,AMD,1000,Mỹ,laptop,14.500.000 đ
3649,Lenovo,ThinkPad,Đã sử dụng (chưa sửa chữa),0,12,Intel Core i5,8.0,Onboard,128,Nhật Bản,laptop,1.750.000 đ
3650,Lenovo,ThinkPad,Đã sử dụng (chưa sửa chữa),1,14,Intel Core i5,8.0,Onboard,256,Nước khác,laptop,7.590.000 đ
3651,Asus,VivoBook S Series,Đã sử dụng (chưa sửa chữa),12,16,Ryzen 9,16.0,NVIDIA,512,Nước khác,laptop,22.999.999 đ
3652,Dell,Latitude,Đã sử dụng (chưa sửa chữa),1,14,Intel Core i7,8.0,Onboard,256,Mỹ,laptop,4.500.000 đ
3653,Dell,Latitude,Đã sử dụng (chưa sửa chữa),0,14,Intel Core i7,16.0,Onboard,250,Mỹ,laptop,4.600.000 đ
3654,Dell,Latitude,Đã sử dụng (chưa sửa chữa),0,14,Intel Core i3,4.0,Onboard,128,Nước khác,laptop,2.200.000 đ
3655,Lenovo,ThinkPad,Đã sử dụng (chưa sửa chữa),0,14,Intel Core i5,8.0,NVIDIA,256,Mỹ,laptop,9.000.000 đ
3656,Hãng Khác,Dòng khác,Đã sử dụng (chưa sửa chữa),3,14,Intel Core i5,8.0,Onboard,256,Nhật Bản,laptop,3.800.000 đ
3657,Asus,X Series,Đã sử dụng (chưa sửa chữa),1,14,Intel Core i3,8.0,Onboard,128,Việt Nam,laptop,2.200.000 đ
3658,Apple,MacBook Pro,Đã sử dụng (chưa sửa chữa),0,14,Intel Core 2 Duo,4.0,Onboard,128,Mỹ,laptop,800.000 đ
3659,HP,Pavilion,Đã sử dụng (chưa sửa chữa),0,14,Intel Core 2 Duo,4.0,Onboard,256,Mỹ,laptop,750.000 đ
3660,Microsoft,Surface Pro 7,Đã sử dụng (chưa sửa chữa),1,12,Intel Core i7,16.0,Onboard,256,Mỹ,laptop,17.500.000 đ
3661,Apple,MacBook Pro M1 Touch Bar,Đã sử dụng (chưa sửa chữa),5,14,Apple M1,16.0,Onboard,1000,Nước khác,laptop,26.800.000 đ
3662,HP,Pavilion,Đã sử dụng (chưa sửa chữa),0,14,Intel Core i5,8.0,Onboard,256,Nước khác,laptop,1.390.000 đ
3663,Apple,MacBook Pro,Đã sử dụng (chưa sửa chữa),0,14,Intel Core i5,8.0,Onboard,256,Mỹ,laptop,5.650.000 đ
3664,Microsoft,Surface Book 2,Đã sử dụng (chưa sửa chữa),0,14,Intel Core i7,16.0,Onboard,256,Trung Quốc,laptop,12.000.000 đ
3665,Acer,Swift,Đã sử dụng (chưa sửa chữa),0,14,Intel Core i3,4.0,Onboard,256,Nước khác,laptop,6.000.000 đ
3666,Apple,MacBook Pro,Đã sử dụng (chưa sửa chữa),0,16,Intel Core i7,16.0,AMD,256,Nước khác,laptop,8.600.000 đ
3667,Lenovo,ThinkPad,Đã sử dụng (chưa sửa chữa),0,14,Intel Core i5,8.0,Onboard,256,Nước khác,laptop,5.800.000 đ
3668,Dell,Latitude,Đã sử dụng (chưa sửa chữa),3,16,Intel Core i7,8.0,NVIDIA,256,Mỹ,laptop,6.000.000 đ
3669,Apple,MacBook Air,Đã sử dụng (chưa sửa chữa),0,14,Intel Core i5,4.0,Onboard,128,Nước khác,laptop,2.400.000 đ
3670,Apple,MacBook Air M1,Đã sử dụng (chưa sửa chữa),3,14,Apple M1,8.0,Onboard,256,Việt Nam,laptop,15.500.000 đ
3671,Apple,MacBook,Đã sử dụng (chưa sửa chữa),1,14,Intel Core i5,8.0,Onboard,128,Việt Nam,laptop,9.500.000 đ
3672,HP,Elitebook,Đã sử dụng (chưa sửa chữa),1,12,Intel Core i7,8.0,Onboard,256,Việt Nam,laptop,3.500.000 đ
3673,Apple,MacBook Pro,Đã sử dụng (chưa sửa chữa),0,14,Intel Core i5,8.0,Onboard,250,Nước khác,laptop,2.500.000 đ
3674,HP,Elitebook,Đã sử dụng (chưa sửa chữa),1,12,Intel Core i5,8.0,Onboard,256,Nhật Bản,laptop,3.690.000 đ
3675,Dell,Latitude,Đã sử dụng (chưa sửa chữa),1,14,Intel Core i5,8.0,Onboard,256,Nước khác,laptop,5.390.000 đ
3676,Lenovo,IdeaPad,Đã sử dụng (chưa sửa chữa),1,14,Intel Core i3,4.0,Onboard,320,Mỹ,laptop,580.000 đ
3677,Dell,Latitude,Đã sử dụng (chưa sửa chữa),0,14,Intel Core i5,6.0,Onboard,250,Nước khác,laptop,1.699.000 đ
3678,Dell,Vostro,Đã sử dụng (chưa sửa chữa),0,14,Intel Core i5,8.0,Onboard,256,Trung Quốc,laptop,1.000.000 đ
3679,Lenovo,IdeaPad,Đã sử dụng (qua sửa chữa),0,14,Intel Core i5,16.0,Onboard,250,Đài Loan,laptop,4.300.000 đ
3680,Sony,Vaio Series,Đã sử dụng (chưa sửa chữa),1,14,Intel Core i5,4.0,Onboard,250,Nhật Bản,laptop,3.900.000 đ
3681,Acer,Aspire,Đã sử dụng (chưa sửa chữa),1,16,Ryzen 5,8.0,NVIDIA,256,Việt Nam,laptop,8.500.000 đ
3682,Acer,Aspire,Đã sử dụng (chưa sửa chữa),0,18,Intel Celeron,2.0,Onboard,500,Nhật Bản,laptop,2.000.000 đ
3683,Dell,Latitude,Đã sử dụng (chưa sửa chữa),0,14,Intel Atom,16.0,Onboard,512,Nước khác,laptop,6.789.100 đ
3684,Apple,MacBook Air,Đã sử dụng (chưa sửa chữa),0,14,Intel Core i5,8.0,Onboard,128,Mỹ,laptop,4.500.000 đ
3685,Acer,Nitro 5,Đã sử dụng (chưa sửa chữa),0,14,Intel Core i5,16.0,NVIDIA,256,Nước khác,laptop,9.000.000 đ
3686,Lenovo,ThinkPad,Mới,1,14,Intel Core i7,16.0,Onboard,256,Mỹ,laptop,5.500.000 đ
3687,Lenovo,IdeaPad,Đã sử dụng (chưa sửa chữa),3,16,Intel Core i5,8.0,Onboard,512,Việt Nam,laptop,7.500.000 đ
3688,Dell,XPS,Đã sử dụng (chưa sửa chữa),0,14,Intel Core i7,16.0,Onboard,1000,Mỹ,laptop,24.000.000 đ
3689,Dell,Precision,Đã sử dụng (chưa sửa chữa),0,16,Intel Xeon,32.0,NVIDIA,512,Mỹ,laptop,17.000.000 đ
3690,Acer,Nitro 5,Mới,1,16,Ryzen 5,8.0,NVIDIA,512,Việt Nam,laptop,11.500.000 đ
3691,HP,ProBook,Đã sử dụng (chưa sửa chữa),1,14,Intel Core i5,8.0,NVIDIA,256,Nhật Bản,laptop,4.900.000 đ
3692,Apple,MacBook Air,Đã sử dụng (chưa sửa chữa),3,14,Intel Core i5,8.0,Onboard,128,Nước khác,laptop,7.500.000 đ
3693,HP,Elitebook,Đã sử dụng (chưa sửa chữa),3,14,Intel Core i7,8.0,Onboard,256,Mỹ,laptop,4.790.000 đ
3694,Dell,Latitude,Đã sử dụng (chưa sửa chữa),0,14,Intel Core i5,4.0,Onboard,128,Nước khác,laptop,2.600.000 đ
3695,HP,OMEN,Mới,0,14,Intel Core i5,8.0,Onboard,256,Mỹ,laptop,7.500.000 đ
3696,Lenovo,ThinkPad,Đã sử dụng (chưa sửa chữa),0,12,Intel Core i5,8.0,Onboard,128,Việt Nam,laptop,2.950.000 đ
3697,Apple,MacBook Pro,Đã sử dụng (chưa sửa chữa),0,14,Intel Core i5,8.0,Onboard,256,Mỹ,laptop,11.200.000 đ
3698,Lenovo,ThinkPad,Đã sử dụng (chưa sửa chữa),1,14,Intel Core i7,8.0,Onboard,256,Mỹ,laptop,7.300.000 đ
3699,Dell,XPS,Đã sử dụng (chưa sửa chữa),3,14,Intel Core i7,8.0,Onboard,256,Nhật Bản,laptop,5.900.000 đ
3700,Dell,XPS,Đã sử dụng (chưa sửa chữa),5,14,Intel Core i7,16.0,Onboard,512,Mỹ,laptop,10.900.000 đ
3701,Lenovo,ThinkPad,Đã sử dụng (chưa sửa chữa),3,14,Intel Core i7,8.0,Onboard,512,Mỹ,laptop,7.900.000 đ
3702,HP,Pavilion,Đã sử dụng (chưa sửa chữa),3,16,Intel Core i7,8.0,Onboard,256,Mỹ,laptop,6.900.000 đ
3703,Asus,Zenbook Series,Đã sử dụng (chưa sửa chữa),0,14,Intel Core i5,16.0,Onboard,500,Nước khác,laptop,17.990.000 đ
3704,MSI,GF Series,Đã sử dụng (chưa sửa chữa),0,16,Intel Core i7,8.0,NVIDIA,512,Việt Nam,laptop,14.700.000 đ
3705,Apple,MacBook Pro Touch Bar,Đã sử dụng (chưa sửa chữa),1,16,Intel Core i7,32.0,AMD,512,Nước khác,laptop,16.700.000 đ
3706,HP,Elitebook,Đã sử dụng (chưa sửa chữa),3,16,Intel Core i5,8.0,Onboard,256,Mỹ,laptop,4.790.000 đ
3707,Lenovo,ThinkPad,Đã sử dụng (chưa sửa chữa),3,14,Intel Core i5,8.0,Onboard,256,Mỹ,laptop,10.500.000 đ
3708,MSI,GF Series,Đã sử dụng (chưa sửa chữa),5,14,Intel Core i5,8.0,Onboard,500,Nước khác,laptop,10.800.000 đ
3709,Dell,Inspiron,Đã sử dụng (chưa sửa chữa),1,14,Intel Core i5,8.0,Onboard,256,Việt Nam,laptop,5.800.000 đ
3710,Asus,K Series,Đã sử dụng (chưa sửa chữa),0,14,Intel Core i7,8.0,AMD,128,Nước khác,laptop,2.600.000 đ
3711,Dell,Inspiron,Đã sử dụng (chưa sửa chữa),3,16,Intel Core i5,8.0,Onboard,256,Mỹ,laptop,5.490.000 đ
3712,HP,Elitebook,Đã sử dụng (chưa sửa chữa),1,12,Intel Core i5,8.0,Onboard,256,Nước khác,laptop,4.290.000 đ
3713,HP,ProBook,Đã sử dụng (chưa sửa chữa),3,16,Intel Core i5,4.0,Onboard,128,Mỹ,laptop,2.500.000 đ
3714,Microsoft,Surface Pro 7,Đã sử dụng (chưa sửa chữa),5,12,Intel Core i7,16.0,Onboard,256,Nước khác,laptop,15.200.000 đ
3715,Apple,MacBook Pro,Đã sử dụng (chưa sửa chữa),3,16,Intel Core i7,16.0,AMD,512,Mỹ,laptop,15.000.000 đ
3716,Asus,FX Series/ZX Series,Đã sử dụng (chưa sửa chữa),5,16,Ryzen 7,16.0,NVIDIA,1000,Nước khác,laptop,13.800.000 đ
3717,Asus,X Series,Đã sử dụng (chưa sửa chữa),3,14,Intel Core i5,8.0,Onboard,256,Mỹ,laptop,6.900.000 đ
3718,Acer,Aspire,Đã sử dụng (qua sửa chữa),0,14,Intel Core i3,6.0,NVIDIA,256,Nước khác,laptop,800.000 đ
3719,Asus,TUF Gaming,Đã sử dụng (chưa sửa chữa),0,16,Ryzen 7,16.0,NVIDIA,512,Nước khác,laptop,12.000.000 đ
3720,Apple,MacBook Air M1,Đã sử dụng (chưa sửa chữa),0,14,Intel Core i5,8.0,Onboard,256,Nước khác,laptop,8.700.000 đ
3721,Dell,Alienware,Mới,1,18,Ryzen 7,16.0,NVIDIA,512,Mỹ,laptop,29.700.000 đ
3722,Asus,X Series,Đã sử dụng (chưa sửa chữa),0,14,Intel Core i3,4.0,Onboard,120,Nước khác,laptop,1.600.000 đ
3723,Asus,A series,Đã sử dụng (chưa sửa chữa),0,14,Intel Celeron,4.0,Onboard,250,Nước khác,laptop,1.000.000 đ
3724,Microsoft,Surface Pro 8,Đã sử dụng (chưa sửa chữa),1,12,Intel Core i7,16.0,Onboard,512,Mỹ,laptop,19.300.000 đ
3725,Dell,Latitude,Đã sử dụng (chưa sửa chữa),3,14,Intel Core i7,16.0,Onboard,256,Mỹ,laptop,15.400.000 đ
3726,HP,Elitebook,Đã sử dụng (chưa sửa chữa),0,14,Intel Core i3,4.0,Onboard,256,Nước khác,laptop,4.500.000 đ
3727,Dell,Vostro,Đã sử dụng (chưa sửa chữa),0,14,Intel Core i3,8.0,Onboard,120,Nước khác,laptop,2.500.000 đ
3728,Microsoft,Surface Pro 4,Đã sử dụng (chưa sửa chữa),0,12,Intel Core i5,4.0,Onboard,128,Mỹ,laptop,4.000.000 đ
3729,Dell,Latitude,Đã sử dụng (chưa sửa chữa),1,14,Intel Core i5,16.0,Onboard,256,Mỹ,laptop,7.300.000 đ
3730,Apple,MacBook Pro,Đã sử dụng (chưa sửa chữa),0,14,Intel Core i5,8.0,Onboard,1000,Nước khác,laptop,1.800.000 đ
3731,Apple,MacBook Pro,Đã sử dụng (chưa sửa chữa),0,16,Intel Core i7,16.0,Onboard,256,Nước khác,laptop,4.800.000 đ
3732,Apple,MacBook Air M2,Mới,5,14,Apple M2,8.0,Onboard,256,Nhật Bản,laptop,22.500.000 đ
3733,Hãng Khác,Dòng khác,Mới,0,16,Intel Core i5,8.0,Onboard,512,Nước khác,laptop,13.500.000 đ
3734,HP,Elitebook,Đã sử dụng (chưa sửa chữa),1,14,Intel Core i7,8.0,Onboard,512,Nước khác,laptop,8.500.000 đ
3735,Dell,Latitude,Đã sử dụng (qua sửa chữa),0,14,Intel Core i5,4.0,NVIDIA,256,Nước khác,laptop,1.800.000 đ
3736,Dell,Inspiron,Đã sử dụng (chưa sửa chữa),0,14,Intel Core i5,8.0,AMD,128,Nước khác,laptop,4.700.000 đ
3737,HP,Pavilion,Đã sử dụng (chưa sửa chữa),0,16,Intel Core i3,4.0,Onboard,256,Nước khác,laptop,8.200.000 đ
3738,HP,Pavilion,Đã sử dụng (chưa sửa chữa),1,16,Intel Core i7,8.0,NVIDIA,128,Nhật Bản,laptop,6.800.000 đ
3739,Dell,Latitude,Đã sử dụng (chưa sửa chữa),0,16,Intel Core i5,8.0,Onboard,256,Mỹ,laptop,3.950.000 đ
3740,Dell,Latitude,Đã sử dụng (chưa sửa chữa),0,14,Intel Core i5,8.0,Onboard,512,Nước khác,laptop,2.500.000 đ
3741,Dell,Latitude,Đã sử dụng (chưa sửa chữa),3,14,Intel Core i7,16.0,Onboard,512,Mỹ,laptop,9.990.000 đ
3742,Lenovo,ThinkPad,Đã sử dụng (chưa sửa chữa),1,14,Intel Core i5,16.0,AMD,512,Nước khác,laptop,13.900.000 đ
3743,Apple,MacBook Pro,Đã sử dụng (chưa sửa chữa),0,14,Intel Core i5,4.0,Onboard,500,Nước khác,laptop,1.500.000 đ
3744,Apple,MacBook Pro,Đã sử dụng (chưa sửa chữa),5,14,Intel Core i5,16.0,Onboard,512,Mỹ,laptop,32.800.000 đ
3745,Dell,Inspiron,Đã sử dụng (chưa sửa chữa),0,14,Intel Core i5,4.0,Onboard,128,Nước khác,laptop,2.500.000 đ
3746,Hãng Khác,Dòng khác,Đã sử dụng (chưa sửa chữa),0,14,Intel Core 2 Duo,8.0,Onboard,256,Nước khác,laptop,500.000 đ
3747,Dell,Inspiron,Đã sử dụng (chưa sửa chữa),0,18,Intel Core i5,8.0,Onboard,256,Mỹ,laptop,7.000.000 đ
3748,Lenovo,ThinkPad,Đã sử dụng (chưa sửa chữa),3,14,Ryzen 5,16.0,AMD,256,Mỹ,laptop,10.590.000 đ
3749,Dell,Precision,Đã sử dụng (chưa sửa chữa),5,16,Intel Xeon,16.0,NVIDIA,512,Mỹ,laptop,8.900.000 đ
3750,Acer,Aspire,Đã sử dụng (chưa sửa chữa),0,14,Intel Core i3,8.0,Onboard,128,Nước khác,laptop,2.800.000 đ
3751,Apple,MacBook Pro,Đã sử dụng (chưa sửa chữa),0,14,Intel Core i7,8.0,Onboard,512,Nước khác,laptop,6.990.000 đ
3752,Dell,Latitude,Đã sử dụng (chưa sửa chữa),3,14,Intel Core i5,16.0,Onboard,512,Mỹ,laptop,11.200.000 đ
3753,HP,Elitebook,Đã sử dụng (chưa sửa chữa),3,14,Ryzen 5,16.0,Onboard,256,Mỹ,laptop,8.900.000 đ
3754,Razer,Blade Stealth,Đã sử dụng (chưa sửa chữa),3,16,Intel Core i7,16.0,NVIDIA,1000,Mỹ,laptop,18.500.000 đ
3755,Lenovo,ThinkPad,Đã sử dụng (chưa sửa chữa),1,14,Intel Core i7,8.0,Onboard,256,Nước khác,laptop,5.500.000 đ
3756,Dell,Latitude,Đã sử dụng (chưa sửa chữa),0,14,Intel Core i5,4.0,Onboard,500,Mỹ,laptop,1.550.000 đ
3757,Asus,X Series,Đã sử dụng (chưa sửa chữa),0,14,Intel Core i5,4.0,NVIDIA,128,Đài Loan,laptop,2.500.000 đ
3758,Dell,Inspiron,Đã sử dụng (chưa sửa chữa),0,16,Intel Core i5,4.0,NVIDIA,128,Mỹ,laptop,4.500.000 đ
3759,HP,Pavilion,Đã sử dụng (chưa sửa chữa),3,16,Intel Core i5,16.0,Onboard,512,Mỹ,laptop,7.790.000 đ
3760,Apple,MacBook Pro Touch Bar,Đã sử dụng (chưa sửa chữa),0,12,Intel Core i5,16.0,Onboard,256,Nhật Bản,laptop,12.500.000 đ
3761,Lenovo,IdeaPad,Đã sử dụng (chưa sửa chữa),0,12,Intel Pentium,8.0,Onboard,256,Việt Nam,laptop,3.500.000 đ
3762,Hãng Khác,Dòng khác,Đã sử dụng (chưa sửa chữa),1,16,Intel Core i7,16.0,NVIDIA,1000,Mỹ,laptop,19.500.000 đ
3763,Apple,MacBook Pro M2,Mới,9,14,Apple M2,8.0,Onboard,256,Nước khác,laptop,28.400.000 đ
3764,Apple,MacBook Air,Mới,9,14,Intel Core i5,8.0,Onboard,256,Nước khác,laptop,18.600.000 đ
3765,Acer,Aspire,Đã sử dụng (chưa sửa chữa),3,16,Intel Core i5,8.0,Onboard,256,Mỹ,laptop,6.900.000 đ
3766,Lenovo,ThinkBook,Đã sử dụng (chưa sửa chữa),1,14,Intel Core i5,8.0,Onboard,256,Nước khác,laptop,5.500.000 đ
3767,Apple,MacBook Pro Touch Bar,Đã sử dụng (chưa sửa chữa),1,14,Intel Core i7,16.0,Onboard,256,Nước khác,laptop,13.900.000 đ
3768,Asus,VivoBook S Series,Đã sử dụng (chưa sửa chữa),1,12,Intel Celeron,2.0,Onboard,256,Đài Loan,laptop,850.000 đ
3769,Acer,Nitro 5,Đã sử dụng (chưa sửa chữa),3,16,Intel Core i5,16.0,NVIDIA,512,Nước khác,laptop,14.500.000 đ
3770,Asus,A series,Đã sử dụng (chưa sửa chữa),9,16,Ryzen 7,8.0,AMD,512,Việt Nam,laptop,8.800.000 đ
3771,Microsoft,Surface Go,Đã sử dụng (chưa sửa chữa),1,12,Intel Core i5,8.0,Onboard,256,Mỹ,laptop,10.800.000 đ
3772,Asus,Zenbook Series,Đã sử dụng (chưa sửa chữa),0,14,Intel Core i5,8.0,Onboard,1500,Trung Quốc,laptop,3.500.000 đ
3773,Dell,Latitude,Đã sử dụng (chưa sửa chữa),2,14,Intel Core i7,8.0,Onboard,256,Trung Quốc,laptop,6.350.000 đ
3774,Hãng Khác,Dòng khác,Đã sử dụng (chưa sửa chữa),0,14,Intel Core i3,4.0,Onboard,128,Nước khác,laptop,2.800.000 đ
3775,Microsoft,Surface,Đã sử dụng (chưa sửa chữa),3,14,Intel Core i7,16.0,Onboard,512,Mỹ,laptop,12.900.000 đ
3776,Lenovo,Legion Y Series,Đã sử dụng (qua sửa chữa),0,14,Intel Core i7,16.0,NVIDIA,640,Việt Nam,laptop,10.000.000 đ
3777,Razer,Blade Stealth,Đã sử dụng (chưa sửa chữa),5,16,Intel Core i7,16.0,NVIDIA,256,Nước khác,laptop,15.800.000 đ
3778,Asus,Zenbook Series,Đã sử dụng (chưa sửa chữa),3,14,Intel Core i7,16.0,Onboard,512,Việt Nam,laptop,14.800.000 đ
3779,Apple,MacBook Air,Đã sử dụng (chưa sửa chữa),0,14,Intel Core i5,8.0,Onboard,128,Nước khác,laptop,7.000.000 đ
3780,Dell,Latitude,Đã sử dụng (chưa sửa chữa),2,12,Intel Core i7,8.0,Onboard,256,Trung Quốc,laptop,5.350.000 đ
3781,Apple,MacBook Air M1,Đã sử dụng (chưa sửa chữa),0,14,Apple M1,8.0,Onboard,256,Nước khác,laptop,14.950.000 đ
3782,Apple,MacBook Air M1,Đã sử dụng (chưa sửa chữa),12,14,Intel Core i7,8.0,Onboard,512,Nước khác,laptop,17.500.000 đ
3783,Dell,Inspiron,Đã sử dụng (chưa sửa chữa),3,16,Intel Core i5,8.0,Onboard,256,Việt Nam,laptop,8.500.000 đ
3784,Apple,MacBook Pro,Đã sử dụng (chưa sửa chữa),0,16,Intel Core i7,16.0,Onboard,256,Nước khác,laptop,7.555.000 đ
3785,Apple,MacBook Air M1,Đã sử dụng (chưa sửa chữa),2,14,Apple M1,8.0,Onboard,512,Việt Nam,laptop,15.500.000 đ
3786,Dell,Latitude,Đã sử dụng (chưa sửa chữa),1,12,Intel Core i7,8.0,Onboard,256,Mỹ,laptop,5.000.000 đ
3787,HP,ZBook,Đã sử dụng (chưa sửa chữa),3,16,Intel Core i5,16.0,Onboard,256,Nước khác,laptop,8.500.000 đ
3788,Lenovo,IdeaPad,Đã sử dụng (chưa sửa chữa),0,16,AMD,8.0,AMD,256,Trung Quốc,laptop,10.000.000 đ
3789,Dell,Latitude,Đã sử dụng (chưa sửa chữa),0,14,Intel Core i5,8.0,Onboard,256,Nước khác,laptop,4.400.000 đ
3790,Hãng Khác,Dòng khác,Đã sử dụng (chưa sửa chữa),0,16,Intel Core i5,4.0,Onboard,120,Nước khác,laptop,1.650.000 đ
3791,Acer,Aspire,Đã sử dụng (chưa sửa chữa),0,14,Intel Core i5,8.0,Onboard,256,Nước khác,laptop,8.000.000 đ
3792,Hãng Khác,Dòng khác,Đã sử dụng (chưa sửa chữa),0,16,Intel Pentium,4.0,Onboard,128,Nước khác,laptop,1.300.000 đ
3793,Microsoft,Surface Pro 5,Đã sử dụng (chưa sửa chữa),0,12,Intel Core i5,8.0,Onboard,256,Nước khác,laptop,6.500.000 đ
3794,HP,Elitebook,Đã sử dụng (chưa sửa chữa),3,12,Intel Core i5,8.0,Onboard,256,Mỹ,laptop,3.900.000 đ
3795,Hãng Khác,Dòng khác,Mới,1,12,Intel Core i3,4.0,Onboard,128,Việt Nam,laptop,2.390.000 đ
3796,Dell,Latitude,Đã sử dụng (chưa sửa chữa),0,14,Intel Core i5,8.0,Onboard,128,Nước khác,laptop,2.700.000 đ
3797,HP,Pavilion,Đã sử dụng (chưa sửa chữa),3,14,Intel Core i3,8.0,Onboard,256,Nước khác,laptop,5.900.000 đ
3798,MSI,Modern Series,Đã sử dụng (chưa sửa chữa),9,14,Intel Core i3,8.0,Onboard,256,Việt Nam,laptop,6.890.000 đ
3799,Hãng Khác,Dòng khác,Đã sử dụng (chưa sửa chữa),1,14,Intel Celeron,4.0,Onboard,256,Nước khác,laptop,3.000.000 đ
3800,Asus,X Series,Đã sử dụng (chưa sửa chữa),0,16,Intel Core i3,6.0,Onboard,128,Nước khác,laptop,2.200.000 đ
3801,Dell,Latitude,Đã sử dụng (chưa sửa chữa),1,14,Intel Core i5,8.0,Onboard,128,Nước khác,laptop,2.400.000 đ
3802,Dell,Latitude,Đã sử dụng (chưa sửa chữa),0,14,Intel Core i7,8.0,Onboard,256,Nước khác,laptop,5.600.000 đ
3803,Dell,Precision,Đã sử dụng (chưa sửa chữa),1,16,Intel Core i7,8.0,Onboard,256,Mỹ,laptop,8.500.000 đ
3804,Samsung,Galaxyboook,Đã sử dụng (chưa sửa chữa),0,14,Intel Core i3,4.0,Onboard,256,Hàn Quốc,laptop,4.000.000 đ
3805,Apple,MacBook Pro,Đã sử dụng (chưa sửa chữa),0,14,Intel Core i5,8.0,Onboard,128,Nước khác,laptop,2.500.000 đ
3806,Sony,Vaio Series,Đã sử dụng (chưa sửa chữa),0,16,Intel Core i5,8.0,Onboard,128,Việt Nam,laptop,2.200.000 đ
3807,Apple,MacBook Pro M1 Touch Bar,Đã sử dụng (chưa sửa chữa),0,14,Apple M1,8.0,Onboard,256,Việt Nam,laptop,17.000.000 đ
3808,HP,Compaq,Đã sử dụng (chưa sửa chữa),0,14,Intel Core 2 Duo,2.0,Onboard,320,Nước khác,laptop,400.000 đ
3809,Apple,MacBook Pro,Đã sử dụng (chưa sửa chữa),0,14,Intel Core i7,16.0,Onboard,256,Nước khác,laptop,12.500.000 đ
3810,Asus,K Series,Đã sử dụng (chưa sửa chữa),0,14,Intel Core i3,4.0,Onboard,128,Nước khác,laptop,1.700.000 đ
3811,Asus,TUF Gaming,Đã sử dụng (chưa sửa chữa),3,18,Ryzen 7,16.0,NVIDIA,512,Việt Nam,laptop,14.900.000 đ
3812,Dell,Latitude,Đã sử dụng (chưa sửa chữa),3,14,Intel Core i7,8.0,Onboard,128,Nước khác,laptop,4.600.000 đ
3813,Dell,Latitude,Đã sử dụng (chưa sửa chữa),1,14,Intel Core i3,8.0,Onboard,128,Nước khác,laptop,2.800.000 đ
3814,Dell,Precision,Đã sử dụng (chưa sửa chữa),1,18,Intel Xeon,64.0,NVIDIA,1000,Mỹ,laptop,17.500.000 đ
3815,Dell,XPS,Đã sử dụng (chưa sửa chữa),0,14,Intel Core i5,8.0,Onboard,512,Nước khác,laptop,7.000.000 đ
3816,HP,ProBook,Mới,1,14,Intel Core i3,8.0,Onboard,128,Nước khác,laptop,2.900.000 đ
3817,Lenovo,ThinkPad,Đã sử dụng (chưa sửa chữa),0,14,Intel Core i5,16.0,NVIDIA,256,Mỹ,laptop,5.600.000 đ
3818,Apple,MacBook Air M2,Đã sử dụng (chưa sửa chữa),9,14,Apple M2,8.0,Onboard,256,Việt Nam,laptop,21.500.000 đ
3819,Dell,Latitude,Đã sử dụng (chưa sửa chữa),1,14,Intel Core i5,8.0,Onboard,128,Nước khác,laptop,2.800.000 đ
3820,Dell,Inspiron,Đã sử dụng (chưa sửa chữa),1,16,Ryzen 7,16.0,AMD,256,Nhật Bản,laptop,11.000.000 đ
3821,Dell,XPS,Đã sử dụng (chưa sửa chữa),0,14,Intel Core i7,32.0,Onboard,512,Nước khác,laptop,26.000.000 đ
3822,Acer,Nitro 5,Mới,0,14,Intel Core i5,16.0,NVIDIA,512,Nước khác,laptop,15.500.000 đ
3823,Dell,Latitude,Đã sử dụng (chưa sửa chữa),0,12,Intel Core i7,8.0,Onboard,256,Nhật Bản,laptop,4.000.000 đ
3824,Apple,MacBook Air M2,Đã sử dụng (chưa sửa chữa),0,14,Apple M2,8.0,Onboard,256,Nước khác,laptop,20.000.000 đ
3825,Asus,VivoBook S Series,Đã sử dụng (chưa sửa chữa),5,14,Intel Core i7,16.0,Onboard,512,Việt Nam,laptop,14.900.000 đ
3826,HP,Elitebook,Đã sử dụng (chưa sửa chữa),0,14,Intel Core i5,16.0,Onboard,256,Mỹ,laptop,8.900.000 đ
3827,Dell,XPS,Mới,3,14,Intel Core i5,16.0,Onboard,256,Mỹ,laptop,7.900.000 đ
3828,Apple,MacBook Air,Đã sử dụng (chưa sửa chữa),0,12,Intel Core i5,4.0,Onboard,256,Mỹ,laptop,3.500.000 đ
3829,HP,ProBook,Đã sử dụng (chưa sửa chữa),0,16,Intel Core i5,8.0,Onboard,128,Nước khác,laptop,2.000.000 đ
3830,Apple,MacBook Air M1,Đã sử dụng (chưa sửa chữa),3,14,Apple M1,8.0,Onboard,256,Mỹ,laptop,15.200.000 đ
3831,Apple,MacBook Air M1,Đã sử dụng (chưa sửa chữa),3,14,Apple M1,8.0,Onboard,256,Nhật Bản,laptop,13.900.000 đ
3832,Apple,MacBook Pro,Đã sử dụng (chưa sửa chữa),1,14,Intel Core i5,8.0,Onboard,256,Việt Nam,laptop,13.900.000 đ
3833,Dell,Latitude,Đã sử dụng (chưa sửa chữa),3,16,Intel Core i7,8.0,AMD,256,Mỹ,laptop,5.600.000 đ
3834,HP,Elitebook,Đã sử dụng (chưa sửa chữa),0,14,Intel Core i7,6.0,AMD,256,Nước khác,laptop,5.000.000 đ
3835,Asus,X Series,Đã sử dụng (chưa sửa chữa),0,14,Intel Core i3,8.0,Onboard,256,Việt Nam,laptop,2.500.000 đ
3836,Lenovo,ThinkPad,Đã sử dụng (chưa sửa chữa),5,14,Intel Core i5,16.0,Onboard,256,Việt Nam,laptop,16.500.000 đ
3837,Apple,MacBook Pro Touch Bar,Đã sử dụng (chưa sửa chữa),0,16,Intel Core i7,32.0,Onboard,512,Nước khác,laptop,19.500.000 đ
3838,Lenovo,Legion Y Series,Mới,1,16,Intel Core i9,32.0,NVIDIA,1000,Mỹ,laptop,58.990.000 đ
3839,Dell,Inspiron,Đã sử dụng (chưa sửa chữa),0,16,Intel Core i5,8.0,NVIDIA,256,Nước khác,laptop,4.450.000 đ
3840,Apple,MacBook Pro Touch Bar,Đã sử dụng (chưa sửa chữa),0,16,Intel Core i9,16.0,AMD,1000,Mỹ,laptop,17.900.000 đ
3841,HP,Pavilion,Đã sử dụng (chưa sửa chữa),0,16,Intel Core i7,16.0,AMD,128,Nhật Bản,laptop,7.300.000 đ
3842,Dell,Precision Mobile Workstations,Đã sử dụng (chưa sửa chữa),1,16,Intel Core i7,32.0,Onboard,512,Nước khác,laptop,25.000.000 đ
3843,HP,Elitebook,Đã sử dụng (chưa sửa chữa),0,16,Intel Core i5,8.0,Onboard,128,Nước khác,laptop,3.500.000 đ
3844,Asus,VivoBook S Series,Đã sử dụng (chưa sửa chữa),0,14,Intel Core i5,8.0,Onboard,512,Nước khác,laptop,8.490.000 đ
3845,Apple,MacBook Pro,Đã sử dụng (chưa sửa chữa),0,14,Intel Core i5,8.0,Onboard,256,Nước khác,laptop,7.700.000 đ
3846,Apple,MacBook Pro Touch Bar,Đã sử dụng (chưa sửa chữa),3,14,Intel Core i5,8.0,Onboard,256,Mỹ,laptop,9.990.000 đ
3847,Dell,Latitude,Đã sử dụng (chưa sửa chữa),3,14,Intel Core i5,4.0,Onboard,128,Nước khác,laptop,4.200.000 đ
3848,Asus,VivoBook S Series,Đã sử dụng (chưa sửa chữa),0,16,Intel Core i7,8.0,NVIDIA,512,Việt Nam,laptop,12.900.000 đ
3849,HP,Elitebook,Đã sử dụng (chưa sửa chữa),0,14,Intel Core i3,6.0,Onboard,500,Nhật Bản,laptop,1.200.000 đ
3850,Apple,MacBook Pro,Đã sử dụng (chưa sửa chữa),1,16,Intel Core i9,64.0,Onboard,1000,Nước khác,laptop,25.000.000 đ
3851,Microsoft,Surface Pro 6,Đã sử dụng (chưa sửa chữa),1,12,Intel Core i5,8.0,Onboard,128,Nước khác,laptop,3.499.000 đ
3852,Apple,MacBook Pro M1 Touch Bar,Đã sử dụng (chưa sửa chữa),0,14,Apple M1,8.0,Onboard,256,Nước khác,laptop,16.700.000 đ
3853,Dell,Latitude,Đã sử dụng (chưa sửa chữa),3,16,Intel Core i5,8.0,Onboard,256,Mỹ,laptop,5.300.000 đ
3854,Dell,Inspiron,Đã sử dụng (chưa sửa chữa),3,14,Intel Core i7,16.0,NVIDIA,256,Nước khác,laptop,9.500.000 đ
3855,Dell,Latitude,Đã sử dụng (chưa sửa chữa),0,16,Intel Core i5,8.0,Onboard,256,Mỹ,laptop,3.900.000 đ
3856,Dell,Precision,Đã sử dụng (chưa sửa chữa),1,18,Intel Core i7,8.0,AMD,128,Nước khác,laptop,5.000.000 đ
3857,HP,Notebook,Đã sử dụng (chưa sửa chữa),1,14,Intel Core i5,8.0,Onboard,256,Việt Nam,laptop,6.500.000 đ
3858,HP,Envy,Đã sử dụng (chưa sửa chữa),0,14,Intel Core i5,8.0,Onboard,256,Trung Quốc,laptop,9.000.000 đ
3859,Dell,Precision,Đã sử dụng (chưa sửa chữa),3,16,Intel Xeon,8.0,NVIDIA,256,Nước khác,laptop,8.900.000 đ
3860,Apple,MacBook Air,Đã sử dụng (chưa sửa chữa),0,14,Intel Core i5,4.0,Onboard,128,Nước khác,laptop,1.900.000 đ
3861,Acer,Aspire,Đã sử dụng (chưa sửa chữa),0,16,Intel Core i3,32.0,AMD,512,Nước khác,laptop,4.000.000 đ
3862,Samsung,Galaxyboook,Đã sử dụng (chưa sửa chữa),0,14,Intel Core i5,4.0,Onboard,320,Việt Nam,laptop,1.400.000 đ
3863,Apple,MacBook Air M1,Đã sử dụng (chưa sửa chữa),0,14,Apple M1,8.0,Onboard,256,Nước khác,laptop,13.700.000 đ
3864,Acer,Aspire,Đã sử dụng (chưa sửa chữa),0,14,Intel Core i3,2.0,Onboard,128,Việt Nam,laptop,1.200.000 đ
3865,Apple,MacBook Pro,Đã sử dụng (chưa sửa chữa),3,14,Intel Core i7,16.0,Onboard,512,Mỹ,laptop,16.900.000 đ
3866,Apple,MacBook Air,Đã sử dụng (chưa sửa chữa),0,14,Intel Core i5,2.0,Onboard,120,Nước khác,laptop,3.100.000 đ
3867,Apple,MacBook Air,Đã sử dụng (chưa sửa chữa),3,14,Intel Core i5,8.0,Onboard,512,Nước khác,laptop,12.000.000 đ
3868,Asus,G Series,Đã sử dụng (chưa sửa chữa),0,16,Intel Core i5,6.0,NVIDIA,256,Nước khác,laptop,3.500.000 đ
3869,Microsoft,Surface Pro 4,Mới,12,14,AMD,8.0,AMD,256,Mỹ,laptop,15.500.000 đ
3870,Dell,Inspiron,Đã sử dụng (chưa sửa chữa),0,14,Intel Core 2 Duo,4.0,Onboard,320,Nước khác,laptop,1.200.000 đ
3871,Dell,Inspiron,Đã sử dụng (chưa sửa chữa),0,14,Intel Core i5,8.0,Onboard,256,Nước khác,laptop,6.499.000 đ
3872,Apple,MacBook Pro,Đã sử dụng (chưa sửa chữa),3,16,Intel Core i7,16.0,AMD,256,Mỹ,laptop,14.500.000 đ
3873,Acer,Swift,Mới,9,14,Intel Core i7,8.0,Onboard,512,Mỹ,laptop,12.500.000 đ
3874,Microsoft,Surface Laptop Studio,Mới,0,14,Intel Core i7,16.0,Onboard,512,Mỹ,laptop,31.000.000 đ
3875,Apple,MacBook Pro M2 Touch Bar,Đã sử dụng (chưa sửa chữa),0,14,Apple M2,8.0,Onboard,256,Nước khác,laptop,22.000.000 đ
3876,Apple,MacBook Air,Đã sử dụng (chưa sửa chữa),1,14,Intel Core i7,8.0,Onboard,1000,Nước khác,laptop,2.899.000 đ
3877,Sony,Vaio Series,Đã sử dụng (chưa sửa chữa),3,14,Intel Core i5,16.0,Onboard,512,Mỹ,laptop,11.800.000 đ
3878,Dell,XPS,Đã sử dụng (chưa sửa chữa),0,14,Intel Core i3,4.0,Onboard,256,Mỹ,laptop,9.500.000 đ
3879,Dell,Precision Mobile Workstations,Mới,3,16,Intel Xeon,16.0,NVIDIA,512,Mỹ,laptop,10.900.000 đ
3880,Dell,Latitude,Đã sử dụng (chưa sửa chữa),12,14,Intel Core i5,8.0,NVIDIA,256,Nước khác,laptop,9.500.000 đ
3881,Apple,MacBook Pro,Đã sử dụng (chưa sửa chữa),0,14,Intel Core i5,16.0,Onboard,512,Nước khác,laptop,17.990.000 đ
3882,Apple,MacBook Pro M1 Touch Bar,Đã sử dụng (chưa sửa chữa),0,14,Intel Core i5,8.0,Onboard,256,Việt Nam,laptop,19.000.000 đ
3883,Asus,A series,Đã sử dụng (chưa sửa chữa),1,14,Intel Core i5,16.0,Onboard,256,Nước khác,laptop,11.500.000 đ
3884,Lenovo,ThinkPad,Đã sử dụng (chưa sửa chữa),1,14,Intel Core i5,16.0,Onboard,256,Mỹ,laptop,5.600.000 đ
3885,HP,ProBook,Đã sử dụng (chưa sửa chữa),3,16,Intel Core i5,8.0,Onboard,128,Việt Nam,laptop,4.200.000 đ
3886,Apple,MacBook Pro M1 Touch Bar,Đã sử dụng (chưa sửa chữa),0,14,Apple M1,16.0,Onboard,512,Việt Nam,laptop,26.000.000 đ
3887,Dell,XPS,Đã sử dụng (chưa sửa chữa),9,14,Intel Core i7,16.0,Onboard,512,Nước khác,laptop,25.000.000 đ
3888,Apple,MacBook Pro,Đã sử dụng (chưa sửa chữa),0,14,Intel Core i5,16.0,Onboard,256,Mỹ,laptop,13.500.000 đ
3889,Asus,VivoBook S Series,Mới,1,14,Intel Core i3,8.0,NVIDIA,256,Trung Quốc,laptop,7.500.000 đ
3890,HP,Envy,Đã sử dụng (chưa sửa chữa),0,18,Intel Core i5,8.0,Onboard,512,Mỹ,laptop,1.800.000 đ
3891,Dell,Latitude,Đã sử dụng (chưa sửa chữa),3,14,Intel Core i5,8.0,Onboard,256,Mỹ,laptop,5.200.000 đ
3892,Toshiba,Satellite Series,Đã sử dụng (chưa sửa chữa),0,16,Intel Core i3,8.0,Onboard,500,Nhật Bản,laptop,2.150.000 đ
3893,Hãng Khác,Dòng khác,Đã sử dụng (chưa sửa chữa),1,16,Ryzen 5,8.0,AMD,1500,Trung Quốc,laptop,6.500.000 đ
3894,Asus,FX Series/ZX Series,Mới,1,16,Intel Core i5,16.0,NVIDIA,512,Việt Nam,laptop,15.500.000 đ
3895,Hãng Khác,Dòng khác,Đã sử dụng (chưa sửa chữa),0,16,Intel Core i3,8.0,Onboard,256,Việt Nam,laptop,3.590.000 đ
3896,Hãng Khác,Dòng khác,Mới,1,14,Intel Core i7,8.0,Onboard,256,Trung Quốc,laptop,10.500.000 đ
3897,Apple,MacBook Air,Đã sử dụng (chưa sửa chữa),1,12,Intel Core i7,8.0,Onboard,1000,Nước khác,laptop,2.799.000 đ
3898,Dell,Inspiron,Đã sử dụng (chưa sửa chữa),9,16,Intel Core i5,8.0,NVIDIA,256,Nước khác,laptop,9.300.000 đ
3899,HP,Elitebook,Đã sử dụng (chưa sửa chữa),3,14,Intel Core i5,8.0,Onboard,256,Mỹ,laptop,4.900.000 đ
3900,HP,ProBook,Đã sử dụng (chưa sửa chữa),0,14,Intel Core i3,4.0,Onboard,500,Nước khác,laptop,1.600.000 đ
3901,Dell,Latitude,Đã sử dụng (chưa sửa chữa),3,12,Intel Core i5,8.0,Onboard,256,Nhật Bản,laptop,4.200.000 đ
3902,Asus,X Series,Đã sử dụng (chưa sửa chữa),0,16,Intel Core i5,8.0,NVIDIA,120,Nước khác,laptop,3.900.000 đ
3903,Microsoft,Surface,Đã sử dụng (chưa sửa chữa),1,16,Intel Core i7,32.0,NVIDIA,1000,Mỹ,laptop,20.999.999 đ
3904,Apple,MacBook Air,Đã sử dụng (chưa sửa chữa),0,14,Intel Core i5,8.0,Onboard,256,Nhật Bản,laptop,6.500.000 đ
3905,Lenovo,IdeaPad,Đã sử dụng (chưa sửa chữa),1,16,Intel Core i7,16.0,NVIDIA,256,Nhật Bản,laptop,9.268.000 đ
3906,Dell,Latitude,Đã sử dụng (chưa sửa chữa),1,14,Intel Core i5,8.0,Onboard,256,Nước khác,laptop,4.800.000 đ
3907,Dell,Latitude,Đã sử dụng (chưa sửa chữa),3,12,Intel Core i5,8.0,Onboard,256,Mỹ,laptop,5.900.000 đ
3908,Dell,Latitude,Mới,9,14,Intel Core i7,16.0,Onboard,512,Mỹ,laptop,11.300.000 đ
3909,Apple,MacBook Pro,Mới,0,14,Intel Core i5,8.0,Onboard,512,Nhật Bản,laptop,14.500.000 đ
3910,Dell,Vostro,Đã sử dụng (chưa sửa chữa),0,16,Intel Core i5,16.0,NVIDIA,128,Trung Quốc,laptop,7.000.000 đ
3911,HP,Notebook,Đã sử dụng (chưa sửa chữa),3,16,Intel Core i5,8.0,Onboard,128,Nước khác,laptop,8.000.000 đ
3912,Dell,Vostro,Đã sử dụng (qua sửa chữa),0,14,Intel Core i5,4.0,Onboard,320,Nước khác,laptop,1.450.000 đ
3913,Microsoft,Surface,Đã sử dụng (chưa sửa chữa),0,14,Intel Core i7,8.0,Onboard,256,Nước khác,laptop,7.000.000 đ
3914,Hãng Khác,Dòng khác,Đã sử dụng (chưa sửa chữa),0,14,Intel Core i3,4.0,Onboard,128,Nước khác,laptop,3.700.000 đ
3915,Dell,Inspiron,Đã sử dụng (chưa sửa chữa),0,16,Intel Core i5,16.0,NVIDIA,256,Nước khác,laptop,7.000.000 đ
3916,Lenovo,Yoga,Đã sử dụng (chưa sửa chữa),3,16,Intel Core i5,8.0,Onboard,256,Nước khác,laptop,10.900.000 đ
3917,HP,Elitebook,Mới,12,12,Intel Core i5,8.0,Onboard,640,Nước khác,laptop,8.000.000 đ
3918,Dell,Vostro,Đã sử dụng (chưa sửa chữa),0,14,Intel Core i5,8.0,Onboard,256,Nước khác,laptop,11.000.000 đ
3919,HP,ZBook,Đã sử dụng (chưa sửa chữa),1,16,Intel Core i7,16.0,NVIDIA,512,Nước khác,laptop,17.000.000 đ
3920,Dell,Precision,Đã sử dụng (chưa sửa chữa),0,16,Intel Core i7,16.0,NVIDIA,256,Mỹ,laptop,8.900.000 đ
3921,Hãng Khác,Dòng khác,Đã sử dụng (chưa sửa chữa),1,14,AMD,4.0,AMD,128,Trung Quốc,laptop,3.500.000 đ
3922,Acer,Aspire,Đã sử dụng (chưa sửa chữa),3,16,Intel Core i3,8.0,Onboard,128,Nước khác,laptop,6.000.000 đ
3923,Dell,Inspiron,Đã sử dụng (chưa sửa chữa),1,14,Intel Core i3,8.0,Onboard,128,Nước khác,laptop,3.200.000 đ
3924,Apple,MacBook Pro,Đã sử dụng (chưa sửa chữa),0,16,Intel Core i5,4.0,Onboard,500,Nước khác,laptop,2.000.000 đ
3925,HP,ProBook,Đã sử dụng (chưa sửa chữa),3,16,Intel Core i5,8.0,Onboard,128,Trung Quốc,laptop,3.200.000 đ
3926,Microsoft,Surface Laptop Studio,Đã sử dụng (chưa sửa chữa),0,14,Intel Core i5,8.0,Onboard,256,Nước khác,laptop,5.000.000 đ
3927,Lenovo,ThinkPad,Đã sử dụng (chưa sửa chữa),0,14,Intel Pentium,4.0,Onboard,128,Trung Quốc,laptop,1.950.000 đ
3928,Apple,MacBook Pro M1,Đã sử dụng (chưa sửa chữa),0,14,Apple M1,8.0,Onboard,512,Nước khác,laptop,18.800.000 đ
3929,Dell,Latitude,Đã sử dụng (chưa sửa chữa),3,14,Intel Core i5,8.0,Onboard,256,Mỹ,laptop,7.200.000 đ
3930,Dell,XPS,Mới,1,16,Intel Core i9,64.0,NVIDIA,1500,Mỹ,laptop,71.000.000 đ
3931,Dell,Inspiron,Đã sử dụng (qua sửa chữa),3,16,Intel Core i7,32.0,NVIDIA,1000,Nhật Bản,laptop,17.000.000 đ
3932,Dell,Precision,Mới,3,16,Intel Core i7,16.0,NVIDIA,512,Mỹ,laptop,12.900.000 đ
3933,Dell,Latitude,Đã sử dụng (chưa sửa chữa),1,12,Intel Core i5,8.0,Onboard,250,Nước khác,laptop,6.700.000 đ
3934,Asus,VivoBook S Series,Mới,1,16,Intel Core i5,16.0,Onboard,512,Việt Nam,laptop,15.700.000 đ
3935,Lenovo,Legion Y Series,Đã sử dụng (chưa sửa chữa),1,16,AMD,16.0,NVIDIA,512,Nước khác,laptop,19.000.000 đ
3936,Apple,MacBook Pro Touch Bar,Đã sử dụng (chưa sửa chữa),1,16,Intel Core i7,16.0,AMD,256,Nước khác,laptop,14.700.000 đ
3937,Lenovo,ThinkPad,Đã sử dụng (chưa sửa chữa),1,14,Intel Core i5,8.0,Onboard,256,Mỹ,laptop,4.300.000 đ
3938,Asus,A series,Mới,1,16,Intel Core i5,16.0,Onboard,512,Việt Nam,laptop,13.800.000 đ
3939,Asus,TUF Gaming,Đã sử dụng (chưa sửa chữa),9,16,Intel Core i5,8.0,Onboard,512,Nước khác,laptop,11.900.000 đ
3940,Lenovo,ThinkPad,Đã sử dụng (chưa sửa chữa),1,14,Intel Core i5,8.0,Onboard,256,Nước khác,laptop,3.650.000 đ
3941,Apple,MacBook Air M1,Đã sử dụng (chưa sửa chữa),0,14,Apple M1,16.0,Onboard,256,Nước khác,laptop,21.490.000 đ
3942,Apple,MacBook Air M1,Đã sử dụng (chưa sửa chữa),0,14,Apple M1,8.0,Onboard,256,Nước khác,laptop,15.000.000 đ
3943,Asus,X Series,Đã sử dụng (chưa sửa chữa),0,14,Intel Core i3,4.0,Onboard,1000,Nước khác,laptop,2.550.000 đ
3944,Dell,Latitude,Đã sử dụng (chưa sửa chữa),1,14,Intel Core i5,4.0,Onboard,128,Nước khác,laptop,1.600.000 đ
3945,HP,Elitebook,Đã sử dụng (chưa sửa chữa),0,12,Intel Core i7,8.0,Onboard,256,Nước khác,laptop,7.990.000 đ
3946,HP,Envy,Đã sử dụng (chưa sửa chữa),0,16,Intel Core i7,16.0,Onboard,512,Nước khác,laptop,13.990.000 đ
3947,Lenovo,ThinkPad,Đã sử dụng (chưa sửa chữa),0,16,Intel Core i3,4.0,Onboard,256,Việt Nam,laptop,1.999.999 đ
3948,Dell,Precision,Đã sử dụng (chưa sửa chữa),0,16,Intel Core i7,32.0,NVIDIA,512,Nước khác,laptop,10.500.000 đ
3949,Dell,XPS,Đã sử dụng (chưa sửa chữa),0,14,Intel Core i7,16.0,Onboard,512,Nước khác,laptop,10.500.000 đ
3950,Acer,Aspire,Đã sử dụng (chưa sửa chữa),0,14,Intel Core i5,8.0,Onboard,128,Nước khác,laptop,1.800.000 đ
3951,HP,Elitebook,Đã sử dụng (chưa sửa chữa),0,14,Intel Core i5,8.0,Onboard,256,Nước khác,laptop,9.500.000 đ
3952,Dell,Precision,Đã sử dụng (chưa sửa chữa),3,16,Intel Core i7,16.0,NVIDIA,256,Mỹ,laptop,8.300.000 đ
3953,Apple,MacBook Pro,Đã sử dụng (chưa sửa chữa),3,16,Intel Core i7,16.0,AMD,500,Nhật Bản,laptop,18.000.000 đ
3954,Lenovo,ThinkPad,Mới,1,14,Intel Core i5,8.0,Onboard,128,Mỹ,laptop,3.400.000 đ
3955,Apple,MacBook Air M1,Đã sử dụng (chưa sửa chữa),1,14,Apple M1,8.0,Onboard,256,Nước khác,laptop,15.500.000 đ
3956,Lenovo,ThinkPad,Đã sử dụng (chưa sửa chữa),3,14,Intel Core i5,8.0,Onboard,256,Nước khác,laptop,5.300.000 đ
3957,Microsoft,Surface Pro 3,Đã sử dụng (chưa sửa chữa),1,12,Intel Core i7,8.0,Onboard,256,Nước khác,laptop,4.900.000 đ
3958,Apple,MacBook Air M1,Đã sử dụng (chưa sửa chữa),5,14,Apple M1,8.0,Onboard,256,Nước khác,laptop,12.500.000 đ
3959,HP,ProBook,Đã sử dụng (chưa sửa chữa),0,14,Intel Core i5,8.0,Onboard,256,Nhật Bản,laptop,4.600.000 đ
3960,HP,ProBook,Đã sử dụng (chưa sửa chữa),0,14,Intel Core i5,4.0,Onboard,128,Nước khác,laptop,2.400.000 đ
3961,Lenovo,ThinkPad,Đã sử dụng (chưa sửa chữa),0,12,Intel Core i5,16.0,Onboard,512,Trung Quốc,laptop,5.400.000 đ
3962,Dell,Latitude,Đã sử dụng (chưa sửa chữa),0,16,Intel Core i5,6.0,Onboard,128,Nước khác,laptop,1.750.000 đ
3963,Dell,XPS,Đã sử dụng (chưa sửa chữa),3,14,Intel Core i7,16.0,Onboard,1000,Nước khác,laptop,14.700.000 đ
3964,Lenovo,Yoga,Đã sử dụng (chưa sửa chữa),3,14,Intel Core i7,16.0,Onboard,512,Nhật Bản,laptop,10.500.000 đ
3965,Lenovo,IdeaPad,Đã sử dụng (chưa sửa chữa),1,16,Intel Core i5,8.0,NVIDIA,128,Nước khác,laptop,3.500.000 đ
3966,Apple,MacBook Pro,Đã sử dụng (chưa sửa chữa),0,14,Intel Core i5,8.0,Onboard,128,Nước khác,laptop,6.000.000 đ
3967,Hãng Khác,Dòng khác,Đã sử dụng (chưa sửa chữa),3,14,Intel Core i5,8.0,Onboard,256,Nhật Bản,laptop,7.500.000 đ
3968,Dell,Latitude,Mới,3,14,Intel Core i5,8.0,Onboard,250,Mỹ,laptop,4.600.000 đ
3969,Dell,XPS,Đã sử dụng (chưa sửa chữa),9,14,Intel Core i7,16.0,Onboard,256,Nước khác,laptop,15.900.000 đ
3970,Dell,Latitude,Đã sử dụng (chưa sửa chữa),0,14,Intel Core i5,4.0,Onboard,128,Việt Nam,laptop,2.200.000 đ
3971,Dell,Vostro,Mới,3,16,Intel Core i5,8.0,Onboard,128,Nước khác,laptop,5.300.000 đ
3972,Acer,Aspire,Đã sử dụng (qua sửa chữa),0,18,Intel Core i3,6.0,Onboard,128,Nước khác,laptop,2.200.000 đ
3973,Asus,A series,Đã sử dụng (chưa sửa chữa),1,14,Intel Core i3,4.0,Onboard,128,Nước khác,laptop,4.500.000 đ
3974,Dell,Precision Mobile Workstations,Đã sử dụng (chưa sửa chữa),5,16,Intel Core i7,16.0,NVIDIA,512,Mỹ,laptop,17.500.000 đ
3975,HP,ZBook,Đã sử dụng (chưa sửa chữa),3,16,Intel Xeon,32.0,NVIDIA,512,Mỹ,laptop,19.500.000 đ
3976,Dell,Latitude,Đã sử dụng (chưa sửa chữa),0,14,Intel Core i5,8.0,Onboard,512,Mỹ,laptop,4.250.000 đ
3977,Dell,Precision,Đã sử dụng (chưa sửa chữa),3,18,Intel Core i7,32.0,NVIDIA,512,Mỹ,laptop,14.500.000 đ
3978,Lenovo,ThinkPad,Đã sử dụng (chưa sửa chữa),3,14,Intel Core i7,16.0,Onboard,256,Mỹ,laptop,8.888.888 đ
3979,Asus,X Series,Đã sử dụng (chưa sửa chữa),1,16,Intel Core i5,8.0,NVIDIA,250,Nước khác,laptop,5.000.000 đ
3980,Lenovo,IdeaPad,Đã sử dụng (chưa sửa chữa),0,14,Ryzen 5,8.0,Onboard,256,Nước khác,laptop,7.000.000 đ
3981,Dell,Alienware,Đã sử dụng (chưa sửa chữa),0,18,Intel Core i7,32.0,Onboard,1000,Mỹ,laptop,16.000.000 đ
3982,Asus,B series,Đã sử dụng (chưa sửa chữa),1,14,Intel Celeron,2.0,Onboard,128,Việt Nam,laptop,2.200.000 đ
3983,HP,Elitebook,Đã sử dụng (chưa sửa chữa),1,12,Intel Core i5,4.0,Onboard,128,Nhật Bản,laptop,2.700.000 đ
3984,Asus,A series,Đã sử dụng (chưa sửa chữa),0,14,Intel Core i5,8.0,NVIDIA,128,Nước khác,laptop,2.600.000 đ
3985,Lenovo,ThinkPad,Đã sử dụng (chưa sửa chữa),1,14,Intel Core i7,8.0,Onboard,256,Mỹ,laptop,6.500.000 đ
3986,Apple,MacBook Pro,Đã sử dụng (chưa sửa chữa),0,14,Intel Core i5,8.0,Onboard,256,Việt Nam,laptop,13.500.000 đ
3987,Dell,Inspiron,Đã sử dụng (qua sửa chữa),3,16,Intel Core i7,8.0,NVIDIA,256,Mỹ,laptop,9.000.000 đ
3988,Lenovo,ThinkPad,Đã sử dụng (chưa sửa chữa),1,12,Intel Core i5,8.0,Onboard,500,Nước khác,laptop,3.800.000 đ
3989,Acer,Aspire,Đã sử dụng (chưa sửa chữa),1,16,Intel Core i5,8.0,NVIDIA,128,Việt Nam,laptop,6.300.000 đ
3990,Acer,Nitro 5,Đã sử dụng (chưa sửa chữa),0,16,Ryzen 5,32.0,AMD,512,Nước khác,laptop,12.500.000 đ
3991,Lenovo,ThinkPad,Đã sử dụng (chưa sửa chữa),1,14,Intel Core i5,8.0,Onboard,256,Mỹ,laptop,3.900.000 đ
3992,Lenovo,ThinkPad,Mới,5,14,Intel Core i7,32.0,Onboard,256,Mỹ,laptop,24.500.000 đ
3993,Apple,MacBook Pro,Đã sử dụng (chưa sửa chữa),0,14,Intel Core i5,8.0,Onboard,256,Nước khác,laptop,4.000.000 đ
3994,Dell,Inspiron,Đã sử dụng (chưa sửa chữa),0,16,Intel Core i5,4.0,Onboard,250,Việt Nam,laptop,1.500.000 đ
3995,Samsung,Galaxyboook,Đã sử dụng (chưa sửa chữa),0,16,Intel Core i7,8.0,Onboard,128,Việt Nam,laptop,5.000.000 đ
3996,Apple,MacBook Pro Touch Bar,Đã sử dụng (chưa sửa chữa),1,16,Intel Core i7,16.0,AMD,1000,Mỹ,laptop,11.490.000 đ
3997,Dell,Latitude,Đã sử dụng (chưa sửa chữa),3,16,Intel Core i7,16.0,NVIDIA,256,Mỹ,laptop,6.900.000 đ
3998,Dell,XPS,Đã sử dụng (chưa sửa chữa),3,14,Intel Core i5,8.0,Onboard,256,Mỹ,laptop,12.700.000 đ
3999,HP,ZBook,Đã sử dụng (chưa sửa chữa),3,16,Intel Core i7,8.0,NVIDIA,256,Mỹ,laptop,5.500.000 đ
4000,Lenovo,ThinkPad,Đã sử dụng (chưa sửa chữa),9,14,Intel Core i5,8.0,Onboard,256,Mỹ,laptop,8.500.000 đ
4001,Apple,MacBook Pro M1,Đã sử dụng (chưa sửa chữa),0,14,Apple M1,8.0,Onboard,256,Nước khác,laptop,18.400.000 đ
4002,Dell,Latitude,Đã sử dụng (chưa sửa chữa),1,14,Intel Core i5,8.0,Onboard,256,Nước khác,laptop,6.200.000 đ
4003,Lenovo,Yoga,Đã sử dụng (chưa sửa chữa),3,14,Intel Core i7,16.0,Onboard,512,Nhật Bản,laptop,10.200.000 đ
4004,HP,Compaq,Đã sử dụng (chưa sửa chữa),3,14,Intel Core i5,4.0,Onboard,640,Việt Nam,laptop,1.250.000 đ
4005,HP,Elitebook,Đã sử dụng (chưa sửa chữa),0,14,Intel Core i5,4.0,Onboard,128,Nước khác,laptop,1.400.000 đ
4006,Dell,Vostro,Đã sử dụng (qua sửa chữa),0,14,Intel Core i5,4.0,Onboard,120,Nước khác,laptop,1.650.000 đ
4007,Dell,Inspiron,Đã sử dụng (chưa sửa chữa),1,16,Intel Core i7,8.0,Onboard,128,Việt Nam,laptop,3.000.000 đ
4008,Asus,VivoBook S Series,Đã sử dụng (qua sửa chữa),0,14,Intel Core i3,8.0,Onboard,128,Nước khác,laptop,1.000.000 đ
4009,Dell,Precision,Đã sử dụng (chưa sửa chữa),0,14,Intel Xeon,16.0,NVIDIA,500,Nước khác,laptop,7.700.000 đ
4010,Lenovo,ThinkPad,Đã sử dụng (chưa sửa chữa),3,14,Intel Core i5,8.0,Onboard,256,Mỹ,laptop,4.950.000 đ
4011,Dell,Latitude,Đã sử dụng (chưa sửa chữa),0,12,Intel Core i7,8.0,Onboard,256,Nước khác,laptop,4.700.000 đ
4012,Dell,XPS,Đã sử dụng (chưa sửa chữa),3,16,Intel Core i7,16.0,NVIDIA,512,Mỹ,laptop,16.800.000 đ
4013,Asus,S Series,Đã sử dụng (chưa sửa chữa),0,14,Intel Core i5,8.0,Onboard,256,Nước khác,laptop,1.500.000 đ
4014,Dell,Latitude,Đã sử dụng (chưa sửa chữa),3,14,Intel Core i7,8.0,Onboard,256,Mỹ,laptop,7.890.000 đ
4015,Dell,Latitude,Đã sử dụng (chưa sửa chữa),0,12,Intel Core i5,8.0,Onboard,256,Nước khác,laptop,3.800.000 đ
4016,Lenovo,ThinkBook,Đã sử dụng (chưa sửa chữa),5,16,Intel Core i7,16.0,NVIDIA,512,Nước khác,laptop,13.800.000 đ
4017,Dell,Latitude,Đã sử dụng (chưa sửa chữa),1,14,Intel Core i7,8.0,Onboard,128,Nước khác,laptop,3.200.000 đ
4018,Dell,Latitude,Đã sử dụng (chưa sửa chữa),0,14,Intel Core i5,4.0,NVIDIA,500,Nước khác,laptop,1.100.000 đ
4019,Asus,ASUSPRO,Đã sử dụng (chưa sửa chữa),1,16,Ryzen 7,16.0,NVIDIA,512,Việt Nam,laptop,16.999.000 đ
4020,Acer,Aspire,Đã sử dụng (chưa sửa chữa),0,14,Intel Core i5,4.0,Onboard,512,Nước khác,laptop,1.500.000 đ
4021,HP,Envy,Đã sử dụng (chưa sửa chữa),0,16,Intel Core i7,8.0,NVIDIA,750,Nước khác,laptop,3.200.000 đ
4022,Dell,Latitude,Đã sử dụng (chưa sửa chữa),5,14,Intel Core i7,8.0,Onboard,256,Việt Nam,laptop,7.900.000 đ
4023,Lenovo,IdeaPad,Đã sử dụng (chưa sửa chữa),1,16,Intel Core i7,8.0,NVIDIA,256,Nước khác,laptop,7.800.000 đ
4024,Dell,Vostro,Đã sử dụng (chưa sửa chữa),3,14,Intel Core i5,8.0,Onboard,512,Việt Nam,laptop,8.900.000 đ
4025,Dell,XPS,Đã sử dụng (qua sửa chữa),0,16,Intel Core i7,32.0,NVIDIA,1000,Mỹ,laptop,17.000.000 đ
4026,Lenovo,IdeaPad,Đã sử dụng (chưa sửa chữa),1,16,Ryzen 7,16.0,NVIDIA,512,Nước khác,laptop,17.999.000 đ
4027,Asus,FX Series/ZX Series,Đã sử dụng (chưa sửa chữa),12,16,Intel Core i5,16.0,NVIDIA,512,Việt Nam,laptop,13.900.000 đ
4028,Dell,Precision,Đã sử dụng (chưa sửa chữa),3,18,Intel Xeon,32.0,NVIDIA,512,Nước khác,laptop,15.700.000 đ
4029,Dell,Latitude,Đã sử dụng (chưa sửa chữa),1,14,Intel Core i5,4.0,Onboard,250,Nước khác,laptop,999.000 đ
4030,HP,Elitebook,Đã sử dụng (chưa sửa chữa),0,14,Intel Core i7,16.0,Onboard,512,Nước khác,laptop,12.500.000 đ
4031,Acer,Nitro 5,Mới,0,14,Ryzen 5,16.0,NVIDIA,512,Trung Quốc,laptop,12.800.000 đ
4032,Apple,MacBook Pro Touch Bar,Đã sử dụng (chưa sửa chữa),0,16,Intel Core i7,16.0,AMD,256,Nước khác,laptop,11.500.000 đ
4033,Asus,VivoBook S Series,Đã sử dụng (chưa sửa chữa),1,16,Intel Core i7,8.0,Onboard,256,Nhật Bản,laptop,6.999.000 đ
4034,Toshiba,Satellite Series,Đã sử dụng (chưa sửa chữa),1,12,Intel Core i5,8.0,Onboard,256,Nhật Bản,laptop,3.500.000 đ
4035,Dell,Inspiron,Đã sử dụng (chưa sửa chữa),0,18,Intel Core i7,8.0,AMD,256,Nước khác,laptop,4.800.000 đ
4036,Asus,X Series,Đã sử dụng (chưa sửa chữa),1,14,AMD,4.0,Onboard,1000,Nước khác,laptop,3.000.000 đ
4037,Asus,VivoBook S Series,Mới,1,14,Intel Core i3,4.0,Onboard,120,Nước khác,laptop,1.290.000 đ
4038,Sony,S Series,Đã sử dụng (chưa sửa chữa),0,14,Intel Core i7,8.0,Onboard,256,Nước khác,laptop,5.000.000 đ
4039,Dell,Latitude,Đã sử dụng (chưa sửa chữa),3,14,Intel Core i5,4.0,Onboard,128,Mỹ,laptop,3.300.000 đ
4040,HP,Pavilion,Đã sử dụng (chưa sửa chữa),3,18,Intel Core i5,8.0,Onboard,256,Mỹ,laptop,6.200.000 đ
4041,Apple,MacBook Air M1,Đã sử dụng (chưa sửa chữa),0,14,Apple M1,8.0,Onboard,256,Việt Nam,laptop,13.500.000 đ
4042,Dell,Precision,Mới,3,16,Intel Xeon,16.0,NVIDIA,256,Mỹ,laptop,9.800.000 đ
4043,Microsoft,Surface Pro 4,Đã sử dụng (chưa sửa chữa),0,14,Intel Core i5,4.0,Onboard,500,Mỹ,laptop,5.000.000 đ
4044,HP,Elitebook,Đã sử dụng (chưa sửa chữa),0,14,Intel Core i5,16.0,Onboard,256,Việt Nam,laptop,3.700.000 đ
4045,Apple,MacBook Pro,Đã sử dụng (chưa sửa chữa),3,16,Intel Core i7,16.0,AMD,256,Mỹ,laptop,13.800.000 đ
4046,Lenovo,ThinkPad,Đã sử dụng (chưa sửa chữa),5,14,Ryzen 5,8.0,AMD,256,Nước khác,laptop,7.900.000 đ
4047,Asus,VivoBook S Series,Đã sử dụng (chưa sửa chữa),12,16,Ryzen 9,16.0,NVIDIA,512,Nước khác,laptop,23.000.000 đ
4048,Toshiba,Satellite Series,Đã sử dụng (chưa sửa chữa),0,14,Intel Core i5,4.0,Onboard,500,Nước khác,laptop,1.250.000 đ
4049,Lenovo,ThinkPad,Đã sử dụng (chưa sửa chữa),0,14,Intel Core i5,8.0,Onboard,256,Việt Nam,laptop,3.500.000 đ
4050,Dell,Inspiron,Đã sử dụng (chưa sửa chữa),3,16,Intel Core i7,16.0,NVIDIA,500,Nước khác,laptop,13.000.000 đ
4051,HP,ProBook,Đã sử dụng (chưa sửa chữa),1,16,Intel Core i5,8.0,Onboard,128,Nước khác,laptop,4.500.000 đ
4052,Dell,XPS,Đã sử dụng (chưa sửa chữa),3,14,Intel Core i7,16.0,NVIDIA,512,Việt Nam,laptop,23.888.888 đ
4053,Apple,MacBook Pro,Đã sử dụng (chưa sửa chữa),0,18,Intel Core i7,4.0,Onboard,128,Mỹ,laptop,3.399.999 đ
4054,Asus,X Series,Đã sử dụng (chưa sửa chữa),0,14,Intel Celeron,4.0,Onboard,256,Nước khác,laptop,1.300.000 đ
4055,Apple,MacBook Air,Đã sử dụng (chưa sửa chữa),0,14,Intel Core i5,8.0,Onboard,128,Mỹ,laptop,4.800.000 đ
4056,Dell,Inspiron,Đã sử dụng (chưa sửa chữa),1,14,Intel Core i5,8.0,Onboard,128,Việt Nam,laptop,2.400.000 đ
4057,Dell,Vostro,Đã sử dụng (chưa sửa chữa),1,14,Intel Core i5,8.0,Onboard,256,Trung Quốc,laptop,3.600.000 đ
4058,HP,Notebook,Đã sử dụng (chưa sửa chữa),0,14,Intel Core i5,8.0,Onboard,128,Nước khác,laptop,3.800.000 đ
4059,Dell,Latitude,Đã sử dụng (chưa sửa chữa),0,14,Intel Core i5,8.0,Onboard,256,Nước khác,laptop,2.000.000 đ
4060,Apple,MacBook Pro,Đã sử dụng (chưa sửa chữa),0,16,Intel Core i7,4.0,Onboard,128,Mỹ,laptop,1.800.000 đ
4061,Apple,MacBook Pro,Đã sử dụng (chưa sửa chữa),0,14,Intel Core i5,8.0,Onboard,256,Mỹ,laptop,4.500.000 đ
4062,Lenovo,IdeaPad,Mới,1,16,Ryzen 5,16.0,NVIDIA,512,Việt Nam,laptop,15.000.000 đ
4063,Dell,Latitude,Đã sử dụng (chưa sửa chữa),1,12,Intel Core i5,16.0,Onboard,256,Nhật Bản,laptop,3.700.000 đ
4064,Asus,FX Series/ZX Series,Đã sử dụng (chưa sửa chữa),12,16,Intel Core i5,16.0,NVIDIA,512,Việt Nam,laptop,12.800.000 đ
4065,Dell,Latitude,Đã sử dụng (chưa sửa chữa),3,14,Intel Core i5,8.0,Onboard,256,Việt Nam,laptop,4.500.000 đ
4066,Apple,MacBook Pro M1,Đã sử dụng (chưa sửa chữa),5,16,Apple M1,64.0,Onboard,1000,Mỹ,laptop,40.990.000 đ
4067,Sony,Vaio Series,Đã sử dụng (chưa sửa chữa),0,16,Intel Core i5,4.0,Onboard,128,Nước khác,laptop,700.000 đ
4068,Lenovo,Essential (B series),Đã sử dụng (chưa sửa chữa),0,14,Intel Core i5,4.0,NVIDIA,250,Nước khác,laptop,890.000 đ
4069,Acer,Nitro 5,Đã sử dụng (chưa sửa chữa),1,18,Ryzen 5,8.0,NVIDIA,512,Việt Nam,laptop,11.500.000 đ
4070,Apple,MacBook Pro,Đã sử dụng (chưa sửa chữa),1,14,Intel Core i7,8.0,Onboard,250,Việt Nam,laptop,4.200.000 đ
4071,HP,Elitebook,Đã sử dụng (chưa sửa chữa),0,14,Athlon,8.0,AMD,256,Nước khác,laptop,6.500.000 đ
4072,HP,Notebook,Đã sử dụng (chưa sửa chữa),3,16,Intel Core i5,16.0,Onboard,512,Mỹ,laptop,9.600.000 đ
4073,Dell,Latitude,Đã sử dụng (chưa sửa chữa),1,14,Intel Core i5,4.0,Onboard,250,Nước khác,laptop,3.799.000 đ
4074,MSI,GF Series,Đã sử dụng (chưa sửa chữa),0,16,Intel Core i7,8.0,NVIDIA,256,Nước khác,laptop,10.000.000 đ
4075,Dell,Latitude,Đã sử dụng (chưa sửa chữa),1,14,Intel Core i5,8.0,Onboard,128,Mỹ,laptop,3.550.000 đ
4076,Dell,Inspiron,Đã sử dụng (chưa sửa chữa),0,14,Intel Core i5,4.0,Onboard,500,Nước khác,laptop,2.900.000 đ
4077,Asus,TUF Gaming,Đã sử dụng (chưa sửa chữa),9,16,Intel Core i5,8.0,NVIDIA,512,Việt Nam,laptop,13.400.000 đ
4078,Microsoft,Surface Laptop Studio,Mới,12,14,Ryzen 5,8.0,NVIDIA,256,Mỹ,laptop,13.900.000 đ
4079,Dell,Latitude,Đã sử dụng (chưa sửa chữa),1,12,Intel Core i5,8.0,Onboard,256,Việt Nam,laptop,3.200.000 đ
4080,HP,ProBook,Đã sử dụng (chưa sửa chữa),0,14,Intel Core i3,6.0,Onboard,320,Mỹ,laptop,1.400.000 đ
4081,Lenovo,IdeaPad,Đã sử dụng (chưa sửa chữa),5,16,Intel Core i5,16.0,NVIDIA,512,Nước khác,laptop,12.900.000 đ
4082,Dell,Latitude,Đã sử dụng (chưa sửa chữa),0,14,Intel Core i7,4.0,Onboard,1000,Nước khác,laptop,1.500.000 đ
4083,HP,ProBook,Mới,3,18,Intel Core i7,8.0,NVIDIA,1000,Nước khác,laptop,7.500.000 đ
4084,Acer,Aspire,Đã sử dụng (chưa sửa chữa),3,14,Intel Core i3,4.0,NVIDIA,256,Việt Nam,laptop,4.500.000 đ
4085,Dell,Latitude,Đã sử dụng (chưa sửa chữa),1,16,Intel Core i5,4.0,Onboard,500,Việt Nam,laptop,1.010.000 đ
4086,Dell,Latitude,Đã sử dụng (chưa sửa chữa),3,14,Intel Core i7,8.0,Onboard,128,Việt Nam,laptop,4.900.000 đ
4087,Dell,Latitude,Đã sử dụng (chưa sửa chữa),2,14,Intel Core i7,8.0,NVIDIA,256,Nước khác,laptop,6.500.000 đ
4088,HP,Notebook,Đã sử dụng (chưa sửa chữa),0,14,Intel Core i5,8.0,Onboard,256,Việt Nam,laptop,3.850.000 đ
4089,HP,ProBook,Đã sử dụng (chưa sửa chữa),1,14,Intel Core i5,4.0,Onboard,128,Nước khác,laptop,3.000.000 đ
4090,Apple,MacBook Pro Touch Bar,Đã sử dụng (chưa sửa chữa),0,14,Intel Core i5,8.0,Onboard,256,Nước khác,laptop,9.999.000 đ
4091,Apple,MacBook Pro,Đã sử dụng (qua sửa chữa),0,16,Intel Core i5,8.0,Onboard,128,Việt Nam,laptop,5.200.000 đ
4092,Asus,VivoBook S Series,Đã sử dụng (chưa sửa chữa),1,16,Intel Core i5,16.0,NVIDIA,512,Đài Loan,laptop,12.900.000 đ
4093,Dell,Latitude,Đã sử dụng (chưa sửa chữa),5,14,Intel Core i7,8.0,Onboard,256,Nước khác,laptop,5.800.000 đ
4094,Lenovo,ThinkPad,Đã sử dụng (chưa sửa chữa),3,14,Intel Core i5,8.0,Onboard,256,Nhật Bản,laptop,6.999.999 đ
4095,HP,Elitebook,Đã sử dụng (chưa sửa chữa),0,14,Intel Core i5,4.0,Onboard,480,Việt Nam,laptop,1.300.000 đ
4096,MSI,GF Series,Mới,1,16,Intel Core i7,32.0,NVIDIA,1000,Mỹ,laptop,23.800.000 đ
4097,HP,Notebook,Đã sử dụng (chưa sửa chữa),3,14,Intel Celeron,4.0,Onboard,120,Mỹ,laptop,2.800.000 đ
4098,Apple,MacBook Pro,Đã sử dụng (chưa sửa chữa),0,14,Intel Core i5,16.0,Onboard,256,Việt Nam,laptop,8.200.000 đ
4099,Dell,Latitude,Đã sử dụng (chưa sửa chữa),3,16,Intel Core i5,8.0,Onboard,256,Nước khác,laptop,5.700.000 đ
4100,Dell,Latitude,Đã sử dụng (chưa sửa chữa),1,14,Intel Core i5,4.0,Onboard,500,Nước khác,laptop,1.600.000 đ
4101,Dell,Latitude,Mới,12,16,Intel Core i7,8.0,NVIDIA,512,Mỹ,laptop,7.300.000 đ
4102,Dell,Latitude,Đã sử dụng (chưa sửa chữa),3,14,Intel Core i7,8.0,Onboard,256,Nước khác,laptop,6.500.000 đ
4103,Dell,Inspiron,Đã sử dụng (chưa sửa chữa),0,16,Intel Core i5,4.0,Onboard,256,Nước khác,laptop,3.900.000 đ
4104,Apple,MacBook Pro,Đã sử dụng (chưa sửa chữa),0,14,Intel Core i5,8.0,Onboard,1000,Nước khác,laptop,6.500.000 đ
4105,Apple,MacBook Air,Đã sử dụng (chưa sửa chữa),0,14,Intel Core i5,8.0,Onboard,128,Mỹ,laptop,10.999.000 đ
4106,Dell,Latitude,Đã sử dụng (chưa sửa chữa),0,14,Intel Core i5,8.0,Onboard,128,Nước khác,laptop,2.500.000 đ
4107,Lenovo,ThinkPad,Đã sử dụng (chưa sửa chữa),3,14,Intel Core i5,8.0,Onboard,256,Nước khác,laptop,5.800.000 đ
4108,Apple,MacBook Pro,Đã sử dụng (chưa sửa chữa),1,16,Intel Core i7,16.0,Onboard,256,Nước khác,laptop,6.800.000 đ
4109,Apple,MacBook Pro,Đã sử dụng (chưa sửa chữa),0,14,Intel Core i5,8.0,Onboard,256,Nước khác,laptop,5.495.000 đ
4110,Dell,Latitude,Đã sử dụng (chưa sửa chữa),3,12,Intel Core i5,4.0,Onboard,128,Mỹ,laptop,2.900.000 đ
4111,Asus,ASUSPRO,Đã sử dụng (chưa sửa chữa),0,14,Intel Core i5,4.0,Onboard,128,Nước khác,laptop,1.700.000 đ
4112,Apple,MacBook Air,Đã sử dụng (chưa sửa chữa),0,14,Intel Core i5,8.0,Onboard,256,Nhật Bản,laptop,9.299.000 đ
4113,Dell,Precision,Mới,9,16,Intel Core i9,32.0,NVIDIA,512,Mỹ,laptop,21.200.000 đ
4114,Asus,Zenbook Series,Mới,9,14,Intel Core i5,16.0,Onboard,512,Trung Quốc,laptop,15.900.000 đ
4115,Apple,MacBook Air M1,Đã sử dụng (chưa sửa chữa),0,14,Apple M1,8.0,Onboard,256,Nước khác,laptop,6.000.000 đ
4116,Samsung,Galaxyboook,Đã sử dụng (chưa sửa chữa),0,14,AMD,4.0,Onboard,500,Nước khác,laptop,1.000.000 đ
4117,Dell,Latitude,Đã sử dụng (chưa sửa chữa),1,14,Intel Core i5,8.0,Onboard,256,Việt Nam,laptop,5.500.000 đ
4118,Acer,Aspire,Đã sử dụng (chưa sửa chữa),0,16,Intel Core i5,8.0,NVIDIA,500,Nước khác,laptop,4.500.000 đ
4119,Lenovo,Legion Y Series,Mới,12,16,Intel Core i9,16.0,NVIDIA,1000,Trung Quốc,laptop,43.000.000 đ
4120,Apple,MacBook Pro,Đã sử dụng (chưa sửa chữa),0,14,Intel Core i5,4.0,Onboard,256,Nước khác,laptop,2.100.000 đ
4121,Toshiba,Satellite Series,Đã sử dụng (chưa sửa chữa),1,16,Intel Core i3,8.0,Onboard,128,Nhật Bản,laptop,2.350.000 đ
4122,Lenovo,Yoga,Mới,12,14,Intel Core i7,16.0,NVIDIA,512,Trung Quốc,laptop,32.000.000 đ
4123,Lenovo,ThinkPad,Đã sử dụng (chưa sửa chữa),1,14,Intel Core i3,4.0,Onboard,256,Nhật Bản,laptop,3.700.000 đ
4124,Dell,Latitude,Đã sử dụng (chưa sửa chữa),0,12,Intel Core i5,4.0,Onboard,128,Mỹ,laptop,3.200.000 đ
4125,Acer,Aspire,Đã sử dụng (chưa sửa chữa),0,16,Intel Core i5,8.0,NVIDIA,256,Nước khác,laptop,4.800.000 đ
4126,Asus,VivoBook S Series,Đã sử dụng (chưa sửa chữa),0,16,Intel Core i5,2.0,Onboard,120,Nước khác,laptop,1.500.000 đ
4127,Asus,X Series,Đã sử dụng (chưa sửa chữa),0,14,Intel Core i3,4.0,Onboard,256,Nước khác,laptop,4.200.000 đ
4128,Dell,Inspiron,Đã sử dụng (chưa sửa chữa),0,14,Intel Core i5,4.0,Onboard,128,Mỹ,laptop,1.450.000 đ
4129,Dell,XPS,Đã sử dụng (chưa sửa chữa),3,14,Intel Core i7,16.0,Onboard,512,Nước khác,laptop,13.700.000 đ
4130,Apple,MacBook Air,Đã sử dụng (chưa sửa chữa),0,14,Intel Core i5,8.0,Onboard,128,Mỹ,laptop,10.000.000 đ
4131,Lenovo,ThinkPad,Đã sử dụng (chưa sửa chữa),0,14,Intel Core i5,64.0,Onboard,1500,Nước khác,laptop,300.000 đ
4132,Asus,FX Series/ZX Series,Mới,1,16,Intel Core i5,8.0,NVIDIA,512,Việt Nam,laptop,14.500.000 đ
4133,Apple,MacBook Pro,Đã sử dụng (chưa sửa chữa),0,14,Intel Core 2 Duo,2.0,NVIDIA,1500,Nước khác,laptop,800.000 đ
4134,HP,Elitebook,Đã sử dụng (chưa sửa chữa),0,12,Intel Core i5,8.0,Onboard,256,Nhật Bản,laptop,4.550.000 đ
4135,Asus,VivoBook S Series,Mới,0,14,Intel Core i5,16.0,Onboard,512,Việt Nam,laptop,13.190.000 đ
4136,Asus,VivoBook S Series,Đã sử dụng (chưa sửa chữa),0,14,Intel Core i3,4.0,Onboard,500,Nước khác,laptop,1.000.000 đ
4137,Asus,ASUSPRO,Đã sử dụng (chưa sửa chữa),0,14,Intel Core i5,8.0,Onboard,1500,Việt Nam,laptop,5.000.000 đ
4138,Asus,TUF Gaming,Đã sử dụng (chưa sửa chữa),1,16,Intel Core i5,8.0,NVIDIA,512,Việt Nam,laptop,15.900.000 đ
4139,Apple,MacBook Pro,Đã sử dụng (qua sửa chữa),0,16,Intel Core i5,8.0,Onboard,256,Mỹ,laptop,2.500.000 đ
4140,Dell,Precision,Đã sử dụng (chưa sửa chữa),3,16,Intel Core i7,16.0,NVIDIA,512,Mỹ,laptop,11.500.000 đ
4141,Microsoft,Surface Pro 5,Đã sử dụng (chưa sửa chữa),0,12,Intel Core i5,8.0,Onboard,128,Nước khác,laptop,4.500.000 đ
4142,Dell,Latitude,Đã sử dụng (chưa sửa chữa),1,16,Intel Core i7,16.0,NVIDIA,256,Mỹ,laptop,6.500.000 đ
4143,Toshiba,Satellite Series,Đã sử dụng (chưa sửa chữa),0,14,Intel Core 2 Duo,2.0,Onboard,128,Nước khác,laptop,800.000 đ
4144,HP,Elitebook,Mới,3,14,Intel Core i5,8.0,Onboard,256,Mỹ,laptop,6.500.000 đ
4145,Asus,VivoBook S Series,Đã sử dụng (chưa sửa chữa),0,14,Intel Core i3,8.0,Onboard,500,Nước khác,laptop,1.500.000 đ
4146,Dell,Precision,Mới,9,18,Intel Xeon,64.0,NVIDIA,1000,Mỹ,laptop,35.000.000 đ
4147,Dell,Precision,Đã sử dụng (chưa sửa chữa),0,16,Intel Core i7,8.0,AMD,500,Mỹ,laptop,5.500.000 đ
4148,Dell,Latitude,Mới,3,14,Intel Core i5,8.0,Onboard,256,Mỹ,laptop,5.900.000 đ
4149,Hãng Khác,Dòng khác,Đã sử dụng (chưa sửa chữa),1,16,Intel Core i3,8.0,NVIDIA,500,Nước khác,laptop,2.700.000 đ
4150,Apple,MacBook Pro,Đã sử dụng (chưa sửa chữa),0,14,Intel Core i5,8.0,Onboard,128,Nước khác,laptop,6.950.000 đ
4151,Dell,Latitude,Đã sử dụng (chưa sửa chữa),0,14,Intel Core i5,16.0,Onboard,256,Mỹ,laptop,8.990.000 đ
4152,Lenovo,Legion Y Series,Đã sử dụng (chưa sửa chữa),5,16,Intel Core i7,16.0,NVIDIA,512,Nước khác,laptop,20.800.000 đ
4153,Apple,MacBook Air,Đã sử dụng (chưa sửa chữa),0,14,Intel Core i5,8.0,Onboard,256,Nước khác,laptop,7.000.000 đ
4154,Asus,VivoBook S Series,Đã sử dụng (chưa sửa chữa),0,14,Intel Core i5,8.0,Onboard,500,Nước khác,laptop,4.900.000 đ
4155,Hãng Khác,Dòng khác,Đã sử dụng (chưa sửa chữa),0,14,Intel Core i3,4.0,Onboard,128,Nước khác,laptop,3.450.000 đ
4156,Dell,Vostro,Đã sử dụng (chưa sửa chữa),0,14,Intel Core i5,8.0,Onboard,256,Nước khác,laptop,7.900.000 đ
4157,Dell,Latitude,Đã sử dụng (chưa sửa chữa),0,14,Intel Core i5,8.0,Onboard,256,Nước khác,laptop,4.200.000 đ
4158,Lenovo,ThinkPad,Đã sử dụng (chưa sửa chữa),3,14,Intel Core i7,16.0,Onboard,256,Mỹ,laptop,9.900.000 đ
4159,Lenovo,ThinkPad,Đã sử dụng (chưa sửa chữa),0,14,Intel Core i5,8.0,Onboard,128,Nước khác,laptop,4.800.000 đ
4160,Acer,Helios,Đã sử dụng (chưa sửa chữa),3,16,Intel Core i7,16.0,NVIDIA,512,Nước khác,laptop,13.800.000 đ
4161,Dell,Latitude,Mới,1,12,Intel Core i7,8.0,Onboard,256,Mỹ,laptop,4.500.000 đ
4162,HP,ProBook,Đã sử dụng (chưa sửa chữa),0,14,Intel Core i5,8.0,Onboard,256,Nước khác,laptop,5.500.000 đ
4163,HP,Elitebook,Mới,1,16,Intel Core i3,8.0,Onboard,256,Nước khác,laptop,8.000.000 đ
4164,HP,Notebook,Đã sử dụng (chưa sửa chữa),0,14,Intel Core i5,8.0,Onboard,256,Nước khác,laptop,6.900.000 đ
4165,Asus,ROG Strix Scar,Đã sử dụng (chưa sửa chữa),0,14,Intel Core i7,16.0,Onboard,512,Việt Nam,laptop,20.500.000 đ
4166,Dell,Inspiron,Đã sử dụng (chưa sửa chữa),0,14,Intel Core i7,4.0,Onboard,250,Nước khác,laptop,4.490.000 đ
4167,Dell,Latitude,Mới,1,14,Intel Core i7,32.0,Onboard,256,Mỹ,laptop,6.000.000 đ
4168,Asus,VivoBook S Series,Mới,9,16,Intel Core i9,16.0,NVIDIA,1000,Mỹ,laptop,47.900.000 đ
4169,Apple,MacBook Air,Đã sử dụng (chưa sửa chữa),1,14,Intel Core i5,8.0,Onboard,256,Nước khác,laptop,6.800.000 đ
4170,Apple,MacBook Pro,Đã sử dụng (chưa sửa chữa),1,14,Intel Core i5,8.0,Onboard,256,Nước khác,laptop,8.700.000 đ
4171,Apple,MacBook Pro,Đã sử dụng (chưa sửa chữa),0,14,Intel Core i5,16.0,Onboard,512,Nước khác,laptop,9.500.000 đ
4172,Hãng Khác,Dòng khác,Đã sử dụng (chưa sửa chữa),0,10,Intel Celeron,6.0,Onboard,128,Trung Quốc,laptop,2.300.000 đ
4173,HP,Pavilion,Đã sử dụng (chưa sửa chữa),0,16,Intel Core i5,4.0,Onboard,500,Nhật Bản,laptop,1.500.000 đ
4174,Dell,Latitude,Đã sử dụng (chưa sửa chữa),0,14,Intel Core i7,16.0,Onboard,256,Nước khác,laptop,9.500.000 đ
4175,Apple,MacBook Air,Đã sử dụng (chưa sửa chữa),0,14,Intel Core i5,4.0,Onboard,256,Mỹ,laptop,2.700.000 đ
4176,Dell,Latitude,Đã sử dụng (chưa sửa chữa),3,16,Intel Core i5,8.0,Onboard,256,Mỹ,laptop,4.500.000 đ
4177,Toshiba,Satellite Series,Đã sử dụng (chưa sửa chữa),1,14,Intel Core i3,6.0,Onboard,120,Việt Nam,laptop,1.400.000 đ
4178,Apple,MacBook Air,Đã sử dụng (chưa sửa chữa),0,14,Intel Core i5,4.0,Onboard,256,Nước khác,laptop,2.600.000 đ
4179,Dell,Inspiron,Đã sử dụng (chưa sửa chữa),1,16,Intel Core i5,16.0,NVIDIA,512,Nước khác,laptop,21.000.000 đ
4180,Lenovo,Legion Y Series,Đã sử dụng (chưa sửa chữa),0,16,Intel Core i5,16.0,NVIDIA,500,Nước khác,laptop,8.000.000 đ
4181,Dell,Latitude,Đã sử dụng (chưa sửa chữa),1,12,Intel Core i5,8.0,Onboard,128,Mỹ,laptop,2.500.000 đ
4182,Microsoft,Surface,Đã sử dụng (chưa sửa chữa),0,14,Intel Core i5,8.0,Onboard,256,Nước khác,laptop,6.000.000 đ
4183,Acer,Aspire,Đã sử dụng (qua sửa chữa),0,16,Intel Core i3,4.0,NVIDIA,256,Việt Nam,laptop,3.000.000 đ
4184,Dell,Alienware,Đã sử dụng (chưa sửa chữa),0,14,AMD,64.0,Onboard,640,Mỹ,laptop,1.000.000 đ
4185,HP,ProBook,Mới,3,16,Intel Core i3,8.0,Onboard,128,Nhật Bản,laptop,3.700.000 đ
4186,Dell,Latitude,Đã sử dụng (chưa sửa chữa),2,12,Intel Core i5,8.0,Onboard,256,Nước khác,laptop,4.000.000 đ
4187,MSI,GF Series,Đã sử dụng (chưa sửa chữa),0,16,Intel Core i5,16.0,NVIDIA,512,Trung Quốc,laptop,13.500.000 đ
4188,HP,Pavilion,Đã sử dụng (chưa sửa chữa),9,16,Intel Core i5,8.0,NVIDIA,256,Nước khác,laptop,5.500.000 đ
4189,Asus,K Series,Đã sử dụng (chưa sửa chữa),0,16,Intel Core i5,8.0,Onboard,128,Trung Quốc,laptop,2.700.000 đ
4190,Lenovo,IdeaPad,Đã sử dụng (chưa sửa chữa),0,14,Intel Core i5,8.0,Onboard,256,Mỹ,laptop,6.800.000 đ
4191,Sony,F Series,Đã sử dụng (chưa sửa chữa),0,18,Intel Core i7,4.0,NVIDIA,128,Nước khác,laptop,2.300.000 đ
4192,HP,Elitebook,Đã sử dụng (chưa sửa chữa),0,14,Intel Core i5,16.0,Onboard,256,Nước khác,laptop,8.300.000 đ
4193,Microsoft,Surface Laptop Studio,Đã sử dụng (chưa sửa chữa),3,14,Intel Core i5,8.0,Onboard,128,Nước khác,laptop,4.500.000 đ
4194,Dell,Latitude,Đã sử dụng (chưa sửa chữa),5,12,Intel Core i5,8.0,Onboard,256,Nhật Bản,laptop,4.900.000 đ
4195,Sony,Vaio Series,Đã sử dụng (chưa sửa chữa),0,14,Intel Core i3,4.0,Onboard,500,Nhật Bản,laptop,999.999 đ
4196,HP,Elitebook,Đã sử dụng (chưa sửa chữa),0,14,Intel Core i5,8.0,Onboard,128,Nước khác,laptop,2.600.000 đ
4197,HP,Elitebook,Đã sử dụng (chưa sửa chữa),0,16,AMD,4.0,Onboard,250,Việt Nam,laptop,450.000 đ
4198,Dell,Precision,Đã sử dụng (chưa sửa chữa),5,16,Intel Core i9,32.0,NVIDIA,1000,Nước khác,laptop,29.700.000 đ
4199,Lenovo,ThinkPad,Đã sử dụng (chưa sửa chữa),0,14,Intel Core i5,4.0,Onboard,128,Nước khác,laptop,2.100.000 đ
4200,Hãng Khác,Dòng khác,Đã sử dụng (chưa sửa chữa),0,18,Intel Core i7,8.0,NVIDIA,256,Nước khác,laptop,8.900.000 đ
4201,Hãng Khác,Dòng khác,Đã sử dụng (chưa sửa chữa),0,14,Intel Core i5,4.0,Onboard,256,Nước khác,laptop,4.500.000 đ
4202,HP,Elitebook,Đã sử dụng (chưa sửa chữa),12,14,Intel Core i7,16.0,Onboard,512,Mỹ,laptop,14.500.000 đ
4203,Dell,Inspiron,Đã sử dụng (chưa sửa chữa),0,16,Intel Core i5,8.0,Onboard,256,Nước khác,laptop,1.500.000 đ
4204,Asus,VivoBook S Series,Đã sử dụng (chưa sửa chữa),5,14,Intel Core i5,8.0,Onboard,512,Việt Nam,laptop,9.800.000 đ
4205,HP,Elitebook,Đã sử dụng (chưa sửa chữa),0,14,Ryzen 3,8.0,Onboard,256,Nước khác,laptop,5.200.000 đ
4206,Dell,Precision,Đã sử dụng (chưa sửa chữa),1,16,Intel Core i7,16.0,NVIDIA,512,Mỹ,laptop,11.300.000 đ
4207,Apple,MacBook Air M2,Đã sử dụng (chưa sửa chữa),5,16,Apple M2,8.0,Onboard,256,Mỹ,laptop,23.500.000 đ
4208,Microsoft,Surface Pro 5,Đã sử dụng (chưa sửa chữa),0,10,Intel Core i3,4.0,Onboard,128,Việt Nam,laptop,3.300.000 đ
4209,Acer,Aspire,Đã sử dụng (chưa sửa chữa),3,16,Ryzen 7,16.0,NVIDIA,512,Việt Nam,laptop,10.900.000 đ
4210,Dell,Latitude,Đã sử dụng (chưa sửa chữa),3,14,Intel Core i5,8.0,Onboard,256,Mỹ,laptop,5.500.000 đ
4211,Hãng Khác,Dòng khác,Đã sử dụng (chưa sửa chữa),0,20,Intel Atom,2.0,Onboard,120,Mỹ,laptop,1.500.000 đ
4212,Dell,Precision,Đã sử dụng (chưa sửa chữa),1,16,Intel Core i9,16.0,NVIDIA,512,Mỹ,laptop,18.000.000 đ
4213,Apple,MacBook Pro M1 Touch Bar,Đã sử dụng (chưa sửa chữa),5,14,Apple M1,16.0,Onboard,512,Nước khác,laptop,21.000.000 đ
4214,Dell,Latitude,Đã sử dụng (chưa sửa chữa),3,12,Intel Core i7,8.0,Onboard,256,Mỹ,laptop,4.800.000 đ
4215,Dell,XPS,Mới,9,14,Intel Core i7,32.0,Onboard,1000,Mỹ,laptop,25.990.000 đ
4216,HP,ZBook,Đã sử dụng (chưa sửa chữa),1,14,Intel Core i7,4.0,Onboard,128,Nhật Bản,laptop,3.350.000 đ
4217,HP,Victus,Đã sử dụng (chưa sửa chữa),0,16,Ryzen 5,32.0,NVIDIA,512,Việt Nam,laptop,13.000.000 đ
4218,Apple,MacBook Air,Đã sử dụng (chưa sửa chữa),5,14,Intel Core i3,8.0,Onboard,256,Mỹ,laptop,12.000.000 đ
4219,Dell,Latitude,Đã sử dụng (chưa sửa chữa),0,14,Intel Core i5,8.0,AMD,128,Nước khác,laptop,4.150.000 đ
4220,Apple,MacBook Pro,Đã sử dụng (qua sửa chữa),0,16,Intel Core i5,8.0,NVIDIA,250,Nước khác,laptop,1.500.000 đ
4221,Dell,XPS,Mới,9,14,Intel Core i7,16.0,Onboard,512,Mỹ,laptop,23.990.000 đ
4222,Dell,Latitude,Đã sử dụng (chưa sửa chữa),0,14,Intel Core i5,8.0,Onboard,256,Mỹ,laptop,7.500.000 đ
4223,Dell,Latitude,Đã sử dụng (chưa sửa chữa),0,14,Intel Core i5,4.0,Onboard,256,Việt Nam,laptop,2.800.000 đ
4224,HP,Notebook,Đã sử dụng (chưa sửa chữa),3,18,Intel Core i5,8.0,Onboard,512,Việt Nam,laptop,8.200.000 đ
4225,Apple,MacBook Pro,Đã sử dụng (chưa sửa chữa),5,14,Intel Core i5,8.0,Onboard,256,Hàn Quốc,laptop,11.500.000 đ
4226,Dell,Vostro,Đã sử dụng (chưa sửa chữa),3,14,Intel Core i3,8.0,Onboard,256,Việt Nam,laptop,6.200.000 đ
4227,Apple,MacBook,Mới,9,14,Intel Core i5,8.0,Onboard,256,Mỹ,laptop,22.500.000 đ
4228,HP,ProBook,Đã sử dụng (chưa sửa chữa),0,16,Intel Core i7,8.0,Onboard,128,Nhật Bản,laptop,6.000.000 đ
4229,Asus,X Series,Đã sử dụng (chưa sửa chữa),0,14,Intel Core i5,8.0,Onboard,128,Nước khác,laptop,2.300.000 đ
4230,Asus,X Series,Đã sử dụng (chưa sửa chữa),1,16,Intel Core i3,8.0,Onboard,128,Việt Nam,laptop,2.600.000 đ
4231,Toshiba,Satellite Series,Đã sử dụng (chưa sửa chữa),0,14,Intel Core i5,8.0,Onboard,128,Nước khác,laptop,1.600.000 đ
4232,Apple,MacBook Pro M2,Mới,1,14,Apple M2,32.0,Onboard,512,Mỹ,laptop,43.000.000 đ
4233,Asus,VivoBook S Series,Đã sử dụng (chưa sửa chữa),0,12,Intel Core i3,4.0,Onboard,128,Việt Nam,laptop,2.400.000 đ
4234,Dell,Latitude,Đã sử dụng (chưa sửa chữa),1,16,Intel Core i5,8.0,Onboard,256,Nhật Bản,laptop,5.250.000 đ
4235,Apple,MacBook Pro Touch Bar,Đã sử dụng (chưa sửa chữa),5,16,Intel Core i7,16.0,Onboard,1500,Mỹ,laptop,12.000.000 đ
4236,Lenovo,IdeaPad,Đã sử dụng (chưa sửa chữa),1,16,Ryzen 5,8.0,Onboard,512,Nước khác,laptop,8.990.000 đ
4237,Dell,Inspiron,Đã sử dụng (chưa sửa chữa),0,16,Intel Core i7,16.0,NVIDIA,128,Nước khác,laptop,10.500.000 đ
4238,MSI,GF Series,Đã sử dụng (chưa sửa chữa),9,16,Intel Core i5,8.0,NVIDIA,512,Việt Nam,laptop,12.490.000 đ
4239,Asus,A series,Đã sử dụng (chưa sửa chữa),0,16,Intel Core i5,8.0,NVIDIA,128,Nước khác,laptop,1.900.000 đ
4240,Dell,Latitude,Đã sử dụng (chưa sửa chữa),3,12,Intel Core i7,16.0,Onboard,256,Nhật Bản,laptop,5.800.000 đ
4241,Apple,MacBook Air,Đã sử dụng (chưa sửa chữa),0,14,Intel Core i5,8.0,Onboard,256,Nước khác,laptop,6.500.000 đ
4242,Apple,MacBook Air,Đã sử dụng (chưa sửa chữa),5,14,Intel Core i5,16.0,Onboard,512,Mỹ,laptop,9.000.000 đ
4243,Lenovo,ThinkPad,Đã sử dụng (chưa sửa chữa),1,14,Intel Core i5,4.0,Onboard,500,Nước khác,laptop,2.300.000 đ
4244,HP,Envy,Đã sử dụng (chưa sửa chữa),1,16,Ryzen 7,16.0,Onboard,512,Nước khác,laptop,12.000.000 đ
4245,Asus,TUF Gaming,Đã sử dụng (chưa sửa chữa),5,16,Intel Core i5,8.0,NVIDIA,512,Nước khác,laptop,12.899.000 đ
4246,Dell,Vostro,Đã sử dụng (chưa sửa chữa),3,14,Intel Core i5,8.0,Onboard,256,Nước khác,laptop,4.500.000 đ
4247,HP,Elitebook,Đã sử dụng (chưa sửa chữa),0,14,AMD,8.0,AMD,256,Nhật Bản,laptop,3.300.000 đ
4248,Apple,MacBook Air M2,Đã sử dụng (chưa sửa chữa),5,14,Apple M2,8.0,Onboard,256,Nước khác,laptop,18.500.000 đ
4249,Dell,Inspiron,Đã sử dụng (chưa sửa chữa),0,14,Intel Core i5,8.0,Onboard,128,Việt Nam,laptop,3.200.000 đ
4250,Lenovo,ThinkPad,Đã sử dụng (chưa sửa chữa),3,14,Ryzen 7,16.0,Onboard,512,Nước khác,laptop,14.000.000 đ
4251,Apple,MacBook Pro Touch Bar,Đã sử dụng (chưa sửa chữa),5,14,Intel Core i7,16.0,Onboard,512,Nước khác,laptop,20.000.000 đ
4252,Apple,MacBook Pro,Đã sử dụng (chưa sửa chữa),0,14,Intel Core i5,64.0,Onboard,1000,Mỹ,laptop,60.990.000 đ
4253,Lenovo,ThinkPad,Đã sử dụng (chưa sửa chữa),1,14,Intel Core i5,8.0,Onboard,256,Việt Nam,laptop,4.800.000 đ
4254,Dell,XPS,Đã sử dụng (chưa sửa chữa),3,14,Intel Core i7,16.0,Onboard,256,Mỹ,laptop,8.900.000 đ
4255,Apple,MacBook Pro,Đã sử dụng (chưa sửa chữa),0,14,Intel Core i7,16.0,Onboard,512,Nước khác,laptop,5.300.000 đ
4256,Microsoft,Surface Book 2,Đã sử dụng (chưa sửa chữa),0,14,Intel Core i7,16.0,NVIDIA,512,Nước khác,laptop,10.800.000 đ
4257,Apple,MacBook Pro Touch Bar,Đã sử dụng (chưa sửa chữa),5,14,Intel Core i5,16.0,Onboard,512,Mỹ,laptop,15.500.000 đ
4258,Apple,MacBook Pro Touch Bar,Đã sử dụng (chưa sửa chữa),0,16,Intel Core i7,16.0,AMD,512,Mỹ,laptop,21.990.000 đ
4259,Dell,Latitude,Đã sử dụng (chưa sửa chữa),5,16,Intel Core i5,8.0,NVIDIA,256,Nước khác,laptop,7.899.000 đ
4260,HP,Elitebook,Đã sử dụng (chưa sửa chữa),3,14,Intel Core i5,4.0,Onboard,256,Nước khác,laptop,5.000.000 đ
4261,Microsoft,Surface Book 2,Đã sử dụng (chưa sửa chữa),0,14,Intel Core i7,16.0,NVIDIA,256,Nước khác,laptop,10.000.000 đ
4262,Dell,Vostro,Đã sử dụng (chưa sửa chữa),3,14,Intel Core i7,16.0,NVIDIA,512,Nước khác,laptop,11.000.000 đ
4263,Dell,Inspiron,Đã sử dụng (chưa sửa chữa),1,14,Intel Core i7,16.0,Onboard,512,Nước khác,laptop,11.500.000 đ
4264,HP,ProBook,Đã sử dụng (chưa sửa chữa),5,16,Intel Core i3,4.0,Onboard,128,Nước khác,laptop,4.500.000 đ
4265,Apple,MacBook Air M2,Mới,1,16,Apple M2,16.0,Onboard,512,Mỹ,laptop,39.000.000 đ
4266,Microsoft,Surface,Đã sử dụng (chưa sửa chữa),0,14,Intel Atom,4.0,Onboard,128,Nước khác,laptop,1.899.999 đ
4267,Acer,Aspire,Đã sử dụng (chưa sửa chữa),3,16,Intel Core i5,4.0,Onboard,128,Việt Nam,laptop,3.800.000 đ
4268,Apple,MacBook Pro,Đã sử dụng (chưa sửa chữa),0,14,Intel Core i7,16.0,Onboard,512,Việt Nam,laptop,7.800.000 đ
4269,Hãng Khác,Dòng khác,Đã sử dụng (chưa sửa chữa),3,14,Intel Core i5,16.0,Onboard,256,Mỹ,laptop,7.500.000 đ
4270,Apple,MacBook Pro,Đã sử dụng (chưa sửa chữa),1,16,Intel Core i7,16.0,NVIDIA,500,Việt Nam,laptop,7.900.000 đ
4271,Dell,Latitude,Đã sử dụng (chưa sửa chữa),3,14,Intel Core i5,8.0,Onboard,256,Nước khác,laptop,6.200.000 đ
4272,Lenovo,IdeaPad,Mới,1,12,Intel Pentium,4.0,Onboard,256,Việt Nam,laptop,2.900.000 đ
4273,Microsoft,Surface Book 2,Đã sử dụng (chưa sửa chữa),0,14,Intel Core i7,8.0,Onboard,256,Nước khác,laptop,9.000.000 đ
4274,HP,Pavilion,Đã sử dụng (chưa sửa chữa),0,16,AMD,4.0,Onboard,250,Mỹ,laptop,500.000 đ
4275,Apple,MacBook Pro,Đã sử dụng (chưa sửa chữa),0,14,Intel Core i5,8.0,Onboard,256,Việt Nam,laptop,7.100.000 đ
4276,Apple,MacBook Pro Touch Bar,Đã sử dụng (chưa sửa chữa),5,14,Intel Core i5,8.0,Onboard,256,Mỹ,laptop,10.500.000 đ
4277,Dell,Latitude,Đã sử dụng (chưa sửa chữa),0,14,Intel Core i5,8.0,Onboard,128,Nước khác,laptop,1.600.000 đ
4278,Dell,Vostro,Đã sử dụng (chưa sửa chữa),0,16,Intel Core i5,8.0,AMD,256,Nhật Bản,laptop,5.000.000 đ
4279,Apple,MacBook Air,Đã sử dụng (qua sửa chữa),0,14,Intel Core i5,8.0,Onboard,128,Nước khác,laptop,6.500.000 đ
4280,Apple,MacBook Pro Touch Bar,Đã sử dụng (chưa sửa chữa),0,16,Intel Core i9,16.0,AMD,512,Nước khác,laptop,15.800.000 đ
4281,Apple,MacBook Pro,Đã sử dụng (chưa sửa chữa),1,14,Intel Core i5,4.0,Onboard,128,Việt Nam,laptop,4.600.000 đ
4282,Sony,Vaio Series,Đã sử dụng (chưa sửa chữa),0,14,Intel Core i3,4.0,AMD,120,Trung Quốc,laptop,1.499.000 đ
4283,HP,Elitebook,Đã sử dụng (chưa sửa chữa),0,14,Intel Core i5,8.0,Onboard,256,Nước khác,laptop,6.700.000 đ
4284,Dell,G Series,Đã sử dụng (chưa sửa chữa),1,16,Intel Core i7,16.0,NVIDIA,512,Mỹ,laptop,16.800.000 đ
4285,Apple,MacBook Air,Đã sử dụng (chưa sửa chữa),5,14,Intel Core i5,8.0,Onboard,256,Mỹ,laptop,8.500.000 đ
4286,Lenovo,ThinkPad,Đã sử dụng (chưa sửa chữa),12,14,Intel Core i5,8.0,Onboard,256,Việt Nam,laptop,9.999.000 đ
4287,HP,Spectre,Đã sử dụng (chưa sửa chữa),0,16,Intel Core i7,16.0,Onboard,512,Nước khác,laptop,17.500.000 đ
4288,Dell,Vostro,Đã sử dụng (chưa sửa chữa),3,14,Intel Core i5,8.0,Onboard,256,Việt Nam,laptop,7.800.000 đ
4289,Microsoft,Surface Book,Đã sử dụng (chưa sửa chữa),0,14,Intel Core i7,16.0,NVIDIA,512,Nước khác,laptop,6.500.000 đ
4290,Apple,MacBook Air M2,Mới,1,14,Apple M2,16.0,Onboard,256,Mỹ,laptop,25.500.000 đ
4291,Acer,Aspire,Đã sử dụng (chưa sửa chữa),12,21,Intel Core i5,4.0,Onboard,128,Nước khác,laptop,3.800.000 đ
4292,Dell,Precision,Đã sử dụng (chưa sửa chữa),0,16,Intel Core i7,16.0,NVIDIA,512,Nước khác,laptop,12.990.000 đ
4293,Lenovo,ThinkPad,Đã sử dụng (chưa sửa chữa),9,14,Intel Core i7,16.0,Onboard,256,Nước khác,laptop,11.500.000 đ
4294,Asus,TUF Gaming,Đã sử dụng (chưa sửa chữa),5,16,Ryzen 7,8.0,NVIDIA,512,Nước khác,laptop,13.499.000 đ
4295,HP,Pavilion,Đã sử dụng (chưa sửa chữa),3,16,Intel Core i5,8.0,Onboard,256,Việt Nam,laptop,8.500.000 đ
4296,Microsoft,Surface Pro 3,Đã sử dụng (chưa sửa chữa),0,14,Intel Core i5,8.0,Onboard,256,Nước khác,laptop,4.300.000 đ
4297,Apple,MacBook Air M1,Đã sử dụng (chưa sửa chữa),5,14,Apple M1,8.0,Onboard,512,Nước khác,laptop,14.500.000 đ
4298,HP,Notebook,Đã sử dụng (chưa sửa chữa),0,14,Ryzen 3,8.0,Onboard,256,Mỹ,laptop,4.250.000 đ
4299,Dell,Inspiron,Đã sử dụng (qua sửa chữa),0,14,Intel Core i3,4.0,Onboard,120,Nhật Bản,laptop,1.500.000 đ
4300,Asus,X Series,Đã sử dụng (chưa sửa chữa),0,16,Intel Core i3,4.0,Onboard,128,Nước khác,laptop,3.000.000 đ
4301,Toshiba,Satellite Series,Đã sử dụng (chưa sửa chữa),0,14,Intel Core i5,4.0,Onboard,128,Nhật Bản,laptop,4.999.999 đ
4302,MSI,Modern Series,Mới,0,16,Intel Core i5,8.0,Onboard,256,Việt Nam,laptop,9.500.000 đ
4303,Microsoft,Surface Book 2,Đã sử dụng (chưa sửa chữa),0,14,Intel Core i5,8.0,Onboard,256,Nước khác,laptop,6.500.000 đ
4304,Lenovo,ThinkPad,Đã sử dụng (chưa sửa chữa),0,14,Intel Core i5,4.0,Onboard,320,Nước khác,laptop,950.000 đ
4305,Hãng Khác,Dòng khác,Đã sử dụng (chưa sửa chữa),0,14,Intel Core i5,16.0,Onboard,1500,Nước khác,laptop,15.990.000 đ
4306,HP,Elitebook,Đã sử dụng (chưa sửa chữa),0,14,Intel Core i5,8.0,Onboard,120,Nước khác,laptop,1.650.000 đ
4307,Asus,VivoBook S Series,Đã sử dụng (chưa sửa chữa),1,16,Intel Core i5,8.0,NVIDIA,128,Nước khác,laptop,3.650.000 đ
4308,Dell,Latitude,Mới,0,16,Intel Core i5,8.0,Onboard,256,Nhật Bản,laptop,4.500.000 đ
4309,Apple,MacBook Pro,Đã sử dụng (chưa sửa chữa),0,14,Intel Core i5,8.0,Onboard,256,Nước khác,laptop,7.000.000 đ
4310,Dell,Latitude,Đã sử dụng (chưa sửa chữa),0,14,Intel Core i5,8.0,Onboard,128,Nước khác,laptop,3.900.000 đ
4311,HP,Elitebook,Đã sử dụng (chưa sửa chữa),3,14,Intel Core i5,8.0,Onboard,256,Nước khác,laptop,5.000.000 đ
4312,Dell,Alienware,Đã sử dụng (chưa sửa chữa),3,16,Intel Core i7,16.0,NVIDIA,256,Nước khác,laptop,10.900.000 đ
4313,HP,Elitebook,Đã sử dụng (chưa sửa chữa),0,16,Intel Core i3,4.0,Onboard,256,Mỹ,laptop,4.000.000 đ
4314,Dell,Inspiron,Đã sử dụng (chưa sửa chữa),1,16,Intel Core i5,8.0,NVIDIA,120,Nước khác,laptop,4.000.000 đ
4315,Microsoft,Surface,Đã sử dụng (chưa sửa chữa),0,14,Intel Core i7,16.0,Onboard,256,Nước khác,laptop,12.500.000 đ
4316,Dell,Inspiron,Đã sử dụng (chưa sửa chữa),3,14,Intel Core i5,4.0,Onboard,128,Việt Nam,laptop,1.750.000 đ
4317,MSI,Bravo Series,Đã sử dụng (chưa sửa chữa),0,16,Ryzen 5,8.0,AMD,256,Việt Nam,laptop,9.000.000 đ
4318,Dell,Latitude,Đã sử dụng (chưa sửa chữa),0,14,Intel Core i5,4.0,Onboard,256,Nước khác,laptop,750.000 đ
4319,Dell,Latitude,Đã sử dụng (chưa sửa chữa),0,14,Intel Core i7,8.0,Onboard,256,Nước khác,laptop,6.500.000 đ
4320,Lenovo,ThinkPad,Đã sử dụng (chưa sửa chữa),3,16,Intel Core i7,8.0,NVIDIA,128,Nước khác,laptop,3.700.000 đ
4321,HP,Envy,Đã sử dụng (chưa sửa chữa),0,14,Intel Core i7,8.0,Onboard,256,Nước khác,laptop,6.500.000 đ
4322,HP,Pavilion,Đã sử dụng (qua sửa chữa),0,14,Intel Core i3,8.0,Onboard,640,Nước khác,laptop,2.400.000 đ
4323,Dell,Inspiron,Đã sử dụng (chưa sửa chữa),1,14,Intel Core i5,4.0,NVIDIA,120,Việt Nam,laptop,2.300.000 đ
4324,HP,ZBook,Đã sử dụng (chưa sửa chữa),0,16,Intel Core i7,16.0,NVIDIA,500,Nước khác,laptop,7.500.000 đ
4325,Lenovo,ThinkPad,Đã sử dụng (chưa sửa chữa),3,14,Intel Core i7,16.0,Onboard,256,Mỹ,laptop,8.500.000 đ
4326,Apple,MacBook Pro,Đã sử dụng (qua sửa chữa),0,16,AMD,16.0,AMD,256,Mỹ,laptop,5.500.000 đ
4327,MSI,GF Series,Mới,0,16,Intel Core i5,16.0,NVIDIA,1000,Việt Nam,laptop,10.300.000 đ
4328,Apple,MacBook Pro,Đã sử dụng (chưa sửa chữa),0,14,Intel Core i5,4.0,Onboard,128,Nước khác,laptop,2.100.000 đ
4329,Lenovo,ThinkPad,Đã sử dụng (chưa sửa chữa),3,14,Intel Core i5,8.0,Onboard,500,Nước khác,laptop,7.500.000 đ
4330,Lenovo,ThinkPad,Đã sử dụng (chưa sửa chữa),3,16,Intel Xeon,64.0,NVIDIA,1500,Nước khác,laptop,33.500.000 đ
4331,Dell,Latitude,Mới,12,10,Intel Core i5,4.0,Onboard,128,Việt Nam,laptop,3.290.000 đ
4332,Apple,MacBook Pro M1,Đã sử dụng (chưa sửa chữa),3,14,Apple M1,16.0,Onboard,512,Nước khác,laptop,33.000.000 đ
4333,Apple,MacBook Air,Đã sử dụng (chưa sửa chữa),0,14,Intel Core 2 Duo,2.0,Onboard,120,Nước khác,laptop,1.950.000 đ
4334,HP,Elitebook,Đã sử dụng (chưa sửa chữa),3,14,Intel Core i5,8.0,Onboard,256,Nước khác,laptop,9.300.000 đ
4335,Apple,MacBook Air,Đã sử dụng (chưa sửa chữa),0,14,Intel Core i5,4.0,Onboard,128,Nước khác,laptop,3.000.000 đ
4336,Microsoft,Surface Pro 9,Mới,1,14,Intel Core i5,8.0,Onboard,256,Mỹ,laptop,16.500.000 đ
4337,HP,Elitebook,Đã sử dụng (chưa sửa chữa),0,14,Intel Core i5,4.0,Onboard,500,Nước khác,laptop,1.600.000 đ
4338,Apple,MacBook Pro,Đã sử dụng (chưa sửa chữa),0,14,Intel Core i5,8.0,Onboard,128,Nước khác,laptop,3.400.000 đ
4339,Dell,Precision,Đã sử dụng (chưa sửa chữa),0,16,Intel Core i7,8.0,Onboard,256,Việt Nam,laptop,5.800.000 đ
4340,Apple,MacBook Pro M1,Đã sử dụng (chưa sửa chữa),1,14,Apple M1,8.0,Onboard,512,Nước khác,laptop,18.900.000 đ
4341,Lenovo,ThinkPad,Mới,1,16,Ryzen 7,16.0,NVIDIA,1000,Mỹ,laptop,30.800.000 đ
4342,Acer,Aspire,Đã sử dụng (chưa sửa chữa),0,12,Intel Atom,2.0,Onboard,250,Nước khác,laptop,650.000 đ
4343,Microsoft,Surface,Đã sử dụng (chưa sửa chữa),0,14,Intel Atom,4.0,Onboard,128,Nước khác,laptop,1.900.000 đ
4344,HP,Elitebook,Đã sử dụng (chưa sửa chữa),0,14,Intel Core i5,8.0,Onboard,256,Nước khác,laptop,2.250.000 đ
4345,Lenovo,IdeaPad,Đã sử dụng (chưa sửa chữa),12,14,Intel Core i5,8.0,Onboard,512,Việt Nam,laptop,8.999.000 đ
4346,HP,ProBook,Đã sử dụng (chưa sửa chữa),1,16,Intel Core i5,8.0,NVIDIA,256,Nhật Bản,laptop,2.000.000 đ
4347,Apple,MacBook Air M1,Đã sử dụng (chưa sửa chữa),0,14,Apple M1,16.0,Onboard,256,Nước khác,laptop,18.500.000 đ
4348,Apple,MacBook Air,Đã sử dụng (chưa sửa chữa),1,14,Intel Core i5,16.0,Onboard,256,Nước khác,laptop,9.500.000 đ
4349,HP,Compaq,Đã sử dụng (chưa sửa chữa),0,14,Intel Core 2 Duo,2.0,Onboard,128,Việt Nam,laptop,450.000 đ
4350,Dell,Inspiron,Đã sử dụng (chưa sửa chữa),0,14,Intel Core i5,4.0,Onboard,512,Nước khác,laptop,1.900.000 đ
4351,Apple,MacBook Air,Đã sử dụng (chưa sửa chữa),1,14,Intel Core i5,8.0,Onboard,128,Mỹ,laptop,6.800.000 đ
4352,Lenovo,ThinkPad,Đã sử dụng (chưa sửa chữa),1,16,Intel Core i7,64.0,NVIDIA,512,Nước khác,laptop,25.500.000 đ
4353,HP,Notebook,Đã sử dụng (chưa sửa chữa),12,16,Ryzen 5,8.0,AMD,256,Trung Quốc,laptop,5.800.000 đ
4354,Dell,Latitude,Đã sử dụng (chưa sửa chữa),1,14,Intel Core i5,4.0,Onboard,120,Việt Nam,laptop,2.800.000 đ
4355,Dell,Latitude,Đã sử dụng (chưa sửa chữa),1,14,Intel Core i7,8.0,Onboard,256,Mỹ,laptop,5.900.000 đ
4356,Apple,MacBook Pro Touch Bar,Đã sử dụng (chưa sửa chữa),1,16,Intel Core i7,16.0,AMD,512,Mỹ,laptop,10.800.000 đ
4357,Dell,Vostro,Đã sử dụng (chưa sửa chữa),3,14,Intel Core i5,8.0,Onboard,128,Nhật Bản,laptop,2.999.000 đ
4358,Lenovo,ThinkPad,Mới,1,14,Intel Core i7,8.0,Onboard,128,Nước khác,laptop,2.900.000 đ
4359,HP,Elitebook,Mới,1,12,Intel Core i5,8.0,Onboard,128,Nước khác,laptop,2.800.000 đ
4360,HP,Elitebook,Mới,5,16,Intel Core i3,8.0,Onboard,128,Nước khác,laptop,3.333.000 đ
4361,Sony,F Series,Mới,1,14,Intel Core i5,8.0,Onboard,512,Mỹ,laptop,15.600.000 đ
4362,HP,Notebook,Đã sử dụng (chưa sửa chữa),1,14,Intel Core i7,8.0,Onboard,512,Nước khác,laptop,9.900.000 đ
4363,Asus,VivoBook S Series,Đã sử dụng (chưa sửa chữa),0,12,Intel Core i5,4.0,Onboard,128,Mỹ,laptop,1.500.000 đ
4364,Microsoft,Surface Pro 5,Đã sử dụng (chưa sửa chữa),0,14,Intel Core i5,8.0,Onboard,256,Nước khác,laptop,4.199.000 đ
4365,Asus,VivoBook S Series,Đã sử dụng (chưa sửa chữa),1,14,Intel Core i3,4.0,Onboard,128,Đài Loan,laptop,3.500.000 đ
4366,HP,Elitebook,Đã sử dụng (chưa sửa chữa),1,14,Intel Core i5,16.0,Onboard,512,Nhật Bản,laptop,10.700.000 đ
4367,Lenovo,ThinkPad,Mới,3,14,Intel Core i5,16.0,Onboard,512,Trung Quốc,laptop,15.500.000 đ
4368,Dell,Latitude,Đã sử dụng (chưa sửa chữa),1,16,Intel Core i5,8.0,Onboard,128,Nước khác,laptop,4.700.000 đ
4369,Dell,Latitude,Mới,1,14,Intel Core i7,8.0,Onboard,256,Nhật Bản,laptop,5.900.000 đ
4370,Dell,Precision Mobile Workstations,Đã sử dụng (chưa sửa chữa),0,18,Intel Core i7,16.0,NVIDIA,128,Việt Nam,laptop,6.000.000 đ
4371,Acer,Aspire,Đã sử dụng (chưa sửa chữa),0,14,Intel Core i3,4.0,Onboard,128,Đài Loan,laptop,3.200.000 đ
4372,Lenovo,ThinkPad,Đã sử dụng (chưa sửa chữa),0,14,Intel Core i5,8.0,Onboard,128,Mỹ,laptop,6.299.000 đ
4373,Lenovo,ThinkPad,Đã sử dụng (chưa sửa chữa),0,14,Intel Core i7,16.0,NVIDIA,256,Nước khác,laptop,5.800.000 đ
4374,Lenovo,ThinkPad,Đã sử dụng (chưa sửa chữa),0,14,Intel Core i5,16.0,Onboard,256,Nước khác,laptop,6.900.000 đ
4375,Dell,Inspiron,Đã sử dụng (chưa sửa chữa),5,14,Intel Core i5,4.0,Onboard,128,Nước khác,laptop,3.200.000 đ
4376,Lenovo,ThinkPad,Đã sử dụng (chưa sửa chữa),0,14,Intel Core i3,4.0,Onboard,500,Nước khác,laptop,2.500.000 đ
4377,Dell,Latitude,Đã sử dụng (chưa sửa chữa),0,16,Intel Core i7,16.0,NVIDIA,512,Nước khác,laptop,10.300.000 đ
4378,HP,Elitebook,Đã sử dụng (chưa sửa chữa),0,16,AMD,8.0,Onboard,256,Việt Nam,laptop,6.800.000 đ
4379,Dell,Vostro,Mới,12,14,Intel Core i5,8.0,NVIDIA,256,Nước khác,laptop,13.700.000 đ
4380,Dell,Inspiron,Đã sử dụng (chưa sửa chữa),3,14,Intel Pentium,2.0,AMD,500,Đài Loan,laptop,2.500.000 đ
4381,Dell,Precision,Đã sử dụng (chưa sửa chữa),9,16,Intel Xeon,32.0,NVIDIA,256,Nước khác,laptop,10.500.000 đ
4382,Dell,Inspiron,Đã sử dụng (chưa sửa chữa),3,14,Intel Core i5,8.0,Onboard,512,Việt Nam,laptop,11.200.000 đ
4383,Dell,Inspiron,Đã sử dụng (chưa sửa chữa),3,14,Intel Core i5,16.0,NVIDIA,512,Mỹ,laptop,10.900.000 đ
4384,Dell,XPS,Đã sử dụng (chưa sửa chữa),3,14,Intel Core i7,8.0,Onboard,256,Mỹ,laptop,7.500.000 đ
4385,Lenovo,ThinkPad,Đã sử dụng (chưa sửa chữa),1,12,Intel Core i5,8.0,Onboard,256,Nhật Bản,laptop,3.990.000 đ
4386,Dell,Latitude,Đã sử dụng (chưa sửa chữa),3,14,Intel Core i5,8.0,Onboard,256,Việt Nam,laptop,4.800.000 đ
4387,Lenovo,ThinkPad,Đã sử dụng (chưa sửa chữa),5,14,Intel Core i5,8.0,Onboard,256,Việt Nam,laptop,3.000.000 đ
4388,Asus,K Series,Đã sử dụng (chưa sửa chữa),0,16,Intel Core i3,4.0,NVIDIA,128,Nước khác,laptop,1.500.000 đ
4389,Hãng Khác,Dòng khác,Đã sử dụng (chưa sửa chữa),3,18,Intel Core i7,16.0,NVIDIA,512,Việt Nam,laptop,16.500.000 đ
4390,Lenovo,Legion Y Series,Mới,12,16,Ryzen 5,16.0,NVIDIA,512,Việt Nam,laptop,23.999.999 đ
4391,HP,Notebook,Đã sử dụng (chưa sửa chữa),1,14,Intel Core i3,8.0,Onboard,256,Việt Nam,laptop,6.000.000 đ
4392,HP,Pavilion,Đã sử dụng (chưa sửa chữa),0,14,Intel Core i5,16.0,Onboard,256,Nước khác,laptop,2.900.000 đ
4393,Dell,Inspiron,Đã sử dụng (chưa sửa chữa),0,12,Intel Core i5,4.0,Onboard,128,Nước khác,laptop,3.000.000 đ
4394,Dell,Inspiron,Mới,3,16,Intel Core i5,8.0,Onboard,512,Mỹ,laptop,11.000.000 đ
4395,Asus,A series,Đã sử dụng (chưa sửa chữa),0,14,Intel Core i3,4.0,Onboard,128,Nước khác,laptop,1.500.000 đ
4396,Dell,Latitude,Đã sử dụng (qua sửa chữa),3,16,Intel Core i5,4.0,Onboard,128,Việt Nam,laptop,4.500.000 đ
4397,Acer,Aspire,Đã sử dụng (qua sửa chữa),0,14,Intel Core i3,4.0,Onboard,250,Nước khác,laptop,1.100.000 đ
4398,Microsoft,Surface Book,Đã sử dụng (chưa sửa chữa),0,14,Intel Core i5,8.0,Onboard,256,Mỹ,laptop,11.999.999 đ
4399,Lenovo,ThinkPad,Đã sử dụng (chưa sửa chữa),3,14,Intel Core i5,8.0,Onboard,256,Nước khác,laptop,5.500.000 đ
4400,HP,Notebook,Đã sử dụng (chưa sửa chữa),0,14,Intel Core i5,4.0,Onboard,128,Nước khác,laptop,1.999.000 đ
4401,Dell,Latitude,Đã sử dụng (chưa sửa chữa),3,14,Intel Core i7,8.0,Onboard,256,Mỹ,laptop,5.600.000 đ
4402,Lenovo,ThinkPad,Đã sử dụng (chưa sửa chữa),0,14,Intel Core i5,8.0,Onboard,128,Nước khác,laptop,3.000.000 đ
4403,HP,ProBook,Đã sử dụng (chưa sửa chữa),0,14,AMD,8.0,Onboard,512,Nước khác,laptop,8.290.000 đ
4404,Dell,Latitude,Đã sử dụng (chưa sửa chữa),0,14,Intel Core i5,4.0,Onboard,128,Nước khác,laptop,3.099.000 đ
4405,Dell,Latitude,Đã sử dụng (chưa sửa chữa),0,14,Intel Core i5,16.0,NVIDIA,256,Nước khác,laptop,4.900.000 đ
4406,Asus,B series,Đã sử dụng (chưa sửa chữa),3,14,Intel Core i5,8.0,Onboard,256,Đài Loan,laptop,3.500.000 đ
4407,HP,Pavilion,Đã sử dụng (chưa sửa chữa),1,16,Intel Core i5,8.0,Onboard,512,Việt Nam,laptop,10.500.000 đ
4408,Dell,Vostro,Đã sử dụng (chưa sửa chữa),3,14,Ryzen 3,8.0,Onboard,256,Nước khác,laptop,4.500.000 đ
4409,Dell,Latitude,Đã sử dụng (chưa sửa chữa),0,14,Intel Core i5,4.0,Onboard,256,Nước khác,laptop,1.050.000 đ
4410,Dell,Latitude,Đã sử dụng (chưa sửa chữa),0,14,Intel Core i7,8.0,Onboard,256,Nước khác,laptop,4.999.999 đ
4411,HP,ProBook,Đã sử dụng (chưa sửa chữa),0,14,Intel Core i5,8.0,Onboard,256,Việt Nam,laptop,4.700.000 đ
4412,Hãng Khác,Dòng khác,Đã sử dụng (chưa sửa chữa),0,18,Intel Core i7,16.0,NVIDIA,1500,Nhật Bản,laptop,9.490.000 đ
4413,Acer,Aspire,Đã sử dụng (chưa sửa chữa),0,14,Intel Core i5,8.0,Onboard,512,Nước khác,laptop,6.790.000 đ
4414,HP,Notebook,Đã sử dụng (chưa sửa chữa),3,14,Intel Core i3,8.0,Onboard,256,Nước khác,laptop,5.500.000 đ
4415,Dell,Latitude,Đã sử dụng (chưa sửa chữa),0,14,Intel Core i5,8.0,Onboard,256,Nước khác,laptop,4.567.891 đ
4416,Asus,X Series,Đã sử dụng (chưa sửa chữa),0,16,Intel Core i5,8.0,Onboard,700,Nước khác,laptop,3.900.000 đ
4417,Apple,MacBook Pro,Đã sử dụng (chưa sửa chữa),0,14,Intel Core i5,8.0,Onboard,256,Nước khác,laptop,5.100.000 đ
4418,Acer,Aspire,Đã sử dụng (chưa sửa chữa),0,16,Intel Core i5,8.0,Onboard,256,Nước khác,laptop,2.800.000 đ
4419,Lenovo,ThinkPad,Đã sử dụng (chưa sửa chữa),3,14,Intel Core i5,8.0,Onboard,256,Nước khác,laptop,5.200.000 đ
4420,Acer,Aspire,Đã sử dụng (chưa sửa chữa),0,14,Intel Core i3,6.0,Onboard,128,Trung Quốc,laptop,650.000 đ
4421,Asus,VivoBook S Series,Đã sử dụng (chưa sửa chữa),1,16,Ryzen 9,16.0,NVIDIA,512,Mỹ,laptop,19.800.000 đ
4422,Dell,Inspiron,Đã sử dụng (chưa sửa chữa),0,14,Intel Core i5,8.0,NVIDIA,256,Nước khác,laptop,3.000.000 đ
4423,Dell,Vostro,Đã sử dụng (chưa sửa chữa),0,16,Intel Core i7,8.0,AMD,1000,Nước khác,laptop,5.800.000 đ
4424,Apple,MacBook Pro,Đã sử dụng (qua sửa chữa),0,16,Intel Core i7,16.0,NVIDIA,512,Nước khác,laptop,7.000.000 đ
4425,HP,ProBook,Đã sử dụng (chưa sửa chữa),1,14,Intel Core i5,8.0,Onboard,256,Mỹ,laptop,2.800.000 đ
4426,Samsung,Galaxyboook,Đã sử dụng (chưa sửa chữa),0,10,Intel Atom,2.0,Onboard,320,Hàn Quốc,laptop,600.000 đ
4427,Hãng Khác,Dòng khác,Đã sử dụng (chưa sửa chữa),0,16,Intel Core i5,8.0,Onboard,256,Nước khác,laptop,5.500.000 đ
4428,Acer,Aspire,Đã sử dụng (chưa sửa chữa),5,16,Intel Core i7,8.0,Onboard,512,Việt Nam,laptop,10.900.000 đ
4429,Lenovo,ThinkBook,Đã sử dụng (chưa sửa chữa),0,16,Intel Core i5,16.0,Onboard,1000,Nước khác,laptop,14.500.000 đ
4430,Dell,Alienware,Đã sử dụng (chưa sửa chữa),3,18,Intel Core i7,16.0,NVIDIA,512,Mỹ,laptop,15.999.999 đ
4431,Hãng Khác,Dòng khác,Đã sử dụng (chưa sửa chữa),1,12,Intel Celeron,8.0,Onboard,256,Trung Quốc,laptop,3.500.000 đ
4432,Apple,MacBook Air M1,Đã sử dụng (chưa sửa chữa),0,14,Apple M1,8.0,NVIDIA,256,Việt Nam,laptop,14.800.000 đ
4433,Apple,MacBook Pro,Đã sử dụng (chưa sửa chữa),1,14,Intel Core i7,16.0,Onboard,256,Nước khác,laptop,11.800.000 đ
4434,Lenovo,ThinkPad,Đã sử dụng (chưa sửa chữa),1,14,Intel Core i7,16.0,Onboard,512,Mỹ,laptop,14.800.000 đ
4435,MSI,GF Series,Đã sử dụng (chưa sửa chữa),5,14,Intel Core i7,16.0,NVIDIA,512,Mỹ,laptop,17.500.000 đ
4436,Asus,ExpertBook,Đã sử dụng (chưa sửa chữa),0,14,Intel Core i3,8.0,Onboard,256,Nước khác,laptop,6.800.000 đ
4437,HP,Elitebook,Mới,3,12,Intel Core i5,8.0,Onboard,128,Nhật Bản,laptop,2.800.000 đ
4438,Dell,Vostro,Đã sử dụng (chưa sửa chữa),1,14,Intel Core i5,4.0,NVIDIA,128,Việt Nam,laptop,4.200.000 đ
4439,Asus,A series,Đã sử dụng (chưa sửa chữa),0,16,Intel Core i5,8.0,NVIDIA,250,Việt Nam,laptop,3.500.000 đ
4440,HP,Elitebook,Đã sử dụng (chưa sửa chữa),1,16,Ryzen 5,8.0,AMD,256,Nước khác,laptop,7.500.000 đ
4441,Lenovo,ThinkPad,Đã sử dụng (chưa sửa chữa),0,14,Intel Core i7,8.0,Onboard,250,Nước khác,laptop,3.000.000 đ
4442,Asus,A series,Đã sử dụng (chưa sửa chữa),0,16,Intel Core i5,8.0,NVIDIA,512,Nước khác,laptop,6.500.000 đ
4443,Toshiba,Satellite Series,Đã sử dụng (chưa sửa chữa),0,14,Intel Core i5,4.0,Onboard,256,Nước khác,laptop,1.350.000 đ
4444,HP,Pavilion,Đã sử dụng (chưa sửa chữa),0,16,Intel Core i5,8.0,Onboard,256,Nước khác,laptop,7.200.000 đ
4445,Dell,Inspiron,Đã sử dụng (chưa sửa chữa),0,16,Intel Core i5,8.0,Onboard,256,Nước khác,laptop,4.500.000 đ
4446,Toshiba,Satellite Series,Đã sử dụng (chưa sửa chữa),5,14,Intel Core i5,8.0,Onboard,256,Nhật Bản,laptop,4.200.000 đ
4447,MSI,GF Series,Đã sử dụng (chưa sửa chữa),1,16,Intel Core i7,8.0,NVIDIA,512,Nước khác,laptop,22.300.000 đ
4448,Dell,Precision,Đã sử dụng (chưa sửa chữa),1,18,Intel Core i7,8.0,NVIDIA,256,Mỹ,laptop,3.400.000 đ
4449,Asus,VivoBook S Series,Đã sử dụng (chưa sửa chữa),3,14,Intel Core i3,8.0,Onboard,256,Nước khác,laptop,6.500.000 đ
4450,Lenovo,ThinkPad,Mới,1,16,Intel Core i7,16.0,NVIDIA,1000,Mỹ,laptop,29.500.000 đ
4451,HP,Elitebook,Đã sử dụng (chưa sửa chữa),0,16,Intel Core i3,8.0,Onboard,128,Nhật Bản,laptop,3.000.000 đ
4452,Microsoft,Surface,Đã sử dụng (chưa sửa chữa),0,14,Intel Core i7,8.0,Onboard,256,Mỹ,laptop,5.500.000 đ
4453,Lenovo,Yoga,Đã sử dụng (chưa sửa chữa),0,12,Intel Core i5,4.0,Onboard,128,Việt Nam,laptop,1.499.900 đ
4454,HP,Pavilion,Đã sử dụng (chưa sửa chữa),0,14,Intel Core i5,8.0,Onboard,512,Nước khác,laptop,8.800.000 đ
4455,Acer,Predator,Đã sử dụng (chưa sửa chữa),1,16,Intel Core i5,16.0,NVIDIA,512,Nước khác,laptop,24.200.000 đ
4456,Toshiba,Satellite Series,Đã sử dụng (chưa sửa chữa),0,16,AMD,4.0,AMD,256,Nước khác,laptop,1.690.000 đ
4457,Asus,X Series,Đã sử dụng (chưa sửa chữa),0,14,Intel Core i3,4.0,Onboard,128,Nước khác,laptop,3.200.000 đ
4458,Dell,G Series,Đã sử dụng (chưa sửa chữa),1,16,Intel Core i7,16.0,NVIDIA,256,Mỹ,laptop,10.000.000 đ
4459,Asus,A series,Đã sử dụng (qua sửa chữa),0,16,Intel Core i5,8.0,NVIDIA,1000,Nước khác,laptop,2.700.000 đ
4460,MSI,Modern Series,Đã sử dụng (chưa sửa chữa),9,16,Ryzen 7,8.0,AMD,512,Việt Nam,laptop,10.490.000 đ
4461,Apple,MacBook Pro,Đã sử dụng (chưa sửa chữa),0,14,Intel Core i5,8.0,Onboard,256,Mỹ,laptop,6.500.000 đ
4462,Dell,Latitude,Đã sử dụng (chưa sửa chữa),1,14,Intel Core i5,8.0,NVIDIA,256,Mỹ,laptop,3.000.000 đ
4463,Dell,Inspiron,Đã sử dụng (chưa sửa chữa),0,14,Intel Core i3,4.0,Onboard,128,Nước khác,laptop,2.700.000 đ
4464,Lenovo,ThinkPad,Đã sử dụng (chưa sửa chữa),1,14,Intel Core i5,16.0,Onboard,256,Nước khác,laptop,6.000.000 đ
4465,HP,ProBook,Đã sử dụng (chưa sửa chữa),1,14,Intel Core i3,8.0,Onboard,128,Nước khác,laptop,1.900.000 đ
4466,Dell,G Series,Đã sử dụng (chưa sửa chữa),1,16,Intel Core i7,16.0,NVIDIA,256,Mỹ,laptop,12.500.000 đ
4467,Dell,Precision,Đã sử dụng (chưa sửa chữa),3,16,Intel Core i7,16.0,NVIDIA,256,Mỹ,laptop,7.900.000 đ
4468,Lenovo,ThinkPad,Đã sử dụng (chưa sửa chữa),1,12,Intel Core i5,8.0,Onboard,256,Việt Nam,laptop,5.500.000 đ
4469,Toshiba,Portege,Đã sử dụng (chưa sửa chữa),3,14,Intel Core i5,8.0,Onboard,256,Nhật Bản,laptop,5.800.000 đ
4470,Dell,Latitude,Đã sử dụng (chưa sửa chữa),0,14,Intel Core i7,8.0,Onboard,256,Nước khác,laptop,4.500.000 đ
4471,Dell,Alienware,Đã sử dụng (chưa sửa chữa),0,18,Intel Core i7,8.0,NVIDIA,1000,Nhật Bản,laptop,5.600.000 đ
4472,HP,Pavilion,Đã sử dụng (chưa sửa chữa),1,14,Intel Core i5,8.0,Onboard,256,Mỹ,laptop,10.800.000 đ
4473,Dell,Latitude,Đã sử dụng (chưa sửa chữa),1,14,Intel Core i5,4.0,Onboard,256,Mỹ,laptop,1.500.000 đ
4474,Lenovo,ThinkPad,Đã sử dụng (chưa sửa chữa),0,14,Intel Core i5,8.0,NVIDIA,120,Nhật Bản,laptop,3.990.000 đ
4475,Apple,MacBook Pro,Đã sử dụng (chưa sửa chữa),1,14,Intel Core i5,8.0,Onboard,256,Nước khác,laptop,6.500.000 đ
4476,HP,Notebook,Đã sử dụng (chưa sửa chữa),1,16,Intel Core i3,4.0,Onboard,128,Nhật Bản,laptop,1.550.000 đ
4477,Dell,Latitude,Đã sử dụng (chưa sửa chữa),0,14,Intel Core i3,8.0,Onboard,512,Nhật Bản,laptop,3.700.000 đ
4478,Asus,TUF Gaming,Mới,9,14,Intel Core i5,8.0,NVIDIA,512,Việt Nam,laptop,14.000.000 đ
4479,Apple,MacBook Air M1,Mới,1,14,Apple M1,8.0,Onboard,256,Nước khác,laptop,16.990.000 đ
4480,Microsoft,Surface,Đã sử dụng (chưa sửa chữa),1,14,Intel Core i7,16.0,Onboard,512,Mỹ,laptop,13.800.000 đ
4481,Lenovo,ThinkPad,Đã sử dụng (chưa sửa chữa),0,14,Intel Core i5,8.0,Onboard,256,Nước khác,laptop,6.500.000 đ
4482,Microsoft,Surface Pro 4,Đã sử dụng (chưa sửa chữa),0,14,Intel Core i5,4.0,Onboard,128,Nước khác,laptop,3.500.000 đ
4483,Lenovo,IdeaPad,Mới,12,14,Intel Core i5,8.0,Onboard,512,Mỹ,laptop,8.200.000 đ
4484,Apple,MacBook Air,Đã sử dụng (chưa sửa chữa),3,14,Intel Core i5,8.0,Onboard,128,Mỹ,laptop,9.500.000 đ
4485,HP,ProBook,Đã sử dụng (chưa sửa chữa),1,14,Intel Core i5,8.0,Onboard,256,Việt Nam,laptop,3.650.000 đ
4486,Dell,Latitude,Đã sử dụng (chưa sửa chữa),0,14,Intel Core i5,8.0,Onboard,120,Nước khác,laptop,1.800.000 đ
4487,Dell,Latitude,Đã sử dụng (chưa sửa chữa),0,14,Intel Core i5,16.0,Onboard,256,Nước khác,laptop,7.300.000 đ
4488,Dell,Inspiron,Đã sử dụng (chưa sửa chữa),0,14,Intel Core i3,8.0,NVIDIA,128,Nước khác,laptop,1.300.000 đ
4489,Apple,MacBook Pro,Đã sử dụng (chưa sửa chữa),0,14,Intel Core i5,8.0,Onboard,256,Việt Nam,laptop,8.300.000 đ
4490,Dell,Latitude,Đã sử dụng (chưa sửa chữa),1,12,Intel Core i5,8.0,Onboard,256,Mỹ,laptop,4.200.000 đ
4491,HP,Elitebook,Đã sử dụng (chưa sửa chữa),0,14,Intel Core i3,4.0,Onboard,128,Nước khác,laptop,1.200.000 đ
4492,Apple,MacBook Air,Đã sử dụng (chưa sửa chữa),0,14,Intel Core i5,8.0,Onboard,256,Nước khác,laptop,4.300.000 đ
4493,Dell,Latitude,Đã sử dụng (chưa sửa chữa),1,14,Intel Core i7,8.0,NVIDIA,256,Nước khác,laptop,6.800.000 đ
4494,Lenovo,ThinkPad,Đã sử dụng (chưa sửa chữa),3,14,Intel Core i3,8.0,Onboard,256,Nước khác,laptop,4.500.000 đ
4495,Dell,Latitude,Đã sử dụng (chưa sửa chữa),1,14,Intel Core i5,8.0,NVIDIA,256,Nước khác,laptop,5.300.000 đ
4496,HP,Elitebook,Đã sử dụng (chưa sửa chữa),3,16,Intel Core i5,8.0,Onboard,128,Mỹ,laptop,3.300.000 đ
4497,HP,Elitebook,Đã sử dụng (chưa sửa chữa),1,16,Intel Pentium,4.0,Onboard,128,Nhật Bản,laptop,2.000.000 đ
4498,Dell,Inspiron,Đã sử dụng (chưa sửa chữa),0,16,Intel Core i5,16.0,NVIDIA,640,Mỹ,laptop,7.500.000 đ
4499,Dell,Latitude,Đã sử dụng (chưa sửa chữa),0,14,Intel Celeron,4.0,Onboard,128,Nước khác,laptop,1.800.000 đ
4500,Dell,Inspiron,Đã sử dụng (chưa sửa chữa),0,16,Intel Core i3,4.0,Onboard,128,Việt Nam,laptop,1.450.000 đ
4501,Apple,MacBook Air,Đã sử dụng (chưa sửa chữa),0,12,Intel Core i5,4.0,Onboard,256,Nhật Bản,laptop,4.050.000 đ
4502,Lenovo,ThinkPad,Đã sử dụng (chưa sửa chữa),1,14,Intel Core i5,8.0,Onboard,128,Việt Nam,laptop,3.199.999 đ
4503,Dell,Precision,Đã sử dụng (chưa sửa chữa),5,16,Intel Core i7,32.0,NVIDIA,512,Mỹ,laptop,15.300.000 đ
4504,Dell,XPS,Đã sử dụng (chưa sửa chữa),5,16,Intel Core i7,32.0,NVIDIA,512,Mỹ,laptop,19.550.000 đ
4505,Dell,Latitude,Đã sử dụng (chưa sửa chữa),0,14,Intel Core i5,8.0,Onboard,256,Mỹ,laptop,4.700.000 đ
4506,Dell,Latitude,Đã sử dụng (chưa sửa chữa),0,12,Intel Core i5,8.0,Onboard,256,Mỹ,laptop,3.600.000 đ
4507,Lenovo,ThinkPad,Mới,1,16,Intel Core i7,16.0,NVIDIA,1000,Mỹ,laptop,35.800.000 đ
4508,Asus,FX Series/ZX Series,Đã sử dụng (chưa sửa chữa),1,16,Ryzen 7,16.0,NVIDIA,512,Việt Nam,laptop,16.500.000 đ
4509,Apple,MacBook Air,Đã sử dụng (chưa sửa chữa),0,14,Intel Core i5,8.0,Onboard,128,Nước khác,laptop,3.990.000 đ
4510,HP,Elitebook,Đã sử dụng (chưa sửa chữa),3,14,Intel Core i5,8.0,NVIDIA,256,Việt Nam,laptop,1.700.000 đ
4511,Dell,Latitude,Đã sử dụng (chưa sửa chữa),3,16,Intel Core i5,8.0,NVIDIA,256,Việt Nam,laptop,1.600.000 đ
4512,Dell,Latitude,Đã sử dụng (chưa sửa chữa),3,16,Intel Core i5,8.0,NVIDIA,256,Việt Nam,laptop,1.800.000 đ
4513,Hãng Khác,Dòng khác,Đã sử dụng (chưa sửa chữa),3,16,Intel Core i5,8.0,NVIDIA,256,Việt Nam,laptop,1.700.000 đ
4514,HP,ProBook,Đã sử dụng (chưa sửa chữa),1,14,Intel Core i5,8.0,Onboard,256,Nước khác,laptop,3.990.000 đ
4515,HP,Elitebook,Đã sử dụng (chưa sửa chữa),3,14,Intel Core i5,8.0,NVIDIA,256,Việt Nam,laptop,1.900.000 đ
4516,Dell,Latitude,Đã sử dụng (chưa sửa chữa),3,16,Ryzen 7,16.0,NVIDIA,512,Nước khác,laptop,17.800.000 đ
4517,Asus,ASUSPRO,Đã sử dụng (chưa sửa chữa),1,14,Intel Core i5,8.0,NVIDIA,256,Nước khác,laptop,13.500.000 đ
4518,Lenovo,IdeaPad,Đã sử dụng (chưa sửa chữa),1,16,Ryzen 5,16.0,NVIDIA,512,Nước khác,laptop,16.500.000 đ
4519,Hãng Khác,Dòng khác,Đã sử dụng (chưa sửa chữa),3,16,Intel Core i5,16.0,NVIDIA,512,Nước khác,laptop,14.500.000 đ
4520,Dell,Latitude,Đã sử dụng (chưa sửa chữa),0,14,Intel Core i5,8.0,Onboard,128,Mỹ,laptop,5.500.000 đ
4521,HP,Pavilion,Đã sử dụng (chưa sửa chữa),9,14,Intel Core i5,8.0,Onboard,512,Việt Nam,laptop,10.900.000 đ
4522,Lenovo,ThinkPad,Đã sử dụng (chưa sửa chữa),3,14,Intel Core i7,8.0,Onboard,256,Nước khác,laptop,7.300.000 đ
4523,Dell,Latitude,Đã sử dụng (chưa sửa chữa),0,14,Intel Core i5,4.0,Onboard,256,Nước khác,laptop,1.200.000 đ
4524,Dell,Inspiron,Đã sử dụng (chưa sửa chữa),0,16,Intel Core i5,4.0,Onboard,500,Việt Nam,laptop,1.400.000 đ
4525,Lenovo,ThinkPad,Mới,3,14,Intel Core i5,8.0,Onboard,128,Nhật Bản,laptop,6.300.000 đ
4526,Dell,Precision,Đã sử dụng (chưa sửa chữa),0,16,Intel Core i7,8.0,NVIDIA,128,Việt Nam,laptop,4.800.000 đ
4527,HP,Elitebook,Đã sử dụng (chưa sửa chữa),0,14,Intel Core i5,4.0,Onboard,256,Nước khác,laptop,2.500.000 đ
4528,MSI,GF Series,Đã sử dụng (chưa sửa chữa),0,16,Intel Core i7,16.0,NVIDIA,1500,Nước khác,laptop,12.000.000 đ
4529,HP,Elitebook,Đã sử dụng (chưa sửa chữa),0,12,Intel Core i5,8.0,Onboard,256,Nước khác,laptop,4.500.000 đ
4530,Acer,Aspire,Đã sử dụng (chưa sửa chữa),1,16,Intel Core i3,16.0,Onboard,256,Việt Nam,laptop,2.500.000 đ
4531,Hãng Khác,Dòng khác,Đã sử dụng (chưa sửa chữa),0,14,Intel Celeron,8.0,Onboard,256,Trung Quốc,laptop,3.490.000 đ
4532,Dell,Inspiron,Đã sử dụng (chưa sửa chữa),0,16,Intel Core i5,8.0,Onboard,500,Trung Quốc,laptop,10.000.000 đ
4533,Dell,Vostro,Mới,1,16,Intel Core i7,16.0,NVIDIA,512,Mỹ,laptop,17.000.000 đ
4534,Asus,VivoBook S Series,Đã sử dụng (qua sửa chữa),0,12,Intel Celeron,2.0,Onboard,256,Việt Nam,laptop,1.000.000 đ
4535,Dell,Latitude,Đã sử dụng (chưa sửa chữa),1,14,Intel Core i5,8.0,Onboard,256,Mỹ,laptop,7.500.000 đ
4536,Hãng Khác,Dòng khác,Mới,1,14,Intel Core i5,8.0,Onboard,256,Nước khác,laptop,5.500.000 đ
4537,Dell,Inspiron,Đã sử dụng (chưa sửa chữa),0,14,Intel Core i7,16.0,Onboard,256,Nước khác,laptop,9.500.000 đ
4538,Acer,Aspire,Đã sử dụng (chưa sửa chữa),0,14,Intel Pentium,2.0,Onboard,250,Nước khác,laptop,1.000.000 đ
4539,HP,Elitebook,Đã sử dụng (chưa sửa chữa),0,14,Intel Core i5,8.0,Onboard,256,Nước khác,laptop,7.500.000 đ
4540,Microsoft,Surface Pro 9,Đã sử dụng (chưa sửa chữa),1,14,Intel Core i5,8.0,Onboard,1000,Mỹ,laptop,22.500.000 đ
4541,Lenovo,ThinkPad,Đã sử dụng (qua sửa chữa),3,16,Ryzen 5,16.0,NVIDIA,750,Việt Nam,laptop,16.000.000 đ
4542,Microsoft,Surface Book,Đã sử dụng (chưa sửa chữa),0,14,Intel Core i5,8.0,Onboard,128,Nước khác,laptop,5.500.000 đ
4543,Dell,Inspiron,Đã sử dụng (chưa sửa chữa),0,16,Intel Core i7,8.0,AMD,128,Việt Nam,laptop,4.600.000 đ
4544,Dell,XPS,Đã sử dụng (chưa sửa chữa),0,14,Intel Core i5,8.0,Onboard,250,Nhật Bản,laptop,9.000.000 đ
4545,Dell,Vostro,Đã sử dụng (chưa sửa chữa),0,16,Intel Core i5,8.0,Onboard,256,Nước khác,laptop,4.000.000 đ
4546,Dell,Inspiron,Đã sử dụng (chưa sửa chữa),3,16,Intel Core i5,8.0,NVIDIA,128,Việt Nam,laptop,3.800.000 đ
4547,Dell,Latitude,Đã sử dụng (chưa sửa chữa),1,14,Intel Core i7,8.0,Onboard,256,Mỹ,laptop,5.650.000 đ
4548,Apple,MacBook Pro,Đã sử dụng (qua sửa chữa),0,14,Intel Atom,8.0,Onboard,128,Mỹ,laptop,8.000.000 đ
4549,HP,ProBook,Đã sử dụng (chưa sửa chữa),3,14,Intel Core i5,4.0,Onboard,128,Mỹ,laptop,2.300.000 đ
4550,Dell,Latitude,Đã sử dụng (qua sửa chữa),1,14,Intel Core i7,8.0,Onboard,256,Nước khác,laptop,5.299.000 đ
4551,Dell,Latitude,Đã sử dụng (chưa sửa chữa),1,14,Intel Core i7,8.0,Onboard,256,Mỹ,laptop,6.399.999 đ
4552,Dell,Latitude,Đã sử dụng (chưa sửa chữa),1,14,Intel Core i5,8.0,Onboard,256,Mỹ,laptop,4.300.000 đ
4553,Dell,Latitude,Đã sử dụng (chưa sửa chữa),1,14,Intel Core i7,8.0,Onboard,256,Việt Nam,laptop,4.900.000 đ
4554,Dell,Latitude,Đã sử dụng (chưa sửa chữa),1,12,Intel Core i5,8.0,Onboard,256,Nhật Bản,laptop,4.800.000 đ
4555,Apple,MacBook Pro M1 Touch Bar,Đã sử dụng (chưa sửa chữa),0,14,Apple M1,8.0,Onboard,256,Nước khác,laptop,20.000.000 đ
4556,Apple,MacBook Pro,Đã sử dụng (chưa sửa chữa),0,16,Intel Core i7,16.0,Onboard,512,Việt Nam,laptop,7.900.000 đ
4557,Dell,Latitude,Đã sử dụng (chưa sửa chữa),1,10,Intel Core i5,64.0,Onboard,120,Nhật Bản,laptop,1.600.000 đ
4558,Acer,Aspire,Đã sử dụng (chưa sửa chữa),0,14,Intel Core i3,4.0,Onboard,128,Nước khác,laptop,1.000.000 đ
4559,HP,Elitebook,Đã sử dụng (chưa sửa chữa),0,14,Intel Core i7,16.0,Onboard,512,Nước khác,laptop,13.500.000 đ
4560,Lenovo,Legion Y Series,Đã sử dụng (chưa sửa chữa),0,16,Intel Core i7,16.0,NVIDIA,750,Nước khác,laptop,12.000.000 đ
4561,Lenovo,ThinkPad,Đã sử dụng (chưa sửa chữa),0,14,Intel Core i5,8.0,Onboard,256,Việt Nam,laptop,2.800.000 đ
4562,Dell,Latitude,Đã sử dụng (chưa sửa chữa),1,14,Intel Core i5,8.0,Onboard,256,Mỹ,laptop,5.099.999 đ
4563,Apple,MacBook Air,Đã sử dụng (chưa sửa chữa),2,14,Intel Core i5,8.0,Onboard,128,Mỹ,laptop,9.900.000 đ
4564,Apple,MacBook Pro,Đã sử dụng (chưa sửa chữa),0,14,Intel Core i5,8.0,Onboard,128,Mỹ,laptop,7.800.000 đ
4565,Dell,Precision,Đã sử dụng (chưa sửa chữa),0,14,Intel Core i7,64.0,Onboard,500,Nước khác,laptop,4.500.000 đ
4566,Asus,X Series,Đã sử dụng (chưa sửa chữa),0,16,Intel Core i5,4.0,Onboard,256,Việt Nam,laptop,5.000.000 đ
4567,Apple,MacBook Pro Touch Bar,Đã sử dụng (qua sửa chữa),1,14,Intel Core i5,16.0,Onboard,512,Nước khác,laptop,11.500.000 đ
4568,HP,Elitebook,Đã sử dụng (chưa sửa chữa),0,14,Intel Core i5,6.0,Onboard,500,Nước khác,laptop,2.200.000 đ
4569,Dell,Inspiron,Đã sử dụng (chưa sửa chữa),0,16,Intel Core i3,4.0,Onboard,500,Nước khác,laptop,2.020.000 đ
4570,HP,ProBook,Mới,0,14,Intel Core i3,8.0,Onboard,128,Nhật Bản,laptop,2.900.000 đ
4571,Apple,MacBook Pro,Đã sử dụng (chưa sửa chữa),0,16,Intel Core i7,16.0,Onboard,512,Mỹ,laptop,7.900.000 đ
4572,Asus,ROG Strix Scar,Đã sử dụng (chưa sửa chữa),0,16,Intel Core i7,8.0,NVIDIA,256,Việt Nam,laptop,7.000.000 đ
4573,HP,Elitebook,Đã sử dụng (chưa sửa chữa),0,14,Intel Core i5,8.0,Onboard,500,Việt Nam,laptop,1.500.000 đ
4574,Dell,Latitude,Đã sử dụng (chưa sửa chữa),1,14,Intel Core i5,4.0,Onboard,128,Việt Nam,laptop,1.750.000 đ
4575,Dell,Latitude,Đã sử dụng (chưa sửa chữa),1,16,Intel Core i7,8.0,NVIDIA,256,Nước khác,laptop,2.000.000 đ
4576,Dell,Latitude,Đã sử dụng (chưa sửa chữa),1,14,Intel Core i5,4.0,Onboard,320,Mỹ,laptop,1.600.000 đ
4577,Apple,MacBook Pro,Đã sử dụng (chưa sửa chữa),0,14,Intel Core i5,8.0,Onboard,128,Nước khác,laptop,5.300.000 đ
4578,Apple,MacBook Air M1,Đã sử dụng (chưa sửa chữa),0,14,Apple M1,8.0,Onboard,256,Nước khác,laptop,13.600.000 đ
4579,Asus,VivoBook S Series,Đã sử dụng (chưa sửa chữa),0,14,Intel Core i5,4.0,Onboard,1000,Nước khác,laptop,3.500.000 đ
4580,Asus,Zenbook Series,Đã sử dụng (chưa sửa chữa),3,14,Intel Core i7,16.0,Onboard,1000,Mỹ,laptop,19.200.000 đ
4581,HP,ProBook,Đã sử dụng (qua sửa chữa),0,14,Intel Core i3,8.0,Onboard,500,Nước khác,laptop,1.600.000 đ
4582,Microsoft,Surface Pro X,Đã sử dụng (chưa sửa chữa),0,14,Microsoft SQ2,8.0,Onboard,512,Nước khác,laptop,10.200.000 đ
4583,Lenovo,IdeaPad,Mới,1,14,Intel Core i5,8.0,Onboard,512,Trung Quốc,laptop,7.500.000 đ
4584,Dell,Latitude,Đã sử dụng (chưa sửa chữa),1,12,Intel Core i7,8.0,Onboard,256,Nước khác,laptop,5.500.000 đ
4585,Apple,MacBook Air M1,Đã sử dụng (chưa sửa chữa),0,12,Apple M1,8.0,Onboard,256,Mỹ,laptop,14.500.000 đ
4586,Dell,Latitude,Đã sử dụng (chưa sửa chữa),0,14,Intel Core i5,8.0,Onboard,128,Mỹ,laptop,3.800.000 đ
4587,Acer,Aspire,Đã sử dụng (chưa sửa chữa),0,14,Intel Core i5,4.0,Onboard,250,Nước khác,laptop,1.200.000 đ
4588,Lenovo,ThinkPad,Đã sử dụng (chưa sửa chữa),1,14,Intel Core i5,8.0,Onboard,256,Nhật Bản,laptop,4.500.000 đ
4589,Asus,VivoBook S Series,Đã sử dụng (chưa sửa chữa),0,14,Intel Pentium,4.0,Onboard,250,Đài Loan,laptop,2.650.000 đ
4590,Dell,Vostro,Đã sử dụng (chưa sửa chữa),0,16,Intel Core i7,8.0,NVIDIA,500,Mỹ,laptop,1.111.111 đ
4591,Dell,Latitude,Đã sử dụng (chưa sửa chữa),0,14,Intel Core i7,8.0,Onboard,500,Nước khác,laptop,4.800.000 đ
4592,Asus,VivoBook S Series,Đã sử dụng (chưa sửa chữa),0,14,Intel Core i3,8.0,Onboard,128,Nước khác,laptop,4.000.000 đ
4593,Acer,Helios,Đã sử dụng (chưa sửa chữa),1,16,Intel Core i5,16.0,NVIDIA,512,Đài Loan,laptop,23.000.000 đ
4594,Dell,Latitude,Đã sử dụng (chưa sửa chữa),0,16,Intel Core i5,8.0,Onboard,256,Nước khác,laptop,4.090.000 đ
4595,Lenovo,ThinkPad,Mới,5,14,Intel Core i7,32.0,Onboard,512,Mỹ,laptop,11.500.000 đ
4596,Dell,Vostro,Đã sử dụng (chưa sửa chữa),0,14,Intel Core i5,8.0,Onboard,128,Nước khác,laptop,3.899.000 đ
4597,Dell,Latitude,Mới,5,14,Intel Core i5,16.0,Onboard,256,Mỹ,laptop,12.100.000 đ
4598,Dell,Latitude,Đã sử dụng (chưa sửa chữa),0,12,Intel Core i7,16.0,Onboard,256,Nước khác,laptop,4.900.000 đ
4599,Hãng Khác,Dòng khác,Đã sử dụng (chưa sửa chữa),3,14,Intel Core i5,8.0,Onboard,256,Nước khác,laptop,3.640.000 đ
4600,HP,Pavilion,Đã sử dụng (chưa sửa chữa),0,16,Intel Pentium,2.0,Onboard,250,Việt Nam,laptop,1.100.000 đ
4601,Dell,Latitude,Mới,5,14,Intel Core i5,16.0,Onboard,256,Mỹ,laptop,6.600.000 đ
4602,Lenovo,ThinkPad,Mới,1,16,Intel Core i7,16.0,NVIDIA,512,Mỹ,laptop,30.800.000 đ
4603,HP,Pavilion,Đã sử dụng (chưa sửa chữa),0,14,Intel Core i7,16.0,Onboard,512,Ấn Độ,laptop,9.500.000 đ
4604,Dell,Latitude,Mới,5,14,Intel Core i5,16.0,Onboard,256,Mỹ,laptop,7.800.000 đ
4605,Apple,MacBook,Đã sử dụng (chưa sửa chữa),0,16,Intel Core i7,8.0,Onboard,512,Mỹ,laptop,6.800.000 đ
4606,Dell,Precision,Đã sử dụng (chưa sửa chữa),0,16,Intel Core i7,8.0,Onboard,128,Nước khác,laptop,2.300.000 đ
4607,Lenovo,ThinkPad,Mới,5,14,Intel Core i5,8.0,Onboard,256,Mỹ,laptop,6.500.000 đ
4608,Dell,Latitude,Đã sử dụng (chưa sửa chữa),3,14,Intel Core i5,8.0,Onboard,256,Mỹ,laptop,4.000.000 đ
4609,HP,ProBook,Mới,5,14,Intel Core i5,8.0,AMD,256,Nhật Bản,laptop,4.900.000 đ
4610,Acer,Aspire,Đã sử dụng (qua sửa chữa),0,16,Intel Core i3,2.0,Onboard,120,Nước khác,laptop,1.200.000 đ
4611,Lenovo,ThinkPad,Đã sử dụng (chưa sửa chữa),3,14,Intel Core i5,16.0,Onboard,256,Mỹ,laptop,8.900.000 đ
4612,Apple,MacBook Air M2,Mới,1,14,Apple M2,8.0,Onboard,256,Nước khác,laptop,22.800.000 đ
4613,Lenovo,ThinkPad,Đã sử dụng (chưa sửa chữa),0,14,Ryzen 5,8.0,Onboard,128,Nước khác,laptop,3.500.000 đ
4614,Apple,MacBook Pro,Đã sử dụng (chưa sửa chữa),0,16,Intel Core i9,32.0,AMD,1000,Mỹ,laptop,27.000.000 đ
4615,Dell,Vostro,Đã sử dụng (chưa sửa chữa),0,16,Intel Core i3,4.0,Onboard,1000,Nước khác,laptop,3.500.000 đ
4616,Lenovo,IdeaPad,Đã sử dụng (chưa sửa chữa),12,14,Ryzen 7,16.0,Onboard,512,Việt Nam,laptop,17.000.000 đ
4617,Dell,Latitude,Đã sử dụng (chưa sửa chữa),1,12,Intel Core i5,8.0,Onboard,256,Nước khác,laptop,5.790.000 đ
4618,HP,Pavilion,Đã sử dụng (chưa sửa chữa),1,16,Intel Core i5,8.0,NVIDIA,256,Nước khác,laptop,7.000.000 đ
4619,Panasonic,CF,Đã sử dụng (chưa sửa chữa),0,10,Intel Core i5,4.0,Onboard,128,Nhật Bản,laptop,8.600.000 đ
4620,HP,Elitebook,Đã sử dụng (chưa sửa chữa),0,16,Intel Core i5,8.0,Onboard,128,Mỹ,laptop,3.500.000 đ
4621,Dell,Latitude,Đã sử dụng (chưa sửa chữa),1,12,Intel Core i5,8.0,Onboard,256,Mỹ,laptop,3.800.000 đ
4622,Apple,MacBook Pro,Đã sử dụng (chưa sửa chữa),0,16,Intel Core i7,8.0,Onboard,128,Nước khác,laptop,3.300.000 đ
4623,Toshiba,Satellite Series,Đã sử dụng (chưa sửa chữa),0,14,Intel Core i5,4.0,Onboard,128,Nước khác,laptop,1.850.000 đ
4624,Dell,Precision,Đã sử dụng (chưa sửa chữa),3,16,Intel Core i7,16.0,NVIDIA,512,Nước khác,laptop,8.200.000 đ
4625,Microsoft,Surface Book 2,Đã sử dụng (chưa sửa chữa),5,14,Intel Core i7,16.0,NVIDIA,512,Mỹ,laptop,14.890.000 đ
4626,Dell,Latitude,Đã sử dụng (chưa sửa chữa),1,12,Intel Core i5,8.0,Onboard,256,Mỹ,laptop,4.500.000 đ
4627,Dell,Latitude,Đã sử dụng (chưa sửa chữa),0,14,Intel Core i5,8.0,Onboard,256,Nước khác,laptop,3.499.000 đ
4628,Microsoft,Surface Book,Đã sử dụng (chưa sửa chữa),5,14,Intel Core i7,16.0,NVIDIA,512,Nước khác,laptop,11.890.000 đ
4629,Lenovo,ThinkPad,Đã sử dụng (chưa sửa chữa),3,14,Intel Core i5,8.0,Onboard,256,Mỹ,laptop,3.500.000 đ
4630,Hãng Khác,Dòng khác,Đã sử dụng (chưa sửa chữa),1,14,Intel Core i5,8.0,Onboard,256,Nước khác,laptop,4.990.000 đ
4631,HP,Elitebook,Đã sử dụng (chưa sửa chữa),3,16,Intel Core i5,8.0,Onboard,256,Mỹ,laptop,4.500.000 đ
4632,HP,ProBook,Đã sử dụng (chưa sửa chữa),0,14,Intel Core i5,8.0,Onboard,128,Nước khác,laptop,4.800.000 đ
4633,Apple,MacBook Air M1,Đã sử dụng (chưa sửa chữa),3,14,Apple M1,16.0,Onboard,256,Việt Nam,laptop,16.500.000 đ
4634,Asus,A series,Đã sử dụng (chưa sửa chữa),1,16,Intel Core i5,8.0,NVIDIA,128,Việt Nam,laptop,2.900.000 đ
4635,Asus,VivoBook S Series,Đã sử dụng (chưa sửa chữa),1,16,Intel Core i5,8.0,Onboard,512,Việt Nam,laptop,11.900.000 đ
4636,Apple,MacBook Air M2,Mới,12,14,Apple M2,8.0,Onboard,256,Nước khác,laptop,20.800.000 đ
4637,Asus,X Series,Đã sử dụng (chưa sửa chữa),0,14,Intel Core i3,4.0,Onboard,256,Việt Nam,laptop,1.590.000 đ
4638,Apple,MacBook Pro,Đã sử dụng (chưa sửa chữa),3,14,Intel Core i5,8.0,Onboard,256,Việt Nam,laptop,6.700.000 đ
4639,Hãng Khác,Dòng khác,Đã sử dụng (chưa sửa chữa),0,14,Intel Core i5,4.0,Onboard,128,Trung Quốc,laptop,4.500.000 đ
4640,Acer,Nitro 5,Đã sử dụng (chưa sửa chữa),1,16,Intel Core i5,16.0,NVIDIA,512,Nước khác,laptop,14.000.000 đ
4641,Dell,XPS,Đã sử dụng (chưa sửa chữa),1,14,Intel Core i5,8.0,Onboard,512,Nhật Bản,laptop,7.200.000 đ
4642,LG,Gram,Mới,9,14,Intel Core i7,16.0,Onboard,512,Hàn Quốc,laptop,28.500.000 đ
4643,Dell,Latitude,Đã sử dụng (chưa sửa chữa),0,14,Intel Core i7,8.0,Onboard,256,Mỹ,laptop,5.300.000 đ
4644,Acer,Aspire,Đã sử dụng (chưa sửa chữa),0,16,Intel Core i3,4.0,Onboard,1500,Trung Quốc,laptop,5.462.000 đ
4645,Apple,MacBook Air,Đã sử dụng (chưa sửa chữa),0,14,Intel Core i3,8.0,Onboard,256,Nước khác,laptop,2.000.000 đ
4646,Lenovo,ThinkPad,Đã sử dụng (chưa sửa chữa),1,16,Ryzen 5,16.0,NVIDIA,512,Việt Nam,laptop,17.900.000 đ
4647,Razer,Blade Stealth,Đã sử dụng (chưa sửa chữa),1,18,Intel Core i7,32.0,NVIDIA,1000,Nước khác,laptop,25.000.000 đ
4648,Dell,Inspiron,Đã sử dụng (chưa sửa chữa),5,16,Intel Core i7,8.0,NVIDIA,128,Việt Nam,laptop,4.500.000 đ
4649,Dell,Precision,Đã sử dụng (chưa sửa chữa),3,16,Intel Core i7,8.0,NVIDIA,256,Mỹ,laptop,5.000.000 đ
4650,Dell,Inspiron,Đã sử dụng (chưa sửa chữa),0,14,Intel Core i5,8.0,Onboard,256,Nước khác,laptop,500.000 đ
4651,Lenovo,ThinkPad,Đã sử dụng (chưa sửa chữa),1,12,Intel Core i5,4.0,Onboard,256,Nước khác,laptop,3.500.000 đ
4652,Hãng Khác,Dòng khác,Đã sử dụng (chưa sửa chữa),0,16,Ryzen 3,8.0,AMD,256,Nước khác,laptop,8.600.000 đ
4653,Dell,Latitude,Đã sử dụng (chưa sửa chữa),0,12,Intel Core i5,8.0,Onboard,256,Nhật Bản,laptop,4.300.000 đ
4654,Dell,Latitude,Đã sử dụng (chưa sửa chữa),3,14,Intel Core i5,8.0,Onboard,256,Nhật Bản,laptop,5.800.000 đ
4655,HP,ProBook,Đã sử dụng (chưa sửa chữa),0,16,Intel Core i5,4.0,Onboard,320,Nước khác,laptop,1.500.000 đ
4656,MSI,Modern Series,Đã sử dụng (chưa sửa chữa),5,14,Intel Core i3,8.0,Onboard,256,Nước khác,laptop,6.900.000 đ
4657,Lenovo,Yoga,Đã sử dụng (chưa sửa chữa),0,14,Intel Atom,4.0,Onboard,128,Nước khác,laptop,4.500.000 đ
4658,Acer,Aspire,Đã sử dụng (chưa sửa chữa),0,14,Intel Core i3,8.0,Onboard,256,Nước khác,laptop,500.000 đ
4659,Dell,Inspiron,Đã sử dụng (chưa sửa chữa),0,14,Intel Core i5,8.0,Onboard,256,Nước khác,laptop,4.800.000 đ
4660,Acer,Predator,Mới,1,16,Intel Core i7,16.0,NVIDIA,1000,Nước khác,laptop,31.000.000 đ
4661,Dell,Latitude,Đã sử dụng (chưa sửa chữa),1,14,Intel Core i7,8.0,Onboard,256,Mỹ,laptop,6.500.000 đ
4662,Lenovo,ThinkPad,Đã sử dụng (chưa sửa chữa),9,14,Intel Core i7,16.0,Onboard,1000,Mỹ,laptop,14.500.000 đ
4663,Hãng Khác,Dòng khác,Đã sử dụng (chưa sửa chữa),0,14,Intel Core i5,8.0,Onboard,256,Nhật Bản,laptop,4.500.000 đ
4664,Lenovo,ThinkPad,Đã sử dụng (chưa sửa chữa),0,14,Intel Core i5,4.0,Onboard,320,Nước khác,laptop,1.050.000 đ
4665,Dell,Inspiron,Đã sử dụng (chưa sửa chữa),3,16,Intel Core i7,16.0,NVIDIA,1000,Việt Nam,laptop,13.300.000 đ
4666,Acer,Aspire,Đã sử dụng (chưa sửa chữa),5,16,Intel Core i3,8.0,Onboard,1500,Nước khác,laptop,5.900.000 đ
4667,Dell,Latitude,Đã sử dụng (chưa sửa chữa),3,14,Intel Core i5,8.0,Onboard,256,Mỹ,laptop,7.390.000 đ
4668,HP,Notebook,Đã sử dụng (chưa sửa chữa),1,16,Intel Core i3,8.0,Onboard,128,Việt Nam,laptop,2.800.000 đ
4669,Acer,Swift,Đã sử dụng (chưa sửa chữa),0,10,Intel Atom,2.0,Onboard,120,Nước khác,laptop,1.500.000 đ
4670,Dell,Latitude,Đã sử dụng (chưa sửa chữa),5,14,Intel Core i5,8.0,Onboard,256,Nước khác,laptop,7.900.000 đ
4671,HP,Elitebook,Đã sử dụng (chưa sửa chữa),1,16,Intel Core i3,4.0,Onboard,256,Nước khác,laptop,5.000.000 đ
4672,Dell,Latitude,Đã sử dụng (chưa sửa chữa),1,14,Intel Core i7,16.0,Onboard,512,Mỹ,laptop,5.800.000 đ
4673,Toshiba,Satellite Series,Đã sử dụng (chưa sửa chữa),0,16,Intel Core i5,4.0,Onboard,128,Nhật Bản,laptop,1.700.000 đ
4674,HP,Compaq,Đã sử dụng (chưa sửa chữa),0,14,Intel Core i5,4.0,Onboard,500,Mỹ,laptop,1.400.000 đ
4675,Dell,Vostro,Đã sử dụng (qua sửa chữa),0,16,Intel Core i5,4.0,Onboard,128,Việt Nam,laptop,2.500.000 đ
4676,Lenovo,IdeaPad,Đã sử dụng (chưa sửa chữa),12,16,Ryzen 5,8.0,NVIDIA,512,Việt Nam,laptop,15.000.000 đ
4677,Acer,Nitro 5,Đã sử dụng (chưa sửa chữa),1,16,Intel Core i5,8.0,NVIDIA,512,Mỹ,laptop,14.900.000 đ
4678,Acer,Helios,Đã sử dụng (chưa sửa chữa),0,18,Intel Core i7,16.0,NVIDIA,512,Nước khác,laptop,21.500.000 đ
4679,Asus,A series,Đã sử dụng (chưa sửa chữa),0,14,Intel Celeron,2.0,Onboard,500,Việt Nam,laptop,1.000.000 đ
4680,Asus,VivoBook S Series,Đã sử dụng (chưa sửa chữa),0,14,Intel Core i5,4.0,Onboard,250,Nước khác,laptop,4.900.000 đ
4681,Hãng Khác,Dòng khác,Đã sử dụng (qua sửa chữa),0,9,Intel Core i7,16.0,Onboard,480,Việt Nam,laptop,500.000 đ
4682,Apple,MacBook Pro M1,Đã sử dụng (chưa sửa chữa),0,14,Apple M1,16.0,Onboard,512,Nước khác,laptop,24.990.000 đ
4683,Acer,Aspire,Đã sử dụng (chưa sửa chữa),9,16,Intel Pentium,8.0,Onboard,256,Việt Nam,laptop,3.400.000 đ
4684,Acer,Aspire,Mới,3,16,Intel Core i5,16.0,NVIDIA,512,Việt Nam,laptop,16.666.666 đ
4685,Dell,Latitude,Đã sử dụng (chưa sửa chữa),3,12,Intel Core i5,8.0,Onboard,256,Mỹ,laptop,4.000.000 đ
4686,Hãng Khác,Dòng khác,Đã sử dụng (chưa sửa chữa),9,16,Intel Core i5,8.0,NVIDIA,120,Việt Nam,laptop,13.500.000 đ
4687,Lenovo,IdeaPad,Đã sử dụng (chưa sửa chữa),0,16,Intel Core i7,8.0,NVIDIA,500,Mỹ,laptop,4.800.000 đ
4688,Dell,Inspiron,Đã sử dụng (chưa sửa chữa),3,16,Intel Core i7,8.0,NVIDIA,128,Mỹ,laptop,8.400.000 đ
4689,Asus,VivoBook S Series,Đã sử dụng (chưa sửa chữa),5,14,Ryzen 5,8.0,AMD,512,Nước khác,laptop,7.900.000 đ
4690,Dell,Inspiron,Đã sử dụng (chưa sửa chữa),5,16,Intel Core i5,8.0,Onboard,512,Nước khác,laptop,12.500.000 đ
4691,HP,ProBook,Đã sử dụng (chưa sửa chữa),1,16,Intel Core i5,8.0,Onboard,500,Nhật Bản,laptop,4.200.000 đ
4692,Dell,Latitude,Đã sử dụng (chưa sửa chữa),0,14,Intel Core i7,16.0,NVIDIA,128,Nước khác,laptop,3.500.000 đ
4693,Lenovo,ThinkPad,Mới,3,14,Intel Core i5,16.0,Onboard,512,Mỹ,laptop,16.990.000 đ
4694,HP,Elitebook,Đã sử dụng (chưa sửa chữa),1,12,Intel Core i3,8.0,Onboard,256,Nhật Bản,laptop,2.500.000 đ
4695,Apple,MacBook Pro,Đã sử dụng (chưa sửa chữa),1,14,Intel Core i5,8.0,Onboard,256,Nước khác,laptop,8.800.000 đ
4696,Dell,Inspiron,Mới,1,14,Intel Core i5,4.0,Onboard,256,Mỹ,laptop,3.500.000 đ
4697,Dell,G Series,Đã sử dụng (chưa sửa chữa),3,16,Intel Core i7,16.0,NVIDIA,512,Mỹ,laptop,19.500.000 đ
4698,Dell,Latitude,Đã sử dụng (chưa sửa chữa),3,14,Intel Core i5,8.0,Onboard,256,Nước khác,laptop,5.500.000 đ
4699,Apple,MacBook Air,Đã sử dụng (chưa sửa chữa),5,14,Intel Core i5,8.0,Onboard,128,Việt Nam,laptop,11.500.000 đ
4700,Lenovo,IdeaPad,Đã sử dụng (chưa sửa chữa),12,16,Intel Core i5,8.0,Onboard,512,Nước khác,laptop,9.800.000 đ
4701,Asus,VivoBook S Series,Đã sử dụng (chưa sửa chữa),5,16,Intel Core i3,8.0,Onboard,512,Trung Quốc,laptop,6.800.000 đ
4702,Hãng Khác,Dòng khác,Đã sử dụng (chưa sửa chữa),0,12,Intel Core i5,4.0,Onboard,128,Nhật Bản,laptop,1.800.000 đ
4703,Asus,X Series,Đã sử dụng (chưa sửa chữa),1,16,Intel Celeron,4.0,Onboard,256,Việt Nam,laptop,5.000.000 đ
4704,Asus,ROG Strix Scar,Đã sử dụng (chưa sửa chữa),3,16,Ryzen 9,32.0,AMD,512,Mỹ,laptop,23.500.000 đ
4705,Apple,MacBook Pro M1,Đã sử dụng (chưa sửa chữa),0,16,Apple M1,16.0,Onboard,512,Nước khác,laptop,33.500.000 đ
4706,HP,Notebook,Mới,9,18,Intel Core i5,8.0,Onboard,256,Mỹ,laptop,11.500.000 đ
4707,Lenovo,ThinkPad,Đã sử dụng (chưa sửa chữa),0,14,Intel Core i7,16.0,Onboard,256,Nước khác,laptop,9.350.000 đ
4708,Lenovo,ThinkPad,Đã sử dụng (chưa sửa chữa),1,14,Intel Core i7,8.0,Onboard,256,Mỹ,laptop,5.500.000 đ
4709,Lenovo,ThinkPad,Mới,0,14,Intel Core i7,16.0,Onboard,256,Việt Nam,laptop,5.300.000 đ
4710,Acer,Aspire,Đã sử dụng (chưa sửa chữa),0,16,Intel Core i5,8.0,NVIDIA,512,Nước khác,laptop,6.400.000 đ
4711,Apple,MacBook Pro,Đã sử dụng (chưa sửa chữa),0,16,Intel Core i7,8.0,Onboard,750,Nước khác,laptop,3.300.000 đ
4712,Lenovo,ThinkPad,Đã sử dụng (chưa sửa chữa),0,12,Intel Core i3,4.0,Onboard,120,Mỹ,laptop,2.500.000 đ
4713,Acer,Aspire,Đã sử dụng (chưa sửa chữa),0,14,Intel Core i5,6.0,Onboard,256,Nước khác,laptop,2.500.000 đ
4714,HP,ProBook,Đã sử dụng (chưa sửa chữa),3,16,Intel Core i5,4.0,Onboard,128,Mỹ,laptop,2.400.000 đ
4715,Lenovo,ThinkPad,Đã sử dụng (chưa sửa chữa),3,14,Intel Core i5,16.0,Onboard,512,Hàn Quốc,laptop,4.999.999 đ
4716,Dell,G Series,Đã sử dụng (chưa sửa chữa),5,16,Intel Core i7,16.0,NVIDIA,1000,Mỹ,laptop,22.999.999 đ
4717,Asus,VivoBook S Series,Đã sử dụng (chưa sửa chữa),0,16,Intel Core i3,8.0,Onboard,1000,Thái Lan,laptop,6.500.000 đ
4718,Apple,MacBook Pro,Đã sử dụng (chưa sửa chữa),0,16,Intel Core i7,16.0,AMD,256,Nước khác,laptop,9.500.000 đ
4719,Asus,X Series,Đã sử dụng (chưa sửa chữa),1,16,Intel Core i3,8.0,Onboard,128,Nước khác,laptop,1.990.000 đ
4720,Lenovo,ThinkPad,Đã sử dụng (chưa sửa chữa),0,14,Intel Core i5,8.0,Onboard,256,Nước khác,laptop,2.400.000 đ
4721,Asus,ROG Strix Scar,Đã sử dụng (chưa sửa chữa),0,16,Intel Core i9,32.0,NVIDIA,1500,Đài Loan,laptop,46.000.000 đ
4722,Dell,Precision Mobile Workstations,Đã sử dụng (chưa sửa chữa),2,18,Intel Core i7,32.0,NVIDIA,512,Mỹ,laptop,13.900.000 đ
4723,HP,ZBook,Đã sử dụng (chưa sửa chữa),3,16,Intel Core i7,16.0,NVIDIA,512,Nước khác,laptop,5.700.000 đ
4724,Microsoft,Surface Laptop Studio,Đã sử dụng (chưa sửa chữa),0,14,Intel Core i7,16.0,Onboard,512,Mỹ,laptop,8.500.000 đ
4725,Acer,Nitro 5,Đã sử dụng (chưa sửa chữa),0,16,Ryzen 5,8.0,NVIDIA,512,Nước khác,laptop,13.500.000 đ
4726,Apple,MacBook,Đã sử dụng (chưa sửa chữa),0,14,Intel Core i5,16.0,Onboard,256,Nước khác,laptop,3.500.000 đ
4727,HP,Elitebook,Đã sử dụng (chưa sửa chữa),0,14,Intel Core i5,8.0,Onboard,256,Nước khác,laptop,3.700.000 đ
4728,Asus,G Series,Mới,1,14,Ryzen 9,16.0,NVIDIA,512,Mỹ,laptop,35.700.000 đ
4729,HP,Elitebook,Đã sử dụng (chưa sửa chữa),0,14,Intel Core i5,8.0,Onboard,256,Việt Nam,laptop,3.000.000 đ
4730,Dell,Precision,Đã sử dụng (chưa sửa chữa),3,16,Intel Core i7,16.0,NVIDIA,512,Mỹ,laptop,12.500.000 đ
4731,Dell,Latitude,Đã sử dụng (chưa sửa chữa),1,14,Intel Core i7,8.0,Onboard,256,Mỹ,laptop,4.800.000 đ
4732,Apple,MacBook Pro Touch Bar,Đã sử dụng (chưa sửa chữa),0,16,Intel Core i7,16.0,Onboard,256,Nước khác,laptop,10.900.000 đ
4733,Apple,MacBook Air,Đã sử dụng (chưa sửa chữa),3,14,Intel Core i5,4.0,Onboard,128,Nước khác,laptop,7.000.000 đ
4734,HP,Elitebook,Đã sử dụng (chưa sửa chữa),0,14,Intel Core i3,8.0,NVIDIA,512,Nước khác,laptop,2.000.000 đ
4735,Asus,TUF Gaming,Đã sử dụng (chưa sửa chữa),0,16,Ryzen 5,16.0,NVIDIA,256,Mỹ,laptop,9.500.000 đ
4736,Apple,MacBook Pro M1,Đã sử dụng (chưa sửa chữa),5,16,Apple M1,16.0,Onboard,512,Việt Nam,laptop,38.500.000 đ
4737,Apple,MacBook Pro,Đã sử dụng (chưa sửa chữa),1,16,Intel Core i5,32.0,AMD,512,Nước khác,laptop,17.200.000 đ
4738,Dell,Latitude,Đã sử dụng (qua sửa chữa),3,12,Intel Core i5,4.0,Onboard,128,Nước khác,laptop,3.100.000 đ
4739,Acer,Aspire,Đã sử dụng (chưa sửa chữa),0,9,Intel Core i3,0.5,Onboard,120,Nước khác,laptop,200.000 đ
4740,HP,Elitebook,Đã sử dụng (chưa sửa chữa),0,14,AMD,8.0,AMD,128,Mỹ,laptop,2.500.000 đ
4741,Dell,Latitude,Đã sử dụng (chưa sửa chữa),3,14,Intel Core i7,8.0,Onboard,256,Mỹ,laptop,5.500.000 đ
4742,Dell,Vostro,Đã sử dụng (chưa sửa chữa),0,14,Intel Core i5,4.0,Onboard,256,Nước khác,laptop,100.000 đ
4743,Dell,Precision Mobile Workstations,Đã sử dụng (chưa sửa chữa),1,16,Intel Core i7,32.0,NVIDIA,512,Nước khác,laptop,25.000.000 đ
4744,Dell,Latitude,Đã sử dụng (chưa sửa chữa),3,14,Intel Core i5,8.0,Onboard,256,Mỹ,laptop,6.600.000 đ
4745,Dell,Latitude,Đã sử dụng (chưa sửa chữa),1,14,Intel Core i5,8.0,NVIDIA,256,Mỹ,laptop,8.900.000 đ
4746,Dell,G Series,Đã sử dụng (chưa sửa chữa),1,16,Intel Core i5,8.0,NVIDIA,1500,Việt Nam,laptop,9.800.000 đ
4747,Asus,ROG Strix Scar,Đã sử dụng (chưa sửa chữa),12,16,Ryzen 7,8.0,NVIDIA,512,Việt Nam,laptop,18.500.000 đ
4748,Dell,Latitude,Đã sử dụng (chưa sửa chữa),3,14,Intel Core i5,4.0,Onboard,128,Nước khác,laptop,3.900.000 đ
4749,HP,Notebook,Đã sử dụng (chưa sửa chữa),3,14,Intel Core i5,16.0,Onboard,512,Mỹ,laptop,9.200.000 đ
4750,Apple,MacBook Air,Đã sử dụng (chưa sửa chữa),1,14,Intel Core i5,8.0,Onboard,128,Nước khác,laptop,9.800.000 đ
4751,HP,Notebook,Đã sử dụng (chưa sửa chữa),5,14,Intel Core i3,8.0,Onboard,256,Nước khác,laptop,7.500.000 đ
4752,Samsung,Ativ Book 9,Đã sử dụng (chưa sửa chữa),0,16,Intel Core i7,16.0,NVIDIA,256,Nước khác,laptop,5.800.000 đ
4753,Asus,X Series,Đã sử dụng (chưa sửa chữa),3,14,Intel Core i3,8.0,Onboard,256,Đài Loan,laptop,4.500.000 đ
4754,Dell,Latitude,Đã sử dụng (chưa sửa chữa),0,16,Intel Core i3,8.0,Onboard,128,Mỹ,laptop,2.500.000 đ
4755,Apple,MacBook Air,Đã sử dụng (chưa sửa chữa),0,12,Intel Core i5,16.0,Onboard,256,Việt Nam,laptop,7.500.000 đ
4756,Dell,G Series,Đã sử dụng (chưa sửa chữa),3,16,Intel Core i7,16.0,NVIDIA,1000,Nước khác,laptop,12.800.000 đ
4757,Dell,Precision,Đã sử dụng (chưa sửa chữa),3,16,Intel Core i7,16.0,NVIDIA,256,Mỹ,laptop,11.000.000 đ
4758,Dell,Latitude,Đã sử dụng (chưa sửa chữa),0,14,Intel Core i5,8.0,Onboard,128,Nước khác,laptop,2.000.000 đ
4759,Acer,Aspire,Đã sử dụng (chưa sửa chữa),0,14,Intel Core i3,4.0,Onboard,128,Việt Nam,laptop,2.000.000 đ
4760,Dell,Latitude,Đã sử dụng (chưa sửa chữa),0,16,Intel Core i5,8.0,AMD,256,Mỹ,laptop,3.600.000 đ
4761,Samsung,Q-Series,Đã sử dụng (chưa sửa chữa),0,16,Intel Core i5,4.0,Onboard,700,Nước khác,laptop,1.700.000 đ
4762,HP,Elitebook,Đã sử dụng (chưa sửa chữa),0,16,Intel Core i7,8.0,Onboard,512,Nước khác,laptop,9.490.000 đ
4763,Lenovo,ThinkPad,Đã sử dụng (chưa sửa chữa),3,14,Intel Core i5,16.0,NVIDIA,1000,Nước khác,laptop,10.900.000 đ
4764,Dell,Latitude,Đã sử dụng (chưa sửa chữa),3,14,Intel Core i5,8.0,Onboard,256,Nhật Bản,laptop,5.900.000 đ
4765,Dell,Inspiron,Đã sử dụng (chưa sửa chữa),0,14,Intel Core i3,4.0,Onboard,128,Nước khác,laptop,950.000 đ
4766,Asus,A series,Đã sử dụng (chưa sửa chữa),1,16,Intel Core i5,8.0,NVIDIA,128,Nước khác,laptop,3.900.000 đ
4767,Dell,Latitude,Đã sử dụng (chưa sửa chữa),0,14,Intel Core i5,8.0,Onboard,256,Nước khác,laptop,4.200.000 đ
4768,Dell,Latitude,Đã sử dụng (chưa sửa chữa),3,16,Intel Core i5,8.0,Onboard,128,Việt Nam,laptop,2.400.000 đ
4769,Lenovo,ThinkPad,Đã sử dụng (chưa sửa chữa),1,14,Intel Core i5,8.0,Onboard,128,Nước khác,laptop,2.950.000 đ
4770,Dell,Inspiron,Đã sử dụng (chưa sửa chữa),0,16,Intel Celeron,4.0,Onboard,128,Nước khác,laptop,4.490.000 đ
4771,Dell,Latitude,Đã sử dụng (chưa sửa chữa),1,12,Intel Core i5,8.0,Onboard,256,Nước khác,laptop,4.500.000 đ
4772,Dell,Latitude,Đã sử dụng (chưa sửa chữa),1,14,Intel Core i5,16.0,Onboard,256,Mỹ,laptop,13.800.000 đ
4773,HP,Elitebook,Mới,1,14,Intel Core i7,16.0,Onboard,512,Mỹ,laptop,28.999.999 đ
4774,Apple,MacBook Pro,Đã sử dụng (chưa sửa chữa),0,14,Intel Core i5,8.0,Onboard,256,Nước khác,laptop,8.900.000 đ
4775,Acer,Aspire,Đã sử dụng (chưa sửa chữa),0,14,Intel Core i3,4.0,Onboard,128,Nước khác,laptop,2.300.000 đ
4776,HP,ProBook,Mới,9,14,Intel Core i5,16.0,Onboard,512,Trung Quốc,laptop,11.500.000 đ
4777,Dell,Vostro,Đã sử dụng (chưa sửa chữa),3,16,Intel Core i5,8.0,Onboard,128,Trung Quốc,laptop,4.200.000 đ
4778,Asus,A series,Đã sử dụng (chưa sửa chữa),1,16,Intel Core i3,4.0,NVIDIA,128,Nước khác,laptop,4.500.000 đ
4779,Microsoft,Surface Pro 5,Đã sử dụng (qua sửa chữa),1,12,Intel Core i5,8.0,Onboard,256,Mỹ,laptop,6.500.000 đ
4780,Apple,MacBook Air M1,Đã sử dụng (chưa sửa chữa),9,14,Apple M1,8.0,Onboard,256,Việt Nam,laptop,15.990.000 đ
4781,Microsoft,Surface Book 2,Đã sử dụng (chưa sửa chữa),0,14,Intel Core i5,8.0,Onboard,256,Mỹ,laptop,7.000.000 đ
4782,Apple,MacBook Air,Đã sử dụng (chưa sửa chữa),0,14,Intel Core i7,4.0,Onboard,128,Nước khác,laptop,4.000.000 đ
4783,Lenovo,ThinkPad,Đã sử dụng (chưa sửa chữa),0,14,Intel Core i5,16.0,Onboard,256,Nước khác,laptop,2.600.000 đ
4784,Asus,VivoBook S Series,Đã sử dụng (chưa sửa chữa),9,16,Ryzen 9,16.0,NVIDIA,512,Mỹ,laptop,25.300.000 đ
4785,Toshiba,Satellite Series,Đã sử dụng (chưa sửa chữa),0,16,Intel Core 2 Duo,2.0,Onboard,250,Việt Nam,laptop,700.000 đ
4786,Lenovo,ThinkPad,Đã sử dụng (chưa sửa chữa),3,14,Intel Core i5,8.0,Onboard,256,Nhật Bản,laptop,3.900.000 đ
4787,Dell,Inspiron,Đã sử dụng (chưa sửa chữa),0,14,Intel Core i3,4.0,NVIDIA,250,Trung Quốc,laptop,1.200.000 đ
4788,Asus,A series,Đã sử dụng (chưa sửa chữa),1,16,Intel Core i3,8.0,Onboard,128,Nước khác,laptop,4.500.000 đ
4789,Dell,Latitude,Đã sử dụng (chưa sửa chữa),0,14,Intel Core i5,4.0,Onboard,128,Mỹ,laptop,2.500.000 đ
4790,Dell,Latitude,Đã sử dụng (chưa sửa chữa),3,14,Intel Core i7,8.0,Onboard,256,Mỹ,laptop,5.800.000 đ
4791,Asus,VivoBook S Series,Đã sử dụng (chưa sửa chữa),3,16,Intel Core i5,8.0,NVIDIA,640,Nước khác,laptop,5.200.000 đ
4792,Apple,MacBook Air M2,Đã sử dụng (chưa sửa chữa),9,14,Apple M2,8.0,Onboard,256,Nước khác,laptop,22.200.000 đ
4793,HP,Elitebook,Đã sử dụng (chưa sửa chữa),3,14,Intel Core i5,8.0,AMD,640,Nhật Bản,laptop,2.000.000 đ
4794,Toshiba,Satellite Series,Đã sử dụng (chưa sửa chữa),0,14,Intel Core i5,8.0,Onboard,256,Nhật Bản,laptop,4.450.000 đ
4795,Apple,MacBook Pro,Đã sử dụng (chưa sửa chữa),3,14,Intel Core i5,8.0,Onboard,128,Nước khác,laptop,6.900.000 đ
4796,Dell,G Series,Đã sử dụng (chưa sửa chữa),1,16,Intel Core i5,8.0,NVIDIA,512,Mỹ,laptop,9.500.000 đ
4797,Hãng Khác,Dòng khác,Đã sử dụng (chưa sửa chữa),0,12,Intel Core i5,4.0,Onboard,120,Nước khác,laptop,2.300.000 đ
4798,Dell,Vostro,Đã sử dụng (chưa sửa chữa),1,16,Intel Core i5,8.0,AMD,128,Nước khác,laptop,5.500.000 đ
4799,HP,Elitebook,Đã sử dụng (chưa sửa chữa),3,14,Intel Core i5,8.0,NVIDIA,256,Việt Nam,laptop,1.700.000 đ
4800,MSI,GF Series,Đã sử dụng (chưa sửa chữa),0,18,Intel Core i7,16.0,NVIDIA,512,Nước khác,laptop,12.800.000 đ
4801,Dell,Latitude,Đã sử dụng (chưa sửa chữa),5,14,Intel Core i5,16.0,Onboard,256,Mỹ,laptop,15.400.000 đ
4802,Dell,Vostro,Đã sử dụng (chưa sửa chữa),1,14,Intel Core i3,8.0,Onboard,640,Nước khác,laptop,4.800.000 đ
4803,Apple,MacBook Pro,Đã sử dụng (chưa sửa chữa),0,16,Intel Core i7,16.0,AMD,128,Nước khác,laptop,6.000.000 đ
4804,Lenovo,ThinkPad,Mới,1,16,Ryzen 7,8.0,NVIDIA,512,Mỹ,laptop,22.500.000 đ
4805,Dell,Latitude,Đã sử dụng (chưa sửa chữa),1,14,Intel Core i5,8.0,Onboard,128,Nhật Bản,laptop,3.500.000 đ
4806,Dell,Latitude,Đã sử dụng (chưa sửa chữa),0,14,Intel Core i7,8.0,Onboard,256,Hàn Quốc,laptop,5.500.000 đ
4807,Asus,G Series,Đã sử dụng (chưa sửa chữa),1,14,Ryzen 9,16.0,NVIDIA,1000,Nước khác,laptop,22.990.000 đ
4808,Dell,Latitude,Đã sử dụng (chưa sửa chữa),0,12,Intel Core i5,8.0,Onboard,250,Nước khác,laptop,4.299.999 đ
4809,Microsoft,Surface,Mới,1,16,Intel Core i7,32.0,Onboard,1000,Mỹ,laptop,35.000.000 đ
4810,Lenovo,ThinkPad,Đã sử dụng (chưa sửa chữa),1,14,Intel Core i7,8.0,Onboard,512,Nước khác,laptop,5.000.000 đ
4811,Apple,MacBook Pro,Đã sử dụng (chưa sửa chữa),1,14,Intel Core i7,16.0,Onboard,512,Mỹ,laptop,16.800.000 đ
4812,HP,Elitebook,Đã sử dụng (chưa sửa chữa),0,14,Intel Core i5,4.0,Onboard,128,Nước khác,laptop,2.000.000 đ
4813,Acer,Aspire,Đã sử dụng (chưa sửa chữa),1,14,Intel Core i3,4.0,Onboard,128,Nước khác,laptop,1.600.000 đ
4814,Dell,Latitude,Đã sử dụng (chưa sửa chữa),5,14,Intel Core i7,16.0,Onboard,256,Mỹ,laptop,15.500.000 đ
4815,Apple,MacBook Pro,Đã sử dụng (chưa sửa chữa),0,14,Intel Core i7,16.0,Onboard,256,Nước khác,laptop,19.990.000 đ
4816,Asus,A series,Đã sử dụng (chưa sửa chữa),1,16,Intel Core i5,4.0,Onboard,128,Nước khác,laptop,3.200.000 đ
4817,Acer,Aspire,Đã sử dụng (chưa sửa chữa),0,16,Intel Celeron,6.0,Onboard,320,Việt Nam,laptop,1.500.000 đ
4818,Dell,Inspiron,Đã sử dụng (chưa sửa chữa),1,16,Intel Core i5,8.0,Onboard,256,Mỹ,laptop,4.500.000 đ
4819,Lenovo,ThinkPad,Mới,9,16,Intel Core i9,32.0,NVIDIA,512,Mỹ,laptop,21.800.000 đ
4820,HP,Elitebook,Đã sử dụng (chưa sửa chữa),1,16,Intel Core i5,8.0,Onboard,256,Nước khác,laptop,7.700.000 đ
4821,Dell,Precision,Đã sử dụng (chưa sửa chữa),3,16,Intel Core i7,32.0,AMD,512,Mỹ,laptop,13.500.000 đ
4822,Hãng Khác,Dòng khác,Đã sử dụng (chưa sửa chữa),0,14,Intel Core i5,8.0,Onboard,256,Nước khác,laptop,3.500.000 đ
4823,Dell,Latitude,Đã sử dụng (chưa sửa chữa),1,12,Intel Core i7,8.0,Onboard,256,Nước khác,laptop,5.400.000 đ
4824,Dell,Inspiron,Đã sử dụng (chưa sửa chữa),1,16,Intel Core i3,8.0,AMD,1000,Nhật Bản,laptop,5.500.000 đ
4825,Asus,A series,Đã sử dụng (chưa sửa chữa),1,16,Intel Core i5,8.0,Onboard,128,Nước khác,laptop,4.200.000 đ
4826,Dell,Precision,Đã sử dụng (chưa sửa chữa),3,16,Intel Core i7,8.0,NVIDIA,128,Mỹ,laptop,3.800.000 đ
4827,Lenovo,ThinkPad,Đã sử dụng (chưa sửa chữa),5,14,Intel Core i5,16.0,Onboard,512,Mỹ,laptop,15.500.000 đ
4828,Lenovo,ThinkPad,Đã sử dụng (chưa sửa chữa),0,14,Intel Core i5,4.0,Onboard,128,Nước khác,laptop,2.500.000 đ
4829,Dell,Precision,Đã sử dụng (chưa sửa chữa),12,16,Intel Core i7,16.0,NVIDIA,512,Việt Nam,laptop,14.900.000 đ
4830,Dell,Latitude,Đã sử dụng (chưa sửa chữa),1,14,Intel Core i5,4.0,Onboard,128,Việt Nam,laptop,2.399.000 đ
4831,Apple,MacBook Pro Touch Bar,Đã sử dụng (chưa sửa chữa),1,14,Intel Core i7,16.0,Onboard,512,Nước khác,laptop,13.400.000 đ
4832,Dell,Latitude,Đã sử dụng (chưa sửa chữa),0,14,Intel Core i3,4.0,Onboard,256,Mỹ,laptop,3.000.000 đ
4833,Apple,MacBook Air M2,Mới,9,14,Apple M2,8.0,Onboard,256,Nước khác,laptop,25.400.000 đ
4834,HP,ProBook,Đã sử dụng (chưa sửa chữa),1,14,Intel Core i5,8.0,Onboard,256,Nhật Bản,laptop,6.200.000 đ
4835,Dell,Inspiron,Đã sử dụng (chưa sửa chữa),0,16,Intel Core i7,8.0,AMD,1000,Mỹ,laptop,5.000.000 đ
4836,Toshiba,Satellite Series,Đã sử dụng (chưa sửa chữa),0,16,Intel Core i5,8.0,Onboard,256,Nước khác,laptop,6.500.000 đ
4837,Asus,ROG Strix Scar,Đã sử dụng (chưa sửa chữa),1,16,Intel Core i5,16.0,NVIDIA,512,Việt Nam,laptop,27.900.000 đ
4838,Lenovo,IdeaPad,Đã sử dụng (chưa sửa chữa),0,14,Intel Core i3,8.0,Onboard,512,Nước khác,laptop,6.350.000 đ
4839,Lenovo,ThinkPad,Đã sử dụng (chưa sửa chữa),1,14,Intel Core i5,8.0,Onboard,256,Nước khác,laptop,6.500.000 đ
4840,Lenovo,ThinkPad,Đã sử dụng (chưa sửa chữa),3,14,Intel Core i5,8.0,Onboard,256,Mỹ,laptop,3.700.000 đ
4841,Lenovo,ThinkPad,Đã sử dụng (chưa sửa chữa),0,12,Intel Core i7,8.0,Onboard,256,Nước khác,laptop,7.990.000 đ
4842,Asus,K Series,Đã sử dụng (chưa sửa chữa),3,16,Ryzen 3,4.0,AMD,512,Việt Nam,laptop,5.000.000 đ
4843,HP,Notebook,Đã sử dụng (chưa sửa chữa),0,16,Intel Core i3,4.0,Onboard,256,Nước khác,laptop,2.800.000 đ
4844,Acer,Aspire,Mới,0,14,Intel Celeron,4.0,Onboard,256,Trung Quốc,laptop,4.000.000 đ
4845,Lenovo,IdeaPad,Đã sử dụng (chưa sửa chữa),5,14,Intel Core i5,8.0,Onboard,512,Trung Quốc,laptop,9.200.000 đ
4846,Dell,Latitude,Đã sử dụng (chưa sửa chữa),0,9,Intel Core i3,4.0,Onboard,500,Nước khác,laptop,2.500.000 đ
4847,Dell,Vostro,Đã sử dụng (chưa sửa chữa),0,16,Intel Core i7,8.0,AMD,1000,Nước khác,laptop,6.500.000 đ
4848,Asus,VivoBook S Series,Đã sử dụng (chưa sửa chữa),3,16,Intel Core i5,8.0,NVIDIA,512,Việt Nam,laptop,5.900.000 đ
4849,Asus,K Series,Đã sử dụng (chưa sửa chữa),0,16,Intel Core i5,8.0,NVIDIA,256,Nước khác,laptop,1.900.000 đ
4850,Dell,XPS,Đã sử dụng (chưa sửa chữa),1,14,Intel Core i5,8.0,Onboard,256,Nước khác,laptop,7.490.000 đ
4851,Apple,MacBook Pro M1 Touch Bar,Mới,0,14,Apple M1,16.0,Onboard,512,Nước khác,laptop,34.490.000 đ
4852,Dell,XPS,Đã sử dụng (chưa sửa chữa),0,16,Intel Core i7,16.0,Onboard,512,Mỹ,laptop,14.500.000 đ
4853,MSI,CX Series,Đã sử dụng (chưa sửa chữa),1,16,Intel Core i5,8.0,NVIDIA,512,Đài Loan,laptop,9.000.000 đ
4854,HP,Elitebook,Đã sử dụng (chưa sửa chữa),0,16,Intel Core i7,8.0,NVIDIA,1000,Việt Nam,laptop,6.800.000 đ
4855,Apple,MacBook Pro,Đã sử dụng (chưa sửa chữa),1,16,Intel Core i7,32.0,Onboard,256,Nước khác,laptop,16.500.000 đ
4856,Microsoft,Surface Pro 5,Đã sử dụng (chưa sửa chữa),1,12,Intel Core i5,8.0,Onboard,256,Nước khác,laptop,6.490.000 đ
4857,Dell,Latitude,Đã sử dụng (chưa sửa chữa),5,14,Intel Core i7,16.0,Onboard,256,Mỹ,laptop,8.200.000 đ
4858,Hãng Khác,Dòng khác,Đã sử dụng (chưa sửa chữa),0,14,Intel Core i5,8.0,Onboard,256,Nước khác,laptop,4.799.999 đ
4859,Lenovo,ThinkPad,Đã sử dụng (chưa sửa chữa),3,14,Intel Core i7,16.0,Onboard,256,Mỹ,laptop,13.500.000 đ
4860,Dell,Vostro,Đã sử dụng (qua sửa chữa),0,14,Intel Core i5,4.0,Onboard,250,Nước khác,laptop,4.300.000 đ
4861,Apple,MacBook Pro M2 Touch Bar,Đã sử dụng (chưa sửa chữa),1,14,Apple M2,16.0,Onboard,256,Việt Nam,laptop,28.000.000 đ
4862,Lenovo,ThinkPad,Đã sử dụng (chưa sửa chữa),5,14,Intel Core i5,16.0,Onboard,256,Mỹ,laptop,7.200.000 đ
4863,Dell,Precision,Đã sử dụng (chưa sửa chữa),5,16,Intel Core i9,16.0,NVIDIA,512,Mỹ,laptop,13.990.000 đ
4864,HP,Elitebook,Đã sử dụng (chưa sửa chữa),0,14,Intel Pentium,4.0,Onboard,500,Trung Quốc,laptop,1.650.000 đ
4865,Dell,Latitude,Đã sử dụng (chưa sửa chữa),3,16,Intel Core i5,8.0,Onboard,256,Mỹ,laptop,5.000.000 đ
4866,Acer,Aspire,Đã sử dụng (qua sửa chữa),0,14,Intel Core i3,4.0,NVIDIA,750,Nước khác,laptop,1.600.000 đ
4867,Microsoft,Surface,Mới,3,16,Intel Core i5,8.0,Onboard,256,Việt Nam,laptop,10.500.000 đ
4868,HP,ProBook,Đã sử dụng (chưa sửa chữa),0,16,Intel Core i5,8.0,Onboard,256,Nhật Bản,laptop,3.000.000 đ
4869,Dell,Latitude,Đã sử dụng (chưa sửa chữa),1,14,Intel Core i5,4.0,Onboard,120,Nước khác,laptop,2.190.000 đ
4870,Apple,MacBook Air M1,Đã sử dụng (chưa sửa chữa),0,14,Apple M1,8.0,Onboard,256,Nước khác,laptop,14.590.000 đ
4871,Apple,MacBook Pro,Đã sử dụng (chưa sửa chữa),1,14,Intel Core i7,8.0,Onboard,128,Nước khác,laptop,3.350.000 đ
4872,Lenovo,ThinkPad,Đã sử dụng (qua sửa chữa),0,16,Intel Celeron,2.0,Onboard,320,Nước khác,laptop,500.000 đ
4873,Dell,Latitude,Đã sử dụng (chưa sửa chữa),3,12,Intel Core i7,8.0,Onboard,256,Nước khác,laptop,4.450.000 đ
4874,Lenovo,ThinkPad,Đã sử dụng (chưa sửa chữa),1,14,Intel Core i5,8.0,Onboard,256,Việt Nam,laptop,21.000.000 đ
4875,Dell,XPS,Đã sử dụng (chưa sửa chữa),0,14,Intel Core i7,4.0,Onboard,250,Nước khác,laptop,999.000 đ
4876,Hãng Khác,Dòng khác,Đã sử dụng (chưa sửa chữa),0,10,Intel Atom,1.0,Onboard,128,Nước khác,laptop,800.000 đ
4877,Dell,Latitude,Đã sử dụng (chưa sửa chữa),0,14,Intel Core i3,8.0,Onboard,128,Nhật Bản,laptop,4.000.000 đ
4878,Dell,XPS,Đã sử dụng (chưa sửa chữa),5,14,Intel Core i5,8.0,Onboard,256,Mỹ,laptop,11.990.000 đ
4879,Lenovo,ThinkPad,Đã sử dụng (chưa sửa chữa),1,16,Intel Celeron,8.0,Onboard,128,Mỹ,laptop,2.900.000 đ
4880,Dell,Latitude,Đã sử dụng (chưa sửa chữa),3,14,Intel Core i3,8.0,Onboard,128,Nước khác,laptop,4.500.000 đ
4881,Dell,Precision,Đã sử dụng (chưa sửa chữa),9,16,Intel Core i9,32.0,NVIDIA,1000,Nước khác,laptop,18.500.000 đ
4882,HP,Elitebook,Đã sử dụng (chưa sửa chữa),3,14,Intel Core i5,8.0,Onboard,256,Nước khác,laptop,12.000.000 đ
4883,Apple,MacBook Pro,Đã sử dụng (chưa sửa chữa),2,16,Intel Core i7,8.0,NVIDIA,256,Nước khác,laptop,2.500.000 đ
4884,HP,Elitebook,Đã sử dụng (chưa sửa chữa),0,16,Intel Core i3,8.0,Onboard,120,Việt Nam,laptop,3.500.000 đ
4885,HP,Pavilion,Đã sử dụng (chưa sửa chữa),3,16,Intel Core i7,8.0,Onboard,512,Nước khác,laptop,11.000.000 đ
4886,Lenovo,ThinkPad,Đã sử dụng (chưa sửa chữa),0,14,Intel Core i5,4.0,Onboard,256,Nước khác,laptop,1.400.000 đ
4887,Apple,MacBook Pro,Đã sử dụng (qua sửa chữa),1,16,AMD,4.0,Onboard,500,Nước khác,laptop,2.200.000 đ
4888,Dell,Latitude,Mới,3,14,Intel Core i7,8.0,Onboard,256,Nước khác,laptop,9.600.000 đ
4889,Dell,XPS,Đã sử dụng (chưa sửa chữa),3,14,Intel Core i5,8.0,Onboard,256,Nước khác,laptop,6.900.000 đ
4890,Lenovo,IdeaPad,Đã sử dụng (chưa sửa chữa),3,14,Intel Core i5,16.0,Onboard,512,Nước khác,laptop,7.290.000 đ
4891,Dell,Vostro,Đã sử dụng (chưa sửa chữa),1,16,Intel Core i3,8.0,Onboard,128,Nước khác,laptop,3.200.000 đ
4892,HP,Elitebook,Đã sử dụng (chưa sửa chữa),5,14,Intel Core i5,6.0,Onboard,256,Nhật Bản,laptop,6.500.000 đ
4893,Dell,Precision,Đã sử dụng (chưa sửa chữa),0,16,Intel Core i7,16.0,NVIDIA,256,Nước khác,laptop,3.900.000 đ
4894,Dell,Alienware,Đã sử dụng (chưa sửa chữa),1,16,Intel Core i7,16.0,NVIDIA,256,Mỹ,laptop,13.700.000 đ
4895,Lenovo,ThinkPad,Đã sử dụng (chưa sửa chữa),0,14,Intel Core i7,16.0,Onboard,500,Nước khác,laptop,9.200.000 đ
4896,Lenovo,Legion Y Series,Đã sử dụng (chưa sửa chữa),3,16,Intel Core i5,16.0,NVIDIA,128,Nước khác,laptop,11.000.000 đ
4897,Microsoft,Surface Pro 4,Đã sử dụng (chưa sửa chữa),0,12,Intel Core i5,8.0,Onboard,256,Nước khác,laptop,7.000.000 đ
4898,Dell,Latitude,Đã sử dụng (qua sửa chữa),5,14,Intel Core i5,8.0,Onboard,256,Nhật Bản,laptop,5.200.000 đ
4899,Dell,Latitude,Đã sử dụng (chưa sửa chữa),0,14,Intel Core i7,8.0,Onboard,256,Nước khác,laptop,3.850.000 đ
4900,Dell,Latitude,Đã sử dụng (chưa sửa chữa),3,16,Intel Core i5,8.0,Onboard,256,Mỹ,laptop,4.800.000 đ
4901,Dell,Latitude,Đã sử dụng (chưa sửa chữa),0,14,Intel Core i3,4.0,Onboard,128,Việt Nam,laptop,2.000.000 đ
4902,Acer,Nitro 5,Đã sử dụng (chưa sửa chữa),3,16,Intel Core i5,8.0,NVIDIA,512,Việt Nam,laptop,8.900.000 đ
4903,Apple,MacBook Pro M1 Touch Bar,Đã sử dụng (chưa sửa chữa),5,14,Apple M1,16.0,Onboard,256,Mỹ,laptop,21.490.000 đ
4904,Panasonic,CF,Đã sử dụng (chưa sửa chữa),1,12,Intel Core i5,8.0,Onboard,256,Nhật Bản,laptop,3.300.000 đ
4905,Apple,MacBook Pro M2 Touch Bar,Đã sử dụng (chưa sửa chữa),5,14,Apple M2,8.0,Onboard,256,Mỹ,laptop,22.990.000 đ
4906,Dell,Inspiron,Đã sử dụng (chưa sửa chữa),9,16,Intel Core i5,8.0,NVIDIA,256,Nước khác,laptop,4.300.000 đ
4907,Apple,MacBook Pro,Đã sử dụng (chưa sửa chữa),1,14,Intel Core i5,8.0,Onboard,256,Nước khác,laptop,5.500.000 đ
4908,Apple,MacBook Pro M1,Đã sử dụng (chưa sửa chữa),5,14,Apple M1,32.0,Onboard,512,Mỹ,laptop,33.490.000 đ
4909,Hãng Khác,Dòng khác,Đã sử dụng (chưa sửa chữa),0,14,Intel Core i5,4.0,Onboard,128,Nước khác,laptop,3.990.000 đ
4910,HP,Elitebook,Đã sử dụng (chưa sửa chữa),1,12,Intel Core i7,8.0,Onboard,128,Mỹ,laptop,2.500.000 đ
4911,Dell,Inspiron,Đã sử dụng (chưa sửa chữa),1,16,Intel Core i5,8.0,Onboard,256,Nhật Bản,laptop,3.700.000 đ
4912,Acer,Nitro 5,Đã sử dụng (chưa sửa chữa),0,16,Ryzen 7,16.0,NVIDIA,512,Việt Nam,laptop,16.300.000 đ
4913,HP,Elitebook,Đã sử dụng (chưa sửa chữa),5,14,Intel Core i5,8.0,Onboard,256,Mỹ,laptop,5.800.000 đ
4914,Dell,Latitude,Đã sử dụng (chưa sửa chữa),3,14,Intel Core i7,16.0,Onboard,256,Nước khác,laptop,9.500.000 đ
4915,Asus,VivoBook S Series,Đã sử dụng (chưa sửa chữa),3,16,Intel Core i5,8.0,Onboard,512,Việt Nam,laptop,11.490.000 đ
4916,Asus,TUF Gaming,Đã sử dụng (chưa sửa chữa),1,16,Intel Core i5,8.0,NVIDIA,128,Nước khác,laptop,7.500.000 đ
4917,Apple,MacBook Air,Đã sử dụng (chưa sửa chữa),1,14,Intel Core i5,8.0,Onboard,128,Nước khác,laptop,6.500.000 đ
4918,HP,Elitebook,Đã sử dụng (chưa sửa chữa),0,14,Intel Core i5,8.0,Onboard,250,Nước khác,laptop,6.000.000 đ
4919,Dell,Inspiron,Đã sử dụng (chưa sửa chữa),0,16,Intel Core i3,8.0,Onboard,512,Việt Nam,laptop,4.500.000 đ
4920,Apple,MacBook Air,Đã sử dụng (chưa sửa chữa),0,14,Intel Core i5,8.0,Onboard,128,Nước khác,laptop,4.500.000 đ
4921,Asus,X Series,Đã sử dụng (chưa sửa chữa),0,16,Intel Core i5,4.0,Onboard,1000,Nhật Bản,laptop,3.500.000 đ
4922,HP,Victus,Đã sử dụng (chưa sửa chữa),9,16,Intel Core i7,16.0,NVIDIA,512,Nước khác,laptop,18.500.000 đ
4923,Dell,Latitude,Đã sử dụng (chưa sửa chữa),1,14,Intel Core i3,8.0,Onboard,128,Nước khác,laptop,2.600.000 đ
4924,Lenovo,ThinkPad,Đã sử dụng (chưa sửa chữa),3,14,Intel Core i7,16.0,Onboard,256,Việt Nam,laptop,13.990.000 đ
4925,Acer,Aspire,Đã sử dụng (chưa sửa chữa),0,10,Intel Core i3,8.0,Onboard,320,Đài Loan,laptop,950.000 đ
4926,HP,ProBook,Đã sử dụng (chưa sửa chữa),3,16,Intel Core i7,16.0,Onboard,256,Mỹ,laptop,8.800.000 đ
4927,HP,Elitebook,Đã sử dụng (chưa sửa chữa),3,12,Intel Core i5,4.0,Onboard,128,Mỹ,laptop,2.400.000 đ
4928,Sony,S Series,Đã sử dụng (chưa sửa chữa),3,16,Intel Core i5,8.0,Onboard,128,Nhật Bản,laptop,3.400.000 đ
4929,Lenovo,IdeaPad,Đã sử dụng (chưa sửa chữa),0,14,Intel Core i5,8.0,Onboard,128,Nước khác,laptop,5.200.000 đ
4930,Sony,S Series,Đã sử dụng (chưa sửa chữa),1,14,Intel Core i5,4.0,Onboard,256,Nhật Bản,laptop,1.300.000 đ
4931,Dell,Latitude,Đã sử dụng (chưa sửa chữa),5,12,Intel Core i5,8.0,Onboard,256,Nước khác,laptop,5.700.000 đ
4932,Apple,MacBook Pro,Đã sử dụng (chưa sửa chữa),0,14,Intel Core i5,16.0,Onboard,512,Nước khác,laptop,32.000.000 đ
4933,Dell,Inspiron,Đã sử dụng (chưa sửa chữa),0,16,Intel Core i5,8.0,Onboard,256,Nước khác,laptop,5.999.999 đ
4934,Lenovo,ThinkBook,Đã sử dụng (chưa sửa chữa),0,14,Intel Core i7,16.0,AMD,512,Nhật Bản,laptop,8.400.000 đ
4935,Lenovo,Legion Y Series,Đã sử dụng (chưa sửa chữa),1,16,Intel Core i7,16.0,NVIDIA,512,Nước khác,laptop,7.900.000 đ
4936,Acer,Aspire,Đã sử dụng (chưa sửa chữa),3,16,Intel Core i3,8.0,Onboard,512,Việt Nam,laptop,5.900.000 đ
4937,Apple,MacBook Air,Đã sử dụng (chưa sửa chữa),0,14,Intel Core i5,4.0,Onboard,256,Nước khác,laptop,4.500.000 đ
4938,Lenovo,ThinkBook,Đã sử dụng (chưa sửa chữa),9,16,Ryzen 5,8.0,AMD,512,Việt Nam,laptop,9.000.000 đ
4939,Dell,Latitude,Đã sử dụng (chưa sửa chữa),5,14,Intel Core i5,8.0,Onboard,256,Mỹ,laptop,6.700.000 đ
4940,HP,Elitebook,Đã sử dụng (chưa sửa chữa),3,14,Intel Core i7,16.0,Onboard,256,Mỹ,laptop,6.900.000 đ
4941,Asus,PU Series,Đã sử dụng (qua sửa chữa),0,14,Intel Core i3,4.0,Onboard,320,Nước khác,laptop,1.990.000 đ
4942,Apple,MacBook Pro,Đã sử dụng (chưa sửa chữa),0,14,Intel Core i7,16.0,Onboard,512,Nước khác,laptop,18.600.000 đ
4943,HP,Envy,Đã sử dụng (chưa sửa chữa),0,14,Ryzen 5,8.0,Onboard,128,Nước khác,laptop,10.500.000 đ
4944,HP,Elitebook,Đã sử dụng (chưa sửa chữa),0,14,Intel Core i5,8.0,Onboard,256,Nước khác,laptop,7.390.000 đ
4945,Apple,MacBook Pro,Đã sử dụng (chưa sửa chữa),1,16,Intel Core i7,8.0,Onboard,128,Nước khác,laptop,3.000.000 đ
4946,Asus,B series,Mới,0,16,Intel Core i5,16.0,NVIDIA,512,Nước khác,laptop,17.990.000 đ
4947,Dell,Latitude,Đã sử dụng (qua sửa chữa),5,14,Intel Core i5,8.0,Onboard,256,Mỹ,laptop,5.800.000 đ
4948,Acer,Aspire,Đã sử dụng (chưa sửa chữa),0,14,Intel Core i5,8.0,Onboard,128,Nước khác,laptop,4.000.000 đ
4949,Asus,VivoBook S Series,Đã sử dụng (chưa sửa chữa),5,16,Intel Core i3,4.0,Onboard,250,Nước khác,laptop,1.700.000 đ
4950,Dell,Latitude,Đã sử dụng (chưa sửa chữa),1,14,Intel Core i5,4.0,Onboard,128,Nước khác,laptop,5.500.000 đ
4951,Lenovo,Essential (G series),Đã sử dụng (chưa sửa chữa),0,14,Intel Core i5,4.0,Onboard,500,Nước khác,laptop,2.450.000 đ
4952,Dell,Precision,Đã sử dụng (chưa sửa chữa),1,16,Intel Core i7,16.0,NVIDIA,512,Việt Nam,laptop,12.900.000 đ
4953,Lenovo,Yoga,Đã sử dụng (chưa sửa chữa),12,14,Intel Core i5,16.0,Onboard,512,Việt Nam,laptop,13.999.000 đ
4954,Apple,MacBook,Đã sử dụng (chưa sửa chữa),0,12,Intel Core i5,8.0,Onboard,256,Nước khác,laptop,3.333.333 đ
4955,Dell,Latitude,Đã sử dụng (chưa sửa chữa),3,14,Intel Core i5,8.0,Onboard,256,Mỹ,laptop,4.800.000 đ
4956,Lenovo,ThinkPad,Đã sử dụng (chưa sửa chữa),0,14,Intel Core i7,16.0,Onboard,256,Nước khác,laptop,9.000.000 đ
4957,Hãng Khác,Dòng khác,Mới,1,16,Intel Core i5,16.0,NVIDIA,512,Việt Nam,laptop,16.500.000 đ
4958,Apple,MacBook Air,Đã sử dụng (chưa sửa chữa),0,14,Intel Core i5,8.0,Onboard,128,Nước khác,laptop,5.999.999 đ
4959,Apple,MacBook Air,Đã sử dụng (chưa sửa chữa),1,14,Intel Core i5,8.0,Onboard,256,Việt Nam,laptop,3.150.000 đ
4960,Dell,Inspiron,Mới,0,14,Intel Core i5,4.0,Onboard,128,Việt Nam,laptop,4.500.000 đ
4961,Panasonic,CF,Đã sử dụng (chưa sửa chữa),1,12,Intel Core i5,8.0,Onboard,256,Nước khác,laptop,4.450.000 đ
4962,Apple,MacBook Pro,Đã sử dụng (chưa sửa chữa),1,12,Intel Core i5,8.0,Onboard,120,Nước khác,laptop,5.555.555 đ
4963,MSI,GF Series,Đã sử dụng (chưa sửa chữa),3,16,Intel Core i7,8.0,NVIDIA,500,Đài Loan,laptop,14.500.000 đ
4964,Dell,Precision,Đã sử dụng (qua sửa chữa),0,16,Intel Core i7,32.0,NVIDIA,256,Mỹ,laptop,6.500.000 đ
4965,Acer,Aspire,Đã sử dụng (chưa sửa chữa),0,16,Intel Core i5,8.0,NVIDIA,512,Nước khác,laptop,5.300.000 đ
4966,Toshiba,Satellite Series,Đã sử dụng (chưa sửa chữa),3,14,Intel Core i5,8.0,Onboard,256,Nhật Bản,laptop,3.900.000 đ
4967,Dell,Latitude,Đã sử dụng (chưa sửa chữa),2,14,Intel Core i3,4.0,Onboard,250,Nước khác,laptop,3.800.000 đ
4968,Acer,Nitro 5,Đã sử dụng (chưa sửa chữa),3,16,Intel Core i7,8.0,NVIDIA,512,Đài Loan,laptop,15.500.000 đ
4969,Lenovo,IdeaPad,Đã sử dụng (chưa sửa chữa),1,16,Intel Core i5,16.0,NVIDIA,500,Việt Nam,laptop,9.500.000 đ
4970,Dell,Latitude,Đã sử dụng (chưa sửa chữa),0,14,Intel Core i7,8.0,Onboard,256,Mỹ,laptop,6.500.000 đ
4971,MSI,GF Series,Đã sử dụng (chưa sửa chữa),0,16,Intel Core i5,8.0,NVIDIA,512,Nước khác,laptop,8.500.000 đ
4972,Dell,Precision,Đã sử dụng (qua sửa chữa),0,16,Intel Core i7,32.0,NVIDIA,256,Mỹ,laptop,6.600.000 đ
4973,Apple,MacBook Air,Đã sử dụng (chưa sửa chữa),0,14,Intel Core i5,8.0,Onboard,256,Nước khác,laptop,4.000.000 đ
4974,Apple,MacBook Pro,Đã sử dụng (chưa sửa chữa),0,14,Intel Core i5,8.0,Onboard,128,Nước khác,laptop,6.490.000 đ
4975,Dell,Latitude,Đã sử dụng (chưa sửa chữa),0,14,Intel Core i5,8.0,Onboard,256,Nước khác,laptop,4.999.000 đ
4976,Asus,VivoBook S Series,Đã sử dụng (chưa sửa chữa),1,16,Intel Core i5,8.0,Onboard,128,Việt Nam,laptop,3.200.000 đ
4977,Acer,Aspire,Đã sử dụng (qua sửa chữa),0,14,Intel Core i3,1.0,Onboard,256,Nước khác,laptop,400.000 đ
4978,Apple,MacBook Pro Touch Bar,Đã sử dụng (chưa sửa chữa),0,14,Intel Core i5,8.0,Onboard,256,Việt Nam,laptop,12.000.000 đ
4979,HP,Elitebook,Đã sử dụng (chưa sửa chữa),3,16,Intel Core i5,8.0,Onboard,256,Mỹ,laptop,7.400.000 đ
4980,HP,Elitebook,Đã sử dụng (chưa sửa chữa),1,14,Intel Core i7,8.0,Onboard,256,Việt Nam,laptop,7.800.000 đ
4981,Apple,MacBook Pro,Đã sử dụng (chưa sửa chữa),0,14,Intel Core i5,4.0,Onboard,250,Mỹ,laptop,750.000 đ
4982,Dell,Vostro,Đã sử dụng (chưa sửa chữa),0,14,Intel Core i5,4.0,NVIDIA,128,Nước khác,laptop,4.000.000 đ
4983,Lenovo,ThinkPad,Đã sử dụng (chưa sửa chữa),3,14,Intel Core i5,8.0,Onboard,256,Mỹ,laptop,4.950.000 đ
4984,Microsoft,Surface Book,Đã sử dụng (chưa sửa chữa),0,14,Intel Core i7,16.0,NVIDIA,1000,Mỹ,laptop,13.800.000 đ
4985,Lenovo,IdeaPad,Đã sử dụng (chưa sửa chữa),1,14,Intel Core i5,4.0,Onboard,128,Nước khác,laptop,3.900.000 đ
4986,Lenovo,IdeaPad,Đã sử dụng (chưa sửa chữa),3,14,Intel Core i3,4.0,Onboard,128,Trung Quốc,laptop,5.900.000 đ
4987,Hãng Khác,Dòng khác,Đã sử dụng (chưa sửa chữa),0,12,Intel Core i7,16.0,Onboard,512,Nước khác,laptop,6.500.000 đ
4988,Asus,VivoBook S Series,Đã sử dụng (chưa sửa chữa),0,14,Intel Core i5,8.0,Onboard,256,Nước khác,laptop,6.000.000 đ
4989,Dell,Latitude,Đã sử dụng (chưa sửa chữa),3,16,Intel Core i5,4.0,Onboard,128,Nước khác,laptop,3.700.000 đ
4990,Dell,Chromebook,Đã sử dụng (chưa sửa chữa),0,10,Intel Celeron,4.0,Onboard,1500,Nước khác,laptop,2.250.000 đ
4991,Dell,Precision,Đã sử dụng (chưa sửa chữa),0,16,Intel Core i7,16.0,NVIDIA,256,Nước khác,laptop,7.900.000 đ
4992,Apple,MacBook Pro Touch Bar,Đã sử dụng (chưa sửa chữa),1,16,Intel Core i7,16.0,AMD,256,Nước khác,laptop,14.500.000 đ
4993,Microsoft,Surface,Mới,1,14,Intel Core i5,8.0,Onboard,256,Mỹ,laptop,10.990.000 đ
4994,Apple,MacBook Pro Touch Bar,Đã sử dụng (chưa sửa chữa),1,14,Intel Core i7,16.0,Onboard,512,Nước khác,laptop,13.500.000 đ
4995,Hãng Khác,Dòng khác,Đã sử dụng (chưa sửa chữa),1,14,Intel Core i5,16.0,Onboard,512,Việt Nam,laptop,7.800.000 đ
4996,Hãng Khác,Dòng khác,Mới,1,14,Ryzen 5,8.0,Onboard,512,Việt Nam,laptop,6.990.000 đ
4997,Dell,Latitude,Đã sử dụng (chưa sửa chữa),0,14,Intel Core i3,4.0,Onboard,128,Mỹ,laptop,990.000 đ
4998,HP,OMEN,Mới,1,16,Intel Core i9,16.0,NVIDIA,1000,Mỹ,laptop,26.000.000 đ
4999,HP,Elitebook,Đã sử dụng (chưa sửa chữa),12,16,Intel Core i7,16.0,Onboard,512,Mỹ,laptop,9.700.000 đ
5000,Asus,X Series,Đã sử dụng (chưa sửa chữa),0,16,Intel Core i5,4.0,Onboard,128,Nước khác,laptop,6.000.000 đ
5001,Dell,Latitude,Đã sử dụng (chưa sửa chữa),1,14,Intel Core i5,8.0,Onboard,512,Việt Nam,laptop,5.800.000 đ
5002,Toshiba,Tecra Series,Đã sử dụng (chưa sửa chữa),0,14,Intel Core i3,8.0,Onboard,256,Nước khác,laptop,1.200.000 đ
5003,HP,Pavilion,Đã sử dụng (qua sửa chữa),0,14,Intel Core i3,8.0,Onboard,256,Nước khác,laptop,100.000 đ
5004,Asus,X Series,Đã sử dụng (chưa sửa chữa),3,16,Intel Core i5,8.0,NVIDIA,512,Việt Nam,laptop,9.600.000 đ
5005,Dell,Latitude,Đã sử dụng (chưa sửa chữa),3,16,Intel Core i5,8.0,Onboard,128,Nhật Bản,laptop,5.500.000 đ
5006,Dell,Vostro,Đã sử dụng (chưa sửa chữa),1,16,Intel Core i7,8.0,AMD,1000,Việt Nam,laptop,6.200.000 đ
5007,Apple,MacBook Pro Touch Bar,Đã sử dụng (chưa sửa chữa),0,14,Intel Core i5,8.0,Onboard,256,Nước khác,laptop,114.980.000 đ
5008,LG,Gram,Mới,12,18,Intel Core i7,16.0,Onboard,1000,Việt Nam,laptop,29.999.999 đ
5009,Lenovo,ThinkBook,Đã sử dụng (chưa sửa chữa),1,16,Intel Core i7,16.0,NVIDIA,512,Trung Quốc,laptop,12.800.000 đ
5010,Dell,Latitude,Đã sử dụng (chưa sửa chữa),3,14,Intel Core i5,4.0,Onboard,128,Mỹ,laptop,3.000.000 đ
5011,Asus,VivoBook S Series,Đã sử dụng (chưa sửa chữa),3,14,Intel Core i5,8.0,Onboard,120,Nhật Bản,laptop,5.890.000 đ
5012,HP,Elitebook,Đã sử dụng (chưa sửa chữa),0,16,Intel Core 2 Duo,4.0,NVIDIA,500,Nước khác,laptop,800.000 đ
5013,Apple,MacBook Pro,Đã sử dụng (chưa sửa chữa),3,14,Intel Core i5,8.0,Onboard,256,Nước khác,laptop,6.500.000 đ
5014,Dell,Latitude,Đã sử dụng (chưa sửa chữa),0,16,Intel Core i5,16.0,Onboard,256,Nước khác,laptop,9.500.000 đ
5015,Apple,MacBook Pro Touch Bar,Đã sử dụng (chưa sửa chữa),1,14,Intel Core i7,16.0,Onboard,512,Mỹ,laptop,10.000.000 đ
5016,Asus,VivoBook S Series,Đã sử dụng (chưa sửa chữa),3,14,AMD,4.0,AMD,500,Trung Quốc,laptop,1.990.000 đ
5017,Dell,Precision,Đã sử dụng (chưa sửa chữa),0,16,Intel Xeon,16.0,NVIDIA,128,Nước khác,laptop,7.500.000 đ
5018,HP,Elitebook,Mới,3,14,Intel Core i5,16.0,Onboard,512,Mỹ,laptop,7.800.000 đ
5019,HP,Elitebook,Đã sử dụng (chưa sửa chữa),3,16,Intel Core i5,4.0,AMD,128,Nước khác,laptop,2.300.000 đ
5020,Dell,Latitude,Đã sử dụng (chưa sửa chữa),9,14,Intel Core i5,16.0,Onboard,256,Nước khác,laptop,9.300.000 đ
5021,Apple,MacBook Pro M1 Touch Bar,Đã sử dụng (chưa sửa chữa),2,14,Apple M1,8.0,Onboard,256,Mỹ,laptop,17.200.000 đ
5022,Acer,Aspire,Đã sử dụng (chưa sửa chữa),0,14,Intel Core i3,2.0,Onboard,500,Nước khác,laptop,1.400.000 đ
5023,Apple,MacBook Air,Đã sử dụng (chưa sửa chữa),0,14,Intel Core i5,8.0,Onboard,128,Nước khác,laptop,5.800.000 đ
5024,Panasonic,CF,Đã sử dụng (chưa sửa chữa),1,14,Intel Core i7,8.0,Onboard,128,Nhật Bản,laptop,4.500.000 đ
5025,Apple,MacBook Pro,Đã sử dụng (chưa sửa chữa),0,14,Intel Core i7,16.0,NVIDIA,500,Nước khác,laptop,3.500.000 đ
5026,Lenovo,ThinkPad,Đã sử dụng (chưa sửa chữa),0,14,Intel Core i3,4.0,Onboard,500,Việt Nam,laptop,1.900.000 đ
5027,HP,Envy,Đã sử dụng (chưa sửa chữa),0,16,Intel Core i7,16.0,Onboard,512,Mỹ,laptop,15.000.000 đ
5028,Lenovo,IdeaPad,Đã sử dụng (chưa sửa chữa),12,16,Ryzen 5,8.0,AMD,512,Mỹ,laptop,7.299.000 đ
5029,Lenovo,IdeaPad,Đã sử dụng (chưa sửa chữa),1,16,Intel Core i5,8.0,NVIDIA,512,Nước khác,laptop,16.000.000 đ
5030,Acer,Aspire,Đã sử dụng (chưa sửa chữa),0,12,Intel Core i5,4.0,Onboard,256,Nước khác,laptop,1.800.000 đ
5031,Sony,S Series,Đã sử dụng (chưa sửa chữa),0,16,Intel Core i5,8.0,Onboard,128,Nước khác,laptop,1.600.000 đ
5032,Dell,Latitude,Đã sử dụng (chưa sửa chữa),0,14,Intel Core i7,8.0,Onboard,256,Nước khác,laptop,7.500.000 đ
5033,Apple,MacBook Pro,Đã sử dụng (chưa sửa chữa),0,14,Intel Core i5,16.0,Onboard,250,Nước khác,laptop,8.500.000 đ
5034,Apple,MacBook Air,Đã sử dụng (chưa sửa chữa),0,12,Intel Core i5,8.0,Onboard,120,Nhật Bản,laptop,4.900.000 đ
5035,Apple,MacBook Pro,Đã sử dụng (chưa sửa chữa),3,14,Intel Core i5,8.0,Onboard,128,Việt Nam,laptop,7.900.000 đ
5036,Asus,VivoBook S Series,Đã sử dụng (qua sửa chữa),0,14,Intel Core 2 Duo,2.0,Onboard,512,Nước khác,laptop,1.000.000 đ
5037,Dell,Latitude,Đã sử dụng (chưa sửa chữa),0,14,Intel Core i5,8.0,Onboard,256,Nước khác,laptop,2.800.000 đ
5038,Dell,Latitude,Đã sử dụng (chưa sửa chữa),0,16,Intel Core i5,4.0,NVIDIA,500,Nước khác,laptop,3.300.000 đ
5039,Lenovo,ThinkPad,Đã sử dụng (qua sửa chữa),0,14,Intel Core i5,8.0,Onboard,256,Nước khác,laptop,1.900.000 đ
5040,Lenovo,ThinkPad,Mới,9,16,Intel Core i7,32.0,NVIDIA,512,Mỹ,laptop,17.600.000 đ
5041,HP,Pavilion,Đã sử dụng (chưa sửa chữa),5,16,Intel Core i5,8.0,NVIDIA,256,Nước khác,laptop,8.490.000 đ
5042,Dell,Latitude,Đã sử dụng (chưa sửa chữa),1,14,Intel Core i5,8.0,Onboard,256,Mỹ,laptop,11.200.000 đ
5043,Lenovo,IdeaPad,Mới,12,14,Intel Core i5,8.0,Onboard,512,Trung Quốc,laptop,6.500.000 đ
5044,Apple,MacBook,Đã sử dụng (chưa sửa chữa),0,14,Intel Core i5,4.0,Onboard,128,Nước khác,laptop,1.700.000 đ
5045,Apple,MacBook Air M1,Đã sử dụng (chưa sửa chữa),0,14,Apple M1,8.0,Onboard,256,Việt Nam,laptop,14.500.000 đ
5046,Asus,Zenbook Series,Mới,1,14,Intel Core i5,8.0,Onboard,512,Mỹ,laptop,16.500.000 đ
5047,HP,Pavilion,Đã sử dụng (chưa sửa chữa),1,16,Intel Core i3,8.0,Onboard,256,Việt Nam,laptop,10.000.000 đ
5048,Apple,MacBook Pro,Đã sử dụng (qua sửa chữa),0,16,Intel Core i7,4.0,Onboard,256,Nước khác,laptop,2.500.000 đ
5049,HP,ProBook,Đã sử dụng (chưa sửa chữa),3,14,Intel Core i5,8.0,Onboard,128,Mỹ,laptop,3.900.000 đ
5050,Lenovo,IdeaPad,Đã sử dụng (chưa sửa chữa),1,16,Intel Core i5,8.0,Onboard,512,Nước khác,laptop,8.200.000 đ
5051,Asus,A series,Đã sử dụng (chưa sửa chữa),0,16,Intel Core i5,8.0,NVIDIA,250,Nước khác,laptop,2.400.000 đ
5052,HP,Elitebook,Đã sử dụng (chưa sửa chữa),5,12,Intel Core i5,4.0,Onboard,128,Nước khác,laptop,3.990.000 đ
5053,Lenovo,Essential (G series),Đã sử dụng (chưa sửa chữa),0,14,Intel Core i3,8.0,Onboard,128,Nước khác,laptop,1.800.000 đ
5054,MSI,GL Series,Mới,1,16,Intel Core i7,16.0,NVIDIA,1000,Mỹ,laptop,29.990.000 đ
5055,Dell,Precision,Đã sử dụng (chưa sửa chữa),3,16,Intel Core i7,8.0,NVIDIA,128,Nước khác,laptop,11.000.000 đ
5056,Apple,MacBook Pro Touch Bar,Đã sử dụng (chưa sửa chữa),1,16,Intel Core i7,16.0,AMD,256,Nước khác,laptop,11.900.000 đ
5057,Dell,Latitude,Đã sử dụng (chưa sửa chữa),0,14,Intel Core i5,8.0,Onboard,256,Nước khác,laptop,4.000.000 đ
5058,Lenovo,ThinkPad,Mới,3,14,Intel Core i5,8.0,Onboard,128,Nước khác,laptop,3.600.000 đ
5059,Dell,Latitude,Đã sử dụng (chưa sửa chữa),5,14,Intel Core i5,4.0,Onboard,250,Nước khác,laptop,3.990.000 đ
5060,Dell,Latitude,Đã sử dụng (chưa sửa chữa),1,16,Intel Core i7,16.0,Onboard,512,Mỹ,laptop,12.600.000 đ
5061,Dell,Latitude,Đã sử dụng (chưa sửa chữa),3,16,Intel Core i7,16.0,NVIDIA,512,Nước khác,laptop,21.500.000 đ
5062,Apple,MacBook Air,Đã sử dụng (chưa sửa chữa),0,12,Intel Core i5,64.0,Onboard,120,Nước khác,laptop,3.000.000 đ
5063,Apple,MacBook Air,Đã sử dụng (chưa sửa chữa),1,14,Intel Core i5,8.0,Onboard,128,Nước khác,laptop,9.800.000 đ
5064,Dell,Alienware,Mới,1,18,Intel Core i9,16.0,NVIDIA,256,Mỹ,laptop,45.000.000 đ
5065,Lenovo,ThinkPad,Đã sử dụng (chưa sửa chữa),5,14,Intel Core i7,16.0,Onboard,512,Mỹ,laptop,17.500.000 đ
5066,Dell,Latitude,Đã sử dụng (chưa sửa chữa),5,14,Intel Core i5,8.0,Onboard,256,Nước khác,laptop,7.490.000 đ
5067,Dell,XPS,Đã sử dụng (chưa sửa chữa),5,16,Intel Core i5,16.0,Onboard,256,Mỹ,laptop,13.900.000 đ
5068,Asus,TUF Gaming,Đã sử dụng (chưa sửa chữa),1,16,Ryzen 7,16.0,NVIDIA,512,Nước khác,laptop,12.200.000 đ
5069,Asus,TUF Gaming,Đã sử dụng (chưa sửa chữa),0,16,Ryzen 5,8.0,NVIDIA,128,Nước khác,laptop,5.800.000 đ
5070,Dell,XPS,Đã sử dụng (chưa sửa chữa),3,14,Intel Core i5,8.0,Onboard,256,Nước khác,laptop,9.700.000 đ
5071,Samsung,Galaxyboook,Đã sử dụng (chưa sửa chữa),1,16,Intel Core i7,8.0,Onboard,512,Hàn Quốc,laptop,12.900.000 đ
5072,HP,ProBook,Đã sử dụng (chưa sửa chữa),0,16,Intel Core i5,8.0,Onboard,256,Nhật Bản,laptop,6.200.000 đ
5073,Apple,MacBook Pro Touch Bar,Đã sử dụng (chưa sửa chữa),0,16,Intel Core i7,16.0,AMD,256,Nước khác,laptop,12.888.000 đ
5074,Acer,Aspire,Đã sử dụng (chưa sửa chữa),1,16,Ryzen 5,8.0,NVIDIA,256,Nước khác,laptop,8.800.000 đ
5075,Lenovo,ThinkPad,Đã sử dụng (chưa sửa chữa),3,14,Intel Core i7,16.0,Onboard,512,Mỹ,laptop,11.500.000 đ
5076,Dell,Latitude,Đã sử dụng (chưa sửa chữa),1,14,Intel Core i5,4.0,Onboard,128,Mỹ,laptop,3.800.000 đ
5077,Apple,MacBook Pro Touch Bar,Đã sử dụng (chưa sửa chữa),3,16,Intel Core i7,16.0,Onboard,512,Mỹ,laptop,14.650.000 đ
5078,Lenovo,Legion Y Series,Mới,9,16,Intel Core i7,16.0,NVIDIA,1000,Mỹ,laptop,31.000.000 đ
5079,Dell,Latitude,Đã sử dụng (chưa sửa chữa),1,14,Intel Core i7,16.0,Onboard,512,Trung Quốc,laptop,10.300.000 đ
5080,Dell,Latitude,Đã sử dụng (chưa sửa chữa),3,14,Intel Core i5,16.0,Onboard,256,Nhật Bản,laptop,6.200.000 đ
5081,Lenovo,ThinkPad,Đã sử dụng (chưa sửa chữa),0,14,Intel Core i5,16.0,Onboard,256,Nước khác,laptop,6.900.000 đ
5082,Acer,Nitro 5,Mới,0,16,Intel Core i7,16.0,NVIDIA,512,Nước khác,laptop,23.000.000 đ
5083,Hãng Khác,Dòng khác,Mới,0,14,Intel Core i7,8.0,Onboard,500,Việt Nam,laptop,1.800.000 đ
5084,Asus,VivoBook S Series,Đã sử dụng (chưa sửa chữa),5,16,Intel Core i5,4.0,Onboard,120,Nước khác,laptop,3.990.000 đ
5085,Razer,Blade Stealth,Đã sử dụng (chưa sửa chữa),0,16,Intel Core i7,32.0,NVIDIA,1000,Mỹ,laptop,9.900.000 đ
5086,Apple,MacBook Pro,Đã sử dụng (chưa sửa chữa),3,14,Intel Core i5,8.0,Onboard,512,Nhật Bản,laptop,8.400.000 đ
5087,Microsoft,Surface Pro 7,Đã sử dụng (chưa sửa chữa),0,14,Intel Core i5,8.0,Onboard,128,Mỹ,laptop,7.800.000 đ
5088,Razer,Blade Stealth,Đã sử dụng (chưa sửa chữa),1,16,Intel Core i7,16.0,NVIDIA,512,Nước khác,laptop,19.999.000 đ
5089,Apple,MacBook Pro Touch Bar,Đã sử dụng (chưa sửa chữa),3,14,Intel Core i5,16.0,Onboard,512,Nước khác,laptop,8.500.000 đ
5090,Asus,X Series,Đã sử dụng (chưa sửa chữa),1,14,Intel Core i3,8.0,Onboard,250,Việt Nam,laptop,3.900.000 đ
5091,Dell,Inspiron,Đã sử dụng (chưa sửa chữa),0,14,Intel Core i3,4.0,Onboard,128,Việt Nam,laptop,3.000.000 đ
5092,Dell,Latitude,Đã sử dụng (chưa sửa chữa),5,12,Intel Core i5,8.0,Onboard,256,Nhật Bản,laptop,6.700.000 đ
5093,Lenovo,IdeaPad,Đã sử dụng (chưa sửa chữa),1,14,Intel Core i3,8.0,Onboard,128,Nước khác,laptop,3.350.000 đ
5094,Asus,X Series,Đã sử dụng (chưa sửa chữa),3,14,Intel Core i3,8.0,Onboard,128,Việt Nam,laptop,3.000.000 đ
5095,HP,Elitebook,Đã sử dụng (chưa sửa chữa),5,14,Intel Core i5,8.0,Onboard,128,Nhật Bản,laptop,7.300.000 đ
5096,Asus,X Series,Đã sử dụng (chưa sửa chữa),0,14,Intel Pentium,4.0,Onboard,128,Đài Loan,laptop,400.000 đ
5097,Asus,TUF Gaming,Đã sử dụng (chưa sửa chữa),3,16,Ryzen 7,16.0,NVIDIA,512,Mỹ,laptop,17.650.000 đ
5098,Dell,Latitude,Đã sử dụng (chưa sửa chữa),3,14,Intel Core i5,8.0,Onboard,256,Nước khác,laptop,4.900.000 đ
5099,HP,ProBook,Đã sử dụng (chưa sửa chữa),3,14,Intel Core i5,16.0,Onboard,256,Nước khác,laptop,4.900.000 đ
5100,Dell,Latitude,Đã sử dụng (chưa sửa chữa),5,14,Intel Core i5,8.0,Onboard,256,Nhật Bản,laptop,7.800.000 đ
5101,Apple,MacBook Pro,Đã sử dụng (chưa sửa chữa),0,16,Intel Core i7,8.0,NVIDIA,256,Nước khác,laptop,4.900.000 đ
5102,Microsoft,Surface Laptop Studio,Mới,0,14,Intel Core i5,8.0,Onboard,512,Mỹ,laptop,14.000.000 đ
5103,Dell,Latitude,Đã sử dụng (chưa sửa chữa),0,14,Intel Core i5,2.0,Onboard,250,Nước khác,laptop,750.000 đ
5104,Lenovo,ThinkPad,Đã sử dụng (chưa sửa chữa),0,12,Intel Core i5,8.0,Onboard,256,Nhật Bản,laptop,5.900.000 đ
5105,Lenovo,ThinkPad,Đã sử dụng (chưa sửa chữa),0,14,Intel Core i5,8.0,NVIDIA,256,Việt Nam,laptop,4.200.000 đ
5106,Lenovo,ThinkPad,Đã sử dụng (chưa sửa chữa),1,14,Intel Core i5,16.0,Onboard,512,Mỹ,laptop,10.000.000 đ
5107,Lenovo,ThinkPad,Đã sử dụng (chưa sửa chữa),0,10,Intel Core i5,4.0,Onboard,128,Nước khác,laptop,4.500.000 đ
5108,HP,Elitebook,Đã sử dụng (chưa sửa chữa),0,14,Intel Core i5,16.0,Onboard,512,Nước khác,laptop,9.800.000 đ
5109,Apple,MacBook Air M1,Đã sử dụng (chưa sửa chữa),12,14,Intel Core i5,8.0,Onboard,500,Nước khác,laptop,18.900.000 đ
5110,Hãng Khác,Dòng khác,Đã sử dụng (chưa sửa chữa),0,14,Intel Core i5,8.0,Onboard,256,Nước khác,laptop,5.500.000 đ
5111,Dell,Precision,Đã sử dụng (chưa sửa chữa),3,16,Intel Xeon,16.0,NVIDIA,512,Mỹ,laptop,10.500.000 đ
5112,Asus,TUF Gaming,Đã sử dụng (chưa sửa chữa),0,16,Intel Core i5,8.0,NVIDIA,512,Nước khác,laptop,9.800.000 đ
5113,Asus,VivoBook S Series,Đã sử dụng (chưa sửa chữa),9,14,Intel Core i5,8.0,Onboard,256,Nước khác,laptop,9.500.000 đ
5114,HP,Envy,Đã sử dụng (chưa sửa chữa),3,14,Intel Core i7,8.0,Onboard,512,Nước khác,laptop,9.000.000 đ
5115,HP,Pavilion,Đã sử dụng (chưa sửa chữa),0,16,Intel Core i5,8.0,Onboard,128,Việt Nam,laptop,4.000.000 đ
5116,Microsoft,Surface Pro 7,Đã sử dụng (chưa sửa chữa),0,14,Intel Core i5,16.0,Onboard,256,Nước khác,laptop,10.500.000 đ
5117,Lenovo,Yoga,Đã sử dụng (chưa sửa chữa),1,14,Intel Core i3,8.0,Onboard,256,Mỹ,laptop,2.900.000 đ
5118,HP,ZBook,Đã sử dụng (chưa sửa chữa),3,16,Intel Core i5,16.0,Onboard,512,Mỹ,laptop,7.900.000 đ
5119,Asus,X Series,Đã sử dụng (chưa sửa chữa),3,16,Intel Core i3,4.0,Onboard,128,Nước khác,laptop,3.500.000 đ
5120,Dell,Latitude,Đã sử dụng (chưa sửa chữa),1,14,Intel Core i7,8.0,Onboard,512,Nước khác,laptop,8.600.000 đ
5121,Asus,VivoBook S Series,Đã sử dụng (chưa sửa chữa),3,16,Intel Core i7,8.0,NVIDIA,512,Việt Nam,laptop,5.800.000 đ
5122,Dell,Alienware,Đã sử dụng (chưa sửa chữa),0,16,Intel Core i7,16.0,NVIDIA,256,Mỹ,laptop,8.500.000 đ
5123,Dell,Alienware,Đã sử dụng (chưa sửa chữa),2,16,Intel Core i7,16.0,NVIDIA,512,Mỹ,laptop,19.500.000 đ
5124,Microsoft,Surface Book,Đã sử dụng (chưa sửa chữa),2,14,Intel Core i7,32.0,NVIDIA,512,Mỹ,laptop,16.500.000 đ
5125,Dell,Inspiron,Đã sử dụng (chưa sửa chữa),3,16,Intel Core i5,8.0,NVIDIA,256,Nước khác,laptop,7.900.000 đ
5126,Apple,MacBook Air,Đã sử dụng (chưa sửa chữa),1,12,Intel Core i5,4.0,Onboard,128,Mỹ,laptop,4.000.000 đ
5127,Hãng Khác,Dòng khác,Đã sử dụng (chưa sửa chữa),0,16,Intel Core i5,16.0,Onboard,512,Nước khác,laptop,12.490.000 đ
5128,Asus,ROG Strix Scar,Đã sử dụng (chưa sửa chữa),9,16,Intel Core i5,4.0,NVIDIA,128,Đài Loan,laptop,5.500.000 đ
5129,Lenovo,ThinkPad,Đã sử dụng (chưa sửa chữa),0,12,Intel Core i5,4.0,Onboard,128,Nhật Bản,laptop,1.300.000 đ
5130,Sony,S Series,Đã sử dụng (chưa sửa chữa),0,14,Intel Core i5,4.0,Onboard,128,Việt Nam,laptop,1.750.000 đ
5131,Dell,Latitude,Đã sử dụng (chưa sửa chữa),1,16,Intel Core i7,8.0,NVIDIA,128,Mỹ,laptop,2.200.000 đ
5132,Apple,MacBook,Đã sử dụng (chưa sửa chữa),0,12,Intel Core i5,8.0,Onboard,128,Nước khác,laptop,5.400.000 đ
5133,HP,Elitebook,Đã sử dụng (chưa sửa chữa),9,14,Intel Core i5,8.0,Onboard,256,Mỹ,laptop,7.500.000 đ
5134,Dell,Latitude,Đã sử dụng (chưa sửa chữa),0,14,Intel Core i5,4.0,Onboard,500,Mỹ,laptop,2.900.000 đ
5135,Dell,Latitude,Đã sử dụng (chưa sửa chữa),0,14,Intel Core i5,4.0,Onboard,256,Việt Nam,laptop,4.200.000 đ
5136,Microsoft,Surface Pro 4,Đã sử dụng (chưa sửa chữa),0,14,Intel Core i5,8.0,Onboard,256,Nước khác,laptop,2.800.000 đ
5137,Asus,X Series,Đã sử dụng (chưa sửa chữa),1,16,Intel Core i5,8.0,Onboard,512,Mỹ,laptop,4.500.000 đ
5138,Dell,Latitude,Mới,5,16,Intel Core i5,8.0,Onboard,256,Mỹ,laptop,14.500.000 đ
5139,Dell,Latitude,Đã sử dụng (chưa sửa chữa),3,12,Intel Core i5,8.0,Onboard,256,Nước khác,laptop,4.300.000 đ
5140,Dell,Latitude,Đã sử dụng (chưa sửa chữa),3,12,Intel Core i5,8.0,Onboard,256,Nước khác,laptop,4.200.000 đ
5141,Dell,Latitude,Đã sử dụng (chưa sửa chữa),0,16,Intel Core i5,8.0,Onboard,256,Nước khác,laptop,4.400.000 đ
5142,Hãng Khác,Dòng khác,Đã sử dụng (chưa sửa chữa),0,14,Intel Core i5,8.0,Onboard,256,Nước khác,laptop,3.500.000 đ
5143,HP,Elitebook,Đã sử dụng (chưa sửa chữa),1,14,Intel Core i5,4.0,Onboard,128,Nước khác,laptop,2.500.000 đ
5144,Lenovo,ThinkPad,Đã sử dụng (chưa sửa chữa),3,14,Intel Core i7,16.0,Onboard,256,Mỹ,laptop,11.500.000 đ
5145,Hãng Khác,Dòng khác,Đã sử dụng (chưa sửa chữa),0,12,Intel Core i5,8.0,Onboard,256,Nhật Bản,laptop,3.500.000 đ
5146,Dell,Inspiron,Đã sử dụng (chưa sửa chữa),0,16,Intel Core i5,8.0,Onboard,500,Việt Nam,laptop,3.500.000 đ
5147,MSI,GF Series,Đã sử dụng (chưa sửa chữa),3,16,Intel Core i5,8.0,NVIDIA,256,Nước khác,laptop,8.990.000 đ
5148,Asus,VivoBook S Series,Đã sử dụng (chưa sửa chữa),0,14,Intel Celeron,4.0,Onboard,128,Nước khác,laptop,2.000.000 đ
5149,Lenovo,ThinkPad,Đã sử dụng (chưa sửa chữa),0,14,Intel Core i5,8.0,Onboard,256,Trung Quốc,laptop,4.000.000 đ
5150,HP,ProBook,Đã sử dụng (chưa sửa chữa),5,14,Intel Core i7,16.0,Onboard,256,Mỹ,laptop,11.900.000 đ
5151,Lenovo,IdeaPad,Đã sử dụng (qua sửa chữa),3,16,Intel Core i3,8.0,Onboard,256,Trung Quốc,laptop,5.800.000 đ
5152,Dell,Latitude,Mới,0,14,Intel Core i5,16.0,Onboard,256,Mỹ,laptop,13.500.000 đ
5153,Microsoft,Surface Laptop Studio,Đã sử dụng (chưa sửa chữa),0,14,Intel Core i5,8.0,Onboard,128,Nước khác,laptop,4.500.000 đ
5154,Dell,Inspiron,Đã sử dụng (chưa sửa chữa),0,14,Intel Core i3,8.0,NVIDIA,128,Nước khác,laptop,1.500.000 đ
5155,Apple,MacBook Pro M2 Touch Bar,Mới,1,14,Apple M2,8.0,Onboard,512,Nước khác,laptop,31.500.000 đ
5156,Apple,MacBook Pro,Mới,1,14,Intel Core i5,32.0,Onboard,1000,Mỹ,laptop,50.600.000 đ
5157,HP,ProBook,Đã sử dụng (chưa sửa chữa),3,16,Intel Core i7,8.0,Onboard,250,Việt Nam,laptop,4.600.000 đ
5158,Dell,Latitude,Đã sử dụng (chưa sửa chữa),1,14,Intel Core i7,16.0,Onboard,256,Nước khác,laptop,6.300.000 đ
5159,HP,Elitebook,Đã sử dụng (chưa sửa chữa),3,14,Intel Core i5,8.0,Onboard,256,Mỹ,laptop,6.800.000 đ
5160,Microsoft,Surface,Đã sử dụng (chưa sửa chữa),1,14,Intel Core i5,8.0,Onboard,256,Nước khác,laptop,9.800.000 đ
5161,HP,ProBook,Đã sử dụng (chưa sửa chữa),0,14,Intel Core i5,4.0,Onboard,128,Nước khác,laptop,3.500.000 đ
5162,Dell,Latitude,Đã sử dụng (chưa sửa chữa),0,14,Ryzen 7,16.0,NVIDIA,256,Nước khác,laptop,7.600.000 đ
5163,Asus,VivoBook S Series,Đã sử dụng (chưa sửa chữa),1,16,Intel Core i3,8.0,Onboard,256,Mỹ,laptop,6.900.000 đ
5164,HP,Elitebook,Đã sử dụng (chưa sửa chữa),2,14,Intel Core i5,8.0,Onboard,256,Nước khác,laptop,4.700.000 đ
5165,Asus,VivoBook S Series,Đã sử dụng (chưa sửa chữa),1,14,Intel Core i3,8.0,Onboard,128,Nước khác,laptop,3.000.000 đ
5166,Acer,Aspire,Mới,0,16,Intel Core i5,8.0,Onboard,512,Việt Nam,laptop,8.500.000 đ
5167,Microsoft,Surface,Đã sử dụng (chưa sửa chữa),1,14,Intel Core i7,16.0,Onboard,512,Nước khác,laptop,13.000.000 đ
5168,Dell,Latitude,Đã sử dụng (chưa sửa chữa),1,14,Intel Core i7,16.0,Onboard,256,Nước khác,laptop,8.200.000 đ
5169,Dell,Latitude,Đã sử dụng (chưa sửa chữa),3,12,Intel Core i7,8.0,Onboard,256,Mỹ,laptop,6.400.000 đ
5170,Dell,Latitude,Đã sử dụng (chưa sửa chữa),1,16,Intel Core i7,8.0,Onboard,256,Nước khác,laptop,7.000.000 đ
5171,HP,Elitebook,Đã sử dụng (chưa sửa chữa),3,14,Intel Core i5,8.0,Onboard,256,Nhật Bản,laptop,6.800.000 đ
5172,Asus,ASUSPRO,Đã sử dụng (chưa sửa chữa),0,14,Intel Core i5,8.0,Onboard,256,Nước khác,laptop,3.900.000 đ
5173,Microsoft,Surface,Đã sử dụng (chưa sửa chữa),1,14,AMD,8.0,Onboard,256,Mỹ,laptop,9.500.000 đ
5174,Dell,Latitude,Đã sử dụng (chưa sửa chữa),1,14,Intel Core i7,16.0,Onboard,256,Mỹ,laptop,9.500.000 đ
5175,Dell,Latitude,Đã sử dụng (chưa sửa chữa),1,14,Intel Core i7,8.0,Onboard,256,Nước khác,laptop,3.700.000 đ
5176,Lenovo,ThinkPad,Đã sử dụng (chưa sửa chữa),1,14,Intel Core i5,16.0,Onboard,256,Nước khác,laptop,10.500.000 đ
5177,HP,ProBook,Đã sử dụng (chưa sửa chữa),0,14,Intel Core i7,8.0,Onboard,256,Nước khác,laptop,5.999.000 đ
5178,Lenovo,ThinkPad,Đã sử dụng (chưa sửa chữa),1,14,Intel Core i7,16.0,Onboard,256,Mỹ,laptop,11.000.000 đ
5179,Lenovo,ThinkPad,Đã sử dụng (chưa sửa chữa),0,14,Intel Core i7,16.0,Onboard,512,Nước khác,laptop,15.000.000 đ
5180,HP,Elitebook,Đã sử dụng (chưa sửa chữa),0,14,Intel Core i3,8.0,Onboard,512,Nước khác,laptop,4.500.000 đ
5181,Asus,X Series,Đã sử dụng (chưa sửa chữa),3,14,Intel Core i3,4.0,Onboard,256,Việt Nam,laptop,3.700.000 đ
5182,Apple,MacBook Pro,Đã sử dụng (chưa sửa chữa),1,16,Intel Core i7,16.0,Onboard,256,Mỹ,laptop,8.700.000 đ
5183,MSI,GF Series,Đã sử dụng (chưa sửa chữa),1,16,Intel Core i7,16.0,NVIDIA,1000,Nước khác,laptop,27.500.000 đ
5184,HP,ZBook,Đã sử dụng (chưa sửa chữa),5,16,Intel Core i9,64.0,Onboard,1500,Mỹ,laptop,17.700.000 đ
5185,Microsoft,Surface,Đã sử dụng (chưa sửa chữa),1,14,Intel Core i7,16.0,Onboard,512,Mỹ,laptop,4.999.999 đ
5186,HP,Elitebook,Đã sử dụng (chưa sửa chữa),1,14,Intel Core i5,8.0,Onboard,120,Nước khác,laptop,3.500.000 đ
5187,Apple,MacBook Pro Touch Bar,Đã sử dụng (chưa sửa chữa),0,16,Intel Core i7,32.0,AMD,512,Nước khác,laptop,17.500.000 đ
5188,Acer,Nitro 5,Đã sử dụng (chưa sửa chữa),0,16,Intel Core i7,16.0,NVIDIA,1000,Nước khác,laptop,19.000.000 đ
5189,HP,OMEN,Đã sử dụng (chưa sửa chữa),1,16,Ryzen 7,32.0,NVIDIA,512,Việt Nam,laptop,12.000.000 đ
5190,Lenovo,IdeaPad,Đã sử dụng (chưa sửa chữa),3,14,Intel Core i3,4.0,Onboard,256,Việt Nam,laptop,5.200.000 đ
5191,Dell,Precision,Đã sử dụng (chưa sửa chữa),3,18,Intel Core i7,16.0,NVIDIA,256,Mỹ,laptop,7.700.000 đ
5192,Asus,X Series,Đã sử dụng (chưa sửa chữa),1,16,Intel Core i5,8.0,NVIDIA,256,Mỹ,laptop,4.500.000 đ
5193,Dell,Latitude,Đã sử dụng (chưa sửa chữa),0,14,Intel Core i7,8.0,Onboard,256,Mỹ,laptop,5.000.000 đ
5194,Dell,Latitude,Đã sử dụng (chưa sửa chữa),0,14,Intel Core i5,8.0,Onboard,256,Nước khác,laptop,3.500.000 đ
5195,MSI,GF Series,Mới,0,16,Intel Core i7,16.0,NVIDIA,1000,Việt Nam,laptop,29.000.000 đ
5196,Toshiba,Portege,Đã sử dụng (chưa sửa chữa),0,14,Intel Core i7,8.0,Onboard,256,Nước khác,laptop,2.800.000 đ
5197,Toshiba,Satellite Series,Đã sử dụng (qua sửa chữa),0,16,Intel Core i5,4.0,Onboard,256,Trung Quốc,laptop,700.000 đ
5198,Dell,Inspiron,Đã sử dụng (chưa sửa chữa),1,14,Intel Core i5,8.0,NVIDIA,256,Mỹ,laptop,11.250.000 đ
5199,HP,ZBook,Đã sử dụng (chưa sửa chữa),3,14,Intel Core i5,16.0,Onboard,256,Mỹ,laptop,9.700.000 đ
5200,Dell,Latitude,Đã sử dụng (chưa sửa chữa),0,14,Intel Core i5,8.0,Onboard,256,Nước khác,laptop,5.700.000 đ
5201,Apple,MacBook Pro,Đã sử dụng (chưa sửa chữa),0,16,Intel Core i7,8.0,Onboard,256,Nước khác,laptop,5.500.000 đ
5202,Apple,MacBook Pro,Đã sử dụng (chưa sửa chữa),0,16,Intel Core i7,16.0,Onboard,256,Nước khác,laptop,10.500.000 đ
5203,Apple,MacBook Air,Đã sử dụng (chưa sửa chữa),1,14,Intel Core i5,4.0,Onboard,128,Mỹ,laptop,4.688.000 đ
5204,Asus,VivoBook S Series,Đã sử dụng (chưa sửa chữa),0,14,Ryzen 3,8.0,Onboard,512,Nước khác,laptop,5.700.000 đ
5205,HP,Elitebook,Mới,12,14,Intel Core i5,8.0,Onboard,256,Trung Quốc,laptop,10.700.000 đ
5206,Dell,Latitude,Đã sử dụng (chưa sửa chữa),0,12,Intel Core i5,16.0,Onboard,256,Nước khác,laptop,9.700.000 đ
5207,Dell,Inspiron,Đã sử dụng (chưa sửa chữa),0,14,Intel Core i7,8.0,Onboard,256,Nước khác,laptop,7.500.000 đ
5208,Apple,MacBook Pro,Đã sử dụng (chưa sửa chữa),1,14,Intel Core i7,16.0,Onboard,512,Nước khác,laptop,10.300.000 đ
5209,Lenovo,IdeaPad,Đã sử dụng (chưa sửa chữa),9,14,Ryzen 7,16.0,AMD,512,Nước khác,laptop,11.700.000 đ
5210,Apple,MacBook Pro M2,Đã sử dụng (chưa sửa chữa),9,14,Apple M2,16.0,Onboard,512,Mỹ,laptop,39.700.000 đ
5211,Microsoft,Surface,Đã sử dụng (chưa sửa chữa),1,14,Intel Core i7,8.0,Onboard,128,Nước khác,laptop,2.500.000 đ
5212,Microsoft,Surface Pro 6,Đã sử dụng (chưa sửa chữa),0,14,Intel Core i5,8.0,Onboard,256,Nước khác,laptop,6.600.000 đ
5213,Dell,Latitude,Đã sử dụng (chưa sửa chữa),3,14,Intel Core i5,8.0,Onboard,256,Mỹ,laptop,4.600.000 đ
5214,Dell,Latitude,Đã sử dụng (chưa sửa chữa),3,14,Intel Core i5,8.0,Onboard,256,Mỹ,laptop,5.300.000 đ
5215,MSI,GF Series,Đã sử dụng (chưa sửa chữa),5,14,Intel Core i7,16.0,Onboard,1000,Mỹ,laptop,18.600.000 đ
5216,Asus,ROG Strix Scar,Đã sử dụng (chưa sửa chữa),9,16,Intel Core i7,8.0,NVIDIA,512,Trung Quốc,laptop,14.500.000 đ
5217,Dell,Latitude,Đã sử dụng (chưa sửa chữa),1,14,Intel Core i3,8.0,AMD,480,Mỹ,laptop,3.850.000 đ
5218,Lenovo,ThinkPad,Đã sử dụng (chưa sửa chữa),1,16,AMD,16.0,NVIDIA,256,Nước khác,laptop,14.500.000 đ
5219,HP,Compaq,Đã sử dụng (chưa sửa chữa),0,14,Intel Pentium,4.0,Onboard,256,Nước khác,laptop,1.850.000 đ
5220,Dell,Precision,Đã sử dụng (chưa sửa chữa),0,18,Intel Core i7,16.0,NVIDIA,500,Nước khác,laptop,6.000.000 đ
5221,Dell,Inspiron,Đã sử dụng (chưa sửa chữa),0,16,Intel Core i3,4.0,Onboard,128,Nước khác,laptop,1.300.000 đ
5222,HP,Elitebook,Đã sử dụng (chưa sửa chữa),0,16,Intel Celeron,8.0,Onboard,1000,Việt Nam,laptop,1.700.000 đ
5223,Lenovo,ThinkPad,Đã sử dụng (chưa sửa chữa),0,20,Intel Core i5,32.0,Onboard,512,Nhật Bản,laptop,1.359.000 đ
5224,Dell,Inspiron,Đã sử dụng (chưa sửa chữa),0,16,Intel Core i3,4.0,NVIDIA,500,Việt Nam,laptop,3.500.000 đ
5225,Acer,Aspire,Đã sử dụng (chưa sửa chữa),1,16,Intel Core i5,8.0,NVIDIA,128,Việt Nam,laptop,5.200.000 đ
5226,Dell,Latitude,Đã sử dụng (chưa sửa chữa),0,9,Intel Core i3,2.0,Onboard,120,Việt Nam,laptop,700.000 đ
5227,Acer,Helios,Đã sử dụng (chưa sửa chữa),5,16,Intel Core i7,16.0,NVIDIA,512,Nước khác,laptop,23.300.000 đ
5228,Dell,Latitude,Đã sử dụng (chưa sửa chữa),1,14,Intel Core i7,8.0,Onboard,256,Nước khác,laptop,5.900.000 đ
5229,Asus,FX Series/ZX Series,Đã sử dụng (chưa sửa chữa),5,16,Ryzen 7,16.0,NVIDIA,512,Việt Nam,laptop,12.800.000 đ
5230,Asus,A series,Đã sử dụng (chưa sửa chữa),0,16,Intel Core i3,4.0,Onboard,128,Nước khác,laptop,700.000 đ
5231,Microsoft,Surface,Đã sử dụng (chưa sửa chữa),0,14,Intel Core i5,8.0,Onboard,256,Việt Nam,laptop,4.888.888 đ
5232,Microsoft,Surface Book 2,Đã sử dụng (chưa sửa chữa),0,16,Intel Core i5,8.0,Onboard,256,Nước khác,laptop,10.000.000 đ
5233,Acer,Aspire,Đã sử dụng (chưa sửa chữa),0,14,Intel Core i3,4.0,Onboard,640,Nước khác,laptop,750.000 đ
5234,Asus,X Series,Đã sử dụng (chưa sửa chữa),0,16,Intel Core i3,8.0,Onboard,512,Nước khác,laptop,2.300.000 đ
5235,Lenovo,ThinkPad,Mới,12,16,Intel Core i7,64.0,Onboard,512,Việt Nam,laptop,18.999.000 đ
5236,Dell,Latitude,Đã sử dụng (chưa sửa chữa),3,14,Intel Core i5,8.0,Onboard,256,Mỹ,laptop,7.690.000 đ
5237,Apple,MacBook Pro M1,Đã sử dụng (chưa sửa chữa),12,14,Apple M1,16.0,Onboard,1000,Mỹ,laptop,29.900.000 đ
5238,Acer,Aspire,Đã sử dụng (chưa sửa chữa),1,14,Intel Core i3,8.0,Onboard,512,Mỹ,laptop,3.200.000 đ
5239,LG,Gram,Đã sử dụng (chưa sửa chữa),0,14,Intel Core i5,8.0,Onboard,250,Việt Nam,laptop,5.500.000 đ
5240,Lenovo,ThinkPad,Đã sử dụng (chưa sửa chữa),1,14,Intel Core i5,8.0,Onboard,256,Nước khác,laptop,5.700.000 đ
5241,Asus,ROG Strix Scar,Đã sử dụng (chưa sửa chữa),0,18,Intel Core i5,16.0,NVIDIA,1000,Nước khác,laptop,6.800.000 đ
5242,HP,Elitebook,Mới,1,12,Intel Core i5,8.0,Onboard,128,Nước khác,laptop,2.650.000 đ
5243,Lenovo,ThinkPad,Mới,1,14,Intel Core i5,8.0,Onboard,128,Mỹ,laptop,3.500.000 đ
5244,Asus,VivoBook S Series,Đã sử dụng (chưa sửa chữa),0,14,Intel Core i3,8.0,Onboard,512,Trung Quốc,laptop,10.000.000 đ
5245,Dell,Latitude,Đã sử dụng (chưa sửa chữa),1,12,Intel Core i5,8.0,Onboard,256,Nhật Bản,laptop,5.500.000 đ
5246,Apple,MacBook Pro,Đã sử dụng (chưa sửa chữa),0,16,Intel Core i7,16.0,AMD,512,Nước khác,laptop,16.600.000 đ
5247,Acer,Aspire,Đã sử dụng (chưa sửa chữa),1,16,Intel Core i3,8.0,NVIDIA,128,Việt Nam,laptop,2.800.000 đ
5248,Dell,Latitude,Đã sử dụng (chưa sửa chữa),3,14,Intel Core i7,8.0,Onboard,256,Mỹ,laptop,4.800.000 đ
5249,HP,Pavilion,Đã sử dụng (chưa sửa chữa),1,14,Intel Core i5,8.0,Onboard,320,Nước khác,laptop,2.500.000 đ
5250,Dell,Latitude,Đã sử dụng (chưa sửa chữa),1,14,Intel Core i5,4.0,Onboard,320,Nước khác,laptop,1.800.000 đ
5251,Dell,Latitude,Mới,1,14,Intel Core i5,4.0,Onboard,128,Mỹ,laptop,3.000.000 đ
5252,HP,Elitebook,Đã sử dụng (chưa sửa chữa),0,14,Intel Core i5,4.0,Onboard,128,Nước khác,laptop,3.500.000 đ
5253,Dell,Latitude,Đã sử dụng (chưa sửa chữa),3,14,Intel Core i7,8.0,Onboard,256,Nước khác,laptop,4.900.000 đ
5254,Dell,Latitude,Đã sử dụng (chưa sửa chữa),0,14,Intel Core i7,16.0,Onboard,512,Nước khác,laptop,8.500.000 đ
5255,HP,Elitebook,Đã sử dụng (chưa sửa chữa),1,14,Intel Core i5,8.0,Onboard,256,Mỹ,laptop,6.200.000 đ
5256,Dell,Latitude,Đã sử dụng (chưa sửa chữa),0,14,Intel Core i5,8.0,Onboard,256,Mỹ,laptop,3.400.000 đ
5257,MSI,Modern Series,Đã sử dụng (chưa sửa chữa),0,14,Intel Core i3,16.0,Onboard,256,Đài Loan,laptop,8.000.000 đ
5258,Dell,Inspiron,Đã sử dụng (chưa sửa chữa),0,16,Intel Core i7,8.0,NVIDIA,500,Nước khác,laptop,4.800.000 đ
5259,Lenovo,Yoga,Đã sử dụng (chưa sửa chữa),1,14,Ryzen 7,16.0,NVIDIA,512,Nước khác,laptop,12.500.000 đ
5260,Asus,VivoBook S Series,Đã sử dụng (chưa sửa chữa),3,16,Intel Core i5,8.0,NVIDIA,512,Đài Loan,laptop,11.500.000 đ
5261,Dell,XPS,Đã sử dụng (chưa sửa chữa),0,14,Intel Core i5,8.0,Onboard,256,Mỹ,laptop,7.900.000 đ
5262,Lenovo,ThinkPad,Đã sử dụng (chưa sửa chữa),3,14,Intel Core i7,16.0,Onboard,512,Đài Loan,laptop,14.000.000 đ
5263,Lenovo,Yoga,Đã sử dụng (chưa sửa chữa),1,14,Ryzen 5,16.0,AMD,512,Nước khác,laptop,10.200.000 đ
5264,Lenovo,ThinkBook,Đã sử dụng (chưa sửa chữa),1,14,Ryzen 7,16.0,AMD,512,Nước khác,laptop,11.500.000 đ
5265,Lenovo,Yoga,Đã sử dụng (chưa sửa chữa),1,14,Ryzen 7,16.0,AMD,512,Nước khác,laptop,16.300.000 đ
5266,Asus,ROG Flow,Đã sử dụng (chưa sửa chữa),3,16,Ryzen 7,8.0,NVIDIA,512,Việt Nam,laptop,14.900.000 đ
5267,Asus,VivoBook S Series,Đã sử dụng (chưa sửa chữa),3,16,Ryzen 7,8.0,NVIDIA,512,Việt Nam,laptop,14.900.000 đ
5268,Apple,MacBook,Đã sử dụng (chưa sửa chữa),0,14,Intel Core i5,8.0,Onboard,256,Nước khác,laptop,4.800.000 đ
5269,Dell,XPS,Mới,0,14,Intel Core i5,8.0,Onboard,256,Mỹ,laptop,15.000.000 đ
5270,Apple,MacBook Air M2,Đã sử dụng (chưa sửa chữa),0,14,Apple M2,16.0,Onboard,512,Nước khác,laptop,24.900.000 đ
5271,Apple,MacBook Air M2,Mới,1,16,Apple M2,8.0,Onboard,256,Việt Nam,laptop,28.990.000 đ
5272,Lenovo,IdeaPad,Đã sử dụng (qua sửa chữa),0,14,Intel Core i5,8.0,Onboard,512,Nước khác,laptop,4.000.000 đ
5273,Dell,Latitude,Đã sử dụng (chưa sửa chữa),3,16,Intel Core i3,8.0,Onboard,256,Nhật Bản,laptop,100.000 đ
5274,Acer,Aspire,Đã sử dụng (chưa sửa chữa),0,14,Intel Core i3,4.0,Onboard,120,Việt Nam,laptop,1.500.000 đ
5275,HP,Elitebook,Đã sử dụng (qua sửa chữa),0,16,Intel Core i3,4.0,Onboard,256,Nước khác,laptop,700.000 đ
5276,Dell,Precision,Đã sử dụng (chưa sửa chữa),3,16,Intel Xeon,16.0,NVIDIA,256,Việt Nam,laptop,8.800.000 đ
5277,Apple,MacBook Pro,Đã sử dụng (chưa sửa chữa),0,16,Intel Core i7,16.0,AMD,500,Nước khác,laptop,5.500.000 đ
5278,Lenovo,IdeaPad,Đã sử dụng (chưa sửa chữa),0,16,Intel Core i5,16.0,NVIDIA,512,Nước khác,laptop,8.000.000 đ
5279,Lenovo,ThinkPad,Đã sử dụng (chưa sửa chữa),0,14,Intel Core i5,8.0,Onboard,128,Nước khác,laptop,3.500.000 đ
5280,Apple,MacBook Pro M2 Touch Bar,Đã sử dụng (chưa sửa chữa),1,14,Apple M2,8.0,Onboard,256,Mỹ,laptop,24.990.000 đ
5281,Lenovo,ThinkPad,Đã sử dụng (chưa sửa chữa),3,14,Intel Core i7,16.0,NVIDIA,512,Mỹ,laptop,13.700.000 đ
5282,Dell,Latitude,Đã sử dụng (chưa sửa chữa),0,14,Intel Core i5,8.0,Onboard,256,Mỹ,laptop,5.200.000 đ
5283,Asus,TUF Gaming,Đã sử dụng (chưa sửa chữa),1,16,Ryzen 7,16.0,NVIDIA,512,Nước khác,laptop,25.000.000 đ
5284,Lenovo,ThinkPad,Đã sử dụng (chưa sửa chữa),1,14,Intel Core i5,4.0,Onboard,320,Việt Nam,laptop,1.350.000 đ
5285,Acer,Aspire,Đã sử dụng (chưa sửa chữa),1,14,Intel Core i5,4.0,Onboard,128,Việt Nam,laptop,1.850.000 đ
5286,Lenovo,ThinkPad,Đã sử dụng (chưa sửa chữa),1,14,Intel Core i5,8.0,Onboard,256,Nước khác,laptop,8.500.000 đ
5287,Lenovo,IdeaPad,Đã sử dụng (chưa sửa chữa),1,16,Ryzen 5,8.0,AMD,256,Việt Nam,laptop,7.900.000 đ
5288,Dell,Vostro,Đã sử dụng (chưa sửa chữa),3,16,Intel Core i5,8.0,AMD,250,Việt Nam,laptop,5.750.000 đ
5289,Lenovo,ThinkPad,Đã sử dụng (chưa sửa chữa),0,16,Intel Core i7,32.0,NVIDIA,1000,Mỹ,laptop,13.500.000 đ
5290,Lenovo,ThinkPad,Đã sử dụng (chưa sửa chữa),5,16,Intel Core i7,32.0,NVIDIA,512,Mỹ,laptop,14.200.000 đ
5291,MSI,GF Series,Đã sử dụng (chưa sửa chữa),5,14,Intel Core i5,8.0,Onboard,256,Nước khác,laptop,8.500.000 đ
5292,Samsung,Galaxyboook,Đã sử dụng (qua sửa chữa),0,14,Intel Core i7,16.0,Onboard,512,Nước khác,laptop,14.990.000 đ
5293,Lenovo,IdeaPad,Đã sử dụng (chưa sửa chữa),0,14,Intel Core i3,4.0,Onboard,500,Nước khác,laptop,1.600.000 đ
5294,Lenovo,ThinkPad,Đã sử dụng (chưa sửa chữa),0,14,Intel Core i5,16.0,Onboard,256,Nước khác,laptop,7.500.000 đ
5295,HP,Envy,Đã sử dụng (chưa sửa chữa),0,16,Intel Core i7,16.0,Onboard,512,Nước khác,laptop,15.500.000 đ
5296,HP,ProBook,Đã sử dụng (chưa sửa chữa),0,16,Intel Core i5,16.0,Onboard,256,Nước khác,laptop,9.300.000 đ
5297,Asus,ExpertBook,Đã sử dụng (chưa sửa chữa),0,14,Intel Core i5,8.0,Onboard,512,Việt Nam,laptop,10.000.000 đ
5298,Samsung,Notebook 7,Đã sử dụng (chưa sửa chữa),9,18,Intel Core i5,64.0,Onboard,1500,Mỹ,laptop,400.000 đ
5299,Lenovo,ThinkPad,Đã sử dụng (chưa sửa chữa),1,14,Intel Core i7,32.0,Onboard,512,Nước khác,laptop,9.000.000 đ
5300,Dell,Latitude,Mới,3,16,Ryzen 5,8.0,NVIDIA,512,Mỹ,laptop,16.990.000 đ
5301,Dell,Inspiron,Đã sử dụng (chưa sửa chữa),0,16,Intel Core i5,8.0,Onboard,320,Nước khác,laptop,500.000 đ
5302,Dell,Precision,Đã sử dụng (chưa sửa chữa),0,18,Intel Core i7,64.0,NVIDIA,1500,Mỹ,laptop,21.500.000 đ
5303,Dell,Precision,Đã sử dụng (chưa sửa chữa),1,16,Intel Core i7,32.0,NVIDIA,512,Nước khác,laptop,8.900.000 đ
5304,Dell,Latitude,Mới,1,14,Intel Core i7,8.0,Onboard,256,Mỹ,laptop,4.699.999 đ
5305,Dell,Latitude,Đã sử dụng (chưa sửa chữa),0,14,Intel Core i5,8.0,Onboard,256,Nước khác,laptop,300.000 đ
5306,Microsoft,Surface Pro 3,Đã sử dụng (chưa sửa chữa),0,14,Intel Core i5,4.0,Onboard,128,Nước khác,laptop,2.000.000 đ
5307,Asus,VivoBook S Series,Đã sử dụng (chưa sửa chữa),3,16,Intel Core i5,8.0,NVIDIA,512,Nước khác,laptop,8.900.000 đ
5308,Lenovo,ThinkPad,Đã sử dụng (chưa sửa chữa),3,14,Intel Core i7,32.0,Onboard,512,Mỹ,laptop,29.990.000 đ
5309,Dell,Vostro,Đã sử dụng (chưa sửa chữa),0,16,Intel Core i3,8.0,Onboard,256,Nước khác,laptop,3.199.000 đ
5310,Dell,Inspiron,Đã sử dụng (chưa sửa chữa),1,14,Intel Core i5,8.0,Onboard,256,Nước khác,laptop,7.500.000 đ
5311,Asus,TUF Gaming,Đã sử dụng (chưa sửa chữa),9,16,Intel Core i7,8.0,NVIDIA,512,Việt Nam,laptop,17.800.000 đ
5312,Apple,MacBook Air,Đã sử dụng (chưa sửa chữa),0,14,Intel Core i5,16.0,Onboard,256,Nước khác,laptop,11.500.000 đ
5313,Dell,Latitude,Mới,1,14,Intel Core i5,8.0,Onboard,256,Mỹ,laptop,5.100.000 đ
5314,Dell,Inspiron,Đã sử dụng (chưa sửa chữa),0,16,Intel Core i5,8.0,Onboard,256,Việt Nam,laptop,11.200.000 đ
5315,Apple,MacBook Pro,Đã sử dụng (chưa sửa chữa),0,14,Intel Core i5,8.0,Onboard,256,Nhật Bản,laptop,5.500.000 đ
5316,Asus,Zenbook Series,Đã sử dụng (chưa sửa chữa),1,12,Ryzen 5,8.0,NVIDIA,256,Nước khác,laptop,8.500.000 đ
5317,Dell,Latitude,Đã sử dụng (chưa sửa chữa),3,16,Intel Core i5,16.0,NVIDIA,512,Mỹ,laptop,12.000.000 đ
5318,Acer,Aspire,Đã sử dụng (chưa sửa chữa),0,16,Intel Core i3,4.0,Onboard,500,Nước khác,laptop,1.100.000 đ
5319,Dell,Latitude,Mới,1,14,Intel Core i5,8.0,Onboard,256,Mỹ,laptop,4.399.999 đ
5320,Lenovo,ThinkBook,Đã sử dụng (chưa sửa chữa),0,14,Intel Core i5,8.0,Onboard,512,Nước khác,laptop,9.500.000 đ
5321,Dell,Inspiron,Mới,9,16,Intel Core i7,16.0,Onboard,512,Mỹ,laptop,16.300.000 đ
5322,Asus,TUF Gaming,Đã sử dụng (chưa sửa chữa),1,16,Intel Core i5,8.0,NVIDIA,512,Trung Quốc,laptop,12.000.000 đ
5323,Acer,Nitro 5,Đã sử dụng (chưa sửa chữa),3,16,Intel Core i5,16.0,NVIDIA,512,Việt Nam,laptop,18.500.000 đ
5324,MSI,Modern Series,Mới,12,14,Intel Core i3,8.0,Onboard,512,Trung Quốc,laptop,9.000.000 đ
5325,Apple,MacBook Pro,Đã sử dụng (chưa sửa chữa),0,14,Intel Core i5,8.0,Onboard,128,Nước khác,laptop,12.000.000 đ
5326,Dell,Inspiron,Đã sử dụng (chưa sửa chữa),0,14,Intel Core i5,4.0,Onboard,120,Việt Nam,laptop,1.500.000 đ
5327,Dell,Inspiron,Đã sử dụng (chưa sửa chữa),1,14,Intel Core i5,8.0,Onboard,120,Việt Nam,laptop,2.000.000 đ
5328,Dell,Vostro,Đã sử dụng (chưa sửa chữa),0,14,Intel Core i5,4.0,Onboard,128,Nhật Bản,laptop,1.800.000 đ
5329,Lenovo,ThinkPad,Đã sử dụng (chưa sửa chữa),0,14,Intel Core i7,4.0,Onboard,128,Mỹ,laptop,5.000.000 đ
5330,HP,Elitebook,Đã sử dụng (chưa sửa chữa),1,14,Intel Core i5,8.0,Onboard,256,Nước khác,laptop,5.890.000 đ
5331,Panasonic,CF,Đã sử dụng (chưa sửa chữa),1,12,Intel Core i5,8.0,Onboard,256,Nước khác,laptop,3.900.000 đ
5332,Asus,VivoBook S Series,Đã sử dụng (qua sửa chữa),0,14,Intel Core i5,4.0,Onboard,256,Nước khác,laptop,2.100.000 đ
5333,Lenovo,ThinkPad,Đã sử dụng (chưa sửa chữa),1,14,Intel Core i5,8.0,Onboard,256,Nước khác,laptop,5.500.000 đ
5334,Dell,Inspiron,Đã sử dụng (chưa sửa chữa),0,14,Intel Core 2 Duo,2.0,Onboard,320,Nhật Bản,laptop,1.000.000 đ
5335,MSI,GF Series,Đã sử dụng (chưa sửa chữa),5,14,Intel Core i5,8.0,Onboard,256,Nước khác,laptop,8.500.000 đ
5336,Asus,VivoBook S Series,Đã sử dụng (chưa sửa chữa),0,14,Intel Core i3,2.0,Onboard,256,Nước khác,laptop,1.100.000 đ
5337,Dell,Inspiron,Đã sử dụng (qua sửa chữa),0,14,Intel Core i3,2.0,Onboard,256,Nước khác,laptop,600.000 đ
5338,Lenovo,ThinkPad,Đã sử dụng (chưa sửa chữa),0,14,Intel Core i5,6.0,Onboard,500,Nước khác,laptop,1.700.000 đ
5339,Apple,MacBook Pro,Đã sử dụng (chưa sửa chữa),3,14,Intel Core i5,8.0,Onboard,512,Mỹ,laptop,12.900.000 đ
5340,Hãng Khác,Dòng khác,Đã sử dụng (chưa sửa chữa),0,14,Intel Core i5,8.0,Onboard,128,Nhật Bản,laptop,3.650.000 đ
5341,HP,Elitebook,Đã sử dụng (chưa sửa chữa),1,14,Intel Core i5,4.0,Onboard,500,Nước khác,laptop,2.600.000 đ
5342,Apple,MacBook Pro,Đã sử dụng (chưa sửa chữa),1,14,Intel Core i5,8.0,Onboard,256,Nhật Bản,laptop,6.300.000 đ
5343,Apple,MacBook Pro Touch Bar,Đã sử dụng (chưa sửa chữa),0,14,Intel Core i7,16.0,Onboard,512,Mỹ,laptop,16.000.000 đ
5344,Dell,Latitude,Đã sử dụng (chưa sửa chữa),0,14,Intel Core i5,8.0,Onboard,256,Nước khác,laptop,6.100.000 đ
5345,Asus,FX Series/ZX Series,Đã sử dụng (chưa sửa chữa),3,16,Ryzen 7,16.0,NVIDIA,512,Việt Nam,laptop,11.900.000 đ
5346,Dell,Latitude,Đã sử dụng (chưa sửa chữa),1,14,Intel Core i5,4.0,Onboard,500,Nước khác,laptop,2.650.000 đ
5347,Dell,Latitude,Đã sử dụng (chưa sửa chữa),0,12,Intel Core i5,8.0,Onboard,256,Nước khác,laptop,2.300.000 đ
5348,Dell,Latitude,Đã sử dụng (chưa sửa chữa),3,12,Intel Core i5,8.0,Onboard,256,Mỹ,laptop,5.000.000 đ
5349,Dell,Latitude,Đã sử dụng (chưa sửa chữa),3,14,Intel Core i7,16.0,Onboard,512,Mỹ,laptop,11.999.999 đ
5350,Apple,MacBook Air M1,Đã sử dụng (chưa sửa chữa),0,14,Apple M1,8.0,Onboard,256,Việt Nam,laptop,12.300.000 đ
5351,Dell,Precision,Đã sử dụng (chưa sửa chữa),3,16,Intel Core i7,16.0,NVIDIA,512,Nước khác,laptop,12.490.000 đ
5352,Lenovo,IdeaPad,Đã sử dụng (chưa sửa chữa),3,16,Intel Core i5,8.0,Onboard,512,Mỹ,laptop,10.590.000 đ
5353,HP,Pavilion,Đã sử dụng (chưa sửa chữa),3,16,Intel Core i5,8.0,Onboard,512,Việt Nam,laptop,9.000.000 đ
5354,HP,Elitebook,Đã sử dụng (chưa sửa chữa),0,12,Intel Core i5,8.0,Onboard,256,Nhật Bản,laptop,2.800.000 đ
5355,Dell,Inspiron,Mới,0,14,Intel Core i3,8.0,Onboard,256,Mỹ,laptop,5.900.000 đ
5356,HP,Spectre,Đã sử dụng (chưa sửa chữa),0,14,Intel Core i5,8.0,Onboard,256,Nước khác,laptop,1.200.000 đ
5357,Toshiba,Satellite Series,Đã sử dụng (chưa sửa chữa),1,14,Intel Core i5,8.0,Onboard,256,Nước khác,laptop,2.590.000 đ
5358,HP,Notebook,Mới,3,18,Intel Core i7,16.0,Onboard,512,Mỹ,laptop,10.990.000 đ
5359,Dell,Latitude,Đã sử dụng (chưa sửa chữa),5,14,Intel Core i7,16.0,Onboard,256,Mỹ,laptop,15.900.000 đ
5360,Hãng Khác,Dòng khác,Đã sử dụng (chưa sửa chữa),1,14,Intel Core i5,4.0,AMD,128,Nước khác,laptop,3.900.000 đ
5361,Dell,Inspiron,Đã sử dụng (chưa sửa chữa),0,14,Intel Core i5,8.0,Onboard,128,Nhật Bản,laptop,3.800.000 đ
5362,Dell,Latitude,Đã sử dụng (chưa sửa chữa),0,14,Intel Core i7,16.0,Onboard,256,Nước khác,laptop,10.990.000 đ
5363,Dell,Latitude,Đã sử dụng (chưa sửa chữa),0,14,Intel Core i5,8.0,Onboard,256,Nước khác,laptop,3.700.000 đ
5364,Lenovo,ThinkPad,Đã sử dụng (chưa sửa chữa),1,14,Intel Core i5,8.0,Onboard,256,Nước khác,laptop,3.700.000 đ
5365,Apple,MacBook Air M1,Đã sử dụng (chưa sửa chữa),5,14,Apple M1,8.0,Onboard,256,Việt Nam,laptop,13.986.000 đ
5366,Apple,MacBook Pro,Đã sử dụng (chưa sửa chữa),0,14,Intel Core i5,8.0,Onboard,128,Nước khác,laptop,5.900.000 đ
5367,Microsoft,Surface,Đã sử dụng (chưa sửa chữa),0,14,Intel Core i7,16.0,Onboard,512,Nhật Bản,laptop,5.900.000 đ
5368,Dell,Latitude,Đã sử dụng (chưa sửa chữa),0,20,Intel Core i3,4.0,NVIDIA,120,Nước khác,laptop,3.200.000 đ
5369,HP,Elitebook,Mới,1,14,Intel Core i5,8.0,Onboard,256,Mỹ,laptop,4.500.000 đ
5370,Samsung,Galaxyboook,Đã sử dụng (chưa sửa chữa),0,14,Intel Core i7,8.0,Onboard,512,Nước khác,laptop,15.990.000 đ
5371,HP,Envy,Đã sử dụng (chưa sửa chữa),0,16,Intel Core i7,16.0,Onboard,1000,Nước khác,laptop,3.250.000 đ
5372,Lenovo,ThinkPad,Đã sử dụng (chưa sửa chữa),1,14,Intel Core i7,32.0,Onboard,512,Nước khác,laptop,16.999.999 đ
5373,HP,Pavilion,Đã sử dụng (chưa sửa chữa),0,14,Intel Core i3,4.0,Onboard,500,Nước khác,laptop,2.800.000 đ
5374,Dell,Inspiron,Đã sử dụng (chưa sửa chữa),0,14,Intel Core i7,16.0,Onboard,512,Nước khác,laptop,16.500.000 đ
5375,MSI,GP Series,Đã sử dụng (chưa sửa chữa),0,14,Intel Core i7,16.0,NVIDIA,512,Nước khác,laptop,10.500.000 đ
5376,Toshiba,Portege,Đã sử dụng (chưa sửa chữa),1,14,Intel Core i5,8.0,Onboard,256,Nhật Bản,laptop,3.390.000 đ
5377,Dell,Latitude,Đã sử dụng (chưa sửa chữa),0,16,Intel Core i5,4.0,Onboard,500,Nước khác,laptop,1.999.999 đ
5378,Hãng Khác,Dòng khác,Đã sử dụng (chưa sửa chữa),1,14,Intel Core i5,8.0,Onboard,256,Nước khác,laptop,700.000 đ
5379,Lenovo,ThinkPad,Đã sử dụng (chưa sửa chữa),0,14,Intel Core i5,4.0,Onboard,128,Nước khác,laptop,1.300.000 đ
5380,Dell,Precision,Đã sử dụng (chưa sửa chữa),0,16,Intel Core i7,8.0,NVIDIA,128,Nước khác,laptop,4.000.000 đ
5381,Lenovo,ThinkPad,Đã sử dụng (chưa sửa chữa),1,14,Ryzen 5,8.0,AMD,256,Nước khác,laptop,7.800.000 đ
5382,Apple,MacBook Air M1,Đã sử dụng (chưa sửa chữa),1,14,Intel Core i5,8.0,Onboard,256,Việt Nam,laptop,15.900.000 đ
5383,HP,Pavilion,Đã sử dụng (chưa sửa chữa),0,16,Intel Core i5,8.0,Onboard,128,Mỹ,laptop,4.600.000 đ
5384,Sony,Vaio Series,Đã sử dụng (chưa sửa chữa),0,14,Intel Core i5,8.0,Onboard,256,Nhật Bản,laptop,3.200.000 đ
5385,Dell,XPS,Đã sử dụng (chưa sửa chữa),1,14,Intel Core i5,8.0,Onboard,512,Nước khác,laptop,19.990.000 đ
5386,Dell,Latitude,Đã sử dụng (chưa sửa chữa),3,14,Intel Core i5,8.0,Onboard,256,Mỹ,laptop,3.900.000 đ
5387,Acer,Aspire,Đã sử dụng (chưa sửa chữa),0,16,Intel Core i5,8.0,NVIDIA,256,Việt Nam,laptop,5.800.000 đ
5388,Dell,Latitude,Đã sử dụng (chưa sửa chữa),0,14,Intel Core 2 Duo,2.0,Onboard,320,Nước khác,laptop,1.050.000 đ
5389,Asus,VivoBook S Series,Đã sử dụng (chưa sửa chữa),0,14,Intel Core i5,8.0,Onboard,256,Nước khác,laptop,6.500.000 đ
5390,Acer,Aspire,Mới,12,10,Intel Core i3,6.0,Onboard,256,Hàn Quốc,laptop,2.200.000 đ
5391,Dell,Latitude,Đã sử dụng (chưa sửa chữa),1,12,Intel Core i5,8.0,Onboard,128,Nhật Bản,laptop,4.150.000 đ
5392,Dell,Latitude,Đã sử dụng (chưa sửa chữa),0,12,Intel Core i5,8.0,Onboard,256,Nước khác,laptop,3.600.000 đ
5393,HP,Elitebook,Đã sử dụng (chưa sửa chữa),1,12,Intel Core i7,8.0,Onboard,256,Nước khác,laptop,4.000.000 đ
5394,Dell,Latitude,Mới,3,12,Intel Core i5,8.0,Onboard,256,Nước khác,laptop,4.280.000 đ
5395,Lenovo,ThinkPad,Đã sử dụng (chưa sửa chữa),3,14,Intel Core i5,16.0,Onboard,512,Nước khác,laptop,11.490.000 đ
5396,HP,ProBook,Đã sử dụng (chưa sửa chữa),1,16,Intel Core i5,8.0,Onboard,256,Nhật Bản,laptop,5.300.000 đ
5397,Dell,Precision,Đã sử dụng (chưa sửa chữa),0,14,Intel Core i7,8.0,Onboard,256,Mỹ,laptop,7.000.000 đ
5398,Dell,Inspiron,Đã sử dụng (chưa sửa chữa),1,16,Intel Core i3,4.0,Onboard,120,Việt Nam,laptop,2.200.000 đ
5399,HP,Elitebook,Đã sử dụng (chưa sửa chữa),3,14,Intel Core i7,8.0,Onboard,256,Mỹ,laptop,7.600.000 đ
5400,Apple,MacBook,Đã sử dụng (qua sửa chữa),1,16,Intel Core i7,8.0,Onboard,256,Mỹ,laptop,6.800.000 đ
5401,HP,Victus,Mới,12,16,Ryzen 5,8.0,NVIDIA,512,Việt Nam,laptop,16.300.000 đ
5402,Dell,Latitude,Đã sử dụng (chưa sửa chữa),1,14,Intel Core i5,8.0,Onboard,256,Trung Quốc,laptop,4.599.000 đ
5403,HP,OMEN,Đã sử dụng (chưa sửa chữa),3,16,Intel Core i7,16.0,NVIDIA,256,Nhật Bản,laptop,8.500.000 đ
5404,Acer,Aspire,Đã sử dụng (chưa sửa chữa),0,14,AMD,4.0,AMD,250,Đài Loan,laptop,1.500.000 đ
5405,HP,Elitebook,Đã sử dụng (chưa sửa chữa),0,16,Intel Celeron,4.0,Onboard,500,Mỹ,laptop,1.300.000 đ
5406,HP,Elitebook,Đã sử dụng (chưa sửa chữa),0,12,Intel Core i5,8.0,Onboard,640,Nước khác,laptop,2.000.000 đ
5407,HP,Elitebook,Đã sử dụng (chưa sửa chữa),1,16,Intel Core i5,8.0,Onboard,120,Việt Nam,laptop,5.300.000 đ
5408,Apple,MacBook Pro,Đã sử dụng (chưa sửa chữa),5,14,Intel Core i7,16.0,Onboard,256,Nước khác,laptop,12.500.000 đ
5409,Apple,MacBook Pro Touch Bar,Đã sử dụng (chưa sửa chữa),0,14,Intel Core i5,16.0,Onboard,512,Nước khác,laptop,15.990.000 đ
5410,Asus,Transformer Book,Đã sử dụng (chưa sửa chữa),0,16,Intel Core i3,4.0,AMD,500,Nước khác,laptop,4.500.000 đ
5411,HP,ProBook,Đã sử dụng (chưa sửa chữa),0,16,Intel Core i3,8.0,Onboard,250,Nước khác,laptop,2.950.000 đ
5412,Acer,Nitro 5,Đã sử dụng (chưa sửa chữa),3,16,Intel Core i5,16.0,NVIDIA,512,Nước khác,laptop,15.500.000 đ
5413,Apple,MacBook Pro M1,Đã sử dụng (chưa sửa chữa),12,14,Apple M1,16.0,Onboard,1000,Nước khác,laptop,27.000.000 đ
5414,Asus,X Series,Đã sử dụng (chưa sửa chữa),0,16,Intel Core i5,4.0,NVIDIA,128,Nước khác,laptop,3.500.000 đ
5415,Asus,VivoBook S Series,Đã sử dụng (chưa sửa chữa),0,14,Intel Core i5,4.0,Onboard,256,Nước khác,laptop,7.990.000 đ
5416,Dell,Latitude,Đã sử dụng (chưa sửa chữa),3,14,Intel Core i3,8.0,Onboard,128,Nước khác,laptop,4.200.000 đ
5417,Dell,Vostro,Đã sử dụng (chưa sửa chữa),0,16,Intel Core i5,8.0,Onboard,250,Nước khác,laptop,3.800.000 đ
5418,HP,ProBook,Đã sử dụng (chưa sửa chữa),1,16,Intel Core i5,8.0,Onboard,256,Nước khác,laptop,5.790.000 đ
5419,Apple,MacBook Pro,Đã sử dụng (chưa sửa chữa),0,14,Intel Core i5,8.0,Onboard,256,Mỹ,laptop,3.000.000 đ
5420,HP,Elitebook,Đã sử dụng (chưa sửa chữa),3,14,Intel Core i5,8.0,Onboard,256,Nhật Bản,laptop,6.500.000 đ
5421,Dell,Precision,Đã sử dụng (chưa sửa chữa),3,16,Intel Core i7,16.0,NVIDIA,256,Mỹ,laptop,9.200.000 đ
5422,Dell,Latitude,Đã sử dụng (chưa sửa chữa),0,14,Intel Core i3,4.0,NVIDIA,128,Nước khác,laptop,3.190.000 đ
5423,Apple,MacBook Air M1,Mới,1,14,Apple M1,8.0,Onboard,256,Việt Nam,laptop,15.800.000 đ
5424,Dell,Latitude,Đã sử dụng (chưa sửa chữa),5,14,Intel Core i5,16.0,Onboard,512,Mỹ,laptop,11.000.000 đ
5425,HP,Elitebook,Đã sử dụng (chưa sửa chữa),3,14,Intel Core i5,8.0,Onboard,256,Nước khác,laptop,6.700.000 đ
5426,Asus,ASUSPRO,Đã sử dụng (chưa sửa chữa),1,16,Intel Core i5,8.0,NVIDIA,128,Việt Nam,laptop,3.500.000 đ
5427,Lenovo,ThinkPad,Đã sử dụng (chưa sửa chữa),3,14,Intel Core i5,8.0,Onboard,256,Mỹ,laptop,5.500.000 đ
5428,Microsoft,Surface Book 2,Đã sử dụng (chưa sửa chữa),0,16,Intel Core i7,16.0,Onboard,1000,Việt Nam,laptop,11.500.000 đ
5429,Dell,Latitude,Đã sử dụng (qua sửa chữa),0,14,Intel Core i5,8.0,NVIDIA,120,Nước khác,laptop,1.900.000 đ
5430,Asus,VivoBook S Series,Đã sử dụng (chưa sửa chữa),0,14,Intel Core i5,8.0,Onboard,128,Trung Quốc,laptop,4.500.000 đ
5431,Lenovo,Yoga,Đã sử dụng (chưa sửa chữa),0,16,Intel Core i5,8.0,Onboard,512,Mỹ,laptop,8.499.000 đ
5432,Dell,Latitude,Đã sử dụng (chưa sửa chữa),3,14,Intel Core i5,16.0,Onboard,256,Nước khác,laptop,6.850.000 đ
5433,Apple,MacBook Air M2,Mới,1,14,Apple M2,16.0,Onboard,256,Việt Nam,laptop,27.200.000 đ
5434,Apple,MacBook Air,Đã sử dụng (chưa sửa chữa),0,14,Intel Core i5,4.0,Onboard,128,Nước khác,laptop,4.500.000 đ
5435,HP,Envy,Đã sử dụng (chưa sửa chữa),3,16,Ryzen 5,16.0,AMD,512,Nước khác,laptop,9.990.000 đ
5436,Acer,Nitro 5,Mới,3,16,Intel Core i7,8.0,NVIDIA,512,Việt Nam,laptop,15.999.999 đ
5437,Apple,MacBook Pro,Đã sử dụng (chưa sửa chữa),0,16,Intel Core i7,16.0,AMD,750,Nước khác,laptop,5.250.000 đ
5438,Dell,Latitude,Đã sử dụng (chưa sửa chữa),0,14,Intel Core i5,8.0,Onboard,256,Mỹ,laptop,6.000.000 đ
5439,Microsoft,Surface Pro 8,Đã sử dụng (chưa sửa chữa),0,14,Intel Core i5,8.0,Onboard,256,Nước khác,laptop,20.500.000 đ
5440,Acer,Aspire,Mới,9,16,Intel Core i5,8.0,Onboard,256,Trung Quốc,laptop,9.800.000 đ
5441,Lenovo,IdeaPad,Đã sử dụng (chưa sửa chữa),0,14,Intel Core i3,2.0,AMD,320,Mỹ,laptop,560.000 đ
5442,Sony,Vaio Series,Đã sử dụng (chưa sửa chữa),0,16,Intel Core i3,2.0,NVIDIA,500,Nước khác,laptop,799.900 đ
5443,Lenovo,ThinkPad,Đã sử dụng (chưa sửa chữa),0,16,Intel Core i3,4.0,Onboard,128,Nước khác,laptop,2.000.000 đ
5444,HP,Elitebook,Đã sử dụng (chưa sửa chữa),5,12,Intel Core i7,4.0,Onboard,120,Nước khác,laptop,5.000.000 đ
5445,Apple,MacBook Pro Touch Bar,Đã sử dụng (chưa sửa chữa),1,14,Intel Core i5,16.0,Onboard,256,Nước khác,laptop,12.888.000 đ
5446,Asus,VivoBook S Series,Đã sử dụng (chưa sửa chữa),5,16,Intel Core i3,4.0,Onboard,256,Việt Nam,laptop,6.500.000 đ
5447,Dell,Inspiron,Đã sử dụng (chưa sửa chữa),0,14,Intel Core i5,16.0,Onboard,256,Mỹ,laptop,2.690.000 đ
5448,Apple,MacBook Air,Đã sử dụng (chưa sửa chữa),0,14,Intel Core i5,8.0,Onboard,256,Mỹ,laptop,6.499.000 đ
5449,Asus,VivoBook S Series,Đã sử dụng (chưa sửa chữa),3,16,Intel Core i5,8.0,NVIDIA,256,Nước khác,laptop,6.800.000 đ
5450,Hãng Khác,Dòng khác,Đã sử dụng (chưa sửa chữa),0,14,Intel Core i5,4.0,Onboard,256,Nước khác,laptop,3.900.000 đ
5451,MSI,GF Series,Đã sử dụng (chưa sửa chữa),3,16,Intel Core i5,16.0,NVIDIA,512,Đài Loan,laptop,13.500.000 đ
5452,Apple,MacBook Pro M1,Đã sử dụng (chưa sửa chữa),9,16,Apple M1,32.0,Onboard,512,Việt Nam,laptop,42.500.000 đ
5453,Dell,Latitude,Đã sử dụng (qua sửa chữa),3,14,Intel Core i5,8.0,Onboard,256,Nước khác,laptop,5.900.000 đ
5454,Acer,Nitro 5,Đã sử dụng (chưa sửa chữa),9,16,Ryzen 5,8.0,NVIDIA,512,Đài Loan,laptop,21.900.000 đ
5455,HP,Pavilion,Đã sử dụng (chưa sửa chữa),0,16,Intel Core i3,4.0,Onboard,500,Việt Nam,laptop,1.500.000 đ
5456,Asus,VivoBook S Series,Đã sử dụng (chưa sửa chữa),1,16,Intel Core i3,16.0,AMD,640,Nước khác,laptop,2.000.000 đ
5457,Apple,MacBook Pro M1,Mới,1,16,Apple M1,64.0,Onboard,256,Việt Nam,laptop,72.500.000 đ
5458,Dell,Latitude,Mới,0,14,Intel Core i5,8.0,Onboard,256,Mỹ,laptop,11.500.000 đ
5459,Dell,Alienware,Đã sử dụng (chưa sửa chữa),3,16,Intel Core i7,16.0,NVIDIA,256,Nhật Bản,laptop,10.800.000 đ
5460,Dell,Vostro,Đã sử dụng (chưa sửa chữa),1,14,Intel Core i5,8.0,Onboard,256,Nước khác,laptop,2.900.000 đ
5461,Acer,Aspire,Đã sử dụng (chưa sửa chữa),3,14,Intel Core i3,6.0,AMD,500,Nước khác,laptop,4.500.000 đ
5462,Dell,Alienware,Đã sử dụng (chưa sửa chữa),0,14,Intel Core i5,8.0,NVIDIA,256,Mỹ,laptop,14.900.000 đ
5463,HP,Elitebook,Đã sử dụng (chưa sửa chữa),1,16,Intel Core i3,8.0,Onboard,256,Nước khác,laptop,6.300.000 đ
5464,HP,Elitebook,Đã sử dụng (chưa sửa chữa),0,14,Intel Core i7,8.0,Onboard,256,Nước khác,laptop,3.200.000 đ
5465,Asus,X Series,Đã sử dụng (chưa sửa chữa),1,16,Intel Celeron,4.0,Onboard,128,Nước khác,laptop,2.500.000 đ
5466,Dell,Precision,Mới,3,16,Intel Core i7,16.0,NVIDIA,512,Mỹ,laptop,14.900.000 đ
5467,Hãng Khác,Dòng khác,Đã sử dụng (chưa sửa chữa),0,16,Intel Core i7,4.0,Onboard,256,Nước khác,laptop,4.700.000 đ
5468,Apple,MacBook Air,Đã sử dụng (chưa sửa chữa),1,14,Intel Core i5,4.0,Onboard,128,Nước khác,laptop,7.000.000 đ
5469,Toshiba,Satellite Series,Đã sử dụng (chưa sửa chữa),9,14,Intel Core i9,4.0,Onboard,256,Đức,laptop,2.000.000 đ
5470,Hãng Khác,Dòng khác,Đã sử dụng (chưa sửa chữa),0,14,Intel Core i5,8.0,NVIDIA,256,Nước khác,laptop,5.700.000 đ
5471,Apple,MacBook Air M1,Đã sử dụng (chưa sửa chữa),5,14,Apple M1,8.0,Onboard,256,Việt Nam,laptop,15.800.000 đ
5472,HP,Elitebook,Đã sử dụng (chưa sửa chữa),0,12,Intel Core i5,8.0,Onboard,256,Nhật Bản,laptop,5.100.000 đ
5473,Dell,XPS,Đã sử dụng (chưa sửa chữa),0,16,Intel Core i7,16.0,NVIDIA,512,Mỹ,laptop,18.000.000 đ
5474,Asus,VivoBook S Series,Đã sử dụng (chưa sửa chữa),1,14,Intel Core i3,4.0,Onboard,256,Nước khác,laptop,5.000.000 đ
5475,HP,ProBook,Đã sử dụng (chưa sửa chữa),0,14,Intel Core i5,8.0,Onboard,500,Nhật Bản,laptop,5.500.000 đ
5476,Dell,Vostro,Đã sử dụng (chưa sửa chữa),3,16,Intel Core i5,8.0,NVIDIA,512,Việt Nam,laptop,8.500.000 đ
5477,Apple,MacBook Air,Đã sử dụng (chưa sửa chữa),1,14,Intel Core i5,16.0,AMD,512,Mỹ,laptop,13.800.000 đ
5478,Asus,VivoBook S Series,Đã sử dụng (chưa sửa chữa),1,16,Ryzen 7,8.0,NVIDIA,512,Nước khác,laptop,8.500.000 đ
5479,HP,Elitebook,Đã sử dụng (chưa sửa chữa),0,14,Intel Core i7,8.0,Onboard,256,Nước khác,laptop,7.000.000 đ
5480,Dell,Inspiron,Đã sử dụng (chưa sửa chữa),1,14,Intel Core i5,4.0,Onboard,128,Việt Nam,laptop,1.850.000 đ
5481,Asus,TUF Gaming,Đã sử dụng (chưa sửa chữa),1,16,Intel Core i5,8.0,NVIDIA,512,Nước khác,laptop,13.200.000 đ
5482,Lenovo,ThinkPad,Mới,0,16,Ryzen 7,8.0,NVIDIA,512,Nước khác,laptop,19.900.000 đ
5483,Microsoft,Surface 2,Đã sử dụng (chưa sửa chữa),0,14,Intel Core i5,8.0,Onboard,256,Mỹ,laptop,5.999.000 đ
5484,Microsoft,Surface Go,Đã sử dụng (chưa sửa chữa),0,10,Intel Pentium,8.0,Onboard,128,Mỹ,laptop,3.199.000 đ
5485,Apple,MacBook Air M2,Đã sử dụng (chưa sửa chữa),0,14,Apple M2,8.0,Onboard,256,Việt Nam,laptop,22.000.000 đ
5486,Dell,Inspiron,Đã sử dụng (chưa sửa chữa),0,14,Intel Core i7,8.0,NVIDIA,640,Nước khác,laptop,8.800.000 đ
5487,Dell,Precision,Đã sử dụng (chưa sửa chữa),0,16,Intel Core i9,16.0,NVIDIA,700,Nước khác,laptop,20.990.000 đ
5488,Dell,Latitude,Đã sử dụng (chưa sửa chữa),5,16,Intel Core i7,16.0,NVIDIA,512,Mỹ,laptop,8.500.000 đ
5489,Apple,MacBook Pro Touch Bar,Đã sử dụng (chưa sửa chữa),0,14,Intel Core i7,16.0,Onboard,512,Nước khác,laptop,17.500.000 đ
5490,Apple,MacBook Pro,Đã sử dụng (chưa sửa chữa),0,16,Intel Core i5,16.0,Onboard,256,Nước khác,laptop,13.000.000 đ
5491,Acer,Aspire,Đã sử dụng (chưa sửa chữa),5,14,Intel Core i3,2.0,AMD,500,Đài Loan,laptop,1.650.000 đ
5492,Dell,Latitude,Đã sử dụng (chưa sửa chữa),0,14,Intel Core i5,8.0,Onboard,120,Nước khác,laptop,3.200.000 đ
5493,Dell,Latitude,Đã sử dụng (chưa sửa chữa),3,14,Intel Core i5,4.0,Onboard,128,Mỹ,laptop,2.200.000 đ
5494,Dell,XPS,Đã sử dụng (chưa sửa chữa),0,14,Intel Core i7,16.0,Onboard,250,Nước khác,laptop,8.999.999 đ
5495,HP,Pavilion,Đã sử dụng (chưa sửa chữa),0,16,Intel Core i5,4.0,Onboard,256,Việt Nam,laptop,8.000.000 đ
5496,Acer,Nitro 5,Đã sử dụng (chưa sửa chữa),0,16,Intel Core i5,8.0,NVIDIA,512,Nước khác,laptop,14.500.000 đ
5497,Sony,Vaio Series,Đã sử dụng (chưa sửa chữa),0,14,Intel Core i5,4.0,Onboard,500,Nước khác,laptop,1.400.000 đ
5498,Acer,Aspire,Đã sử dụng (chưa sửa chữa),0,16,Intel Celeron,8.0,Onboard,256,Nước khác,laptop,2.190.000 đ
5499,HP,Spectre,Mới,3,14,Intel Core i7,16.0,Onboard,512,Mỹ,laptop,24.900.000 đ
5500,HP,Pavilion,Đã sử dụng (chưa sửa chữa),3,14,Intel Pentium,4.0,Onboard,256,Đài Loan,laptop,3.300.000 đ
5501,Microsoft,Surface Book 2,Đã sử dụng (chưa sửa chữa),0,14,Intel Core i5,8.0,Onboard,256,Nhật Bản,laptop,7.900.000 đ
5502,Asus,X Series,Đã sử dụng (chưa sửa chữa),3,14,Intel Celeron,4.0,Onboard,128,Trung Quốc,laptop,2.500.000 đ
5503,HP,Elitebook,Đã sử dụng (chưa sửa chữa),1,14,Intel Core i5,8.0,Onboard,256,Nhật Bản,laptop,5.000.000 đ
5504,Asus,VivoBook S Series,Đã sử dụng (chưa sửa chữa),0,14,Intel Core i3,8.0,NVIDIA,256,Nước khác,laptop,4.500.000 đ
5505,Asus,VivoBook S Series,Đã sử dụng (chưa sửa chữa),0,14,Intel Celeron,4.0,Onboard,128,Nước khác,laptop,1.650.000 đ
5506,Apple,MacBook Air,Đã sử dụng (chưa sửa chữa),0,14,Intel Core i5,4.0,Onboard,256,Nước khác,laptop,5.500.000 đ
5507,Apple,MacBook Air,Đã sử dụng (chưa sửa chữa),0,14,Intel Core i5,8.0,Onboard,256,Nước khác,laptop,5.900.000 đ
5508,Lenovo,IdeaPad,Mới,12,14,Intel Core i5,8.0,Onboard,512,Nước khác,laptop,6.500.000 đ
5509,Microsoft,Surface Book,Đã sử dụng (chưa sửa chữa),1,14,Intel Core i7,8.0,NVIDIA,256,Mỹ,laptop,6.500.000 đ
5510,Dell,Inspiron,Đã sử dụng (chưa sửa chữa),0,16,Intel Core i5,4.0,NVIDIA,128,Việt Nam,laptop,1.900.000 đ
5511,HP,Elitebook,Đã sử dụng (chưa sửa chữa),1,14,Intel Core i7,16.0,Onboard,512,Việt Nam,laptop,12.900.000 đ
5512,Dell,XPS,Đã sử dụng (chưa sửa chữa),0,14,Intel Core i7,16.0,Onboard,512,Nước khác,laptop,1.050.000 đ
5513,Dell,Latitude,Đã sử dụng (chưa sửa chữa),3,16,AMD,8.0,AMD,256,Nước khác,laptop,4.400.000 đ
5514,Asus,TUF Gaming,Đã sử dụng (chưa sửa chữa),0,14,Intel Core i5,16.0,Onboard,512,Nước khác,laptop,12.000.000 đ
5515,Apple,MacBook Air M2,Đã sử dụng (chưa sửa chữa),9,14,Apple M2,8.0,Onboard,256,Việt Nam,laptop,22.500.000 đ
5516,Dell,Vostro,Đã sử dụng (chưa sửa chữa),0,16,Intel Core i5,8.0,Onboard,250,Nước khác,laptop,4.300.000 đ
5517,Apple,MacBook Pro,Đã sử dụng (chưa sửa chữa),0,14,Intel Core i5,4.0,Onboard,320,Nước khác,laptop,2.700.000 đ
5518,HP,Elitebook,Đã sử dụng (chưa sửa chữa),0,14,Intel Core i5,8.0,Onboard,256,Nước khác,laptop,4.300.000 đ
5519,HP,Elitebook,Đã sử dụng (chưa sửa chữa),0,21,Intel Celeron,4.0,Onboard,120,Nước khác,laptop,2.300.000 đ
5520,Asus,X Series,Đã sử dụng (chưa sửa chữa),0,16,Intel Core i3,8.0,NVIDIA,500,Việt Nam,laptop,3.000.000 đ
5521,Dell,Latitude,Đã sử dụng (chưa sửa chữa),0,16,Intel Core i7,4.0,Onboard,250,Nước khác,laptop,1.450.000 đ
5522,Dell,Latitude,Đã sử dụng (chưa sửa chữa),1,12,Intel Core i5,8.0,Onboard,128,Nhật Bản,laptop,3.990.000 đ
5523,Dell,Vostro,Đã sử dụng (chưa sửa chữa),0,16,Ryzen 5,16.0,AMD,512,Nước khác,laptop,9.800.000 đ
5524,MSI,GF Series,Đã sử dụng (chưa sửa chữa),1,16,Intel Core i5,8.0,NVIDIA,512,Việt Nam,laptop,9.500.000 đ
5525,Apple,MacBook Pro,Đã sử dụng (chưa sửa chữa),0,14,Intel Core i5,8.0,Onboard,128,Nước khác,laptop,10.500.000 đ
5526,Dell,Latitude,Mới,1,16,Intel Core i7,16.0,Onboard,1000,Mỹ,laptop,25.000.000 đ
5527,Dell,Latitude,Đã sử dụng (chưa sửa chữa),0,14,Intel Core i7,16.0,Onboard,256,Nước khác,laptop,17.000.000 đ
5528,Apple,MacBook Pro Touch Bar,Đã sử dụng (chưa sửa chữa),0,16,Intel Core i7,16.0,Onboard,1000,Mỹ,laptop,10.000.000 đ
5529,Dell,Precision,Đã sử dụng (chưa sửa chữa),1,16,Intel Core i7,32.0,NVIDIA,1000,Mỹ,laptop,24.500.000 đ
5530,Dell,Latitude,Đã sử dụng (chưa sửa chữa),0,12,Intel Core i5,8.0,Onboard,128,Nước khác,laptop,3.800.000 đ
5531,Apple,MacBook Air M1,Đã sử dụng (chưa sửa chữa),1,14,Apple M1,16.0,Onboard,1000,Nước khác,laptop,24.000.000 đ
5532,Dell,Latitude,Đã sử dụng (chưa sửa chữa),9,14,Intel Core i5,16.0,Onboard,512,Mỹ,laptop,10.500.000 đ
5533,Panasonic,CF,Đã sử dụng (chưa sửa chữa),3,12,Intel Core i5,8.0,Onboard,256,Nước khác,laptop,3.700.000 đ
5534,Dell,Inspiron,Đã sử dụng (chưa sửa chữa),0,16,Intel Core i5,4.0,Onboard,500,Nước khác,laptop,1.850.000 đ
5535,Dell,Precision Mobile Workstations,Đã sử dụng (chưa sửa chữa),0,16,Intel Core i5,8.0,NVIDIA,480,Mỹ,laptop,2.800.000 đ
5536,Dell,Precision,Đã sử dụng (chưa sửa chữa),0,16,Intel Core i7,16.0,NVIDIA,250,Mỹ,laptop,10.500.000 đ
5537,Asus,Zenbook Series,Đã sử dụng (chưa sửa chữa),1,14,Ryzen 5,8.0,NVIDIA,256,Mỹ,laptop,8.300.000 đ
5538,Acer,Aspire,Đã sử dụng (chưa sửa chữa),0,16,Intel Core i5,16.0,NVIDIA,1000,Nước khác,laptop,8.900.000 đ
5539,HP,Pavilion,Đã sử dụng (chưa sửa chữa),0,16,Intel Core i5,8.0,Onboard,128,Việt Nam,laptop,5.000.000 đ
5540,Dell,Latitude,Đã sử dụng (chưa sửa chữa),3,14,Intel Core i5,8.0,Onboard,256,Mỹ,laptop,7.500.000 đ
5541,Dell,Inspiron,Đã sử dụng (chưa sửa chữa),3,14,Intel Core i7,16.0,Onboard,512,Nhật Bản,laptop,10.500.000 đ
5542,Asus,VivoBook S Series,Đã sử dụng (qua sửa chữa),0,14,Intel Core i3,4.0,Onboard,500,Nước khác,laptop,2.800.000 đ
5543,Dell,Latitude,Đã sử dụng (chưa sửa chữa),3,14,Intel Core i5,8.0,Onboard,256,Việt Nam,laptop,6.700.000 đ
5544,Lenovo,ThinkPad,Đã sử dụng (chưa sửa chữa),1,12,Intel Core i5,8.0,Onboard,256,Nhật Bản,laptop,2.900.000 đ
5545,HP,ProBook,Đã sử dụng (chưa sửa chữa),0,14,Intel Core i3,6.0,Onboard,500,Nước khác,laptop,1.100.000 đ
5546,Dell,Latitude,Đã sử dụng (chưa sửa chữa),1,14,Intel Core i5,8.0,Onboard,256,Trung Quốc,laptop,5.900.000 đ
5547,Lenovo,ThinkPad,Đã sử dụng (chưa sửa chữa),1,14,Intel Core i5,8.0,Onboard,128,Nước khác,laptop,3.800.000 đ
5548,Dell,Precision,Đã sử dụng (chưa sửa chữa),1,18,Intel Core i7,32.0,NVIDIA,1000,Mỹ,laptop,22.000.000 đ
5549,HP,ProBook,Đã sử dụng (chưa sửa chữa),1,14,Intel Core i5,8.0,Onboard,128,Nước khác,laptop,2.600.000 đ
5550,Lenovo,ThinkPad,Đã sử dụng (chưa sửa chữa),1,12,Intel Core i5,8.0,Onboard,128,Nước khác,laptop,3.499.000 đ
5551,Apple,MacBook Air,Đã sử dụng (chưa sửa chữa),1,14,Intel Core i5,8.0,Onboard,256,Nước khác,laptop,3.199.000 đ
5552,Lenovo,ThinkPad,Đã sử dụng (chưa sửa chữa),0,14,Intel Core i7,16.0,Onboard,256,Nước khác,laptop,8.200.000 đ
5553,Dell,Latitude,Đã sử dụng (chưa sửa chữa),1,14,Intel Core i5,8.0,Onboard,256,Mỹ,laptop,6.900.000 đ
5554,Microsoft,Surface,Đã sử dụng (chưa sửa chữa),1,14,Intel Core i7,16.0,AMD,256,Việt Nam,laptop,20.900.000 đ
5555,Dell,Vostro,Đã sử dụng (chưa sửa chữa),0,16,Intel Core i5,8.0,Onboard,500,Nước khác,laptop,8.000.000 đ
5556,Apple,MacBook Air,Đã sử dụng (chưa sửa chữa),0,14,Intel Core i7,8.0,Onboard,256,Nước khác,laptop,6.500.000 đ
5557,Asus,TUF Gaming,Đã sử dụng (chưa sửa chữa),0,16,AMD,16.0,NVIDIA,512,Việt Nam,laptop,22.000.000 đ
5558,HP,Elitebook,Đã sử dụng (chưa sửa chữa),1,12,Intel Core i5,8.0,Onboard,128,Mỹ,laptop,2.700.000 đ
5559,Asus,X Series,Đã sử dụng (chưa sửa chữa),1,14,Intel Core i3,8.0,Onboard,250,Việt Nam,laptop,1.700.000 đ
5560,HP,ProBook,Đã sử dụng (chưa sửa chữa),3,14,Intel Core i5,8.0,Onboard,256,Mỹ,laptop,5.000.000 đ
5561,Apple,MacBook Pro,Đã sử dụng (chưa sửa chữa),0,16,Intel Core i7,16.0,Onboard,500,Nhật Bản,laptop,3.500.000 đ
5562,Lenovo,IdeaPad,Đã sử dụng (chưa sửa chữa),1,14,Intel Core i7,4.0,Onboard,256,Việt Nam,laptop,6.800.000 đ
5563,Dell,Latitude,Đã sử dụng (chưa sửa chữa),1,14,Intel Core i7,16.0,Onboard,512,Mỹ,laptop,9.200.000 đ
5564,Lenovo,IdeaPad,Đã sử dụng (chưa sửa chữa),3,16,Intel Core i3,8.0,Onboard,512,Việt Nam,laptop,6.200.000 đ
5565,Dell,Latitude,Đã sử dụng (chưa sửa chữa),1,12,Intel Core i5,8.0,Onboard,256,Nhật Bản,laptop,4.200.000 đ
5566,Acer,Nitro 5,Đã sử dụng (chưa sửa chữa),9,16,Intel Core i5,8.0,NVIDIA,512,Nước khác,laptop,15.490.000 đ
5567,Dell,Vostro,Đã sử dụng (chưa sửa chữa),3,14,Intel Core i5,4.0,Onboard,250,Nước khác,laptop,5.790.000 đ
5568,Apple,MacBook Pro Touch Bar,Đã sử dụng (chưa sửa chữa),3,16,Intel Core i9,16.0,AMD,512,Mỹ,laptop,19.500.000 đ
5569,MSI,Bravo Series,Đã sử dụng (chưa sửa chữa),3,16,Ryzen 7,8.0,AMD,512,Việt Nam,laptop,12.200.000 đ
5570,Apple,MacBook Pro,Đã sử dụng (chưa sửa chữa),9,14,Intel Core i5,8.0,Onboard,256,Mỹ,laptop,15.000.000 đ
5571,MSI,GF Series,Đã sử dụng (chưa sửa chữa),3,16,Intel Core i5,16.0,NVIDIA,512,Việt Nam,laptop,13.900.000 đ
5572,Asus,VivoBook S Series,Đã sử dụng (chưa sửa chữa),3,16,Intel Core i5,8.0,NVIDIA,512,Việt Nam,laptop,7.700.000 đ
5573,Dell,Latitude,Đã sử dụng (chưa sửa chữa),1,14,Intel Core i7,8.0,Onboard,256,Nước khác,laptop,5.400.000 đ
5574,Dell,Latitude,Đã sử dụng (chưa sửa chữa),1,14,Intel Core i5,8.0,Onboard,256,Mỹ,laptop,6.200.000 đ
5575,Dell,Precision,Đã sử dụng (chưa sửa chữa),3,16,Intel Core i7,32.0,NVIDIA,512,Mỹ,laptop,32.900.000 đ
5576,HP,Elitebook,Đã sử dụng (chưa sửa chữa),1,14,Intel Core i5,4.0,Onboard,500,Nước khác,laptop,2.550.000 đ
5577,Asus,VivoBook S Series,Đã sử dụng (chưa sửa chữa),0,18,Intel Core i5,4.0,AMD,512,Việt Nam,laptop,5.500.000 đ
5578,Dell,XPS,Đã sử dụng (chưa sửa chữa),0,12,Intel Core i5,16.0,Onboard,256,Việt Nam,laptop,6.500.000 đ
5579,Lenovo,ThinkPad,Đã sử dụng (chưa sửa chữa),0,14,Intel Core i7,16.0,Onboard,512,Mỹ,laptop,16.800.000 đ
5580,HP,ProBook,Đã sử dụng (chưa sửa chữa),3,14,Intel Core i7,16.0,Onboard,512,Mỹ,laptop,10.500.000 đ
5581,Asus,TUF Gaming,Đã sử dụng (chưa sửa chữa),9,16,Ryzen 5,16.0,AMD,512,Nước khác,laptop,9.900.000 đ
5582,Dell,XPS,Đã sử dụng (chưa sửa chữa),1,14,Intel Core i7,8.0,Onboard,256,Mỹ,laptop,4.600.000 đ
5583,HP,Notebook,Đã sử dụng (chưa sửa chữa),3,16,Intel Core i3,4.0,Onboard,128,Nước khác,laptop,2.500.000 đ
5584,Apple,MacBook Air,Đã sử dụng (chưa sửa chữa),0,12,Intel Core i5,8.0,Onboard,128,Nước khác,laptop,5.900.000 đ
5585,Acer,Aspire,Đã sử dụng (chưa sửa chữa),0,16,Intel Core i5,8.0,Onboard,500,Nước khác,laptop,2.500.000 đ
5586,Asus,VivoBook S Series,Đã sử dụng (chưa sửa chữa),3,16,Intel Core i5,8.0,Onboard,512,Việt Nam,laptop,12.000.000 đ
5587,Dell,Latitude,Đã sử dụng (chưa sửa chữa),0,14,Intel Core i5,4.0,Onboard,128,Mỹ,laptop,1.600.000 đ
5588,Microsoft,Surface Pro 5,Đã sử dụng (chưa sửa chữa),1,12,Intel Core i5,4.0,Onboard,128,Nhật Bản,laptop,4.700.000 đ
5589,HP,Notebook,Đã sử dụng (chưa sửa chữa),5,16,Intel Core i3,4.0,Onboard,256,Mỹ,laptop,3.200.000 đ
5590,Dell,Precision,Mới,9,16,Intel Core i9,32.0,NVIDIA,1000,Nước khác,laptop,81.990.000 đ
5591,Microsoft,Surface Pro 6,Đã sử dụng (chưa sửa chữa),3,12,Intel Core i7,8.0,Onboard,256,Mỹ,laptop,7.999.999 đ
5592,Dell,Precision,Đã sử dụng (chưa sửa chữa),3,16,Intel Core i7,16.0,NVIDIA,512,Nước khác,laptop,9.300.000 đ
5593,Lenovo,ThinkPad,Đã sử dụng (chưa sửa chữa),0,14,Intel Core i5,16.0,Onboard,512,Nhật Bản,laptop,5.300.000 đ
5594,Lenovo,IdeaPad,Đã sử dụng (chưa sửa chữa),9,12,Intel Pentium,4.0,Onboard,256,Việt Nam,laptop,3.500.000 đ
5595,Dell,Latitude,Đã sử dụng (chưa sửa chữa),3,14,Intel Core i5,8.0,Onboard,256,Mỹ,laptop,5.900.000 đ
5596,Apple,MacBook Pro M2 Touch Bar,Đã sử dụng (chưa sửa chữa),0,14,Apple M2,8.0,Onboard,512,Nước khác,laptop,26.500.000 đ
5597,Apple,MacBook Air,Đã sử dụng (chưa sửa chữa),0,12,Intel Core i5,4.0,Onboard,256,Nước khác,laptop,2.900.000 đ
5598,HP,Compaq,Đã sử dụng (chưa sửa chữa),0,16,Intel Core 2 Duo,4.0,Onboard,250,Mỹ,laptop,1.200.000 đ
5599,HP,Notebook,Đã sử dụng (chưa sửa chữa),0,16,Intel Core i7,8.0,NVIDIA,512,Việt Nam,laptop,9.900.000 đ
5600,Lenovo,ThinkPad,Đã sử dụng (chưa sửa chữa),1,14,Intel Core i7,16.0,Onboard,256,Mỹ,laptop,16.500.000 đ
5601,Toshiba,Satellite Series,Đã sử dụng (chưa sửa chữa),0,14,Intel Core i5,4.0,Onboard,500,Nhật Bản,laptop,900.000 đ
5602,Lenovo,IdeaPad,Đã sử dụng (chưa sửa chữa),5,14,Intel Core i7,8.0,Onboard,512,Mỹ,laptop,10.500.000 đ
5603,HP,Pavilion,Đã sử dụng (chưa sửa chữa),0,16,Intel Core i5,8.0,Onboard,256,Mỹ,laptop,6.500.000 đ
5604,Dell,G Series,Đã sử dụng (chưa sửa chữa),3,16,Intel Core i7,8.0,NVIDIA,512,Mỹ,laptop,13.500.000 đ
5605,Asus,X Series,Đã sử dụng (chưa sửa chữa),5,16,Intel Core i5,8.0,Onboard,512,Nước khác,laptop,8.500.000 đ
5606,Samsung,Galaxyboook,Đã sử dụng (chưa sửa chữa),0,14,Intel Core i7,16.0,Onboard,512,Nước khác,laptop,17.500.000 đ
5607,HP,Notebook,Đã sử dụng (chưa sửa chữa),0,16,AMD,4.0,Onboard,128,Nước khác,laptop,1.250.000 đ
5608,Apple,MacBook Pro Touch Bar,Đã sử dụng (chưa sửa chữa),0,14,Intel Core i5,8.0,Onboard,256,Nước khác,laptop,12.500.000 đ
5609,Lenovo,ThinkPad,Đã sử dụng (chưa sửa chữa),3,14,Intel Core i7,8.0,Onboard,512,Việt Nam,laptop,13.990.000 đ
5610,HP,Elitebook,Đã sử dụng (chưa sửa chữa),0,14,Intel Core i3,4.0,Onboard,500,Nước khác,laptop,3.300.000 đ
5611,Dell,Precision,Đã sử dụng (chưa sửa chữa),1,16,Intel Core i7,16.0,NVIDIA,512,Mỹ,laptop,15.000.000 đ
5612,Asus,ExpertBook,Đã sử dụng (chưa sửa chữa),0,14,Intel Core i5,6.0,NVIDIA,128,Đài Loan,laptop,1.650.000 đ
5613,Dell,XPS,Đã sử dụng (chưa sửa chữa),0,14,Intel Core i7,16.0,Onboard,256,Nước khác,laptop,10.990.000 đ
5614,HP,Pavilion,Đã sử dụng (chưa sửa chữa),0,14,Intel Core i3,8.0,Onboard,128,Mỹ,laptop,5.000.000 đ
5615,Asus,K Series,Đã sử dụng (qua sửa chữa),0,16,Intel Core i5,8.0,NVIDIA,256,Nước khác,laptop,3.500.000 đ
5616,HP,Pavilion,Đã sử dụng (chưa sửa chữa),3,14,Intel Core i5,8.0,Onboard,256,Việt Nam,laptop,7.900.000 đ
5617,Sony,E Series,Đã sử dụng (chưa sửa chữa),0,16,Intel Core i5,4.0,NVIDIA,500,Nước khác,laptop,800.000 đ
5618,Microsoft,Surface,Đã sử dụng (chưa sửa chữa),0,12,Intel Core i5,8.0,Onboard,256,Nước khác,laptop,9.500.000 đ
5619,Samsung,R-Series,Đã sử dụng (chưa sửa chữa),0,12,Intel Core i3,2.0,Onboard,512,Hàn Quốc,laptop,700.000 đ
5620,HP,Compaq,Đã sử dụng (chưa sửa chữa),1,14,Intel Core 2 Duo,8.0,Onboard,256,Nước khác,laptop,1.000.000 đ
5621,Lenovo,ThinkPad,Đã sử dụng (chưa sửa chữa),0,16,Intel Core i3,4.0,NVIDIA,256,Nước khác,laptop,400.000 đ
5622,Dell,Latitude,Đã sử dụng (chưa sửa chữa),3,14,Intel Core i7,16.0,NVIDIA,256,Mỹ,laptop,7.500.000 đ
5623,Asus,X Series,Đã sử dụng (chưa sửa chữa),0,16,Intel Core i5,8.0,NVIDIA,500,Nước khác,laptop,6.000.000 đ
5624,Dell,Latitude,Đã sử dụng (chưa sửa chữa),3,14,Intel Core i7,8.0,Onboard,256,Mỹ,laptop,7.900.000 đ
5625,Dell,Latitude,Đã sử dụng (chưa sửa chữa),0,14,Intel Core i5,8.0,Onboard,128,Mỹ,laptop,3.000.000 đ
5626,HP,Elitebook,Đã sử dụng (chưa sửa chữa),0,16,Intel Core i7,16.0,NVIDIA,512,Nước khác,laptop,14.500.000 đ
5627,Microsoft,Surface Laptop Studio,Mới,0,16,Intel Core i5,16.0,NVIDIA,512,Mỹ,laptop,29.900.000 đ
5628,HP,ProBook,Đã sử dụng (chưa sửa chữa),5,14,Intel Core i5,16.0,Onboard,512,Mỹ,laptop,7.900.000 đ
5629,HP,Pavilion,Đã sử dụng (chưa sửa chữa),1,14,Intel Core i5,8.0,Onboard,256,Mỹ,laptop,6.200.000 đ
5630,Dell,Latitude,Đã sử dụng (chưa sửa chữa),0,12,Intel Core i5,8.0,Onboard,128,Mỹ,laptop,3.500.000 đ
5631,Dell,Latitude,Đã sử dụng (chưa sửa chữa),0,14,Intel Core i7,16.0,Onboard,512,Nước khác,laptop,6.000.000 đ
5632,Apple,MacBook Pro Touch Bar,Đã sử dụng (chưa sửa chữa),3,16,Intel Core i9,16.0,NVIDIA,512,Mỹ,laptop,16.500.000 đ
5633,Dell,Precision,Đã sử dụng (chưa sửa chữa),1,18,Intel Core i7,32.0,NVIDIA,1000,Mỹ,laptop,13.000.000 đ
5634,HP,Elitebook,Mới,3,14,Intel Core i5,8.0,Onboard,256,Mỹ,laptop,6.800.000 đ
5635,Apple,MacBook Pro Touch Bar,Đã sử dụng (chưa sửa chữa),1,14,Intel Core i5,16.0,Onboard,256,Mỹ,laptop,9.200.000 đ
5636,Dell,Latitude,Đã sử dụng (chưa sửa chữa),3,14,Intel Core i5,4.0,Onboard,128,Mỹ,laptop,2.400.000 đ
5637,Apple,MacBook Air,Đã sử dụng (qua sửa chữa),0,14,Intel Core i7,8.0,Onboard,128,Nước khác,laptop,4.000.000 đ
5638,Hãng Khác,Dòng khác,Đã sử dụng (chưa sửa chữa),0,14,Intel Core i5,8.0,Onboard,512,Nước khác,laptop,6.500.000 đ
5639,Dell,Precision,Đã sử dụng (chưa sửa chữa),1,16,Intel Xeon,32.0,NVIDIA,1500,Mỹ,laptop,28.500.000 đ
5640,Dell,Latitude,Mới,3,16,Intel Core i7,16.0,Onboard,512,Mỹ,laptop,12.900.000 đ
5641,Dell,Latitude,Đã sử dụng (chưa sửa chữa),1,14,Intel Core i5,16.0,Onboard,512,Mỹ,laptop,12.700.000 đ
5642,Dell,Vostro,Đã sử dụng (chưa sửa chữa),0,14,Intel Core i5,8.0,NVIDIA,256,Nước khác,laptop,3.000.000 đ
5643,Dell,Latitude,Đã sử dụng (chưa sửa chữa),0,14,Intel Core i5,8.0,Onboard,128,Nước khác,laptop,390.000 đ
5644,Dell,Latitude,Đã sử dụng (chưa sửa chữa),1,14,Intel Core i5,8.0,Onboard,256,Mỹ,laptop,13.000.000 đ
5645,Hãng Khác,Dòng khác,Đã sử dụng (chưa sửa chữa),3,12,Intel Core i5,8.0,Onboard,128,Nhật Bản,laptop,1.000.000 đ
5646,HP,Elitebook,Đã sử dụng (chưa sửa chữa),0,16,Intel Core i7,16.0,NVIDIA,512,Nước khác,laptop,14.000.000 đ
5647,Dell,Latitude,Đã sử dụng (chưa sửa chữa),0,14,Intel Core i7,8.0,AMD,480,Nước khác,laptop,3.500.000 đ
5648,Microsoft,Surface Pro 4,Đã sử dụng (chưa sửa chữa),3,14,Intel Core i5,8.0,Onboard,256,Việt Nam,laptop,4.500.000 đ
5649,Lenovo,ThinkPad,Mới,3,16,Intel Core i5,16.0,NVIDIA,512,Mỹ,laptop,22.990.000 đ
5650,Apple,MacBook Pro,Đã sử dụng (chưa sửa chữa),3,16,Intel Core i7,8.0,Onboard,128,Mỹ,laptop,4.800.000 đ
5651,MSI,GF Series,Đã sử dụng (chưa sửa chữa),1,16,Intel Core i7,8.0,NVIDIA,512,Việt Nam,laptop,15.450.000 đ
5652,MSI,GF Series,Đã sử dụng (qua sửa chữa),0,16,Intel Core i7,8.0,Onboard,512,Việt Nam,laptop,9.200.000 đ
5653,Dell,Latitude,Đã sử dụng (chưa sửa chữa),0,12,Intel Core i5,8.0,Onboard,128,Mỹ,laptop,3.200.000 đ
5654,HP,Elitebook,Đã sử dụng (chưa sửa chữa),3,16,Intel Core i7,8.0,Onboard,512,Nước khác,laptop,9.800.000 đ
5655,HP,Chromebook,Đã sử dụng (chưa sửa chữa),5,16,Intel Core i5,8.0,Onboard,500,Mỹ,laptop,6.500.000 đ
5656,Apple,MacBook Air,Đã sử dụng (chưa sửa chữa),1,14,Intel Core i5,8.0,Onboard,128,Mỹ,laptop,6.500.000 đ
5657,Acer,Nitro 5,Đã sử dụng (chưa sửa chữa),1,16,Intel Core i5,16.0,NVIDIA,512,Việt Nam,laptop,12.950.000 đ
5658,Dell,Inspiron,Đã sử dụng (chưa sửa chữa),1,16,Intel Core i5,8.0,Onboard,256,Việt Nam,laptop,4.900.000 đ
5659,Toshiba,Satellite Series,Đã sử dụng (chưa sửa chữa),0,14,Intel Core i5,8.0,Onboard,128,Nước khác,laptop,3.700.000 đ
5660,Dell,Latitude,Đã sử dụng (chưa sửa chữa),3,14,Intel Core i5,8.0,Onboard,256,Mỹ,laptop,4.300.000 đ
5661,Dell,Latitude,Đã sử dụng (chưa sửa chữa),3,14,Intel Core i7,16.0,Onboard,512,Mỹ,laptop,14.980.000 đ
5662,Acer,Aspire,Đã sử dụng (chưa sửa chữa),0,14,Intel Core i3,4.0,Onboard,500,Nước khác,laptop,1.800.000 đ
5663,Dell,Vostro,Đã sử dụng (chưa sửa chữa),0,14,Intel Core i3,8.0,Onboard,250,Nước khác,laptop,1.000.000 đ
5664,Apple,MacBook Pro M1,Đã sử dụng (chưa sửa chữa),1,14,Apple M1,8.0,Onboard,256,Nước khác,laptop,13.900.000 đ
5665,Asus,U Series,Đã sử dụng (chưa sửa chữa),3,14,Intel Core i5,8.0,NVIDIA,750,Đài Loan,laptop,7.200.000 đ
5666,Apple,MacBook Air M1,Đã sử dụng (chưa sửa chữa),0,14,Apple M1,16.0,Onboard,256,Mỹ,laptop,20.000.000 đ
5667,Toshiba,Satellite Series,Đã sử dụng (chưa sửa chữa),3,14,Intel Core i5,8.0,Onboard,512,Nhật Bản,laptop,6.800.000 đ
5668,Acer,Nitro 5,Đã sử dụng (chưa sửa chữa),1,16,Intel Core i5,16.0,NVIDIA,256,Nước khác,laptop,7.300.000 đ
5669,Dell,Inspiron,Đã sử dụng (chưa sửa chữa),1,14,Intel Core i5,8.0,Onboard,750,Trung Quốc,laptop,5.199.999 đ
5670,Microsoft,Surface Book 2,Đã sử dụng (chưa sửa chữa),3,14,Intel Core i5,8.0,Onboard,256,Việt Nam,laptop,7.000.000 đ
5671,HP,Elitebook,Đã sử dụng (chưa sửa chữa),0,12,Intel Core i5,8.0,Onboard,256,Nước khác,laptop,4.800.000 đ
5672,MSI,GF Series,Đã sử dụng (chưa sửa chữa),0,16,Intel Core i7,8.0,NVIDIA,512,Nước khác,laptop,12.500.000 đ
5673,Dell,Inspiron,Đã sử dụng (chưa sửa chữa),0,14,Intel Core i5,4.0,Onboard,128,Nước khác,laptop,2.500.000 đ
5674,Dell,Precision,Đã sử dụng (chưa sửa chữa),3,18,Intel Core i7,16.0,NVIDIA,512,Mỹ,laptop,28.900.000 đ
5675,Dell,Inspiron,Mới,1,14,Intel Core i7,16.0,Onboard,512,Mỹ,laptop,14.000.000 đ
5676,Dell,G Series,Đã sử dụng (chưa sửa chữa),0,16,Ryzen 5,16.0,NVIDIA,512,Việt Nam,laptop,14.800.000 đ
5677,Dell,Precision,Đã sử dụng (chưa sửa chữa),3,16,Intel Core i7,16.0,NVIDIA,512,Nước khác,laptop,12.499.000 đ
5678,Apple,MacBook Pro,Đã sử dụng (chưa sửa chữa),0,14,Intel Core i7,16.0,Onboard,256,Nước khác,laptop,5.000.000 đ
5679,Lenovo,ThinkPad,Đã sử dụng (qua sửa chữa),9,14,Intel Core i5,16.0,Onboard,512,Nước khác,laptop,17.000.000 đ
5680,Dell,Latitude,Đã sử dụng (chưa sửa chữa),1,14,Intel Core i5,4.0,Onboard,128,Mỹ,laptop,2.500.000 đ
5681,Apple,MacBook Pro,Đã sử dụng (chưa sửa chữa),0,14,Intel Core i3,4.0,Onboard,128,Nước khác,laptop,3.000.000 đ
5682,Lenovo,IdeaPad,Đã sử dụng (chưa sửa chữa),0,14,Intel Core i3,4.0,Onboard,128,Nước khác,laptop,4.400.000 đ
5683,HP,Elitebook,Đã sử dụng (chưa sửa chữa),1,14,Intel Core i7,16.0,Onboard,1000,Nước khác,laptop,23.000.000 đ
5684,Acer,Aspire,Đã sử dụng (chưa sửa chữa),0,16,Intel Core i3,4.0,Onboard,500,Việt Nam,laptop,1.200.000 đ
5685,Dell,Vostro,Đã sử dụng (chưa sửa chữa),3,16,Intel Core i5,4.0,NVIDIA,256,Việt Nam,laptop,10.999.999 đ
5686,Asus,VivoBook S Series,Đã sử dụng (chưa sửa chữa),1,14,AMD,4.0,Onboard,256,Nước khác,laptop,4.600.000 đ
5687,Apple,MacBook Air,Đã sử dụng (chưa sửa chữa),0,14,Intel Core i5,8.0,Onboard,128,Nước khác,laptop,6.500.000 đ
5688,Hãng Khác,Dòng khác,Đã sử dụng (chưa sửa chữa),0,14,Intel Core i7,16.0,Onboard,512,Nhật Bản,laptop,4.500.000 đ
5689,Lenovo,ThinkPad,Đã sử dụng (chưa sửa chữa),0,14,Intel Core i5,4.0,AMD,256,Đức,laptop,2.290.000 đ
5690,HP,ProBook,Đã sử dụng (chưa sửa chữa),3,14,Intel Core i5,8.0,Onboard,256,Mỹ,laptop,7.999.999 đ
5691,Asus,VivoBook S Series,Đã sử dụng (chưa sửa chữa),0,16,Intel Celeron,4.0,Onboard,750,Nước khác,laptop,4.100.000 đ
5692,Hãng Khác,Dòng khác,Đã sử dụng (chưa sửa chữa),3,16,Intel Core i5,8.0,Onboard,512,Đài Loan,laptop,7.500.000 đ
5693,Dell,Latitude,Đã sử dụng (chưa sửa chữa),0,16,Intel Core i5,4.0,NVIDIA,128,Nước khác,laptop,1.800.000 đ
5694,Dell,Vostro,Đã sử dụng (chưa sửa chữa),3,14,Intel Core i5,8.0,Onboard,256,Nước khác,laptop,7.800.000 đ
5695,Acer,Nitro 5,Đã sử dụng (chưa sửa chữa),3,16,Intel Core i5,16.0,NVIDIA,512,Việt Nam,laptop,14.500.000 đ
5696,Apple,MacBook Air M1,Đã sử dụng (chưa sửa chữa),0,14,Apple M1,8.0,Onboard,256,Hàn Quốc,laptop,15.300.000 đ
5697,Apple,MacBook Air,Đã sử dụng (chưa sửa chữa),0,14,Intel Core i5,4.0,AMD,120,Mỹ,laptop,3.200.000 đ
5698,Asus,A series,Đã sử dụng (chưa sửa chữa),0,16,Intel Core i5,6.0,Onboard,1000,Nhật Bản,laptop,1.250.000 đ
5699,Dell,XPS,Đã sử dụng (chưa sửa chữa),3,16,Intel Core i7,16.0,NVIDIA,256,Mỹ,laptop,12.500.000 đ
5700,HP,ProBook,Đã sử dụng (chưa sửa chữa),0,14,Intel Core i5,8.0,Onboard,700,Nước khác,laptop,200.000 đ
5701,Dell,Precision,Đã sử dụng (chưa sửa chữa),1,16,Intel Core i7,32.0,Onboard,512,Nước khác,laptop,12.000.000 đ
5702,HP,Pavilion,Đã sử dụng (chưa sửa chữa),1,16,Intel Core i3,8.0,Onboard,256,Việt Nam,laptop,6.500.000 đ
5703,Apple,MacBook Air M1,Đã sử dụng (chưa sửa chữa),3,14,Apple M1,16.0,Onboard,512,Nhật Bản,laptop,19.000.000 đ
5704,Dell,Latitude,Đã sử dụng (chưa sửa chữa),0,12,Intel Core i7,8.0,Onboard,256,Nước khác,laptop,6.990.000 đ
5705,Dell,G Series,Đã sử dụng (chưa sửa chữa),0,16,Intel Core i7,16.0,NVIDIA,1000,Nước khác,laptop,11.000.000 đ
5706,HP,Compaq,Đã sử dụng (chưa sửa chữa),0,14,Intel Core i3,4.0,Onboard,256,Nước khác,laptop,1.500.000 đ
5707,HP,Elitebook,Đã sử dụng (chưa sửa chữa),3,14,Intel Core i5,8.0,Onboard,256,Mỹ,laptop,5.900.000 đ
5708,Apple,MacBook Pro Touch Bar,Đã sử dụng (chưa sửa chữa),0,16,Intel Core i7,16.0,AMD,512,Nước khác,laptop,17.888.000 đ
5709,Lenovo,ThinkPad,Đã sử dụng (chưa sửa chữa),1,12,Intel Core i5,8.0,Onboard,256,Mỹ,laptop,1.650.000 đ
5710,Apple,MacBook,Đã sử dụng (chưa sửa chữa),0,14,Intel Core i5,8.0,Onboard,256,Mỹ,laptop,6.200.000 đ
5711,Dell,Vostro,Đã sử dụng (chưa sửa chữa),3,14,Intel Core i5,8.0,Onboard,256,Nước khác,laptop,9.555.555 đ
5712,Lenovo,ThinkPad,Đã sử dụng (chưa sửa chữa),0,14,Intel Core i5,4.0,Onboard,120,Nhật Bản,laptop,1.100.000 đ
5713,Asus,ROG Flow,Đã sử dụng (chưa sửa chữa),0,16,Intel Core i7,16.0,NVIDIA,250,Việt Nam,laptop,4.300.000 đ
5714,Microsoft,Surface Pro 5,Mới,0,14,Intel Core i5,4.0,Onboard,128,Nhật Bản,laptop,4.999.000 đ
5715,Apple,MacBook Air,Đã sử dụng (chưa sửa chữa),0,14,Intel Core i3,8.0,Onboard,256,Việt Nam,laptop,8.900.000 đ
5716,HP,Elitebook,Đã sử dụng (chưa sửa chữa),1,16,Intel Pentium,4.0,Onboard,128,Việt Nam,laptop,2.550.000 đ
5717,Asus,VivoBook S Series,Đã sử dụng (chưa sửa chữa),0,14,Intel Core i5,8.0,Onboard,512,Nước khác,laptop,8.500.000 đ
5718,Apple,MacBook Air,Đã sử dụng (chưa sửa chữa),0,14,Intel Core i5,8.0,Onboard,128,Mỹ,laptop,4.400.000 đ
5719,Apple,MacBook Air M1,Đã sử dụng (chưa sửa chữa),0,14,Apple M1,8.0,Onboard,256,Mỹ,laptop,15.500.000 đ
5720,Acer,Nitro 5,Đã sử dụng (chưa sửa chữa),0,16,Ryzen 5,32.0,Onboard,128,Nước khác,laptop,7.000.000 đ
5721,Dell,Latitude,Đã sử dụng (chưa sửa chữa),3,14,Intel Core i7,16.0,Onboard,256,Mỹ,laptop,9.000.000 đ
5722,Dell,Precision,Đã sử dụng (chưa sửa chữa),3,16,Intel Core i7,16.0,NVIDIA,256,Mỹ,laptop,12.500.000 đ
5723,HP,Elitebook,Đã sử dụng (chưa sửa chữa),1,16,Intel Core i5,8.0,Onboard,128,Việt Nam,laptop,2.750.000 đ
5724,Asus,ROG Strix Scar,Đã sử dụng (chưa sửa chữa),1,14,Intel Core i7,8.0,NVIDIA,256,Nước khác,laptop,12.500.000 đ
5725,Apple,MacBook Pro,Đã sử dụng (chưa sửa chữa),0,16,Intel Core i9,16.0,AMD,500,Mỹ,laptop,16.000.000 đ
5726,HP,Elitebook,Đã sử dụng (chưa sửa chữa),1,16,Intel Core i5,4.0,NVIDIA,128,Việt Nam,laptop,2.550.000 đ
5727,Toshiba,Satellite Series,Đã sử dụng (qua sửa chữa),0,18,Intel Core i5,8.0,Onboard,480,Nhật Bản,laptop,150.000 đ
5728,Dell,Latitude,Đã sử dụng (qua sửa chữa),3,16,Intel Core i7,8.0,Onboard,256,Việt Nam,laptop,6.500.000 đ
5729,Dell,Precision,Đã sử dụng (chưa sửa chữa),3,16,Intel Core i7,16.0,NVIDIA,512,Mỹ,laptop,30.900.000 đ
5730,Dell,Alienware,Mới,1,18,Intel Core i9,32.0,NVIDIA,1000,Mỹ,laptop,83.000.000 đ
5731,Dell,Inspiron,Đã sử dụng (chưa sửa chữa),5,16,Intel Core i5,16.0,Onboard,512,Nước khác,laptop,11.000.000 đ
5732,Dell,Vostro,Đã sử dụng (chưa sửa chữa),3,14,Ryzen 5,8.0,Onboard,256,Việt Nam,laptop,9.300.000 đ
5733,Apple,MacBook Pro Touch Bar,Đã sử dụng (chưa sửa chữa),1,14,Intel Core i5,16.0,Onboard,512,Mỹ,laptop,14.500.000 đ
5734,Acer,Nitro 5,Đã sử dụng (chưa sửa chữa),5,16,Intel Core i5,16.0,NVIDIA,512,Nước khác,laptop,16.500.000 đ
5735,Dell,Inspiron,Đã sử dụng (chưa sửa chữa),0,14,Intel Core i3,8.0,Onboard,256,Nước khác,laptop,5.000.000 đ
5736,Toshiba,Satellite Series,Đã sử dụng (chưa sửa chữa),0,16,Intel Core i3,4.0,Onboard,500,Nước khác,laptop,1.100.000 đ
5737,Asus,Zenbook Series,Mới,0,14,Intel Core i5,8.0,Onboard,512,Mỹ,laptop,16.500.000 đ
5738,Apple,MacBook,Đã sử dụng (chưa sửa chữa),0,12,Intel Core 2 Duo,4.0,NVIDIA,250,Nước khác,laptop,1.250.000 đ
5739,Asus,FX Series/ZX Series,Đã sử dụng (chưa sửa chữa),3,16,Intel Core i5,8.0,NVIDIA,256,Nước khác,laptop,6.900.000 đ
5740,Asus,VivoBook S Series,Đã sử dụng (chưa sửa chữa),1,16,AMD,16.0,NVIDIA,512,Đài Loan,laptop,25.000.000 đ
5741,Lenovo,Legion Y Series,Đã sử dụng (chưa sửa chữa),5,16,Ryzen 5,16.0,NVIDIA,512,Nước khác,laptop,13.500.000 đ
5742,Dell,Latitude,Đã sử dụng (chưa sửa chữa),0,16,Intel Core i5,4.0,Onboard,128,Mỹ,laptop,3.500.000 đ
5743,Acer,Nitro 5,Đã sử dụng (chưa sửa chữa),5,16,Intel Core i5,16.0,NVIDIA,512,Nước khác,laptop,18.600.000 đ
5744,Acer,Nitro 5,Đã sử dụng (chưa sửa chữa),3,16,Intel Core i5,8.0,NVIDIA,512,Đài Loan,laptop,11.500.000 đ
5745,Asus,VivoBook S Series,Đã sử dụng (chưa sửa chữa),3,16,Intel Core i5,16.0,NVIDIA,128,Việt Nam,laptop,6.500.000 đ
5746,Asus,Zenbook Series,Đã sử dụng (chưa sửa chữa),3,14,Intel Core i5,8.0,NVIDIA,512,Việt Nam,laptop,12.700.000 đ
5747,Lenovo,IdeaPad,Đã sử dụng (chưa sửa chữa),1,14,Intel Core i3,4.0,Onboard,128,Việt Nam,laptop,3.700.000 đ
5748,Dell,Latitude,Đã sử dụng (chưa sửa chữa),0,14,Intel Core i5,8.0,Onboard,256,Mỹ,laptop,4.600.000 đ
5749,Lenovo,ThinkPad,Đã sử dụng (chưa sửa chữa),0,12,Intel Core i5,4.0,Onboard,128,Nước khác,laptop,3.100.000 đ
5750,MSI,GF Series,Đã sử dụng (chưa sửa chữa),0,16,Intel Core i5,8.0,NVIDIA,512,Nước khác,laptop,9.900.000 đ
5751,HP,Elitebook,Đã sử dụng (chưa sửa chữa),1,14,Intel Core i5,8.0,Onboard,256,Nước khác,laptop,7.200.000 đ
5752,Microsoft,Surface Book,Đã sử dụng (chưa sửa chữa),1,14,Intel Core i5,8.0,Onboard,256,Nước khác,laptop,13.900.000 đ
5753,Dell,Latitude,Đã sử dụng (chưa sửa chữa),1,14,Intel Core i5,8.0,Onboard,256,Mỹ,laptop,3.500.000 đ
5754,HP,Pavilion,Đã sử dụng (chưa sửa chữa),3,16,Intel Core i7,8.0,Onboard,512,Mỹ,laptop,10.900.000 đ
5755,MSI,GF Series,Đã sử dụng (chưa sửa chữa),3,16,Intel Core i5,16.0,NVIDIA,512,Đài Loan,laptop,13.900.000 đ
5756,Dell,Alienware,Đã sử dụng (chưa sửa chữa),1,16,Intel Core i7,16.0,NVIDIA,1000,Nước khác,laptop,43.490.000 đ
5757,Microsoft,Surface,Mới,0,14,Intel Core i5,8.0,Onboard,256,Nước khác,laptop,20.290.000 đ
5758,Acer,Helios,Mới,3,16,Intel Core i7,16.0,NVIDIA,1000,Mỹ,laptop,26.990.000 đ
5759,Asus,FX Series/ZX Series,Đã sử dụng (chưa sửa chữa),1,16,Intel Core i5,8.0,NVIDIA,512,Đài Loan,laptop,15.900.000 đ
5760,Dell,Alienware,Đã sử dụng (chưa sửa chữa),0,14,Intel Core i7,8.0,NVIDIA,256,Mỹ,laptop,2.000.000 đ
5761,Dell,Precision,Đã sử dụng (chưa sửa chữa),3,16,Intel Core i7,32.0,NVIDIA,512,Nước khác,laptop,16.700.000 đ
5762,Asus,Zenbook Series,Đã sử dụng (chưa sửa chữa),3,14,Ryzen 5,8.0,NVIDIA,256,Nước khác,laptop,9.200.000 đ
5763,Dell,Precision,Đã sử dụng (chưa sửa chữa),3,16,Intel Xeon,16.0,NVIDIA,256,Mỹ,laptop,8.700.000 đ
5764,Acer,Helios,Mới,12,16,Intel Core i5,16.0,NVIDIA,512,Nước khác,laptop,25.690.000 đ
5765,Dell,Alienware,Đã sử dụng (chưa sửa chữa),1,16,Intel Core i7,16.0,NVIDIA,1000,Nước khác,laptop,41.990.000 đ
5766,Dell,Inspiron,Đã sử dụng (chưa sửa chữa),1,14,Intel Core i3,8.0,Onboard,128,Việt Nam,laptop,2.500.000 đ
5767,Asus,VivoBook S Series,Đã sử dụng (chưa sửa chữa),0,16,Intel Core i5,4.0,Onboard,256,Trung Quốc,laptop,1.000.000 đ
5768,Acer,Nitro 5,Đã sử dụng (chưa sửa chữa),3,16,Intel Core i5,8.0,NVIDIA,512,Nước khác,laptop,13.900.000 đ
5769,Dell,Latitude,Đã sử dụng (chưa sửa chữa),3,14,Intel Core i7,8.0,Onboard,256,Mỹ,laptop,7.750.000 đ
5770,HP,Elitebook,Đã sử dụng (chưa sửa chữa),3,14,Intel Core i5,8.0,Onboard,128,Mỹ,laptop,3.200.000 đ
5771,Dell,Inspiron,Đã sử dụng (chưa sửa chữa),3,16,Intel Core i5,16.0,Onboard,512,Mỹ,laptop,10.800.000 đ
5772,Acer,Predator,Mới,3,16,Intel Core i7,16.0,NVIDIA,1000,Mỹ,laptop,27.990.000 đ
5773,HP,ProBook,Đã sử dụng (chưa sửa chữa),1,16,Intel Core i5,8.0,Onboard,250,Việt Nam,laptop,3.500.000 đ
5774,Acer,Swift,Đã sử dụng (chưa sửa chữa),0,14,Intel Core i5,8.0,Onboard,256,Nước khác,laptop,5.000.000 đ
5775,Hãng Khác,Dòng khác,Đã sử dụng (chưa sửa chữa),1,12,Intel Core i5,8.0,Onboard,128,Nhật Bản,laptop,6.900.000 đ
5776,Acer,Aspire,Đã sử dụng (chưa sửa chữa),0,14,Intel Core i7,8.0,Onboard,128,Nước khác,laptop,5.500.000 đ
5777,Dell,Inspiron,Đã sử dụng (chưa sửa chữa),0,14,Intel Core i5,8.0,Onboard,256,Mỹ,laptop,12.000.000 đ
5778,Dell,Vostro,Đã sử dụng (chưa sửa chữa),1,16,Intel Core i3,4.0,Onboard,1000,Nước khác,laptop,2.990.000 đ
5779,Asus,VivoBook S Series,Đã sử dụng (chưa sửa chữa),1,16,Intel Core i7,16.0,NVIDIA,128,Nước khác,laptop,7.900.000 đ
5780,Samsung,N-Series,Đã sử dụng (chưa sửa chữa),1,16,Intel Core i5,4.0,NVIDIA,500,Nước khác,laptop,1.800.000 đ
5781,Dell,Latitude,Đã sử dụng (chưa sửa chữa),3,12,Intel Core i7,8.0,Onboard,128,Mỹ,laptop,4.600.000 đ
5782,Dell,Inspiron,Đã sử dụng (chưa sửa chữa),0,14,Intel Core i5,8.0,Onboard,256,Mỹ,laptop,7.900.000 đ
5783,Asus,K Series,Đã sử dụng (chưa sửa chữa),0,14,Intel Core i3,4.0,Onboard,500,Việt Nam,laptop,1.500.000 đ
5784,Apple,MacBook Pro,Đã sử dụng (chưa sửa chữa),0,14,Intel Core i5,8.0,Onboard,128,Nước khác,laptop,4.500.000 đ
5785,Dell,XPS,Đã sử dụng (chưa sửa chữa),0,14,Intel Core i5,8.0,Onboard,256,Nước khác,laptop,6.500.000 đ
5786,HP,ProBook,Đã sử dụng (chưa sửa chữa),0,16,Intel Core i5,4.0,Onboard,128,Nước khác,laptop,4.500.000 đ
5787,HP,ProBook,Đã sử dụng (chưa sửa chữa),0,14,Intel Core i3,4.0,Onboard,250,Việt Nam,laptop,1.500.000 đ
5788,Asus,S Series,Đã sử dụng (chưa sửa chữa),3,14,Intel Core i5,8.0,Onboard,128,Việt Nam,laptop,5.300.000 đ
5789,Acer,Aspire,Đã sử dụng (chưa sửa chữa),0,14,Intel Core i3,4.0,Onboard,320,Việt Nam,laptop,1.500.000 đ
5790,HP,Compaq,Đã sử dụng (chưa sửa chữa),0,14,Intel Core i5,4.0,Onboard,250,Nước khác,laptop,900.000 đ
5791,Apple,MacBook Pro,Đã sử dụng (chưa sửa chữa),1,16,Intel Core i9,32.0,NVIDIA,512,Nước khác,laptop,19.200.000 đ
5792,Dell,Inspiron,Đã sử dụng (chưa sửa chữa),0,14,Intel Core i5,8.0,NVIDIA,128,Nước khác,laptop,7.000.000 đ
5793,MSI,GF Series,Đã sử dụng (chưa sửa chữa),3,16,Intel Core i5,8.0,NVIDIA,512,Việt Nam,laptop,10.500.000 đ
5794,Asus,X Series,Đã sử dụng (chưa sửa chữa),0,16,Intel Core i5,8.0,NVIDIA,500,Nước khác,laptop,5.700.000 đ
5795,Lenovo,IdeaPad,Đã sử dụng (chưa sửa chữa),0,16,Intel Core i5,8.0,Onboard,512,Mỹ,laptop,7.500.000 đ
5796,Lenovo,IdeaPad,Đã sử dụng (chưa sửa chữa),1,16,Intel Core i5,8.0,Onboard,512,Việt Nam,laptop,7.900.000 đ
5797,Dell,XPS,Đã sử dụng (chưa sửa chữa),3,14,Intel Core i5,8.0,Onboard,256,Mỹ,laptop,11.490.000 đ
5798,Asus,X Series,Đã sử dụng (chưa sửa chữa),3,16,Intel Celeron,4.0,Onboard,256,Việt Nam,laptop,2.500.000 đ
5799,Asus,VivoBook S Series,Đã sử dụng (chưa sửa chữa),9,16,Intel Core i5,8.0,Onboard,512,Việt Nam,laptop,17.500.000 đ
5800,Apple,MacBook Pro,Đã sử dụng (chưa sửa chữa),0,14,Intel Core i5,8.0,Onboard,128,Mỹ,laptop,8.000.000 đ
5801,Dell,XPS,Đã sử dụng (chưa sửa chữa),1,14,Intel Core i5,8.0,Onboard,256,Nước khác,laptop,6.600.000 đ
5802,Lenovo,Legion Y Series,Mới,12,16,Intel Core i7,16.0,NVIDIA,512,Hàn Quốc,laptop,25.390.000 đ
5803,Dell,Precision,Đã sử dụng (chưa sửa chữa),3,16,Intel Xeon,16.0,NVIDIA,512,Mỹ,laptop,12.290.000 đ
5804,Microsoft,Surface Pro 7,Đã sử dụng (chưa sửa chữa),0,12,Intel Core i5,8.0,Onboard,128,Việt Nam,laptop,12.000.000 đ
5805,Dell,Latitude,Đã sử dụng (chưa sửa chữa),1,14,Intel Core i5,8.0,Onboard,256,Mỹ,laptop,6.200.000 đ
5806,Hãng Khác,Dòng khác,Mới,12,16,Intel Core i5,16.0,NVIDIA,512,Mỹ,laptop,23.990.000 đ
5807,Lenovo,IdeaPad,Đã sử dụng (chưa sửa chữa),1,16,Intel Core i7,8.0,NVIDIA,512,Mỹ,laptop,6.500.000 đ
5808,Lenovo,Yoga,Mới,0,14,Intel Core i7,8.0,Onboard,512,Việt Nam,laptop,12.000.000 đ
5809,Acer,Swift,Đã sử dụng (chưa sửa chữa),3,14,Intel Celeron,4.0,Onboard,250,Việt Nam,laptop,3.200.000 đ
5810,Apple,MacBook Pro,Đã sử dụng (chưa sửa chữa),0,14,Intel Core i7,16.0,Onboard,256,Nước khác,laptop,7.500.000 đ
5811,Apple,MacBook Air M2,Đã sử dụng (chưa sửa chữa),0,14,Apple M2,8.0,Onboard,256,Nước khác,laptop,22.000.000 đ
5812,Microsoft,Surface Pro 5,Đã sử dụng (chưa sửa chữa),0,12,Intel Core i5,4.0,Onboard,128,Nước khác,laptop,5.000.000 đ
5813,Dell,Latitude,Đã sử dụng (chưa sửa chữa),3,12,Intel Core i5,8.0,Onboard,128,Nước khác,laptop,3.500.000 đ
5814,Dell,Latitude,Đã sử dụng (chưa sửa chữa),0,14,Intel Core i5,8.0,Onboard,256,Nước khác,laptop,2.050.000 đ
5815,Sony,S Series,Đã sử dụng (chưa sửa chữa),0,14,Intel Core i3,8.0,Onboard,128,Nước khác,laptop,1.500.000 đ
5816,Asus,ROG Strix Scar,Đã sử dụng (chưa sửa chữa),0,16,Ryzen 7,8.0,NVIDIA,512,Trung Quốc,laptop,20.000.000 đ
5817,Dell,XPS,Đã sử dụng (chưa sửa chữa),0,14,Intel Core i5,8.0,Onboard,256,Mỹ,laptop,12.000.000 đ
5818,HP,Pavilion,Đã sử dụng (chưa sửa chữa),0,16,Intel Core i5,8.0,Onboard,512,Nước khác,laptop,7.500.000 đ
5819,Dell,Inspiron,Đã sử dụng (qua sửa chữa),0,14,Intel Core i3,8.0,Onboard,250,Việt Nam,laptop,3.500.000 đ
5820,Dell,Precision,Đã sử dụng (chưa sửa chữa),3,16,Intel Core i7,16.0,NVIDIA,512,Mỹ,laptop,10.890.000 đ
5821,Apple,MacBook Air,Đã sử dụng (chưa sửa chữa),1,14,Intel Core i5,8.0,Onboard,128,Nhật Bản,laptop,3.500.000 đ
5822,HP,Elitebook,Mới,9,14,Intel Core i5,8.0,Onboard,256,Mỹ,laptop,6.200.000 đ
5823,Dell,Precision,Đã sử dụng (chưa sửa chữa),0,16,Intel Core i7,8.0,NVIDIA,500,Mỹ,laptop,5.500.000 đ
5824,Dell,Precision,Đã sử dụng (chưa sửa chữa),3,16,Intel Core i7,16.0,NVIDIA,512,Mỹ,laptop,13.890.000 đ
5825,Asus,TUF Gaming,Mới,1,16,Intel Core i5,16.0,NVIDIA,512,Trung Quốc,laptop,14.500.000 đ
5826,Apple,MacBook Pro M1,Mới,1,16,Apple M1,32.0,Onboard,1000,Việt Nam,laptop,63.990.000 đ
5827,Asus,ROG Strix Scar,Mới,9,18,Intel Core i9,16.0,NVIDIA,1000,Mỹ,laptop,55.000.000 đ
5828,Dell,Precision,Đã sử dụng (chưa sửa chữa),3,16,Intel Core i5,16.0,NVIDIA,512,Mỹ,laptop,15.490.000 đ
5829,Dell,Latitude,Đã sử dụng (chưa sửa chữa),1,16,Intel Core i5,8.0,Onboard,128,Nước khác,laptop,3.000.000 đ
5830,Lenovo,Legion Y Series,Mới,3,16,Intel Core i7,16.0,NVIDIA,1000,Mỹ,laptop,18.990.000 đ
5831,Apple,MacBook Air M2,Đã sử dụng (chưa sửa chữa),1,14,Apple M2,8.0,Onboard,256,Mỹ,laptop,22.400.000 đ
5832,Lenovo,ThinkPad,Đã sử dụng (chưa sửa chữa),3,14,Intel Core i5,8.0,Onboard,256,Mỹ,laptop,4.999.999 đ
5833,Lenovo,ThinkPad,Mới,9,14,Ryzen 7,16.0,Onboard,512,Mỹ,laptop,19.500.000 đ
5834,Asus,X Series,Đã sử dụng (chưa sửa chữa),1,14,Intel Celeron,2.0,Onboard,128,Việt Nam,laptop,1.300.000 đ
5835,Lenovo,IdeaPad,Mới,0,14,Intel Core i3,4.0,Onboard,120,Việt Nam,laptop,1.800.000 đ
5836,Acer,Nitro 5,Đã sử dụng (chưa sửa chữa),1,16,Intel Core i7,8.0,NVIDIA,512,Nước khác,laptop,14.800.000 đ
5837,Dell,Latitude,Đã sử dụng (chưa sửa chữa),3,14,Intel Core i7,8.0,Onboard,256,Mỹ,laptop,9.190.000 đ
5838,Acer,Aspire,Đã sử dụng (chưa sửa chữa),1,14,Intel Core i5,8.0,Onboard,1500,Mỹ,laptop,4.100.000 đ
5839,Lenovo,Legion Y Series,Mới,3,16,Intel Core i7,16.0,NVIDIA,512,Mỹ,laptop,28.990.000 đ
5840,Asus,ROG Strix Scar,Đã sử dụng (chưa sửa chữa),12,16,Ryzen 7,16.0,NVIDIA,512,Nước khác,laptop,16.600.000 đ
5841,Lenovo,ThinkPad,Mới,3,14,Intel Core i5,16.0,Onboard,512,Mỹ,laptop,17.990.000 đ
5842,Lenovo,IdeaPad,Mới,1,16,Intel Core i7,16.0,Onboard,512,Việt Nam,laptop,9.900.000 đ
5843,Acer,Nitro 5,Đã sử dụng (chưa sửa chữa),0,14,AMD,8.0,Onboard,256,Nước khác,laptop,17.800.000 đ
5844,Dell,XPS,Đã sử dụng (chưa sửa chữa),3,14,Intel Core i5,16.0,Onboard,256,Mỹ,laptop,15.890.000 đ
5845,Lenovo,ThinkPad,Đã sử dụng (chưa sửa chữa),3,14,Intel Core i5,16.0,Onboard,256,Mỹ,laptop,6.500.000 đ
5846,Lenovo,Legion Y Series,Mới,12,16,Intel Core i7,16.0,NVIDIA,512,Mỹ,laptop,25.990.000 đ
5847,Asus,Zenbook Series,Đã sử dụng (chưa sửa chữa),1,14,Intel Core i5,8.0,Onboard,512,Việt Nam,laptop,11.500.000 đ
5848,Dell,Latitude,Đã sử dụng (chưa sửa chữa),3,16,Intel Core i5,8.0,NVIDIA,256,Mỹ,laptop,7.190.000 đ
5849,Panasonic,CF,Đã sử dụng (chưa sửa chữa),3,14,Intel Core i5,8.0,Onboard,128,Nhật Bản,laptop,4.100.000 đ
5850,Asus,S Series,Đã sử dụng (chưa sửa chữa),2,16,Intel Core i3,4.0,Onboard,1000,Nước khác,laptop,3.700.000 đ
5851,Dell,Latitude,Mới,3,14,Intel Core i5,8.0,Onboard,256,Mỹ,laptop,5.500.000 đ
5852,Dell,Latitude,Đã sử dụng (chưa sửa chữa),3,14,Intel Core i5,8.0,NVIDIA,256,Mỹ,laptop,6.490.000 đ
5853,Acer,Aspire,Đã sử dụng (chưa sửa chữa),0,16,Intel Core i3,16.0,Onboard,250,Nước khác,laptop,4.000.000 đ
5854,Apple,MacBook Pro,Đã sử dụng (chưa sửa chữa),0,14,Intel Core i5,4.0,Onboard,256,Nước khác,laptop,4.000.000 đ
5855,Dell,Inspiron,Đã sử dụng (chưa sửa chữa),1,16,Intel Core i5,8.0,Onboard,256,Nước khác,laptop,3.000.000 đ
5856,HP,Elitebook,Mới,9,14,Intel Core i5,8.0,Onboard,256,Mỹ,laptop,6.600.000 đ
5857,HP,Elitebook,Mới,1,16,Intel Core i3,8.0,Onboard,256,Mỹ,laptop,6.888.888 đ
5858,Apple,MacBook Pro,Đã sử dụng (chưa sửa chữa),0,14,Intel Core i5,16.0,Onboard,256,Nước khác,laptop,9.990.000 đ
5859,Dell,XPS,Đã sử dụng (chưa sửa chữa),1,14,Intel Core i5,8.0,Onboard,500,Nước khác,laptop,17.500.000 đ
5860,Dell,Vostro,Đã sử dụng (chưa sửa chữa),0,16,Intel Core 2 Duo,2.0,Onboard,500,Mỹ,laptop,800.000 đ
5861,Dell,Latitude,Đã sử dụng (chưa sửa chữa),3,14,Intel Core i5,8.0,NVIDIA,256,Mỹ,laptop,5.590.000 đ
5862,Dell,Latitude,Đã sử dụng (chưa sửa chữa),0,14,Intel Core i5,4.0,Onboard,320,Nhật Bản,laptop,1.800.000 đ
5863,Dell,Latitude,Đã sử dụng (chưa sửa chữa),3,12,Intel Core i7,16.0,Onboard,256,Nước khác,laptop,8.299.000 đ
5864,Dell,Precision,Đã sử dụng (chưa sửa chữa),3,16,Intel Core i7,32.0,NVIDIA,512,Mỹ,laptop,16.700.000 đ
5865,Acer,Aspire,Đã sử dụng (chưa sửa chữa),0,14,Intel Celeron,2.0,Onboard,250,Nước khác,laptop,900.000 đ
5866,HP,Notebook,Đã sử dụng (chưa sửa chữa),1,16,Intel Core i5,8.0,Onboard,128,Nhật Bản,laptop,1.950.000 đ
5867,Dell,Latitude,Đã sử dụng (chưa sửa chữa),9,16,Intel Core i5,16.0,Onboard,256,Mỹ,laptop,9.500.000 đ
5868,Asus,VivoBook S Series,Đã sử dụng (chưa sửa chữa),9,14,Intel Core i3,8.0,Onboard,512,Nước khác,laptop,7.500.000 đ
5869,Dell,Latitude,Đã sử dụng (chưa sửa chữa),0,14,Intel Core i5,4.0,Onboard,128,Nước khác,laptop,2.300.000 đ
5870,HP,ZBook,Đã sử dụng (chưa sửa chữa),9,16,Intel Core i7,16.0,NVIDIA,256,Nước khác,laptop,9.900.000 đ
5871,HP,ProBook,Đã sử dụng (chưa sửa chữa),0,16,Intel Core i5,4.0,Onboard,128,Nước khác,laptop,1.700.000 đ
5872,Lenovo,Yoga,Mới,3,16,Intel Core i7,32.0,NVIDIA,1000,Mỹ,laptop,19.990.000 đ
5873,Dell,Inspiron,Đã sử dụng (chưa sửa chữa),0,14,Intel Core i7,16.0,Onboard,1000,Nước khác,laptop,7.500.000 đ
5874,Microsoft,Surface Pro 3,Đã sử dụng (chưa sửa chữa),0,12,Intel Core i5,8.0,Onboard,256,Mỹ,laptop,4.000.000 đ
5875,Asus,VivoBook S Series,Đã sử dụng (chưa sửa chữa),0,14,Intel Core i3,4.0,Onboard,128,Nước khác,laptop,3.300.000 đ
5876,Hãng Khác,Dòng khác,Mới,9,9,Intel Core i5,8.0,Onboard,256,Trung Quốc,laptop,5.250.000 đ
5877,HP,ProBook,Đã sử dụng (chưa sửa chữa),0,14,Intel Core i3,4.0,Onboard,320,Mỹ,laptop,1.450.000 đ
5878,HP,Elitebook,Đã sử dụng (chưa sửa chữa),0,16,Intel Core i7,8.0,Onboard,512,Nước khác,laptop,8.999.000 đ
5879,HP,Elitebook,Đã sử dụng (chưa sửa chữa),0,14,Intel Core i5,8.0,Onboard,256,Nước khác,laptop,3.499.999 đ
5880,Dell,Vostro,Đã sử dụng (chưa sửa chữa),0,14,Intel Core i5,8.0,Onboard,250,Nước khác,laptop,1.500.000 đ
5881,Dell,Latitude,Đã sử dụng (chưa sửa chữa),0,16,Intel Core i7,8.0,Onboard,250,Nước khác,laptop,2.500.000 đ
5882,HP,ProBook,Đã sử dụng (chưa sửa chữa),1,16,Intel Core i7,16.0,Onboard,256,Nhật Bản,laptop,4.200.000 đ
5883,Apple,MacBook Pro,Đã sử dụng (chưa sửa chữa),0,14,Intel Core i5,8.0,Onboard,256,Nước khác,laptop,6.990.000 đ
5884,Lenovo,ThinkPad,Đã sử dụng (qua sửa chữa),0,12,Intel Core i5,2.0,Onboard,256,Trung Quốc,laptop,800.000 đ
5885,Asus,VivoBook S Series,Đã sử dụng (chưa sửa chữa),0,16,Intel Core i5,8.0,Onboard,128,Nước khác,laptop,2.900.000 đ
5886,HP,Elitebook,Đã sử dụng (chưa sửa chữa),0,16,Intel Core i5,8.0,NVIDIA,256,Việt Nam,laptop,7.500.000 đ
5887,Lenovo,ThinkPad,Đã sử dụng (chưa sửa chữa),5,14,Intel Core i5,8.0,Onboard,256,Nước khác,laptop,7.700.000 đ
5888,HP,Spectre,Đã sử dụng (chưa sửa chữa),1,14,Intel Core i7,16.0,Onboard,1000,Nước khác,laptop,23.868.000 đ
5889,Dell,G Series,Mới,1,16,Ryzen 5,8.0,NVIDIA,512,Mỹ,laptop,16.990.000 đ
5890,Lenovo,ThinkPad,Đã sử dụng (chưa sửa chữa),0,16,Intel Core i7,8.0,NVIDIA,128,Nước khác,laptop,3.000.000 đ
5891,Apple,MacBook Pro,Đã sử dụng (chưa sửa chữa),0,14,Intel Core i5,8.0,Onboard,128,Nước khác,laptop,8.000.000 đ
5892,Asus,ASUSPRO,Đã sử dụng (chưa sửa chữa),1,14,Intel Core i5,8.0,Onboard,128,Nước khác,laptop,4.000.000 đ
5893,Dell,Latitude,Đã sử dụng (chưa sửa chữa),1,14,Intel Core i5,8.0,Onboard,256,Nước khác,laptop,6.700.000 đ
5894,Lenovo,ThinkPad,Đã sử dụng (chưa sửa chữa),0,16,Intel Core i7,16.0,NVIDIA,256,Mỹ,laptop,13.000.000 đ
5895,Apple,MacBook Pro,Đã sử dụng (chưa sửa chữa),1,14,Intel Core i5,16.0,Onboard,512,Nước khác,laptop,14.800.000 đ
5896,Dell,XPS,Đã sử dụng (chưa sửa chữa),3,16,Intel Core i7,32.0,NVIDIA,1000,Mỹ,laptop,20.500.000 đ
5897,Dell,Vostro,Đã sử dụng (chưa sửa chữa),0,16,Intel Core i5,8.0,AMD,256,Việt Nam,laptop,7.000.000 đ
5898,Dell,Latitude,Đã sử dụng (qua sửa chữa),0,14,Intel Core i5,4.0,Onboard,128,Nước khác,laptop,1.990.000 đ
5899,Dell,Latitude,Đã sử dụng (chưa sửa chữa),1,16,Intel Core i7,8.0,Onboard,256,Nước khác,laptop,7.499.000 đ
5900,Dell,Inspiron,Đã sử dụng (chưa sửa chữa),0,14,Intel Core i7,8.0,NVIDIA,128,Việt Nam,laptop,2.500.000 đ
5901,Hãng Khác,Dòng khác,Đã sử dụng (chưa sửa chữa),0,12,Intel Core i5,8.0,Onboard,256,Nhật Bản,laptop,3.000.000 đ
5902,Dell,Inspiron,Đã sử dụng (chưa sửa chữa),0,16,Intel Core i5,8.0,NVIDIA,1500,Nước khác,laptop,6.900.000 đ
5903,Acer,Aspire,Đã sử dụng (chưa sửa chữa),0,16,AMD,16.0,Onboard,512,Nước khác,laptop,5.500.000 đ
5904,Lenovo,ThinkPad,Đã sử dụng (chưa sửa chữa),3,14,Intel Core i5,8.0,Onboard,256,Việt Nam,laptop,6.900.000 đ
5905,Apple,MacBook Air M1,Mới,1,14,Apple M1,8.0,Onboard,256,Mỹ,laptop,16.600.000 đ
5906,Apple,MacBook Air M1,Đã sử dụng (chưa sửa chữa),0,14,Apple M1,8.0,Onboard,256,Nước khác,laptop,14.999.000 đ
5907,Acer,Aspire,Đã sử dụng (chưa sửa chữa),5,16,Intel Core i3,4.0,NVIDIA,256,Mỹ,laptop,4.200.000 đ
5908,HP,ProBook,Đã sử dụng (chưa sửa chữa),3,14,Intel Core i7,16.0,Onboard,512,Mỹ,laptop,9.900.000 đ
5909,Apple,MacBook,Đã sử dụng (chưa sửa chữa),0,14,Intel Core 2 Duo,4.0,Onboard,256,Nước khác,laptop,1.000.000 đ
5910,HP,Pavilion,Đã sử dụng (chưa sửa chữa),0,14,Intel Core i5,4.0,Onboard,500,Nước khác,laptop,2.500.000 đ
5911,HP,ZBook,Đã sử dụng (chưa sửa chữa),1,16,Intel Core i7,16.0,NVIDIA,512,Nước khác,laptop,10.500.000 đ
5912,Apple,MacBook Pro,Đã sử dụng (chưa sửa chữa),1,14,Intel Core i7,16.0,Onboard,512,Nước khác,laptop,9.300.000 đ
5913,Dell,Latitude,Mới,1,14,Intel Core i5,16.0,NVIDIA,256,Mỹ,laptop,5.500.000 đ
5914,Dell,Latitude,Đã sử dụng (chưa sửa chữa),0,14,Intel Core i5,8.0,Onboard,256,Nước khác,laptop,4.700.000 đ
5915,Acer,Aspire,Đã sử dụng (chưa sửa chữa),1,16,Intel Core i5,16.0,NVIDIA,512,Việt Nam,laptop,9.500.000 đ
5916,HP,Elitebook,Đã sử dụng (chưa sửa chữa),1,14,Intel Core i7,8.0,AMD,256,Nước khác,laptop,4.500.000 đ
5917,Asus,VivoBook S Series,Đã sử dụng (chưa sửa chữa),1,16,Intel Celeron,8.0,Onboard,256,Việt Nam,laptop,4.000.000 đ
5918,Asus,K Series,Mới,0,14,Intel Core i3,4.0,Onboard,250,Việt Nam,laptop,1.500.000 đ
5919,Toshiba,Satellite Series,Đã sử dụng (chưa sửa chữa),0,14,Intel Core i7,8.0,Onboard,256,Nước khác,laptop,2.500.000 đ
5920,LG,Gram,Đã sử dụng (chưa sửa chữa),5,16,Intel Core i7,16.0,Onboard,1000,Mỹ,laptop,18.600.000 đ
5921,HP,Pavilion,Đã sử dụng (chưa sửa chữa),0,14,AMD,4.0,AMD,128,Mỹ,laptop,950.000 đ
5922,Lenovo,ThinkPad,Đã sử dụng (chưa sửa chữa),0,14,Intel Core i5,8.0,Onboard,256,Nước khác,laptop,3.200.000 đ
5923,Sony,E Series,Đã sử dụng (chưa sửa chữa),0,14,Intel Core i3,4.0,Onboard,500,Nước khác,laptop,1.200.000 đ
5924,Dell,Inspiron,Đã sử dụng (qua sửa chữa),0,16,Intel Core i3,8.0,Onboard,256,Nước khác,laptop,3.900.000 đ
5925,Hãng Khác,Dòng khác,Đã sử dụng (chưa sửa chữa),0,14,Intel Core i3,4.0,Onboard,256,Nước khác,laptop,3.500.000 đ
5926,Apple,MacBook Pro,Đã sử dụng (chưa sửa chữa),0,14,Intel Core i3,4.0,Onboard,128,Việt Nam,laptop,1.900.000 đ
5927,Hãng Khác,Dòng khác,Đã sử dụng (chưa sửa chữa),0,14,Intel Core i7,8.0,Onboard,256,Nước khác,laptop,6.500.000 đ
5928,Hãng Khác,Dòng khác,Đã sử dụng (chưa sửa chữa),0,16,Intel Core i3,4.0,Onboard,256,Nước khác,laptop,3.500.000 đ
5929,Lenovo,ThinkPad,Đã sử dụng (chưa sửa chữa),1,14,Intel Core i7,16.0,Onboard,512,Mỹ,laptop,6.000.000 đ
5930,Dell,Latitude,Đã sử dụng (chưa sửa chữa),1,14,Intel Core i5,4.0,Onboard,128,Nước khác,laptop,2.500.000 đ
5931,HP,ProBook,Đã sử dụng (chưa sửa chữa),1,14,Intel Core i5,8.0,Onboard,256,Nước khác,laptop,4.800.000 đ
5932,Dell,Vostro,Đã sử dụng (chưa sửa chữa),3,14,Intel Core i5,8.0,Onboard,256,Nước khác,laptop,5.400.000 đ
5933,Dell,Latitude,Đã sử dụng (chưa sửa chữa),1,14,Intel Core i5,16.0,Onboard,256,Nước khác,laptop,5.200.000 đ
5934,Asus,VivoBook S Series,Đã sử dụng (chưa sửa chữa),12,14,Intel Core i5,8.0,Onboard,512,Nước khác,laptop,5.000.000 đ
5935,Dell,Latitude,Đã sử dụng (chưa sửa chữa),0,14,Intel Core i3,4.0,AMD,320,Nước khác,laptop,1.250.000 đ
5936,Apple,MacBook Air M1,Mới,9,14,Apple M1,8.0,Onboard,256,Việt Nam,laptop,18.800.000 đ
5937,Microsoft,Surface,Đã sử dụng (chưa sửa chữa),0,14,Intel Core i7,16.0,Onboard,512,Nước khác,laptop,10.500.000 đ
5938,Dell,Latitude,Đã sử dụng (chưa sửa chữa),1,12,Intel Core i7,8.0,Onboard,256,Mỹ,laptop,5.500.000 đ
5939,Lenovo,ThinkPad,Đã sử dụng (chưa sửa chữa),0,14,Intel Core i7,16.0,Onboard,512,Nước khác,laptop,8.500.000 đ
5940,Asus,VivoBook S Series,Đã sử dụng (chưa sửa chữa),0,14,Intel Core i3,16.0,Onboard,1000,Đài Loan,laptop,1.300.000 đ
5941,Lenovo,ThinkPad,Đã sử dụng (chưa sửa chữa),3,12,Intel Core i7,16.0,Onboard,512,Mỹ,laptop,7.500.000 đ
5942,Dell,Latitude,Đã sử dụng (chưa sửa chữa),3,16,Intel Core i7,8.0,AMD,250,Nhật Bản,laptop,5.200.000 đ
5943,Apple,MacBook Pro M1 Touch Bar,Đã sử dụng (chưa sửa chữa),5,14,Apple M1,8.0,Onboard,512,Mỹ,laptop,20.500.000 đ
5944,HP,Elitebook,Đã sử dụng (chưa sửa chữa),1,14,Intel Core i5,8.0,Onboard,256,Mỹ,laptop,6.900.000 đ
5945,Dell,Latitude,Đã sử dụng (chưa sửa chữa),1,14,Intel Core i5,8.0,Onboard,256,Mỹ,laptop,5.900.000 đ
5946,Apple,MacBook Air M2,Đã sử dụng (chưa sửa chữa),0,14,Apple M2,8.0,Onboard,256,Mỹ,laptop,21.990.000 đ
5947,Dell,Latitude,Đã sử dụng (chưa sửa chữa),1,14,Intel Core i5,8.0,Onboard,512,Nước khác,laptop,6.900.000 đ
5948,Apple,MacBook Air M1,Đã sử dụng (chưa sửa chữa),5,14,Apple M1,8.0,Onboard,256,Nước khác,laptop,16.000.000 đ
5949,HP,Elitebook,Đã sử dụng (chưa sửa chữa),1,14,Intel Core i5,16.0,Onboard,512,Nước khác,laptop,8.900.000 đ
5950,Dell,Latitude,Đã sử dụng (qua sửa chữa),0,14,Intel Core i5,8.0,Onboard,256,Nước khác,laptop,3.000.000 đ
5951,Acer,Nitro 5,Đã sử dụng (chưa sửa chữa),3,16,Ryzen 5,8.0,NVIDIA,512,Việt Nam,laptop,10.900.000 đ
5952,Lenovo,ThinkPad,Đã sử dụng (chưa sửa chữa),3,14,Intel Core i5,8.0,Onboard,256,Mỹ,laptop,6.600.000 đ
5953,Dell,XPS,Mới,5,14,Intel Core i5,8.0,Onboard,512,Mỹ,laptop,14.190.000 đ
5954,Lenovo,IdeaPad,Đã sử dụng (chưa sửa chữa),0,14,AMD,4.0,AMD,128,Nước khác,laptop,2.200.000 đ
5955,HP,Elitebook,Đã sử dụng (chưa sửa chữa),0,14,Intel Core i5,8.0,Onboard,256,Nước khác,laptop,3.100.000 đ
5956,Acer,Predator,Đã sử dụng (chưa sửa chữa),3,16,Intel Core i7,8.0,NVIDIA,512,Việt Nam,laptop,20.000.000 đ
5957,Dell,Latitude,Đã sử dụng (chưa sửa chữa),5,14,Intel Core i7,8.0,Onboard,256,Mỹ,laptop,5.700.000 đ
5958,Asus,VivoBook S Series,Đã sử dụng (chưa sửa chữa),0,14,AMD,8.0,Onboard,256,Nước khác,laptop,6.200.000 đ
5959,HP,Elitebook,Đã sử dụng (chưa sửa chữa),5,14,Intel Core i7,8.0,Onboard,256,Mỹ,laptop,9.570.000 đ
5960,HP,Envy,Đã sử dụng (chưa sửa chữa),0,14,Intel Core i3,4.0,Onboard,128,Nước khác,laptop,2.300.000 đ
5961,Dell,Vostro,Đã sử dụng (chưa sửa chữa),1,16,Intel Core i5,4.0,Onboard,120,Trung Quốc,laptop,1.600.000 đ
5962,Dell,Precision,Đã sử dụng (chưa sửa chữa),12,16,Intel Core i9,32.0,NVIDIA,512,Mỹ,laptop,16.200.000 đ
5963,Microsoft,Surface,Đã sử dụng (chưa sửa chữa),5,14,Intel Core i7,16.0,Onboard,256,Mỹ,laptop,16.800.000 đ
5964,Lenovo,ThinkPad,Đã sử dụng (chưa sửa chữa),0,16,Intel Core i5,4.0,Onboard,512,Nhật Bản,laptop,1.200.000 đ
5965,Dell,Latitude,Đã sử dụng (chưa sửa chữa),0,14,Intel Core i7,8.0,Onboard,256,Nước khác,laptop,5.659.000 đ
5966,Lenovo,ThinkPad,Đã sử dụng (chưa sửa chữa),0,14,Intel Core i5,8.0,Onboard,256,Nước khác,laptop,5.400.000 đ
5967,Lenovo,IdeaPad,Đã sử dụng (chưa sửa chữa),1,16,Intel Core i3,4.0,Onboard,120,Trung Quốc,laptop,2.300.000 đ
5968,Asus,VivoBook S Series,Đã sử dụng (chưa sửa chữa),0,14,Intel Core i3,4.0,Onboard,128,Nước khác,laptop,2.700.000 đ
5969,Lenovo,ThinkPad,Đã sử dụng (chưa sửa chữa),0,12,Intel Core i5,8.0,Onboard,256,Nhật Bản,laptop,4.200.000 đ
5970,Dell,Inspiron,Mới,12,16,Intel Core i5,8.0,Onboard,512,Trung Quốc,laptop,11.900.000 đ
5971,HP,Compaq,Đã sử dụng (chưa sửa chữa),0,14,Intel Core 2 Duo,2.0,Onboard,120,Nước khác,laptop,400.000 đ
5972,HP,Pavilion,Đã sử dụng (chưa sửa chữa),0,14,Intel Core i5,4.0,Onboard,320,Nước khác,laptop,4.900.000 đ
5973,Dell,Precision,Đã sử dụng (chưa sửa chữa),3,16,Intel Core i7,8.0,NVIDIA,256,Mỹ,laptop,7.200.000 đ
5974,Dell,Latitude,Đã sử dụng (chưa sửa chữa),0,14,Intel Core i5,8.0,Onboard,128,Nhật Bản,laptop,3.900.000 đ
5975,Apple,MacBook Pro,Đã sử dụng (chưa sửa chữa),0,14,Intel Core i5,8.0,Onboard,128,Mỹ,laptop,2.500.000 đ
5976,Apple,MacBook Air M2,Đã sử dụng (chưa sửa chữa),1,14,Apple M2,16.0,Onboard,256,Việt Nam,laptop,28.499.000 đ
5977,Acer,Aspire,Đã sử dụng (chưa sửa chữa),1,16,Ryzen 7,8.0,NVIDIA,512,Việt Nam,laptop,9.500.000 đ
5978,Asus,VivoBook S Series,Đã sử dụng (chưa sửa chữa),0,14,Ryzen 7,16.0,Onboard,256,Nước khác,laptop,16.400.000 đ
5979,Acer,Nitro 5,Đã sử dụng (chưa sửa chữa),5,16,Intel Core i5,16.0,NVIDIA,512,Nước khác,laptop,14.500.000 đ
5980,Acer,Nitro 5,Đã sử dụng (chưa sửa chữa),0,16,Intel Core i7,16.0,NVIDIA,512,Việt Nam,laptop,13.000.000 đ
5981,Dell,Latitude,Đã sử dụng (chưa sửa chữa),3,16,Intel Core i7,16.0,Onboard,512,Việt Nam,laptop,8.800.000 đ
5982,Apple,MacBook Air M1,Đã sử dụng (chưa sửa chữa),0,14,Intel Core i5,8.0,Onboard,128,Mỹ,laptop,7.500.000 đ
5983,Asus,Zenbook Series,Đã sử dụng (chưa sửa chữa),9,14,Intel Core i5,8.0,Onboard,512,Việt Nam,laptop,13.990.000 đ
5984,Acer,Aspire,Đã sử dụng (chưa sửa chữa),1,16,Ryzen 5,8.0,NVIDIA,256,Việt Nam,laptop,11.000.000 đ
5985,Acer,Nitro 5,Đã sử dụng (chưa sửa chữa),1,16,Intel Core i7,8.0,NVIDIA,512,Việt Nam,laptop,17.900.000 đ
5986,Acer,Aspire,Đã sử dụng (chưa sửa chữa),1,12,Intel Celeron,4.0,Onboard,128,Việt Nam,laptop,3.990.000 đ
5987,Dell,Latitude,Đã sử dụng (chưa sửa chữa),1,16,Intel Core i5,8.0,NVIDIA,256,Việt Nam,laptop,16.900.000 đ
5988,Acer,Aspire,Đã sử dụng (chưa sửa chữa),1,16,Ryzen 5,8.0,NVIDIA,512,Việt Nam,laptop,7.800.000 đ
5989,Microsoft,Surface,Mới,1,14,Intel Core i7,16.0,Onboard,512,Mỹ,laptop,10.900.000 đ
5990,MSI,GF Series,Mới,9,16,Intel Core i7,16.0,NVIDIA,1000,Mỹ,laptop,31.900.000 đ
5991,Apple,MacBook Pro,Đã sử dụng (chưa sửa chữa),0,14,Intel Core i7,8.0,Onboard,256,Nước khác,laptop,4.200.000 đ
5992,Apple,MacBook Air,Đã sử dụng (chưa sửa chữa),0,14,Intel Core i5,4.0,Onboard,128,Nước khác,laptop,2.500.000 đ
5993,Asus,ROG Strix Scar,Đã sử dụng (chưa sửa chữa),0,16,Intel Core i7,8.0,NVIDIA,512,Nước khác,laptop,9.789.789 đ
5994,Apple,MacBook Pro,Đã sử dụng (chưa sửa chữa),0,12,Intel Core i5,8.0,Onboard,256,Nước khác,laptop,7.500.000 đ
5995,Apple,MacBook Air,Đã sử dụng (chưa sửa chữa),0,12,Intel Core i5,4.0,Onboard,128,Nước khác,laptop,2.500.000 đ
5996,HP,Envy,Đã sử dụng (chưa sửa chữa),0,16,Intel Core i7,8.0,Onboard,256,Nước khác,laptop,9.990.000 đ
5997,Dell,Latitude,Mới,1,14,Intel Core i5,8.0,Onboard,256,Mỹ,laptop,5.650.000 đ
5998,Dell,Latitude,Đã sử dụng (chưa sửa chữa),1,14,Intel Core i5,8.0,Onboard,256,Mỹ,laptop,5.699.999 đ
5999,Asus,FX Series/ZX Series,Đã sử dụng (chưa sửa chữa),0,16,Intel Core i5,8.0,NVIDIA,640,Nước khác,laptop,8.400.000 đ
6000,Apple,MacBook Pro Touch Bar,Đã sử dụng (chưa sửa chữa),1,16,Intel Core i9,32.0,AMD,512,Mỹ,laptop,21.800.000 đ
6001,Asus,TUF Gaming,Đã sử dụng (chưa sửa chữa),0,16,Intel Core i5,16.0,NVIDIA,1500,Nước khác,laptop,7.000.000 đ
6002,Sony,Vaio Series,Đã sử dụng (chưa sửa chữa),1,14,Intel Core i3,4.0,NVIDIA,500,Việt Nam,laptop,2.180.000 đ
6003,HP,Spectre,Đã sử dụng (chưa sửa chữa),0,16,Intel Core i7,16.0,Onboard,512,Nước khác,laptop,23.500.000 đ
6004,Samsung,N-Series,Đã sử dụng (chưa sửa chữa),0,16,Intel Pentium,4.0,Onboard,128,Hàn Quốc,laptop,1.600.000 đ
6005,Dell,Vostro,Đã sử dụng (chưa sửa chữa),1,14,Intel Core i5,8.0,Onboard,256,Trung Quốc,laptop,6.399.000 đ
6006,Microsoft,Surface,Mới,12,14,AMD,8.0,Onboard,256,Mỹ,laptop,12.800.000 đ
6007,Dell,Latitude,Đã sử dụng (chưa sửa chữa),1,14,Intel Core i7,8.0,Onboard,256,Nước khác,laptop,7.500.000 đ
6008,Dell,Inspiron,Đã sử dụng (chưa sửa chữa),0,16,Intel Core i7,8.0,Onboard,512,Nước khác,laptop,20.000.000 đ
6009,Dell,XPS,Đã sử dụng (chưa sửa chữa),0,16,Intel Core i7,16.0,NVIDIA,512,Nước khác,laptop,8.900.000 đ
6010,Apple,MacBook Pro,Đã sử dụng (chưa sửa chữa),5,14,Intel Core i5,16.0,Onboard,512,Mỹ,laptop,32.800.000 đ
6011,HP,Notebook,Đã sử dụng (chưa sửa chữa),0,14,Intel Core i5,8.0,Onboard,256,Trung Quốc,laptop,6.000.000 đ
6012,Apple,MacBook Pro,Đã sử dụng (chưa sửa chữa),0,16,Intel Core i7,16.0,Onboard,128,Việt Nam,laptop,11.000.000 đ
6013,Dell,Inspiron,Đã sử dụng (chưa sửa chữa),0,14,Intel Core i5,8.0,Onboard,128,Trung Quốc,laptop,1.800.000 đ
6014,Lenovo,ThinkPad,Đã sử dụng (chưa sửa chữa),0,14,Intel Core i7,8.0,Onboard,512,Nước khác,laptop,8.990.000 đ
6015,Dell,Latitude,Đã sử dụng (chưa sửa chữa),3,14,Intel Core i7,16.0,Onboard,256,Mỹ,laptop,8.900.000 đ
6016,HP,Elitebook,Đã sử dụng (chưa sửa chữa),3,14,Intel Core i5,4.0,Onboard,128,Mỹ,laptop,2.900.000 đ
6017,Apple,MacBook Air M1,Đã sử dụng (chưa sửa chữa),5,14,Apple M1,16.0,Onboard,256,Mỹ,laptop,18.800.000 đ
6018,Dell,Latitude,Đã sử dụng (chưa sửa chữa),0,14,Intel Core i5,8.0,Onboard,256,Mỹ,laptop,15.500.000 đ
6019,HP,Envy,Đã sử dụng (chưa sửa chữa),0,16,Intel Core i7,8.0,Onboard,512,Nước khác,laptop,10.500.000 đ
6020,Lenovo,ThinkPad,Đã sử dụng (chưa sửa chữa),0,12,Intel Core i5,4.0,NVIDIA,128,Nước khác,laptop,1.000.000 đ
6021,Samsung,Chromebook,Đã sử dụng (chưa sửa chữa),0,14,Intel Core i5,8.0,Onboard,256,Nước khác,laptop,10.990.000 đ
6022,Asus,X Series,Đã sử dụng (chưa sửa chữa),3,16,Intel Core i7,8.0,NVIDIA,256,Việt Nam,laptop,8.500.000 đ
6023,Samsung,Galaxyboook,Đã sử dụng (chưa sửa chữa),0,14,Intel Core i7,16.0,Onboard,512,Nước khác,laptop,16.800.000 đ
6024,Dell,XPS,Đã sử dụng (chưa sửa chữa),0,14,Intel Core i7,32.0,NVIDIA,512,Mỹ,laptop,17.000.000 đ
6025,Apple,MacBook Air,Đã sử dụng (chưa sửa chữa),0,12,Intel Core i5,4.0,Onboard,256,Nhật Bản,laptop,4.300.000 đ
6026,Lenovo,ThinkPad,Đã sử dụng (chưa sửa chữa),0,14,Intel Pentium,4.0,Onboard,128,Nước khác,laptop,2.000.000 đ
6027,Samsung,Galaxyboook,Mới,0,14,Intel Core i7,8.0,NVIDIA,256,Nước khác,laptop,13.590.000 đ
6028,Lenovo,ThinkPad,Mới,3,14,Intel Core i5,8.0,Onboard,256,Mỹ,laptop,4.900.000 đ
6029,Dell,Latitude,Đã sử dụng (chưa sửa chữa),0,14,Intel Core i5,8.0,Onboard,128,Nước khác,laptop,2.200.000 đ
6030,Dell,Inspiron,Đã sử dụng (chưa sửa chữa),0,14,Intel Core i5,8.0,Onboard,500,Nước khác,laptop,4.100.000 đ
6031,Apple,MacBook Air,Đã sử dụng (chưa sửa chữa),0,14,Intel Core i5,8.0,Onboard,256,Nước khác,laptop,11.000.000 đ
6032,Microsoft,Surface,Đã sử dụng (chưa sửa chữa),1,14,Intel Core i5,8.0,Onboard,256,Nước khác,laptop,10.500.000 đ
6033,Sony,Vaio Series,Đã sử dụng (chưa sửa chữa),0,14,Intel Core i5,4.0,Onboard,128,Nước khác,laptop,800.000 đ
6034,Hãng Khác,Dòng khác,Đã sử dụng (chưa sửa chữa),0,14,Intel Core i7,8.0,Onboard,256,Nước khác,laptop,6.500.000 đ
6035,Asus,X Series,Đã sử dụng (chưa sửa chữa),0,14,Intel Core i5,8.0,Onboard,128,Nước khác,laptop,4.800.000 đ
6036,Lenovo,ThinkPad,Đã sử dụng (chưa sửa chữa),1,14,Intel Core i5,8.0,Onboard,256,Nước khác,laptop,9.500.000 đ
6037,HP,ProBook,Đã sử dụng (chưa sửa chữa),0,16,Intel Core i5,8.0,Onboard,250,Trung Quốc,laptop,3.950.000 đ
6038,Lenovo,ThinkPad,Đã sử dụng (chưa sửa chữa),0,16,Ryzen 7,16.0,NVIDIA,512,Hàn Quốc,laptop,21.699.000 đ
6039,Dell,Inspiron,Đã sử dụng (chưa sửa chữa),1,14,Intel Core i7,8.0,NVIDIA,512,Việt Nam,laptop,7.900.000 đ
6040,Apple,MacBook Pro Touch Bar,Đã sử dụng (chưa sửa chữa),5,16,Intel Core i7,16.0,AMD,512,Mỹ,laptop,20.500.000 đ
6041,Acer,Nitro 5,Đã sử dụng (chưa sửa chữa),0,16,AMD,16.0,AMD,512,Nước khác,laptop,5.000.000 đ
6042,Asus,VivoBook S Series,Đã sử dụng (chưa sửa chữa),0,14,Intel Core i3,4.0,Onboard,1000,Trung Quốc,laptop,3.800.000 đ
6043,Dell,Inspiron,Đã sử dụng (chưa sửa chữa),0,14,Intel Core i5,4.0,Onboard,256,Nước khác,laptop,1.950.000 đ
6044,Dell,Latitude,Mới,1,16,Intel Core i7,8.0,Onboard,256,Mỹ,laptop,4.000.000 đ
6045,Asus,VivoBook S Series,Đã sử dụng (chưa sửa chữa),0,16,Intel Core i7,16.0,NVIDIA,512,Nước khác,laptop,4.700.000 đ
6046,HP,ProBook,Đã sử dụng (chưa sửa chữa),0,14,Intel Core i7,8.0,Onboard,128,Nhật Bản,laptop,4.000.000 đ
6047,Lenovo,Yoga,Đã sử dụng (chưa sửa chữa),0,14,Intel Core i7,16.0,Onboard,1000,Mỹ,laptop,23.500.000 đ
6048,Acer,Aspire,Đã sử dụng (chưa sửa chữa),1,14,Intel Core i5,4.0,Onboard,500,Nước khác,laptop,1.700.000 đ
6049,Dell,Latitude,Mới,1,12,Intel Core i5,8.0,Onboard,256,Mỹ,laptop,3.500.000 đ
6050,Apple,MacBook Air,Đã sử dụng (chưa sửa chữa),0,12,Intel Core i7,8.0,Onboard,256,Nước khác,laptop,5.800.000 đ
6051,HP,ZBook,Đã sử dụng (chưa sửa chữa),0,14,Intel Core i7,8.0,NVIDIA,256,Nước khác,laptop,4.000.000 đ
6052,Samsung,Galaxyboook,Đã sử dụng (chưa sửa chữa),0,14,Intel Core i3,4.0,Onboard,120,Nước khác,laptop,1.200.000 đ
6053,HP,ProBook,Đã sử dụng (chưa sửa chữa),3,16,Intel Core i5,8.0,Onboard,256,Nhật Bản,laptop,5.900.000 đ
6054,Dell,Precision,Đã sử dụng (chưa sửa chữa),0,16,Intel Core i7,16.0,NVIDIA,512,Nước khác,laptop,11.000.000 đ
6055,Dell,Inspiron,Đã sử dụng (chưa sửa chữa),0,14,Intel Core i5,4.0,Onboard,120,Nước khác,laptop,2.890.000 đ
6056,Lenovo,IdeaPad,Đã sử dụng (chưa sửa chữa),12,16,Ryzen 7,16.0,AMD,512,Nước khác,laptop,19.850.000 đ
6057,Asus,VivoBook S Series,Đã sử dụng (chưa sửa chữa),3,14,Intel Core i5,8.0,NVIDIA,256,Nước khác,laptop,5.990.000 đ
6058,Dell,Latitude,Đã sử dụng (chưa sửa chữa),0,16,Intel Core i5,8.0,Onboard,128,Việt Nam,laptop,4.700.000 đ
6059,Apple,MacBook Air,Đã sử dụng (qua sửa chữa),0,14,Intel Core i5,8.0,Onboard,128,Trung Quốc,laptop,8.000.000 đ
6060,Dell,Latitude,Đã sử dụng (chưa sửa chữa),3,14,Intel Core i5,4.0,Onboard,128,Mỹ,laptop,2.500.000 đ
6061,Dell,Inspiron,Đã sử dụng (chưa sửa chữa),0,14,Intel Core i3,4.0,Onboard,500,Nước khác,laptop,1.400.000 đ
6062,HP,Elitebook,Đã sử dụng (qua sửa chữa),0,9,Intel Core i5,64.0,Onboard,1000,Việt Nam,laptop,700.000 đ
6063,Dell,Latitude,Đã sử dụng (chưa sửa chữa),1,14,Intel Core i5,8.0,Onboard,256,Nước khác,laptop,4.590.000 đ
6064,Apple,MacBook Air M1,Đã sử dụng (chưa sửa chữa),5,14,Apple M1,8.0,Onboard,256,Mỹ,laptop,14.600.000 đ
6065,Dell,Latitude,Đã sử dụng (chưa sửa chữa),0,16,Intel Core i5,16.0,Onboard,256,Nước khác,laptop,7.400.000 đ
6066,Lenovo,ThinkPad,Đã sử dụng (chưa sửa chữa),0,21,Intel Pentium,4.0,Onboard,128,Trung Quốc,laptop,2.000.000 đ
6067,Acer,Aspire,Đã sử dụng (chưa sửa chữa),0,14,Intel Pentium,4.0,Onboard,320,Trung Quốc,laptop,1.500.000 đ
6068,Asus,K Series,Đã sử dụng (chưa sửa chữa),0,16,Intel Core i5,8.0,Onboard,512,Việt Nam,laptop,9.900.000 đ
6069,Microsoft,Surface,Đã sử dụng (chưa sửa chữa),0,14,Intel Core i7,16.0,Onboard,512,Nước khác,laptop,9.900.000 đ
6070,Asus,VivoBook S Series,Đã sử dụng (chưa sửa chữa),12,16,Intel Core i7,16.0,NVIDIA,512,Nước khác,laptop,25.200.000 đ
6071,Dell,Latitude,Đã sử dụng (chưa sửa chữa),0,14,Intel Core i5,8.0,Onboard,256,Nước khác,laptop,5.800.000 đ
6072,Dell,Precision,Đã sử dụng (chưa sửa chữa),1,18,Intel Core i7,32.0,NVIDIA,512,Nước khác,laptop,20.700.000 đ
6073,HP,Pavilion,Đã sử dụng (chưa sửa chữa),0,16,Intel Core i5,16.0,Onboard,1500,Mỹ,laptop,6.900.000 đ
6074,Toshiba,Satellite Series,Đã sử dụng (chưa sửa chữa),0,14,Intel Core 2 Duo,4.0,Onboard,500,Nước khác,laptop,500.000 đ
6075,Dell,XPS,Đã sử dụng (chưa sửa chữa),0,14,Intel Core i7,16.0,Onboard,256,Nước khác,laptop,12.500.000 đ
6076,Dell,Precision,Đã sử dụng (chưa sửa chữa),1,16,Intel Core i7,16.0,AMD,256,Mỹ,laptop,4.300.000 đ
6077,HP,Chromebook,Mới,0,14,Intel Pentium,4.0,Onboard,256,Trung Quốc,laptop,3.600.000 đ
6078,Lenovo,Legion Y Series,Mới,5,16,Intel Core i7,16.0,NVIDIA,512,Mỹ,laptop,24.990.000 đ
6079,Asus,VivoBook S Series,Đã sử dụng (chưa sửa chữa),0,14,Intel Core i3,4.0,Onboard,256,Nước khác,laptop,1.250.000 đ
6080,Lenovo,ThinkPad,Đã sử dụng (chưa sửa chữa),3,14,Intel Core i5,8.0,Onboard,128,Nước khác,laptop,1.800.000 đ
6081,HP,ProBook,Đã sử dụng (chưa sửa chữa),1,16,Intel Core i5,8.0,Onboard,256,Nước khác,laptop,4.990.000 đ
6082,Apple,MacBook Air,Đã sử dụng (chưa sửa chữa),5,14,Intel Core i5,8.0,Onboard,256,Nước khác,laptop,6.500.000 đ
6083,Apple,MacBook,Đã sử dụng (chưa sửa chữa),1,12,Intel Core i5,8.0,Onboard,256,Nước khác,laptop,6.200.000 đ
6084,Dell,XPS,Đã sử dụng (chưa sửa chữa),0,16,Intel Core i7,8.0,NVIDIA,256,Nước khác,laptop,4.990.000 đ
6085,Lenovo,ThinkPad,Đã sử dụng (chưa sửa chữa),3,14,Intel Core i5,8.0,Onboard,256,Nước khác,laptop,5.000.000 đ
6086,Lenovo,IdeaPad,Đã sử dụng (chưa sửa chữa),3,16,Intel Core i5,8.0,Onboard,512,Nước khác,laptop,10.200.000 đ
6087,Dell,Inspiron,Đã sử dụng (chưa sửa chữa),9,14,Ryzen 5,16.0,AMD,512,Nước khác,laptop,11.000.000 đ
6088,Lenovo,ThinkPad,Đã sử dụng (chưa sửa chữa),3,14,Intel Core i7,16.0,AMD,512,Mỹ,laptop,7.200.000 đ
6089,MSI,GP Series,Đã sử dụng (chưa sửa chữa),1,16,Intel Core i7,16.0,NVIDIA,512,Nước khác,laptop,12.600.000 đ
6090,HP,Envy,Đã sử dụng (chưa sửa chữa),1,14,Intel Core i5,4.0,Onboard,512,Việt Nam,laptop,5.200.000 đ
6091,Apple,MacBook Pro Touch Bar,Đã sử dụng (chưa sửa chữa),0,16,Intel Core i7,16.0,AMD,512,Mỹ,laptop,18.000.000 đ
6092,Lenovo,IdeaPad,Đã sử dụng (chưa sửa chữa),3,16,Ryzen 7,16.0,NVIDIA,512,Việt Nam,laptop,17.300.000 đ
6093,Dell,Latitude,Đã sử dụng (chưa sửa chữa),5,14,Intel Core i5,16.0,Onboard,256,Mỹ,laptop,11.500.000 đ
6094,Dell,Precision,Đã sử dụng (chưa sửa chữa),0,18,Intel Core i7,16.0,NVIDIA,256,Việt Nam,laptop,16.000.000 đ
6095,HP,ProBook,Đã sử dụng (chưa sửa chữa),0,12,Intel Core i5,4.0,Onboard,128,Nước khác,laptop,1.700.000 đ
6096,HP,Envy,Đã sử dụng (chưa sửa chữa),0,14,Intel Core i5,8.0,Onboard,256,Trung Quốc,laptop,6.000.000 đ
6097,Dell,Latitude,Đã sử dụng (chưa sửa chữa),5,14,Intel Core i5,16.0,Onboard,512,Mỹ,laptop,6.200.000 đ
6098,Asus,K Series,Đã sử dụng (chưa sửa chữa),0,14,Intel Core i3,4.0,NVIDIA,128,Nước khác,laptop,2.990.000 đ
6099,Lenovo,Legion Y Series,Mới,3,16,Ryzen 5,8.0,NVIDIA,512,Mỹ,laptop,15.200.000 đ
6100,Apple,MacBook Pro,Đã sử dụng (chưa sửa chữa),0,16,Intel Core 2 Duo,4.0,Onboard,250,Mỹ,laptop,2.300.000 đ
6101,MSI,Modern Series,Đã sử dụng (chưa sửa chữa),0,14,Ryzen 5,8.0,Onboard,512,Nước khác,laptop,8.000.000 đ
6102,Lenovo,ThinkPad,Đã sử dụng (chưa sửa chữa),0,14,Intel Core i5,8.0,Onboard,256,Nước khác,laptop,5.900.000 đ
6103,Hãng Khác,Dòng khác,Đã sử dụng (chưa sửa chữa),0,9,Intel Core i5,16.0,Onboard,1000,Trung Quốc,laptop,8.500.000 đ
6104,HP,Victus,Đã sử dụng (chưa sửa chữa),1,16,Ryzen 5,8.0,NVIDIA,500,Nước khác,laptop,13.000.000 đ
6105,Lenovo,ThinkPad,Đã sử dụng (chưa sửa chữa),0,14,Intel Core i3,2.0,Onboard,500,Nước khác,laptop,400.000 đ
6106,Apple,MacBook Air,Đã sử dụng (chưa sửa chữa),0,14,Intel Core i5,8.0,Onboard,128,Việt Nam,laptop,6.500.000 đ
6107,Microsoft,Surface,Mới,3,16,Ryzen 7,8.0,AMD,256,Mỹ,laptop,13.900.000 đ
6108,Dell,XPS,Đã sử dụng (chưa sửa chữa),1,16,Intel Core i7,16.0,NVIDIA,512,Mỹ,laptop,12.000.000 đ
6109,Lenovo,ThinkPad,Đã sử dụng (chưa sửa chữa),3,14,Intel Core i5,16.0,Onboard,256,Nước khác,laptop,7.500.000 đ
6110,Dell,Alienware,Đã sử dụng (chưa sửa chữa),3,16,Intel Core i7,16.0,NVIDIA,256,Nước khác,laptop,11.000.000 đ
6111,Dell,Inspiron,Đã sử dụng (chưa sửa chữa),3,16,Intel Core i7,16.0,Onboard,512,Mỹ,laptop,13.900.000 đ
6112,Dell,Inspiron,Đã sử dụng (chưa sửa chữa),3,16,Intel Core i7,16.0,NVIDIA,512,Mỹ,laptop,16.300.000 đ
6113,Dell,Vostro,Đã sử dụng (chưa sửa chữa),0,16,Intel Core i3,8.0,Onboard,500,Nước khác,laptop,3.800.000 đ
6114,Dell,Latitude,Đã sử dụng (chưa sửa chữa),0,14,Intel Core i7,8.0,Onboard,128,Nước khác,laptop,2.500.000 đ
6115,HP,Elitebook,Đã sử dụng (chưa sửa chữa),0,14,Ryzen 7,16.0,Onboard,1000,Nước khác,laptop,21.990.000 đ
6116,Dell,Latitude,Đã sử dụng (chưa sửa chữa),1,14,Intel Core i7,8.0,Onboard,256,Nước khác,laptop,7.500.000 đ
6117,Dell,XPS,Đã sử dụng (chưa sửa chữa),1,16,Intel Core i7,16.0,NVIDIA,512,Việt Nam,laptop,18.500.000 đ
6118,Lenovo,IdeaPad,Đã sử dụng (chưa sửa chữa),3,16,Intel Core i5,8.0,Onboard,512,Nước khác,laptop,9.800.000 đ
6119,Acer,Nitro 5,Đã sử dụng (chưa sửa chữa),0,14,Intel Core i5,8.0,Onboard,512,Nước khác,laptop,12.990.000 đ
6120,Microsoft,Surface Pro 6,Đã sử dụng (chưa sửa chữa),0,14,Intel Core i5,8.0,Onboard,128,Nước khác,laptop,6.800.000 đ
6121,Dell,Latitude,Đã sử dụng (chưa sửa chữa),3,14,Intel Core i7,8.0,Onboard,256,Mỹ,laptop,4.500.000 đ
6122,Microsoft,Surface Pro 5,Đã sử dụng (chưa sửa chữa),3,12,Intel Core i5,8.0,Onboard,256,Mỹ,laptop,7.000.000 đ
6123,Lenovo,ThinkPad,Đã sử dụng (chưa sửa chữa),3,14,Intel Core i7,16.0,Onboard,512,Mỹ,laptop,12.200.000 đ
6124,Lenovo,Legion Y Series,Đã sử dụng (chưa sửa chữa),3,16,Intel Core i7,16.0,NVIDIA,512,Mỹ,laptop,21.800.000 đ
6125,Apple,MacBook Air,Đã sử dụng (chưa sửa chữa),0,14,AMD,8.0,AMD,128,Nước khác,laptop,5.200.000 đ
6126,Dell,Latitude,Đã sử dụng (chưa sửa chữa),0,12,Intel Core i5,8.0,Onboard,256,Nước khác,laptop,4.100.000 đ
6127,Dell,Latitude,Mới,0,14,Intel Core i5,8.0,Onboard,256,Việt Nam,laptop,3.300.000 đ
6128,Lenovo,ThinkPad,Mới,1,16,Intel Core i7,16.0,Onboard,512,Việt Nam,laptop,26.900.000 đ
6129,Asus,ROG Strix Scar,Mới,5,16,Intel Core i5,16.0,NVIDIA,512,Việt Nam,laptop,11.500.000 đ
6130,Dell,Latitude,Đã sử dụng (chưa sửa chữa),1,14,Intel Core i5,8.0,Onboard,256,Nhật Bản,laptop,6.200.000 đ
6131,HP,Notebook,Mới,9,18,Intel Core i5,8.0,Onboard,256,Mỹ,laptop,12.500.000 đ
6132,Lenovo,ThinkPad,Mới,1,16,Intel Core i7,16.0,Onboard,256,Việt Nam,laptop,26.500.000 đ
6133,Microsoft,Surface,Đã sử dụng (chưa sửa chữa),0,10,Intel Atom,4.0,Onboard,128,Nhật Bản,laptop,3.737.000 đ
6134,HP,ProBook,Đã sử dụng (chưa sửa chữa),3,14,Intel Core i5,8.0,Onboard,128,Nước khác,laptop,4.600.000 đ
6135,Dell,Latitude,Đã sử dụng (chưa sửa chữa),0,14,Intel Core i5,8.0,Onboard,256,Nước khác,laptop,5.990.000 đ
6136,Asus,Zenbook Series,Đã sử dụng (chưa sửa chữa),1,14,Intel Core i5,8.0,Onboard,256,Việt Nam,laptop,5.500.000 đ
6137,Dell,Precision,Đã sử dụng (chưa sửa chữa),1,16,Intel Core i7,16.0,Onboard,512,Việt Nam,laptop,12.900.000 đ
6138,Acer,Aspire,Đã sử dụng (chưa sửa chữa),1,16,Intel Pentium,4.0,Onboard,128,Việt Nam,laptop,2.500.000 đ
6139,Dell,Vostro,Đã sử dụng (chưa sửa chữa),0,14,Intel Core i3,8.0,Onboard,128,Nước khác,laptop,4.800.000 đ
6140,HP,Elitebook,Đã sử dụng (chưa sửa chữa),0,14,Intel Core i5,8.0,Onboard,256,Nước khác,laptop,7.900.000 đ
6141,Lenovo,ThinkPad,Đã sử dụng (chưa sửa chữa),0,14,Intel Core i3,2.0,Onboard,1000,Trung Quốc,laptop,2.200.000 đ
6142,Dell,Precision,Đã sử dụng (chưa sửa chữa),1,16,Intel Xeon,32.0,NVIDIA,512,Việt Nam,laptop,23.900.000 đ
6143,Acer,Aspire,Đã sử dụng (chưa sửa chữa),1,16,Intel Pentium,4.0,Onboard,256,Việt Nam,laptop,2.900.000 đ
6144,HP,Pavilion,Đã sử dụng (chưa sửa chữa),1,16,Intel Core i5,8.0,Onboard,128,Việt Nam,laptop,4.500.000 đ
6145,HP,ProBook,Đã sử dụng (chưa sửa chữa),3,14,Intel Core i5,16.0,Onboard,256,Việt Nam,laptop,7.000.000 đ
6146,Dell,Vostro,Đã sử dụng (chưa sửa chữa),0,14,Intel Core i7,8.0,Onboard,128,Nước khác,laptop,3.900.000 đ
6147,MSI,GV Series,Đã sử dụng (qua sửa chữa),0,16,Intel Core i7,16.0,NVIDIA,1000,Việt Nam,laptop,5.500.000 đ
6148,Dell,Latitude,Đã sử dụng (chưa sửa chữa),1,14,Intel Core i5,8.0,Onboard,128,Mỹ,laptop,3.200.000 đ
6149,Dell,Latitude,Đã sử dụng (chưa sửa chữa),3,16,Intel Core i7,16.0,Onboard,256,Nước khác,laptop,9.600.000 đ
6150,MSI,GF Series,Mới,9,16,Intel Core i5,8.0,NVIDIA,512,Việt Nam,laptop,10.500.000 đ
6151,Hãng Khác,Dòng khác,Đã sử dụng (chưa sửa chữa),0,14,Intel Core i5,8.0,Onboard,256,Nước khác,laptop,4.800.000 đ
6152,Acer,Aspire,Đã sử dụng (chưa sửa chữa),0,16,Intel Core i3,8.0,Onboard,256,Nước khác,laptop,7.000.000 đ
6153,Microsoft,Surface Book,Đã sử dụng (chưa sửa chữa),0,14,Intel Core i5,8.0,NVIDIA,256,Nước khác,laptop,5.200.000 đ
6154,Dell,Precision Mobile Workstations,Đã sử dụng (chưa sửa chữa),3,16,Intel Core i7,16.0,NVIDIA,512,Mỹ,laptop,22.500.000 đ
6155,Asus,X Series,Đã sử dụng (chưa sửa chữa),3,14,Intel Core i5,8.0,Onboard,512,Việt Nam,laptop,8.100.000 đ
6156,Dell,Latitude,Đã sử dụng (chưa sửa chữa),0,14,Intel Core i5,8.0,Onboard,256,Mỹ,laptop,3.200.000 đ
6157,Lenovo,ThinkPad,Đã sử dụng (chưa sửa chữa),0,14,Intel Core i5,4.0,Onboard,320,Trung Quốc,laptop,1.800.000 đ
6158,Dell,Latitude,Đã sử dụng (chưa sửa chữa),3,14,Intel Core i7,16.0,Onboard,256,Mỹ,laptop,7.200.000 đ
6159,Acer,Aspire,Đã sử dụng (chưa sửa chữa),0,16,Intel Pentium,4.0,Onboard,128,Nước khác,laptop,4.500.000 đ
6160,Hãng Khác,Dòng khác,Đã sử dụng (chưa sửa chữa),3,16,Ryzen 5,16.0,Onboard,500,Nước khác,laptop,9.600.000 đ
6161,Acer,Aspire,Đã sử dụng (chưa sửa chữa),0,9,Intel Atom,2.0,Onboard,320,Nước khác,laptop,950.000 đ
6162,Lenovo,ThinkPad,Đã sử dụng (chưa sửa chữa),1,14,Intel Core i7,16.0,Onboard,512,Nhật Bản,laptop,14.500.000 đ
6163,Lenovo,Legion Y Series,Mới,1,16,Intel Core i7,64.0,NVIDIA,1000,Mỹ,laptop,32.000.000 đ
6164,Apple,MacBook Air,Đã sử dụng (chưa sửa chữa),0,14,Intel Core i7,4.0,Onboard,256,Nước khác,laptop,3.900.000 đ
6165,Apple,MacBook Air,Đã sử dụng (chưa sửa chữa),0,14,Intel Core i5,4.0,Onboard,256,Nước khác,laptop,3.150.000 đ
6166,HP,Elitebook,Đã sử dụng (chưa sửa chữa),3,12,Intel Core i7,8.0,Onboard,256,Nước khác,laptop,8.500.000 đ
6167,HP,Envy,Đã sử dụng (chưa sửa chữa),3,16,Intel Core i7,16.0,Onboard,512,Mỹ,laptop,16.500.000 đ
6168,HP,Notebook,Đã sử dụng (chưa sửa chữa),3,16,Intel Core i5,8.0,Onboard,250,Nước khác,laptop,8.000.000 đ
6169,MSI,Modern Series,Đã sử dụng (chưa sửa chữa),0,14,Intel Core i3,16.0,Onboard,256,Việt Nam,laptop,7.000.000 đ
6170,Apple,MacBook Pro,Đã sử dụng (qua sửa chữa),0,14,Intel Core i7,16.0,Onboard,256,Nước khác,laptop,6.500.000 đ
6171,Apple,MacBook,Đã sử dụng (chưa sửa chữa),1,14,Intel Core i5,8.0,Onboard,256,Nước khác,laptop,5.100.000 đ
6172,Dell,Precision,Đã sử dụng (chưa sửa chữa),3,16,Intel Core i7,32.0,NVIDIA,512,Mỹ,laptop,22.000.000 đ
6173,Dell,Latitude,Đã sử dụng (chưa sửa chữa),1,14,Intel Core i5,4.0,Onboard,250,Mỹ,laptop,1.999.000 đ
6174,Dell,Precision,Đã sử dụng (chưa sửa chữa),9,16,Intel Core i7,16.0,NVIDIA,512,Mỹ,laptop,13.500.000 đ
6175,Acer,Aspire,Đã sử dụng (chưa sửa chữa),0,16,Intel Core i5,8.0,NVIDIA,512,Nước khác,laptop,8.890.000 đ
6176,Apple,MacBook Pro M1,Đã sử dụng (chưa sửa chữa),0,14,Apple M1,8.0,Onboard,256,Nước khác,laptop,21.000.000 đ
6177,Dell,Vostro,Đã sử dụng (chưa sửa chữa),0,16,Intel Core i7,16.0,Onboard,512,Nước khác,laptop,12.800.000 đ
6178,Dell,Latitude,Đã sử dụng (chưa sửa chữa),3,16,Intel Core i5,8.0,NVIDIA,256,Mỹ,laptop,5.400.000 đ
6179,Apple,MacBook Pro,Đã sử dụng (chưa sửa chữa),1,16,Intel Core i7,16.0,AMD,512,Nước khác,laptop,12.500.000 đ
6180,Asus,X Series,Đã sử dụng (chưa sửa chữa),0,14,Intel Celeron,4.0,Onboard,128,Nước khác,laptop,2.000.000 đ
6181,Apple,MacBook Pro,Đã sử dụng (chưa sửa chữa),3,14,Intel Core i5,8.0,Onboard,480,Nước khác,laptop,6.900.000 đ
6182,Apple,MacBook Pro Touch Bar,Đã sử dụng (chưa sửa chữa),1,16,Intel Core i5,16.0,AMD,256,Nước khác,laptop,12.990.000 đ
6183,Dell,Vostro,Đã sử dụng (chưa sửa chữa),3,14,Intel Core i5,8.0,Onboard,1500,Nước khác,laptop,8.900.000 đ
6184,Apple,MacBook Air M1,Mới,1,14,Apple M1,8.0,Onboard,128,Việt Nam,laptop,14.500.000 đ
6185,Lenovo,IdeaPad,Đã sử dụng (chưa sửa chữa),0,16,Intel Core i5,8.0,Onboard,512,Nước khác,laptop,7.190.000 đ
6186,Lenovo,ThinkPad,Đã sử dụng (chưa sửa chữa),0,14,Intel Core i5,16.0,Onboard,512,Mỹ,laptop,17.000.000 đ
6187,Lenovo,IdeaPad,Đã sử dụng (chưa sửa chữa),3,16,Intel Core i5,8.0,NVIDIA,512,Việt Nam,laptop,8.700.000 đ
6188,Dell,Latitude,Mới,3,16,Intel Core i7,16.0,NVIDIA,512,Mỹ,laptop,8.900.000 đ
6189,Dell,Latitude,Đã sử dụng (chưa sửa chữa),0,12,Intel Core i5,8.0,Onboard,128,Nước khác,laptop,3.899.999 đ
6190,Razer,Blade Stealth,Đã sử dụng (chưa sửa chữa),3,16,Intel Core i7,32.0,NVIDIA,512,Việt Nam,laptop,20.800.000 đ
6191,Dell,Inspiron,Đã sử dụng (chưa sửa chữa),0,16,Ryzen 7,16.0,AMD,512,Nước khác,laptop,13.500.000 đ
6192,Apple,MacBook Air,Đã sử dụng (chưa sửa chữa),1,12,Intel Core i5,4.0,Onboard,128,Nhật Bản,laptop,3.100.000 đ
6193,Dell,Inspiron,Đã sử dụng (chưa sửa chữa),1,16,Intel Core i7,16.0,NVIDIA,128,Nước khác,laptop,7.500.000 đ
6194,Dell,XPS,Đã sử dụng (chưa sửa chữa),3,16,Intel Core i7,32.0,NVIDIA,1000,Mỹ,laptop,27.800.000 đ
6195,Toshiba,Satellite Series,Đã sử dụng (chưa sửa chữa),0,14,Intel Core i5,4.0,Onboard,128,Nước khác,laptop,2.490.000 đ
6196,Apple,MacBook Air,Đã sử dụng (chưa sửa chữa),0,14,Intel Core i5,8.0,Onboard,128,Nước khác,laptop,6.790.000 đ
6197,Dell,Latitude,Mới,1,14,Intel Core i7,8.0,Onboard,256,Mỹ,laptop,4.000.000 đ
6198,Dell,Vostro,Đã sử dụng (chưa sửa chữa),0,16,Intel Core i7,8.0,AMD,256,Nước khác,laptop,6.900.000 đ
6199,Hãng Khác,Dòng khác,Đã sử dụng (chưa sửa chữa),3,14,Intel Core i5,16.0,NVIDIA,512,Nước khác,laptop,9.500.000 đ
6200,Sony,E Series,Đã sử dụng (chưa sửa chữa),0,14,Intel Core i3,4.0,Onboard,128,Nhật Bản,laptop,1.590.000 đ
6201,Apple,MacBook Air,Đã sử dụng (chưa sửa chữa),0,14,Intel Core i5,8.0,Onboard,128,Mỹ,laptop,7.000.000 đ
6202,Asus,X Series,Đã sử dụng (chưa sửa chữa),0,16,Intel Core i3,4.0,Onboard,512,Nước khác,laptop,6.290.000 đ
6203,Acer,Helios,Mới,1,16,Intel Core i7,16.0,NVIDIA,1000,Mỹ,laptop,31.500.000 đ
6204,Apple,MacBook Air,Đã sử dụng (chưa sửa chữa),0,14,Intel Core i5,8.0,Onboard,128,Nhật Bản,laptop,5.800.000 đ
6205,Asus,VivoBook S Series,Mới,12,14,Intel Core i5,8.0,Onboard,512,Nhật Bản,laptop,6.500.000 đ
6206,Acer,Aspire,Đã sử dụng (chưa sửa chữa),1,16,Intel Core i3,8.0,Onboard,128,Việt Nam,laptop,2.800.000 đ
6207,Dell,Latitude,Đã sử dụng (chưa sửa chữa),1,16,Intel Core i5,8.0,Onboard,128,Việt Nam,laptop,3.500.000 đ
6208,Asus,VivoBook S Series,Đã sử dụng (chưa sửa chữa),0,16,Intel Pentium,4.0,Onboard,256,Nước khác,laptop,750.000 đ
6209,MSI,GF Series,Mới,12,16,Intel Core i7,8.0,Onboard,512,Nhật Bản,laptop,13.500.000 đ
6210,HP,Elitebook,Mới,9,16,AMD,8.0,NVIDIA,512,Trung Quốc,laptop,17.000.000 đ
6211,Apple,MacBook Pro,Đã sử dụng (chưa sửa chữa),0,14,Intel Core i5,6.0,Onboard,128,Mỹ,laptop,2.900.000 đ
6212,Lenovo,ThinkPad,Đã sử dụng (chưa sửa chữa),0,14,Intel Core i3,4.0,Onboard,128,Nước khác,laptop,4.900.000 đ
6213,Apple,MacBook,Đã sử dụng (chưa sửa chữa),0,12,Intel Core i5,8.0,Onboard,250,Nước khác,laptop,5.500.000 đ
6214,HP,Elitebook,Đã sử dụng (chưa sửa chữa),0,14,Intel Core i7,8.0,Onboard,256,Nước khác,laptop,3.500.000 đ
6215,Microsoft,Surface Pro X,Đã sử dụng (chưa sửa chữa),0,14,Microsoft SQ2,8.0,Onboard,128,Nước khác,laptop,6.950.000 đ
6216,Asus,VivoBook S Series,Đã sử dụng (chưa sửa chữa),0,14,Intel Celeron,4.0,Onboard,500,Đài Loan,laptop,1.300.000 đ
6217,Dell,Inspiron,Đã sử dụng (chưa sửa chữa),1,16,Intel Core i5,8.0,NVIDIA,128,Việt Nam,laptop,5.500.000 đ
6218,Asus,X Series,Đã sử dụng (chưa sửa chữa),0,16,Intel Core i5,8.0,Onboard,1500,Việt Nam,laptop,4.500.000 đ
6219,Asus,X Series,Đã sử dụng (chưa sửa chữa),1,16,Intel Core i3,4.0,Onboard,256,Việt Nam,laptop,2.500.000 đ
6220,Dell,Latitude,Mới,12,14,Intel Core i5,8.0,Onboard,256,Nhật Bản,laptop,4.500.000 đ
6221,Sony,C Series,Đã sử dụng (chưa sửa chữa),0,14,Intel Core i5,4.0,Onboard,128,Nước khác,laptop,3.200.000 đ
6222,Apple,MacBook Pro,Đã sử dụng (chưa sửa chữa),0,16,Intel Core i7,16.0,NVIDIA,256,Mỹ,laptop,5.500.000 đ
6223,Apple,MacBook Air,Đã sử dụng (chưa sửa chữa),1,12,Intel Core i5,4.0,Onboard,128,Nước khác,laptop,3.650.000 đ
6224,Asus,VivoBook S Series,Đã sử dụng (chưa sửa chữa),0,16,Intel Core i5,8.0,NVIDIA,500,Trung Quốc,laptop,4.500.000 đ
6225,Asus,A series,Đã sử dụng (chưa sửa chữa),1,14,Intel Core i3,6.0,Onboard,500,Nước khác,laptop,2.500.000 đ
6226,Apple,MacBook Pro Touch Bar,Đã sử dụng (chưa sửa chữa),0,16,Intel Core i7,16.0,AMD,512,Nước khác,laptop,11.000.000 đ
6227,Apple,MacBook Air,Đã sử dụng (chưa sửa chữa),0,14,Intel Core i5,8.0,Onboard,128,Việt Nam,laptop,4.600.000 đ
6228,Lenovo,ThinkPad,Đã sử dụng (chưa sửa chữa),1,16,AMD,4.0,AMD,500,Nhật Bản,laptop,2.400.000 đ
6229,Asus,ROG Strix Scar,Mới,1,16,Intel Core i5,8.0,NVIDIA,256,Nước khác,laptop,5.500.000 đ
6230,Microsoft,Surface Pro 7,Đã sử dụng (chưa sửa chữa),0,14,Intel Core i7,16.0,Onboard,256,Nước khác,laptop,9.900.000 đ
6231,Lenovo,ThinkPad,Đã sử dụng (chưa sửa chữa),3,12,Intel Core i5,8.0,Onboard,256,Nước khác,laptop,4.400.000 đ
6232,Dell,Latitude,Đã sử dụng (chưa sửa chữa),3,16,Intel Core i5,8.0,Onboard,256,Nước khác,laptop,5.100.000 đ
6233,Hãng Khác,Dòng khác,Đã sử dụng (chưa sửa chữa),0,12,Intel Core i3,8.0,Onboard,256,Nước khác,laptop,5.300.000 đ
6234,Acer,Aspire,Đã sử dụng (chưa sửa chữa),3,14,Intel Core i5,4.0,Onboard,500,Đài Loan,laptop,3.800.000 đ
6235,Asus,VivoBook S Series,Đã sử dụng (chưa sửa chữa),1,14,Intel Core i5,8.0,Onboard,256,Việt Nam,laptop,7.500.000 đ
6236,Hãng Khác,Dòng khác,Đã sử dụng (chưa sửa chữa),0,16,Intel Core i3,8.0,Onboard,256,Nước khác,laptop,2.300.000 đ
6237,Apple,MacBook Pro,Đã sử dụng (chưa sửa chữa),0,14,Intel Core i5,8.0,Onboard,256,Nước khác,laptop,4.200.000 đ
6238,HP,Elitebook,Đã sử dụng (chưa sửa chữa),0,14,Intel Core i5,4.0,Onboard,128,Nước khác,laptop,4.300.000 đ
6239,HP,Elitebook,Đã sử dụng (chưa sửa chữa),3,14,Intel Core i5,4.0,Onboard,128,Mỹ,laptop,3.200.000 đ
6240,MSI,Modern Series,Đã sử dụng (chưa sửa chữa),1,14,Intel Core i7,8.0,Onboard,512,Việt Nam,laptop,9.000.000 đ
6241,Asus,VivoBook S Series,Đã sử dụng (chưa sửa chữa),0,16,Intel Core i5,8.0,Onboard,256,Nước khác,laptop,10.500.000 đ
6242,Dell,Alienware,Đã sử dụng (chưa sửa chữa),1,16,Intel Core i5,8.0,NVIDIA,128,Mỹ,laptop,8.900.000 đ
6243,HP,Elitebook,Đã sử dụng (chưa sửa chữa),0,14,Intel Core i7,8.0,Onboard,256,Nước khác,laptop,4.800.000 đ
6244,Lenovo,ThinkPad,Đã sử dụng (chưa sửa chữa),0,14,Intel Core i7,16.0,Onboard,512,Nước khác,laptop,9.199.999 đ
6245,Asus,TUF Gaming,Đã sử dụng (chưa sửa chữa),1,16,Ryzen 5,8.0,NVIDIA,512,Việt Nam,laptop,11.500.000 đ
6246,Dell,Inspiron,Đã sử dụng (chưa sửa chữa),1,16,Intel Core i3,8.0,NVIDIA,128,Nước khác,laptop,2.950.000 đ
6247,Apple,MacBook Air,Đã sử dụng (chưa sửa chữa),0,14,Intel Core i5,8.0,Onboard,256,Nước khác,laptop,4.000.000 đ
6248,Apple,MacBook Pro,Đã sử dụng (chưa sửa chữa),1,14,Intel Core i5,8.0,Onboard,256,Nhật Bản,laptop,6.990.000 đ
6249,Dell,Inspiron,Đã sử dụng (chưa sửa chữa),1,14,Intel Pentium,4.0,Onboard,128,Ấn Độ,laptop,1.900.000 đ
6250,Dell,Latitude,Đã sử dụng (chưa sửa chữa),5,16,Intel Core i7,16.0,Onboard,512,Nước khác,laptop,12.500.000 đ
6251,Asus,X Series,Đã sử dụng (qua sửa chữa),0,14,Intel Pentium,2.0,Onboard,128,Việt Nam,laptop,1.200.000 đ
6252,Toshiba,Satellite Series,Đã sử dụng (chưa sửa chữa),3,14,Intel Core i3,4.0,Onboard,128,Nhật Bản,laptop,3.000.000 đ
6253,Dell,Latitude,Mới,9,14,Intel Core i5,8.0,Onboard,256,Mỹ,laptop,6.200.000 đ
6254,Apple,MacBook Pro,Đã sử dụng (chưa sửa chữa),1,14,Intel Core i5,8.0,Onboard,128,Nước khác,laptop,5.900.000 đ
6255,HP,Notebook,Đã sử dụng (chưa sửa chữa),1,16,Intel Core i5,8.0,Onboard,128,Nhật Bản,laptop,2.000.000 đ
6256,Asus,VivoBook S Series,Mới,12,14,Ryzen 7,16.0,NVIDIA,512,Việt Nam,laptop,12.666.666 đ
6257,Apple,MacBook Pro,Đã sử dụng (chưa sửa chữa),3,12,Intel Core i5,8.0,Onboard,256,Mỹ,laptop,5.000.000 đ
6258,Acer,Aspire,Đã sử dụng (chưa sửa chữa),3,16,Ryzen 7,8.0,NVIDIA,512,Việt Nam,laptop,7.300.000 đ
6259,Dell,Latitude,Đã sử dụng (chưa sửa chữa),0,14,Intel Core i7,16.0,Onboard,512,Nước khác,laptop,18.990.000 đ
6260,MSI,GF Series,Đã sử dụng (chưa sửa chữa),3,16,Intel Core i5,16.0,NVIDIA,512,Việt Nam,laptop,13.890.000 đ
6261,Dell,Latitude,Đã sử dụng (chưa sửa chữa),1,14,Intel Core i5,8.0,NVIDIA,128,Nước khác,laptop,2.300.000 đ
6262,Dell,XPS,Đã sử dụng (chưa sửa chữa),3,14,Intel Core i5,8.0,Onboard,256,Mỹ,laptop,11.500.000 đ
6263,Dell,Latitude,Đã sử dụng (chưa sửa chữa),3,14,Intel Core i7,8.0,Onboard,250,Mỹ,laptop,4.000.000 đ
6264,Lenovo,ThinkPad,Đã sử dụng (chưa sửa chữa),1,16,Intel Celeron,8.0,Onboard,128,Mỹ,laptop,2.500.000 đ
6265,Acer,Helios,Mới,0,16,Intel Core i7,16.0,NVIDIA,1000,Mỹ,laptop,23.800.000 đ
6266,Lenovo,ThinkPad,Đã sử dụng (chưa sửa chữa),1,14,Intel Core i5,8.0,Onboard,256,Mỹ,laptop,3.800.000 đ
6267,Microsoft,Surface,Đã sử dụng (chưa sửa chữa),9,14,Intel Core i5,8.0,Onboard,128,Nước khác,laptop,6.800.000 đ
6268,Acer,Nitro 5,Đã sử dụng (chưa sửa chữa),3,16,Intel Core i5,8.0,NVIDIA,512,Việt Nam,laptop,10.900.000 đ
6269,Lenovo,ThinkPad,Đã sử dụng (chưa sửa chữa),1,14,Intel Core i5,8.0,Onboard,256,Mỹ,laptop,3.000.000 đ
6270,Asus,VivoBook S Series,Đã sử dụng (chưa sửa chữa),9,14,Intel Core i5,8.0,Onboard,512,Nước khác,laptop,14.990.000 đ
6271,Dell,Latitude,Đã sử dụng (chưa sửa chữa),5,14,Intel Core i5,8.0,Onboard,128,Nước khác,laptop,2.700.000 đ
6272,Apple,MacBook Pro,Đã sử dụng (chưa sửa chữa),0,16,Intel Core i9,16.0,AMD,512,Mỹ,laptop,17.800.000 đ
6273,Acer,Aspire,Đã sử dụng (chưa sửa chữa),0,16,Intel Core i5,8.0,Onboard,1000,Nước khác,laptop,6.500.000 đ
6274,Asus,VivoBook S Series,Đã sử dụng (chưa sửa chữa),0,14,Intel Core i5,4.0,Onboard,500,Nước khác,laptop,2.600.000 đ
6275,Dell,Inspiron,Đã sử dụng (chưa sửa chữa),0,14,Intel Core i3,4.0,Onboard,128,Nước khác,laptop,2.700.000 đ
6276,Apple,MacBook Air,Đã sử dụng (chưa sửa chữa),0,12,Intel Core i5,4.0,Onboard,128,Mỹ,laptop,3.000.000 đ
6277,Dell,Latitude,Đã sử dụng (chưa sửa chữa),9,14,Intel Core i7,16.0,Onboard,256,Mỹ,laptop,9.500.000 đ
6278,HP,Pavilion,Đã sử dụng (chưa sửa chữa),3,16,Intel Core i5,8.0,Onboard,512,Việt Nam,laptop,8.300.000 đ
6279,Dell,Latitude,Đã sử dụng (chưa sửa chữa),3,14,Intel Core i5,8.0,Onboard,256,Mỹ,laptop,6.000.000 đ
6280,Acer,Nitro 5,Đã sử dụng (chưa sửa chữa),1,16,Intel Core i7,8.0,NVIDIA,512,Nước khác,laptop,15.900.000 đ
6281,Dell,Latitude,Đã sử dụng (chưa sửa chữa),1,14,Intel Core i5,8.0,Onboard,256,Nhật Bản,laptop,4.300.000 đ
6282,Acer,Swift,Đã sử dụng (chưa sửa chữa),0,14,Intel Core i7,8.0,Onboard,512,Nước khác,laptop,13.400.000 đ
6283,Lenovo,ThinkPad,Mới,9,14,Intel Core i5,8.0,Onboard,256,Nhật Bản,laptop,7.200.000 đ
6284,HP,Notebook,Đã sử dụng (chưa sửa chữa),1,16,Intel Core i5,8.0,Onboard,128,Nước khác,laptop,6.799.000 đ
6285,Lenovo,IdeaPad,Mới,0,16,Ryzen 5,8.0,NVIDIA,512,Mỹ,laptop,14.500.000 đ
6286,Microsoft,Surface Pro 7,Đã sử dụng (chưa sửa chữa),0,12,Intel Core i3,4.0,Onboard,128,Mỹ,laptop,7.700.000 đ
6287,Microsoft,Surface Laptop Studio,Mới,9,14,Ryzen 5,8.0,Onboard,256,Việt Nam,laptop,14.500.000 đ
6288,Microsoft,Surface,Đã sử dụng (chưa sửa chữa),1,14,Intel Core i5,8.0,Onboard,256,Nước khác,laptop,9.500.000 đ
6289,Dell,Latitude,Đã sử dụng (chưa sửa chữa),3,14,Intel Core i5,16.0,Onboard,256,Nước khác,laptop,8.700.000 đ
6290,Sony,E Series,Đã sử dụng (chưa sửa chữa),0,16,Intel Core i5,4.0,Onboard,128,Nước khác,laptop,1.600.000 đ
6291,Dell,Latitude,Đã sử dụng (chưa sửa chữa),3,16,Intel Core i5,16.0,Onboard,256,Mỹ,laptop,13.900.000 đ
6292,Dell,Latitude,Đã sử dụng (chưa sửa chữa),0,14,Intel Core i5,8.0,Onboard,256,Mỹ,laptop,6.900.000 đ
6293,Acer,Predator,Đã sử dụng (chưa sửa chữa),1,16,Intel Core i7,16.0,NVIDIA,256,Việt Nam,laptop,10.500.000 đ
6294,HP,Pavilion,Đã sử dụng (chưa sửa chữa),0,14,Intel Core i5,8.0,NVIDIA,256,Nước khác,laptop,6.500.000 đ
6295,Lenovo,ThinkPad,Mới,9,14,Intel Core i5,16.0,Onboard,512,Mỹ,laptop,17.990.000 đ
6296,Asus,VivoBook S Series,Mới,0,14,Intel Core i3,16.0,Onboard,1000,Nước khác,laptop,8.000.000 đ
6297,HP,ProBook,Đã sử dụng (chưa sửa chữa),1,14,Intel Core i5,8.0,Onboard,128,Nước khác,laptop,4.200.000 đ
6298,HP,Spectre,Đã sử dụng (chưa sửa chữa),1,14,Intel Core i7,16.0,Onboard,256,Nước khác,laptop,7.500.000 đ
6299,Asus,TUF Gaming,Đã sử dụng (chưa sửa chữa),12,16,Intel Core i5,16.0,NVIDIA,512,Nước khác,laptop,15.500.000 đ
6300,Apple,MacBook,Đã sử dụng (chưa sửa chữa),0,14,Intel Core 2 Duo,4.0,Onboard,256,Nước khác,laptop,1.500.000 đ
6301,Dell,Inspiron,Đã sử dụng (chưa sửa chữa),0,16,Intel Core i3,6.0,Onboard,256,Nước khác,laptop,2.650.000 đ
6302,Hãng Khác,Dòng khác,Mới,9,14,Intel Core i5,8.0,NVIDIA,120,Việt Nam,laptop,4.500.000 đ
6303,Samsung,Galaxyboook,Đã sử dụng (chưa sửa chữa),0,14,Intel Core i3,4.0,Onboard,256,Trung Quốc,laptop,900.000 đ
6304,Acer,Nitro 5,Đã sử dụng (chưa sửa chữa),3,16,Intel Core i7,8.0,NVIDIA,512,Việt Nam,laptop,14.000.000 đ
6305,Apple,MacBook Pro,Đã sử dụng (chưa sửa chữa),5,14,Intel Core i5,16.0,Onboard,1000,Mỹ,laptop,46.500.000 đ
6306,Acer,Nitro 5,Đã sử dụng (chưa sửa chữa),3,16,Intel Core i5,8.0,NVIDIA,512,Việt Nam,laptop,12.800.000 đ
6307,Lenovo,IdeaPad,Đã sử dụng (chưa sửa chữa),0,16,Intel Core i5,8.0,Onboard,256,Nước khác,laptop,5.550.000 đ
6308,Samsung,Series 3,Đã sử dụng (chưa sửa chữa),0,14,Intel Core i5,4.0,Onboard,500,Nước khác,laptop,1.600.000 đ
6309,Apple,MacBook Pro,Đã sử dụng (chưa sửa chữa),0,16,Intel Core i5,16.0,NVIDIA,256,Mỹ,laptop,8.200.000 đ
6310,Dell,Latitude,Đã sử dụng (chưa sửa chữa),1,14,Intel Core i5,8.0,Onboard,256,Mỹ,laptop,4.000.000 đ
6311,Apple,MacBook Air,Đã sử dụng (chưa sửa chữa),1,14,Intel Core i5,8.0,Onboard,128,Mỹ,laptop,4.900.000 đ
6312,Dell,Latitude,Đã sử dụng (chưa sửa chữa),0,16,Intel Core i7,16.0,Onboard,256,Nước khác,laptop,3.500.000 đ
6313,Dell,Inspiron,Đã sử dụng (chưa sửa chữa),0,14,Intel Core i3,8.0,AMD,256,Nước khác,laptop,2.999.000 đ
6314,Dell,Vostro,Đã sử dụng (chưa sửa chữa),3,16,Intel Core i5,8.0,NVIDIA,256,Nước khác,laptop,12.000.000 đ
6315,Asus,X Series,Đã sử dụng (chưa sửa chữa),0,16,Intel Core i3,4.0,Onboard,128,Trung Quốc,laptop,1.900.000 đ
6316,Lenovo,ThinkPad,Đã sử dụng (chưa sửa chữa),0,12,Intel Core i3,4.0,NVIDIA,128,Trung Quốc,laptop,2.900.000 đ
6317,Apple,MacBook Air M1,Đã sử dụng (chưa sửa chữa),5,14,Apple M1,8.0,Onboard,256,Việt Nam,laptop,13.700.000 đ
6318,Lenovo,Yoga,Đã sử dụng (chưa sửa chữa),1,14,Intel Core i7,8.0,Onboard,256,Mỹ,laptop,6.000.000 đ
6319,Lenovo,ThinkPad,Đã sử dụng (chưa sửa chữa),0,14,Intel Core i3,4.0,NVIDIA,128,Trung Quốc,laptop,3.000.000 đ
6320,Acer,Nitro 5,Đã sử dụng (chưa sửa chữa),9,16,Intel Core i5,16.0,NVIDIA,512,Nước khác,laptop,13.500.000 đ
6321,HP,ProBook,Đã sử dụng (chưa sửa chữa),3,16,Intel Core i5,8.0,Onboard,256,Mỹ,laptop,8.600.000 đ
6322,HP,Elitebook,Đã sử dụng (chưa sửa chữa),0,16,Intel Core i7,8.0,AMD,250,Mỹ,laptop,2.500.000 đ
6323,Dell,Latitude,Đã sử dụng (chưa sửa chữa),5,16,Intel Core i7,16.0,Onboard,512,Mỹ,laptop,9.500.000 đ
6324,Lenovo,ThinkPad,Đã sử dụng (chưa sửa chữa),1,12,Intel Core i5,8.0,Onboard,250,Mỹ,laptop,3.800.000 đ
6325,Microsoft,Surface Pro 9,Đã sử dụng (chưa sửa chữa),1,14,Intel Core i5,8.0,Onboard,256,Việt Nam,laptop,19.500.000 đ
6326,Apple,MacBook Pro Touch Bar,Đã sử dụng (chưa sửa chữa),1,14,Intel Core i5,16.0,Onboard,512,Nước khác,laptop,9.500.000 đ
6327,Dell,Latitude,Đã sử dụng (chưa sửa chữa),0,12,Intel Core i5,8.0,Onboard,256,Nước khác,laptop,5.490.000 đ
6328,HP,ProBook,Đã sử dụng (chưa sửa chữa),5,16,Intel Core i5,8.0,Onboard,256,Nhật Bản,laptop,5.800.000 đ
6329,Asus,K Series,Đã sử dụng (chưa sửa chữa),0,14,Intel Core i5,4.0,Onboard,500,Việt Nam,laptop,2.200.000 đ
6330,Dell,Vostro,Đã sử dụng (chưa sửa chữa),3,14,Intel Core i5,16.0,NVIDIA,512,Việt Nam,laptop,12.450.000 đ
6331,Lenovo,IdeaPad,Đã sử dụng (chưa sửa chữa),3,16,Ryzen 5,16.0,NVIDIA,512,Đài Loan,laptop,13.900.000 đ
6332,HP,Pavilion,Đã sử dụng (chưa sửa chữa),0,16,Intel Core i5,8.0,Onboard,512,Nước khác,laptop,12.900.000 đ
6333,Dell,Latitude,Đã sử dụng (chưa sửa chữa),5,14,Intel Core i5,8.0,Onboard,256,Nước khác,laptop,9.800.000 đ
6334,Asus,ExpertBook,Đã sử dụng (chưa sửa chữa),3,14,Intel Core i3,8.0,Onboard,256,Nước khác,laptop,5.900.000 đ
6335,Asus,X Series,Đã sử dụng (chưa sửa chữa),0,14,Intel Core i3,8.0,NVIDIA,128,Nước khác,laptop,1.200.000 đ
6336,Acer,Aspire,Đã sử dụng (chưa sửa chữa),1,16,Intel Pentium,4.0,Onboard,120,Việt Nam,laptop,2.500.000 đ
6337,Apple,MacBook Pro Touch Bar,Đã sử dụng (chưa sửa chữa),0,16,Intel Core i9,32.0,AMD,1500,Nước khác,laptop,40.000.000 đ
6338,Dell,Latitude,Đã sử dụng (chưa sửa chữa),3,14,Intel Core i7,16.0,Onboard,512,Nước khác,laptop,12.000.000 đ
6339,Dell,Inspiron,Đã sử dụng (chưa sửa chữa),0,14,Intel Core i5,8.0,Onboard,256,Nước khác,laptop,7.990.000 đ
6340,Dell,Inspiron,Đã sử dụng (chưa sửa chữa),3,16,Intel Core i5,8.0,AMD,128,Nước khác,laptop,6.300.000 đ
6341,HP,Envy,Đã sử dụng (chưa sửa chữa),0,16,Intel Core i7,4.0,Onboard,500,Mỹ,laptop,600.000 đ
6342,Dell,Latitude,Đã sử dụng (chưa sửa chữa),0,14,Intel Core i3,4.0,Onboard,640,Nước khác,laptop,2.000.000 đ
6343,Hãng Khác,Dòng khác,Mới,0,16,Intel Core i3,8.0,Onboard,256,Trung Quốc,laptop,7.500.000 đ
6344,Acer,Nitro 5,Đã sử dụng (chưa sửa chữa),3,16,Intel Core i7,8.0,NVIDIA,512,Mỹ,laptop,16.900.000 đ
6345,HP,Elitebook,Đã sử dụng (chưa sửa chữa),0,14,Intel Core i5,4.0,Onboard,128,Mỹ,laptop,3.599.000 đ
6346,Apple,MacBook Air,Đã sử dụng (chưa sửa chữa),0,14,Intel Core i5,8.0,Onboard,128,Nước khác,laptop,6.700.000 đ
6347,Acer,Aspire,Đã sử dụng (chưa sửa chữa),1,14,Intel Core i5,4.0,Onboard,256,Nước khác,laptop,6.500.000 đ
6348,Dell,XPS,Đã sử dụng (chưa sửa chữa),3,14,Intel Core i5,8.0,Onboard,256,Mỹ,laptop,9.999.000 đ
6349,Dell,Latitude,Đã sử dụng (chưa sửa chữa),3,14,Intel Core i7,8.0,Onboard,256,Mỹ,laptop,5.900.000 đ
6350,Dell,Precision,Đã sử dụng (chưa sửa chữa),3,16,Intel Core i7,16.0,NVIDIA,512,Mỹ,laptop,11.600.000 đ
6351,HP,Elitebook,Đã sử dụng (chưa sửa chữa),3,14,Intel Core i5,8.0,Onboard,256,Nước khác,laptop,3.300.000 đ
6352,Asus,TUF Gaming,Đã sử dụng (qua sửa chữa),0,18,AMD,16.0,NVIDIA,256,Nước khác,laptop,16.000.000 đ
6353,Dell,Alienware,Đã sử dụng (chưa sửa chữa),1,18,Intel Core i9,32.0,NVIDIA,1000,Mỹ,laptop,38.800.000 đ
6354,Apple,MacBook Air,Đã sử dụng (chưa sửa chữa),3,14,Intel Core i7,8.0,Onboard,512,Nhật Bản,laptop,6.490.000 đ
6355,Apple,MacBook Air M2,Mới,1,16,Apple M2,8.0,Onboard,512,Mỹ,laptop,31.990.000 đ
6356,Dell,Latitude,Đã sử dụng (chưa sửa chữa),0,14,Intel Core i5,8.0,Onboard,128,Mỹ,laptop,3.800.000 đ
6357,Acer,Aspire,Mới,0,14,Intel Core i5,8.0,Onboard,256,Việt Nam,laptop,8.500.000 đ
6358,Dell,Alienware,Mới,9,16,Intel Core i9,32.0,NVIDIA,1000,Mỹ,laptop,68.000.000 đ
6359,Microsoft,Surface Pro 7,Đã sử dụng (chưa sửa chữa),1,14,Intel Core i5,8.0,Onboard,256,Nước khác,laptop,8.900.000 đ
6360,Dell,Latitude,Đã sử dụng (chưa sửa chữa),3,12,Intel Core i5,8.0,Onboard,256,Nhật Bản,laptop,3.600.000 đ
6361,Dell,Precision Mobile Workstations,Đã sử dụng (chưa sửa chữa),5,16,Intel Core i7,32.0,NVIDIA,1000,Việt Nam,laptop,10.000.000 đ
6362,Asus,A series,Đã sử dụng (chưa sửa chữa),0,14,Intel Core i3,6.0,Onboard,250,Nhật Bản,laptop,1.500.000 đ
6363,Dell,Latitude,Đã sử dụng (chưa sửa chữa),0,12,Intel Core i5,8.0,Onboard,256,Nhật Bản,laptop,5.400.000 đ
6364,Asus,K Series,Đã sử dụng (chưa sửa chữa),0,14,Intel Pentium,8.0,Onboard,256,Nước khác,laptop,390.000 đ
6365,HP,Elitebook,Đã sử dụng (qua sửa chữa),0,14,Intel Core i5,0.5,Onboard,120,Việt Nam,laptop,500.000 đ
6366,Dell,Precision,Đã sử dụng (chưa sửa chữa),0,16,Intel Core i7,32.0,NVIDIA,512,Mỹ,laptop,10.500.000 đ
6367,HP,Pavilion,Đã sử dụng (chưa sửa chữa),0,16,Intel Core i3,8.0,Onboard,500,Nước khác,laptop,4.600.000 đ
6368,Hãng Khác,Dòng khác,Đã sử dụng (chưa sửa chữa),3,16,Intel Core i5,16.0,NVIDIA,512,Đài Loan,laptop,14.500.000 đ
6369,Dell,Latitude,Đã sử dụng (chưa sửa chữa),0,12,Intel Core i7,8.0,Onboard,256,Nước khác,laptop,3.500.000 đ
6370,Acer,Aspire,Đã sử dụng (qua sửa chữa),0,16,Intel Celeron,4.0,Onboard,320,Việt Nam,laptop,1.200.000 đ
6371,Dell,Precision,Mới,5,14,Intel Core i9,32.0,Onboard,1000,Mỹ,laptop,43.500.000 đ
6372,Acer,Aspire,Đã sử dụng (chưa sửa chữa),0,16,Intel Core i5,8.0,Onboard,512,Nước khác,laptop,6.800.000 đ
6373,Dell,Latitude,Đã sử dụng (chưa sửa chữa),3,14,Intel Core i7,8.0,Onboard,256,Mỹ,laptop,5.700.000 đ
6374,Lenovo,ThinkPad,Đã sử dụng (chưa sửa chữa),1,14,Intel Core i5,8.0,Onboard,256,Nước khác,laptop,4.590.000 đ
6375,Dell,Latitude,Đã sử dụng (chưa sửa chữa),3,12,Intel Core i3,8.0,Onboard,120,Nhật Bản,laptop,3.350.000 đ
6376,Asus,ROG Strix Scar,Đã sử dụng (chưa sửa chữa),9,16,Intel Core i7,16.0,NVIDIA,512,Nước khác,laptop,9.999.000 đ
6377,Dell,Inspiron,Đã sử dụng (chưa sửa chữa),3,16,Intel Core i5,8.0,NVIDIA,256,Việt Nam,laptop,4.900.000 đ
6378,Dell,Latitude,Đã sử dụng (chưa sửa chữa),0,14,Intel Core i7,16.0,Onboard,512,Mỹ,laptop,6.500.000 đ
6379,Apple,MacBook Pro,Đã sử dụng (chưa sửa chữa),0,14,Intel Core i5,16.0,Onboard,500,Nước khác,laptop,15.900.000 đ
6380,Dell,Latitude,Đã sử dụng (chưa sửa chữa),9,12,Intel Core i5,4.0,NVIDIA,120,Việt Nam,laptop,3.700.000 đ
6381,Sony,Vaio Series,Đã sử dụng (qua sửa chữa),0,14,Intel Core i5,4.0,Onboard,256,Nước khác,laptop,1.200.000 đ
6382,Apple,MacBook Pro,Đã sử dụng (chưa sửa chữa),0,16,Intel Core i7,8.0,Onboard,256,Mỹ,laptop,3.899.999 đ
6383,Dell,Vostro,Đã sử dụng (chưa sửa chữa),3,14,Intel Core i5,8.0,Onboard,128,Nhật Bản,laptop,2.800.000 đ
6384,Dell,XPS,Đã sử dụng (chưa sửa chữa),0,14,Intel Core i5,8.0,Onboard,512,Nước khác,laptop,15.500.000 đ
6385,Apple,MacBook Pro M1 Touch Bar,Đã sử dụng (chưa sửa chữa),0,16,Apple M1,16.0,Onboard,1000,Nước khác,laptop,39.990.000 đ
6386,Asus,X Series,Đã sử dụng (chưa sửa chữa),1,14,Intel Core i5,4.0,Onboard,128,Nhật Bản,laptop,3.950.000 đ
6387,Lenovo,ThinkPad,Đã sử dụng (chưa sửa chữa),3,16,Intel Core i7,32.0,NVIDIA,512,Mỹ,laptop,19.500.000 đ
6388,Hãng Khác,Dòng khác,Đã sử dụng (chưa sửa chữa),1,12,Intel Core i5,4.0,Onboard,128,Nhật Bản,laptop,2.400.000 đ
6389,Asus,G Series,Đã sử dụng (chưa sửa chữa),0,16,Intel Core i7,32.0,NVIDIA,1000,Việt Nam,laptop,6.200.000 đ
6390,Hãng Khác,Dòng khác,Đã sử dụng (chưa sửa chữa),0,9,AMD,32.0,AMD,1000,Trung Quốc,laptop,21.000.000 đ
6391,Dell,Latitude,Đã sử dụng (chưa sửa chữa),3,16,Intel Core i7,16.0,NVIDIA,512,Mỹ,laptop,13.600.000 đ
6392,Lenovo,ThinkPad,Đã sử dụng (chưa sửa chữa),9,16,Intel Core i7,16.0,NVIDIA,512,Mỹ,laptop,14.500.000 đ
6393,Asus,VivoBook S Series,Đã sử dụng (chưa sửa chữa),0,14,Intel Core i5,8.0,Onboard,500,Nước khác,laptop,4.500.000 đ
6394,Dell,Vostro,Đã sử dụng (chưa sửa chữa),5,16,Ryzen 5,8.0,AMD,256,Trung Quốc,laptop,12.200.000 đ
6395,Dell,Vostro,Đã sử dụng (qua sửa chữa),0,14,Intel Core i7,8.0,AMD,256,Nước khác,laptop,4.000.000 đ
6396,Lenovo,ThinkPad,Đã sử dụng (chưa sửa chữa),5,14,Intel Core i7,16.0,Onboard,512,Nước khác,laptop,13.500.000 đ
6397,HP,Elitebook,Đã sử dụng (qua sửa chữa),0,12,Intel Core i5,4.0,Onboard,128,Nhật Bản,laptop,1.950.000 đ
6398,Dell,Latitude,Đã sử dụng (chưa sửa chữa),0,14,Intel Core i7,8.0,Onboard,256,Mỹ,laptop,5.500.000 đ
6399,MSI,CX Series,Đã sử dụng (chưa sửa chữa),1,16,Intel Core i5,8.0,NVIDIA,512,Nước khác,laptop,9.800.000 đ
6400,Acer,Nitro 5,Đã sử dụng (chưa sửa chữa),9,16,Intel Core i5,8.0,NVIDIA,512,Việt Nam,laptop,13.500.000 đ
6401,Samsung,Galaxyboook,Đã sử dụng (chưa sửa chữa),0,14,Intel Core i7,4.0,Onboard,128,Nước khác,laptop,7.500.000 đ
6402,Asus,VivoBook S Series,Đã sử dụng (chưa sửa chữa),1,14,Intel Pentium,4.0,Onboard,128,Nước khác,laptop,2.000.000 đ
6403,Dell,Precision,Đã sử dụng (chưa sửa chữa),3,16,Intel Core i7,16.0,NVIDIA,1000,Nước khác,laptop,9.900.000 đ
6404,Apple,MacBook Air,Đã sử dụng (chưa sửa chữa),3,14,Intel Core i5,64.0,Onboard,256,Mỹ,laptop,12.000.000 đ
6405,Apple,MacBook Pro M1,Đã sử dụng (chưa sửa chữa),9,14,Apple M1,8.0,Onboard,256,Việt Nam,laptop,18.900.000 đ
6406,Asus,VivoBook S Series,Đã sử dụng (chưa sửa chữa),0,16,Intel Core i7,32.0,NVIDIA,512,Nước khác,laptop,20.000.000 đ
6407,Dell,Latitude,Đã sử dụng (chưa sửa chữa),1,14,Intel Core i5,8.0,Onboard,256,Trung Quốc,laptop,2.700.000 đ
6408,Apple,MacBook Pro,Đã sử dụng (chưa sửa chữa),0,16,Intel Core i7,16.0,Onboard,512,Nước khác,laptop,12.000.000 đ
6409,Asus,TUF Gaming,Đã sử dụng (chưa sửa chữa),0,16,Intel Core i5,8.0,NVIDIA,128,Việt Nam,laptop,6.200.000 đ
6410,Dell,XPS,Đã sử dụng (chưa sửa chữa),0,14,Intel Core i7,8.0,Onboard,256,Nước khác,laptop,9.500.000 đ
6411,Dell,Latitude,Đã sử dụng (chưa sửa chữa),3,14,Intel Core i5,8.0,Onboard,128,Mỹ,laptop,3.000.000 đ
6412,Lenovo,ThinkPad,Đã sử dụng (chưa sửa chữa),0,16,Intel Core i3,4.0,NVIDIA,512,Trung Quốc,laptop,2.900.000 đ
6413,Microsoft,Surface,Mới,3,14,Intel Core i5,16.0,Onboard,256,Mỹ,laptop,11.500.000 đ
6414,Asus,X Series,Đã sử dụng (chưa sửa chữa),0,14,Intel Core i3,4.0,Onboard,120,Nước khác,laptop,2.500.000 đ
6415,Lenovo,Essential (G series),Đã sử dụng (chưa sửa chữa),0,14,Intel Core i5,6.0,Onboard,256,Việt Nam,laptop,2.000.000 đ
6416,Asus,ROG Strix Scar,Đã sử dụng (chưa sửa chữa),1,16,Ryzen 7,32.0,NVIDIA,1000,Việt Nam,laptop,27.000.000 đ
6417,Asus,VivoBook S Series,Mới,9,14,Intel Core i5,8.0,Onboard,512,Việt Nam,laptop,9.800.000 đ
6418,Lenovo,IdeaPad,Mới,1,16,Ryzen 7,8.0,NVIDIA,512,Việt Nam,laptop,17.500.000 đ
6419,Dell,Latitude,Đã sử dụng (chưa sửa chữa),1,16,Intel Core i5,8.0,Onboard,256,Nước khác,laptop,8.500.000 đ
6420,Dell,G Series,Đã sử dụng (qua sửa chữa),5,16,Intel Core i5,16.0,NVIDIA,512,Việt Nam,laptop,16.000.000 đ
6421,Apple,MacBook Pro,Đã sử dụng (chưa sửa chữa),0,14,Intel Core i5,8.0,Onboard,256,Nước khác,laptop,10.200.000 đ
6422,Lenovo,Legion Y Series,Đã sử dụng (chưa sửa chữa),0,16,Ryzen 7,16.0,NVIDIA,512,Nước khác,laptop,17.200.000 đ
6423,Dell,Latitude,Đã sử dụng (qua sửa chữa),0,14,Intel Core i5,8.0,Onboard,128,Nước khác,laptop,3.500.000 đ
6424,Dell,Latitude,Đã sử dụng (chưa sửa chữa),0,14,Intel Core i7,16.0,Onboard,256,Nước khác,laptop,12.300.000 đ
6425,Dell,Latitude,Đã sử dụng (chưa sửa chữa),0,14,Intel Core i5,8.0,Onboard,128,Mỹ,laptop,5.500.000 đ
6426,Dell,Latitude,Đã sử dụng (chưa sửa chữa),2,12,Intel Core i5,8.0,Onboard,256,Việt Nam,laptop,5.200.000 đ
6427,HP,Elitebook,Đã sử dụng (chưa sửa chữa),0,14,Intel Core i5,16.0,NVIDIA,512,Nước khác,laptop,7.500.000 đ
6428,Asus,FX Series/ZX Series,Đã sử dụng (chưa sửa chữa),3,16,Intel Core i5,8.0,NVIDIA,256,Nước khác,laptop,11.600.000 đ
6429,Razer,Blade Pro,Đã sử dụng (chưa sửa chữa),0,16,Intel Core i7,16.0,NVIDIA,512,Nước khác,laptop,15.678.000 đ
6430,Dell,Latitude,Đã sử dụng (chưa sửa chữa),1,14,Intel Core i5,8.0,Onboard,256,Nước khác,laptop,4.600.000 đ
6431,Acer,Aspire,Đã sử dụng (chưa sửa chữa),0,14,Intel Core i3,4.0,Onboard,128,Nước khác,laptop,1.200.000 đ
6432,Asus,TUF Gaming,Đã sử dụng (chưa sửa chữa),1,18,Intel Core i5,8.0,NVIDIA,512,Việt Nam,laptop,14.000.000 đ
6433,Hãng Khác,Dòng khác,Đã sử dụng (chưa sửa chữa),9,12,Intel Atom,4.0,NVIDIA,120,Mỹ,laptop,2.000.000 đ
6434,MSI,GL Series,Đã sử dụng (chưa sửa chữa),0,16,Intel Core i7,16.0,NVIDIA,512,Việt Nam,laptop,13.000.000 đ
6435,Acer,Predator,Đã sử dụng (chưa sửa chữa),9,14,Intel Core i3,4.0,NVIDIA,128,Thái Lan,laptop,2.000.000 đ
6436,Lenovo,ThinkPad,Đã sử dụng (chưa sửa chữa),0,14,Intel Core i5,8.0,NVIDIA,256,Mỹ,laptop,3.570.000 đ
6437,Dell,Latitude,Đã sử dụng (chưa sửa chữa),0,14,Intel Core i7,8.0,Onboard,256,Nước khác,laptop,8.900.000 đ
6438,Apple,MacBook Pro M1 Touch Bar,Đã sử dụng (chưa sửa chữa),3,14,Apple M1,8.0,Onboard,512,Nước khác,laptop,20.444.000 đ
6439,Dell,Latitude,Đã sử dụng (chưa sửa chữa),3,12,Intel Core i7,8.0,Onboard,128,Mỹ,laptop,2.999.000 đ
6440,Dell,Inspiron,Đã sử dụng (chưa sửa chữa),0,14,Intel Core i3,4.0,Onboard,128,Nước khác,laptop,2.000.000 đ
6441,Lenovo,IdeaPad,Đã sử dụng (chưa sửa chữa),3,14,Ryzen 7,16.0,Onboard,512,Nước khác,laptop,14.000.000 đ
6442,Dell,Latitude,Đã sử dụng (chưa sửa chữa),0,14,Intel Core i7,4.0,Onboard,256,Nước khác,laptop,1.400.000 đ
6443,Lenovo,ThinkPad,Đã sử dụng (chưa sửa chữa),3,14,Intel Core i5,8.0,Onboard,256,Nhật Bản,laptop,5.999.999 đ
6444,HP,Elitebook,Đã sử dụng (chưa sửa chữa),1,14,Intel Core i5,8.0,Onboard,128,Việt Nam,laptop,3.500.000 đ
6445,HP,ZBook,Đã sử dụng (chưa sửa chữa),0,16,Intel Core i7,8.0,NVIDIA,256,Nước khác,laptop,4.500.000 đ
6446,Dell,Precision,Đã sử dụng (chưa sửa chữa),3,16,Intel Core i7,32.0,NVIDIA,128,Mỹ,laptop,10.999.999 đ
6447,Dell,Inspiron,Mới,3,14,Intel Core i7,16.0,Onboard,512,Mỹ,laptop,11.900.000 đ
6448,Apple,MacBook Air M1,Đã sử dụng (chưa sửa chữa),9,14,Apple M1,16.0,Onboard,256,Việt Nam,laptop,21.000.000 đ
6449,Acer,Helios,Đã sử dụng (chưa sửa chữa),0,16,Intel Core i7,16.0,NVIDIA,512,Việt Nam,laptop,13.500.000 đ
6450,Apple,MacBook Pro,Đã sử dụng (chưa sửa chữa),0,14,Intel Core i7,8.0,Onboard,256,Nước khác,laptop,6.400.000 đ
6451,Lenovo,IdeaPad,Đã sử dụng (chưa sửa chữa),0,16,Intel Core i5,8.0,Onboard,128,Nước khác,laptop,3.000.000 đ
6452,Dell,Vostro,Đã sử dụng (chưa sửa chữa),0,14,Intel Core i3,4.0,Onboard,500,Nước khác,laptop,1.200.000 đ
6453,HP,Elitebook,Mới,3,14,Intel Core i5,16.0,Onboard,256,Nước khác,laptop,13.900.000 đ
6454,Apple,MacBook Pro,Đã sử dụng (chưa sửa chữa),1,16,AMD,16.0,AMD,512,Mỹ,laptop,14.000.000 đ
6455,Dell,Latitude,Đã sử dụng (chưa sửa chữa),3,14,Intel Core i5,16.0,Onboard,256,Mỹ,laptop,8.800.000 đ
6456,Asus,ASUSPRO,Đã sử dụng (chưa sửa chữa),5,16,Intel Core i7,16.0,NVIDIA,512,Việt Nam,laptop,20.500.000 đ
6457,Dell,Alienware,Đã sử dụng (chưa sửa chữa),1,14,Intel Core i7,32.0,NVIDIA,1500,Mỹ,laptop,31.500.000 đ
6458,HP,Victus,Đã sử dụng (chưa sửa chữa),0,16,Ryzen 5,8.0,NVIDIA,512,Việt Nam,laptop,13.600.000 đ
6459,Apple,MacBook Pro,Đã sử dụng (chưa sửa chữa),1,14,Intel Core i5,8.0,Onboard,256,Nước khác,laptop,6.499.000 đ
6460,Microsoft,Surface Pro 9,Đã sử dụng (chưa sửa chữa),1,14,Intel Core i5,8.0,Onboard,256,Mỹ,laptop,23.990.000 đ
6461,Dell,Latitude,Đã sử dụng (chưa sửa chữa),1,14,Intel Core i5,16.0,Onboard,256,Mỹ,laptop,6.500.000 đ
6462,Lenovo,ThinkPad,Đã sử dụng (chưa sửa chữa),3,14,Intel Core i7,16.0,Onboard,256,Nước khác,laptop,6.900.000 đ
6463,Hãng Khác,Dòng khác,Mới,12,14,Intel Core i3,8.0,Onboard,256,Nhật Bản,laptop,7.900.000 đ
6464,Dell,Inspiron,Đã sử dụng (chưa sửa chữa),0,14,Intel Core i7,8.0,Onboard,256,Nước khác,laptop,8.900.000 đ
6465,Dell,Latitude,Đã sử dụng (qua sửa chữa),0,14,Intel Core i5,8.0,Onboard,128,Nước khác,laptop,999.000 đ
6466,HP,Elitebook,Đã sử dụng (chưa sửa chữa),0,14,Intel Core i5,8.0,Onboard,256,Nhật Bản,laptop,6.500.000 đ
6467,HP,ProBook,Đã sử dụng (qua sửa chữa),0,16,Intel Core i5,4.0,AMD,250,Nước khác,laptop,900.000 đ
6468,Lenovo,Essential (G series),Đã sử dụng (chưa sửa chữa),0,16,Intel Core i3,4.0,Onboard,128,Nước khác,laptop,2.199.000 đ
6469,Hãng Khác,Dòng khác,Đã sử dụng (chưa sửa chữa),0,14,Intel Core i5,4.0,Onboard,256,Nước khác,laptop,2.999.000 đ
6470,Lenovo,IdeaPad,Đã sử dụng (chưa sửa chữa),5,16,Intel Core i7,16.0,NVIDIA,1000,Mỹ,laptop,17.900.000 đ
6471,Lenovo,ThinkPad,Đã sử dụng (chưa sửa chữa),0,12,Intel Core i5,4.0,Onboard,128,Nước khác,laptop,1.650.000 đ
6472,Asus,X Series,Đã sử dụng (chưa sửa chữa),0,14,Intel Core i5,8.0,Onboard,640,Nước khác,laptop,2.600.000 đ
6473,Toshiba,Portege,Mới,3,14,Intel Core i5,16.0,Onboard,256,Nhật Bản,laptop,9.800.000 đ
6474,Lenovo,IdeaPad,Đã sử dụng (chưa sửa chữa),3,14,Intel Core i5,8.0,Onboard,512,Đài Loan,laptop,7.000.000 đ
6475,Asus,VivoBook S Series,Đã sử dụng (chưa sửa chữa),0,14,Intel Core i3,4.0,Onboard,128,Nước khác,laptop,2.999.000 đ
6476,Apple,MacBook Air M1,Đã sử dụng (chưa sửa chữa),0,14,Apple M1,8.0,Onboard,256,Việt Nam,laptop,13.300.000 đ
6477,Apple,MacBook Pro,Đã sử dụng (chưa sửa chữa),0,14,Intel Core i5,8.0,Onboard,128,Nước khác,laptop,5.600.000 đ
6478,Dell,Alienware,Đã sử dụng (chưa sửa chữa),0,18,Intel Core i7,16.0,NVIDIA,1000,Nước khác,laptop,26.000.000 đ
6479,Dell,Inspiron,Đã sử dụng (chưa sửa chữa),0,16,Intel Core i5,8.0,Onboard,120,Nước khác,laptop,6.000.000 đ
6480,Dell,Latitude,Đã sử dụng (qua sửa chữa),0,12,Intel Core i7,16.0,Onboard,256,Nước khác,laptop,5.990.000 đ
6481,Dell,Inspiron,Đã sử dụng (chưa sửa chữa),0,14,Intel Core i7,8.0,NVIDIA,512,Nước khác,laptop,4.999.000 đ
6482,Microsoft,Surface Pro 7,Đã sử dụng (chưa sửa chữa),3,12,Intel Core i7,16.0,Onboard,256,Mỹ,laptop,11.000.000 đ
6483,Dell,Inspiron,Đã sử dụng (chưa sửa chữa),0,14,Intel Core i3,6.0,Onboard,512,Nước khác,laptop,1.100.000 đ
6484,Lenovo,ThinkPad,Đã sử dụng (chưa sửa chữa),3,14,Intel Core i7,8.0,Onboard,256,Mỹ,laptop,7.400.000 đ
6485,HP,Pavilion,Đã sử dụng (chưa sửa chữa),0,14,Intel Core i3,4.0,AMD,120,Nước khác,laptop,1.200.000 đ
6486,Dell,Precision,Đã sử dụng (chưa sửa chữa),3,16,Intel Core i7,16.0,NVIDIA,256,Nước khác,laptop,12.700.000 đ
6487,Hãng Khác,Dòng khác,Đã sử dụng (chưa sửa chữa),0,16,Intel Core i3,4.0,Onboard,256,Nước khác,laptop,4.300.000 đ
6488,Dell,Inspiron,Đã sử dụng (chưa sửa chữa),0,14,Intel Core i7,16.0,NVIDIA,512,Nước khác,laptop,7.000.000 đ
6489,Lenovo,ThinkPad,Đã sử dụng (chưa sửa chữa),1,14,Intel Core i7,16.0,Onboard,256,Mỹ,laptop,8.900.000 đ
6490,Asus,X Series,Đã sử dụng (chưa sửa chữa),1,16,Intel Core i3,4.0,Onboard,256,Nước khác,laptop,3.300.000 đ
6491,Dell,Vostro,Đã sử dụng (chưa sửa chữa),0,14,Intel Core i5,8.0,NVIDIA,128,Việt Nam,laptop,3.300.000 đ
6492,Apple,MacBook Pro M2,Mới,1,14,Apple M2,32.0,Onboard,1000,Mỹ,laptop,68.500.000 đ
6493,Lenovo,ThinkPad,Đã sử dụng (chưa sửa chữa),9,14,Intel Core i5,8.0,Onboard,256,Nước khác,laptop,6.900.000 đ
6494,HP,Pavilion,Đã sử dụng (chưa sửa chữa),3,16,Intel Core i5,8.0,Onboard,512,Nước khác,laptop,13.500.000 đ
6495,Apple,MacBook Pro Touch Bar,Đã sử dụng (chưa sửa chữa),0,16,Intel Core i7,16.0,AMD,512,Nước khác,laptop,18.500.000 đ
6496,HP,Envy,Đã sử dụng (chưa sửa chữa),3,14,Ryzen 5,8.0,AMD,256,Việt Nam,laptop,5.200.000 đ
6497,Dell,Inspiron,Đã sử dụng (chưa sửa chữa),3,14,Intel Core i3,8.0,Onboard,128,Việt Nam,laptop,3.000.000 đ
6498,HP,Pavilion,Đã sử dụng (chưa sửa chữa),0,16,Intel Core i5,16.0,Onboard,250,Mỹ,laptop,3.200.000 đ
6499,Sony,Vaio Series,Đã sử dụng (chưa sửa chữa),1,14,Intel Core i5,4.0,Onboard,128,Hàn Quốc,laptop,3.500.000 đ
6500,Acer,Aspire,Đã sử dụng (chưa sửa chữa),5,16,Intel Core i7,16.0,NVIDIA,128,Nhật Bản,laptop,6.000.000 đ
6501,Apple,MacBook Air,Đã sử dụng (chưa sửa chữa),0,14,Intel Core i5,4.0,Onboard,128,Nước khác,laptop,3.000.000 đ
6502,Dell,Latitude,Đã sử dụng (chưa sửa chữa),0,16,Intel Core i7,8.0,NVIDIA,250,Mỹ,laptop,2.950.000 đ
6503,Apple,MacBook Pro,Đã sử dụng (chưa sửa chữa),0,14,Intel Core i5,16.0,Onboard,256,Nước khác,laptop,8.900.000 đ
6504,Dell,Latitude,Đã sử dụng (chưa sửa chữa),3,14,Intel Core i5,8.0,Onboard,256,Mỹ,laptop,7.800.000 đ
6505,Asus,VivoBook S Series,Đã sử dụng (chưa sửa chữa),0,14,Intel Core i5,4.0,Onboard,500,Nước khác,laptop,2.500.000 đ
6506,Apple,MacBook Pro Touch Bar,Đã sử dụng (chưa sửa chữa),0,14,Intel Core i7,16.0,Onboard,512,Nước khác,laptop,11.800.000 đ
6507,HP,Pavilion,Đã sử dụng (chưa sửa chữa),1,14,Intel Core i5,8.0,Onboard,512,Nước khác,laptop,13.000.000 đ
6508,HP,ProBook,Đã sử dụng (chưa sửa chữa),3,14,Intel Core i7,8.0,Onboard,256,Nhật Bản,laptop,7.680.000 đ
6509,Dell,Latitude,Đã sử dụng (chưa sửa chữa),3,14,Intel Core i7,16.0,Onboard,256,Mỹ,laptop,7.000.000 đ
6510,Dell,Latitude,Đã sử dụng (chưa sửa chữa),0,14,Intel Core i5,8.0,Onboard,256,Nước khác,laptop,9.800.000 đ
6511,Apple,MacBook Pro,Đã sử dụng (chưa sửa chữa),0,14,Intel Core i7,16.0,AMD,512,Nước khác,laptop,15.900.000 đ
6512,Acer,Aspire,Đã sử dụng (chưa sửa chữa),0,16,Intel Celeron,4.0,Onboard,500,Đài Loan,laptop,1.600.000 đ
6513,Dell,XPS,Đã sử dụng (chưa sửa chữa),0,16,Intel Core i7,16.0,NVIDIA,512,Nước khác,laptop,9.000.000 đ
6514,HP,Pavilion,Đã sử dụng (chưa sửa chữa),3,16,Intel Core i7,16.0,NVIDIA,512,Nhật Bản,laptop,9.500.000 đ
6515,HP,Elitebook,Đã sử dụng (chưa sửa chữa),1,14,Intel Core i5,8.0,Onboard,256,Nước khác,laptop,6.500.000 đ
6516,Toshiba,Satellite Series,Đã sử dụng (chưa sửa chữa),1,14,Intel Core 2 Duo,4.0,Onboard,320,Việt Nam,laptop,850.000 đ
6517,Asus,X Series,Đã sử dụng (chưa sửa chữa),12,14,Intel Core i3,4.0,Onboard,512,Đài Loan,laptop,7.300.000 đ
6518,Sony,Vaio Series,Đã sử dụng (chưa sửa chữa),1,14,Intel Core i7,8.0,Onboard,128,Nhật Bản,laptop,3.800.000 đ
6519,Hãng Khác,Dòng khác,Đã sử dụng (chưa sửa chữa),0,14,Intel Core i7,8.0,Onboard,256,Nước khác,laptop,10.700.000 đ
6520,Dell,XPS,Đã sử dụng (chưa sửa chữa),0,14,Intel Core i7,16.0,Onboard,512,Nước khác,laptop,26.500.000 đ
6521,HP,Notebook,Đã sử dụng (qua sửa chữa),0,14,Intel Core i3,4.0,Onboard,250,Việt Nam,laptop,4.500.000 đ
6522,Hãng Khác,Dòng khác,Đã sử dụng (chưa sửa chữa),0,16,Intel Core i5,8.0,Onboard,256,Nước khác,laptop,4.700.000 đ
6523,Acer,Nitro 5,Đã sử dụng (chưa sửa chữa),5,16,Intel Core i5,8.0,NVIDIA,256,Việt Nam,laptop,9.500.000 đ
6524,Apple,MacBook Air M1,Đã sử dụng (chưa sửa chữa),5,14,Apple M1,16.0,Onboard,256,Nước khác,laptop,19.500.000 đ
6525,Hãng Khác,Dòng khác,Đã sử dụng (chưa sửa chữa),1,14,Intel Core i7,8.0,Onboard,256,Nhật Bản,laptop,5.800.000 đ
6526,Dell,Inspiron,Đã sử dụng (chưa sửa chữa),3,16,Intel Core i5,8.0,AMD,128,Việt Nam,laptop,4.500.000 đ
6527,Acer,Nitro 5,Mới,0,14,Intel Core i5,8.0,NVIDIA,512,Nước khác,laptop,11.200.000 đ
6528,Microsoft,Surface Laptop Studio,Đã sử dụng (chưa sửa chữa),0,14,Intel Core i5,8.0,Onboard,128,Nhật Bản,laptop,6.800.000 đ
6529,Acer,Aspire,Đã sử dụng (chưa sửa chữa),9,16,Ryzen 5,8.0,NVIDIA,512,Đài Loan,laptop,22.000.000 đ
6530,Asus,VivoBook S Series,Đã sử dụng (chưa sửa chữa),0,16,Intel Core i5,8.0,Onboard,256,Nước khác,laptop,2.190.000 đ
6531,HP,Elitebook,Đã sử dụng (chưa sửa chữa),0,14,Intel Core i5,16.0,Onboard,256,Mỹ,laptop,11.500.000 đ
6532,Asus,Zenbook Series,Mới,12,14,Intel Core i5,8.0,Onboard,512,Đài Loan,laptop,15.700.000 đ
6533,Hãng Khác,Dòng khác,Đã sử dụng (chưa sửa chữa),0,14,Intel Core i5,4.0,Onboard,128,Nhật Bản,laptop,1.400.000 đ
6534,Apple,MacBook Pro Touch Bar,Đã sử dụng (chưa sửa chữa),3,14,Intel Core i7,16.0,Onboard,1000,Nhật Bản,laptop,25.700.000 đ
6535,Dell,Vostro,Đã sử dụng (chưa sửa chữa),0,16,Intel Core i5,4.0,Onboard,128,Việt Nam,laptop,3.100.000 đ
6536,Acer,Predator,Đã sử dụng (chưa sửa chữa),0,16,Intel Core i7,16.0,NVIDIA,1000,Việt Nam,laptop,7.500.000 đ
6537,Apple,MacBook Air,Đã sử dụng (chưa sửa chữa),0,14,Intel Core i5,8.0,Onboard,128,Nước khác,laptop,8.500.000 đ
6538,Lenovo,ThinkPad,Đã sử dụng (chưa sửa chữa),1,14,Intel Core i5,4.0,Onboard,320,Nước khác,laptop,2.400.000 đ
6539,HP,Elitebook,Đã sử dụng (chưa sửa chữa),3,14,Intel Core i7,16.0,Onboard,256,Mỹ,laptop,11.000.000 đ
6540,Dell,Latitude,Đã sử dụng (chưa sửa chữa),3,14,Intel Core i3,4.0,Onboard,128,Nước khác,laptop,2.900.000 đ
6541,Lenovo,ThinkPad,Đã sử dụng (chưa sửa chữa),5,14,Intel Core i5,8.0,Onboard,256,Việt Nam,laptop,3.300.000 đ
6542,Asus,VivoBook S Series,Đã sử dụng (chưa sửa chữa),5,16,Intel Core i5,8.0,Onboard,512,Nước khác,laptop,11.500.000 đ
6543,Apple,MacBook Air M1,Đã sử dụng (chưa sửa chữa),3,14,Apple M1,8.0,Onboard,256,Việt Nam,laptop,13.500.000 đ
6544,Dell,XPS,Đã sử dụng (chưa sửa chữa),3,16,Intel Core i7,16.0,NVIDIA,512,Mỹ,laptop,20.990.000 đ
6545,Dell,Latitude,Đã sử dụng (chưa sửa chữa),3,14,Intel Core i5,8.0,Onboard,256,Mỹ,laptop,4.700.000 đ
6546,Dell,Latitude,Đã sử dụng (chưa sửa chữa),1,14,Intel Core i5,4.0,NVIDIA,320,Nhật Bản,laptop,1.690.000 đ
6547,Hãng Khác,Dòng khác,Đã sử dụng (chưa sửa chữa),0,16,Intel Core i3,6.0,Onboard,500,Nước khác,laptop,1.500.000 đ
6548,Lenovo,IdeaPad,Mới,1,16,Ryzen 5,16.0,NVIDIA,512,Trung Quốc,laptop,15.000.000 đ
6549,HP,Elitebook,Đã sử dụng (chưa sửa chữa),0,14,Intel Core i5,8.0,Onboard,256,Mỹ,laptop,2.000.000 đ
6550,Dell,Inspiron,Đã sử dụng (chưa sửa chữa),1,16,Ryzen 5,8.0,Onboard,256,Việt Nam,laptop,8.999.000 đ
6551,Apple,MacBook Pro,Đã sử dụng (chưa sửa chữa),1,16,Intel Core i7,16.0,AMD,1000,Nước khác,laptop,13.300.000 đ
6552,HP,Elitebook,Đã sử dụng (chưa sửa chữa),0,16,Intel Core i5,8.0,Onboard,320,Nước khác,laptop,3.200.000 đ
6553,Acer,Aspire,Đã sử dụng (chưa sửa chữa),1,16,Intel Core i5,8.0,NVIDIA,512,Mỹ,laptop,4.500.000 đ
6554,HP,Elitebook,Đã sử dụng (chưa sửa chữa),0,14,Intel Core i5,4.0,Onboard,250,Mỹ,laptop,1.680.000 đ
6555,Toshiba,Satellite Series,Đã sử dụng (chưa sửa chữa),0,16,Intel Core i7,8.0,AMD,250,Nước khác,laptop,4.800.000 đ
6556,Apple,MacBook Air M1,Mới,1,14,Apple M1,8.0,Onboard,256,Mỹ,laptop,15.890.000 đ
6557,Lenovo,Legion Y Series,Đã sử dụng (chưa sửa chữa),1,16,Intel Core i7,8.0,NVIDIA,1500,Mỹ,laptop,13.500.000 đ
6558,Acer,Swift,Đã sử dụng (chưa sửa chữa),0,16,Intel Core i3,4.0,Onboard,1000,Nước khác,laptop,6.500.000 đ
6559,Dell,Alienware,Đã sử dụng (chưa sửa chữa),3,18,Intel Core i7,16.0,NVIDIA,1000,Mỹ,laptop,29.990.000 đ
6560,Microsoft,Surface,Đã sử dụng (chưa sửa chữa),5,14,Intel Core i7,16.0,Onboard,512,Nước khác,laptop,23.600.000 đ
6561,Acer,Aspire,Đã sử dụng (chưa sửa chữa),1,16,Intel Core i3,8.0,Onboard,256,Nước khác,laptop,7.200.000 đ
6562,Dell,Latitude,Đã sử dụng (chưa sửa chữa),3,14,Intel Core i7,16.0,Onboard,256,Nước khác,laptop,8.500.000 đ
6563,Acer,Aspire,Đã sử dụng (chưa sửa chữa),0,10,Intel Atom,2.0,Onboard,320,Nước khác,laptop,1.200.000 đ
6564,Asus,VivoBook S Series,Đã sử dụng (chưa sửa chữa),1,16,Intel Core i5,16.0,NVIDIA,512,Việt Nam,laptop,14.900.000 đ
6565,Asus,ASUSPRO,Đã sử dụng (chưa sửa chữa),1,16,Intel Core i5,4.0,NVIDIA,480,Việt Nam,laptop,3.500.000 đ
6566,HP,Envy,Đã sử dụng (chưa sửa chữa),3,16,Intel Core i7,8.0,Onboard,256,Nhật Bản,laptop,6.000.000 đ
6567,Dell,Alienware,Đã sử dụng (chưa sửa chữa),3,16,Intel Core i7,16.0,NVIDIA,512,Mỹ,laptop,13.900.000 đ
6568,Lenovo,IdeaPad,Đã sử dụng (chưa sửa chữa),3,14,Intel Core i3,8.0,Onboard,128,Nước khác,laptop,3.800.000 đ
6569,Asus,K Series,Mới,0,14,Intel Core i3,4.0,Onboard,500,Việt Nam,laptop,1.650.000 đ
6570,Dell,XPS,Đã sử dụng (chưa sửa chữa),0,16,Intel Core i9,8.0,Onboard,1000,Nước khác,laptop,29.000.000 đ
6571,Dell,Precision Mobile Workstations,Đã sử dụng (chưa sửa chữa),3,16,Intel Core i7,16.0,NVIDIA,256,Nước khác,laptop,7.900.000 đ
6572,Dell,Precision,Đã sử dụng (chưa sửa chữa),0,16,Intel Core i7,16.0,NVIDIA,512,Mỹ,laptop,14.300.000 đ
6573,Dell,Latitude,Đã sử dụng (chưa sửa chữa),3,14,Intel Core i5,8.0,Onboard,250,Nước khác,laptop,4.600.000 đ
6574,Lenovo,ThinkPad,Đã sử dụng (chưa sửa chữa),1,14,Intel Core i5,16.0,Onboard,256,Mỹ,laptop,7.800.000 đ
6575,Lenovo,ThinkPad,Đã sử dụng (chưa sửa chữa),0,14,Intel Core i5,4.0,Onboard,128,Nước khác,laptop,3.990.000 đ
6576,HP,Victus,Đã sử dụng (chưa sửa chữa),0,16,AMD,16.0,NVIDIA,512,Nước khác,laptop,13.200.000 đ
6577,Dell,Latitude,Đã sử dụng (chưa sửa chữa),0,14,Intel Core i7,16.0,Onboard,256,Mỹ,laptop,10.300.000 đ
6578,HP,ZBook,Đã sử dụng (chưa sửa chữa),3,14,Intel Core i7,32.0,AMD,512,Nhật Bản,laptop,8.390.000 đ
6579,Dell,Latitude,Đã sử dụng (chưa sửa chữa),3,14,Intel Core i5,8.0,Onboard,256,Nhật Bản,laptop,4.500.000 đ
6580,Lenovo,ThinkPad,Đã sử dụng (chưa sửa chữa),0,14,Intel Core i3,4.0,Onboard,500,Nước khác,laptop,2.990.000 đ
6581,MSI,GF Series,Đã sử dụng (chưa sửa chữa),0,16,Intel Core i5,8.0,NVIDIA,512,Nước khác,laptop,9.000.000 đ
6582,Sony,Vaio Series,Mới,3,14,Intel Core i5,8.0,Onboard,512,Mỹ,laptop,11.500.000 đ
6583,HP,Elitebook,Đã sử dụng (chưa sửa chữa),0,14,Intel Core i7,32.0,Onboard,120,Mỹ,laptop,1.400.000 đ
6584,Dell,Latitude,Đã sử dụng (chưa sửa chữa),1,12,Intel Core i5,8.0,Onboard,256,Mỹ,laptop,3.000.000 đ
6585,HP,ZBook,Đã sử dụng (chưa sửa chữa),0,16,Intel Core i7,16.0,NVIDIA,1000,Nhật Bản,laptop,11.500.000 đ
6586,HP,Elitebook,Đã sử dụng (chưa sửa chữa),0,12,Intel Core i3,8.0,Onboard,256,Việt Nam,laptop,5.500.000 đ
6587,Lenovo,ThinkPad,Đã sử dụng (chưa sửa chữa),1,14,Intel Core i5,8.0,Onboard,256,Mỹ,laptop,3.500.000 đ
6588,Lenovo,Yoga,Đã sử dụng (chưa sửa chữa),0,14,Intel Core i7,16.0,Onboard,1000,Nước khác,laptop,7.500.000 đ
6589,Dell,Latitude,Đã sử dụng (chưa sửa chữa),0,16,Intel Core i5,4.0,NVIDIA,128,Nước khác,laptop,3.200.000 đ
6590,Hãng Khác,Dòng khác,Đã sử dụng (chưa sửa chữa),3,14,Intel Core i5,8.0,Onboard,512,Nước khác,laptop,4.900.000 đ
6591,Dell,Latitude,Đã sử dụng (chưa sửa chữa),3,12,Intel Core i7,8.0,Onboard,256,Nước khác,laptop,5.100.000 đ
6592,Asus,VivoBook S Series,Đã sử dụng (chưa sửa chữa),0,16,Intel Pentium,4.0,NVIDIA,500,Nước khác,laptop,1.400.000 đ
6593,Lenovo,ThinkPad,Đã sử dụng (chưa sửa chữa),0,12,Intel Core i7,16.0,Onboard,256,Mỹ,laptop,8.500.000 đ
6594,Dell,Latitude,Đã sử dụng (chưa sửa chữa),1,14,Intel Core i7,8.0,Onboard,256,Nước khác,laptop,4.500.000 đ
6595,HP,ZBook,Đã sử dụng (chưa sửa chữa),3,16,Intel Core i7,8.0,NVIDIA,256,Nước khác,laptop,4.900.000 đ
6596,Dell,Studio,Đã sử dụng (chưa sửa chữa),1,14,Intel Core i5,4.0,Onboard,500,Mỹ,laptop,1.500.000 đ
6597,Dell,Latitude,Đã sử dụng (chưa sửa chữa),1,14,Intel Core i5,8.0,Onboard,256,Mỹ,laptop,5.600.000 đ
6598,Microsoft,Surface Pro 6,Đã sử dụng (chưa sửa chữa),0,12,Intel Core i5,8.0,Onboard,128,Nước khác,laptop,8.500.000 đ
6599,Dell,Latitude,Đã sử dụng (chưa sửa chữa),1,14,Intel Core i5,8.0,Onboard,256,Mỹ,laptop,5.800.000 đ
6600,Toshiba,Satellite Series,Đã sử dụng (chưa sửa chữa),0,14,Intel Core i3,4.0,Onboard,128,Nước khác,laptop,1.200.000 đ
6601,Asus,VivoBook S Series,Đã sử dụng (chưa sửa chữa),0,14,Intel Core i3,4.0,Onboard,128,Nước khác,laptop,1.900.000 đ
6602,Dell,XPS,Đã sử dụng (chưa sửa chữa),1,14,Intel Core i7,16.0,Onboard,256,Mỹ,laptop,17.500.000 đ
6603,HP,Elitebook,Đã sử dụng (chưa sửa chữa),1,14,Intel Core i3,4.0,Onboard,256,Nước khác,laptop,4.800.000 đ
6604,Toshiba,Satellite Series,Đã sử dụng (chưa sửa chữa),9,14,Intel Core i9,4.0,Onboard,320,Nhật Bản,laptop,2.000.000 đ
6605,Dell,Latitude,Đã sử dụng (chưa sửa chữa),0,12,Intel Core i5,8.0,AMD,128,Nước khác,laptop,4.200.000 đ
6606,Lenovo,ThinkPad,Đã sử dụng (chưa sửa chữa),3,14,Intel Core i5,8.0,Onboard,512,Mỹ,laptop,11.000.000 đ
6607,Asus,VivoBook S Series,Đã sử dụng (chưa sửa chữa),1,14,Intel Core i5,4.0,Onboard,128,Nước khác,laptop,2.000.000 đ
6608,Dell,Latitude,Đã sử dụng (chưa sửa chữa),0,14,Intel Core i7,8.0,NVIDIA,256,Mỹ,laptop,5.899.000 đ
6609,Asus,VivoBook S Series,Đã sử dụng (chưa sửa chữa),0,14,Intel Core i3,4.0,Onboard,128,Trung Quốc,laptop,1.200.000 đ
6610,Dell,Latitude,Đã sử dụng (chưa sửa chữa),1,14,Intel Core i7,8.0,Onboard,256,Mỹ,laptop,8.000.000 đ
6611,HP,Pavilion,Đã sử dụng (chưa sửa chữa),0,16,Intel Core i3,4.0,Onboard,1000,Nước khác,laptop,3.000.000 đ
6612,Dell,Latitude,Đã sử dụng (chưa sửa chữa),1,16,Intel Core i5,8.0,Onboard,256,Mỹ,laptop,4.300.000 đ
6613,Dell,Inspiron,Mới,0,14,Intel Core i5,8.0,Onboard,256,Nước khác,laptop,14.500.000 đ
6614,Lenovo,ThinkPad,Đã sử dụng (chưa sửa chữa),1,14,Intel Core i5,16.0,Onboard,256,Mỹ,laptop,6.400.000 đ
6615,Microsoft,Surface Book 2,Đã sử dụng (qua sửa chữa),0,16,Intel Core i7,16.0,NVIDIA,256,Mỹ,laptop,9.500.000 đ
6616,MSI,GF Series,Đã sử dụng (chưa sửa chữa),3,16,Intel Core i5,16.0,NVIDIA,512,Việt Nam,laptop,15.500.000 đ
6617,Apple,MacBook Pro,Đã sử dụng (chưa sửa chữa),0,14,Intel Core i5,8.0,Onboard,256,Nước khác,laptop,19.999.999 đ
6618,HP,Elitebook,Mới,3,14,Ryzen 5,8.0,AMD,256,Trung Quốc,laptop,6.700.000 đ
6619,Dell,Inspiron,Đã sử dụng (chưa sửa chữa),1,14,Intel Core i5,4.0,Onboard,128,Nước khác,laptop,4.599.000 đ
6620,Apple,MacBook Air M1,Đã sử dụng (chưa sửa chữa),0,14,Apple M1,16.0,Onboard,1000,Nhật Bản,laptop,20.500.000 đ
6621,Asus,ASUSPRO,Đã sử dụng (chưa sửa chữa),0,14,Intel Core i5,4.0,Onboard,256,Việt Nam,laptop,2.000.000 đ
6622,HP,Elitebook,Đã sử dụng (chưa sửa chữa),0,14,Intel Core i7,16.0,Onboard,512,Nước khác,laptop,7.500.000 đ
6623,Asus,Zenbook Series,Đã sử dụng (chưa sửa chữa),0,14,Ryzen 5,8.0,AMD,256,Nước khác,laptop,9.000.000 đ
6624,Toshiba,Satellite Series,Đã sử dụng (qua sửa chữa),0,16,Intel Core i5,4.0,Onboard,500,Nước khác,laptop,1.800.000 đ
6625,Sony,Vaio Series,Đã sử dụng (chưa sửa chữa),0,14,Intel Core i3,4.0,Onboard,500,Nước khác,laptop,2.200.000 đ
6626,Asus,TUF Gaming,Đã sử dụng (chưa sửa chữa),1,16,Intel Core i5,8.0,NVIDIA,512,Nước khác,laptop,14.000.000 đ
6627,Dell,XPS,Đã sử dụng (chưa sửa chữa),1,14,Intel Core i5,8.0,Onboard,512,Nước khác,laptop,16.800.000 đ
6628,Asus,VivoBook S Series,Đã sử dụng (chưa sửa chữa),3,16,Ryzen 5,16.0,NVIDIA,256,Đài Loan,laptop,7.500.000 đ
6629,Apple,MacBook Air,Đã sử dụng (chưa sửa chữa),0,14,Intel Core i5,8.0,Onboard,120,Việt Nam,laptop,7.500.000 đ
6630,Dell,Latitude,Đã sử dụng (chưa sửa chữa),0,14,Intel Core i7,16.0,Onboard,256,Nước khác,laptop,6.500.000 đ
6631,Microsoft,Surface Pro X,Đã sử dụng (chưa sửa chữa),0,14,Intel Core i5,8.0,Onboard,256,Nước khác,laptop,8.900.000 đ
6632,HP,ProBook,Đã sử dụng (chưa sửa chữa),0,14,Intel Core i5,8.0,Onboard,256,Nước khác,laptop,5.200.000 đ
6633,Dell,Latitude,Đã sử dụng (chưa sửa chữa),3,14,Intel Core i7,8.0,NVIDIA,256,Mỹ,laptop,7.500.000 đ
6634,Dell,Vostro,Đã sử dụng (chưa sửa chữa),1,14,Intel Core i5,4.0,Onboard,1000,Nước khác,laptop,3.600.000 đ
6635,Dell,Latitude,Đã sử dụng (chưa sửa chữa),0,14,Intel Core i5,16.0,Onboard,256,Nước khác,laptop,5.500.000 đ
