,pc_brand,pc_model,elt_condition,elt_warranty (tháng),desktop_screen_size (inch),pc_cpu,pc_ram (GB),pc_vga,pc_drive_capacity (GB),elt_origin,classify,price (VND),pc_cpu_label
0,15,101,1,12,21,14,64.0,1,256,6,0,13500000.0,2
1,15,101,1,1,21,9,8.0,2,500,3,0,1800000.0,2
2,15,101,1,1,21,14,32.0,1,256,3,0,8500000.0,2
3,15,101,0,1,21,14,64.0,1,256,6,0,12500000.0,2
4,15,101,1,3,0,8,8.0,1,128,3,0,6300000.0,2
5,15,101,0,1,0,14,16.0,2,128,6,0,5890000.0,2
6,15,101,1,0,0,8,32.0,2,128,6,0,9000000.0,2
7,15,101,1,12,21,10,16.0,1,1000,3,0,28000000.0,2
8,15,101,1,1,0,8,8.0,2,128,3,0,1350000.0,2
9,15,101,1,1,0,9,8.0,2,320,3,0,3700000.0,2
10,15,101,1,0,0,11,16.0,1,512,3,0,14800000.0,2
11,15,101,1,0,21,8,16.0,1,256,3,0,13000000.0,2
12,15,101,1,0,21,9,8.0,1,128,6,0,3500000.0,2
13,15,101,1,9,0,8,8.0,2,128,3,0,1800000.0,2
14,15,101,1,0,0,6,4.0,0,640,3,0,350000.0,2
15,15,101,1,1,0,8,8.0,0,128,3,0,4800000.0,2
16,15,101,0,1,0,14,16.0,2,128,6,0,3600000.0,2
17,15,101,1,12,21,14,64.0,0,250,4,0,6500000.0,2
18,15,101,1,1,21,14,16.0,0,256,3,0,6900000.0,2
19,15,101,1,0,20,8,8.0,2,128,3,0,2000000.0,2
20,15,101,1,0,21,14,4.0,1,120,2,0,2700000.0,2
21,15,101,1,1,0,9,4.0,2,500,6,0,500000.0,2
22,15,101,1,3,21,9,16.0,1,256,6,0,3000000.0,2
23,15,101,0,5,0,9,8.0,2,256,2,0,2500000.0,2
24,15,101,0,12,21,14,16.0,1,1500,5,0,55000000.0,2
25,15,101,1,12,21,9,64.0,0,512,1,0,28000000.0,2
26,15,101,0,12,0,9,32.0,1,512,6,0,29490000.0,2
27,15,101,1,12,21,14,16.0,0,500,6,0,7000000.0,2
28,15,101,1,3,20,8,8.0,2,128,3,0,3100000.0,2
29,15,101,1,1,0,14,32.0,1,256,3,0,8700000.0,2
30,15,101,0,1,0,9,16.0,1,512,6,0,9990000.0,2
31,15,101,1,1,20,8,8.0,1,128,3,0,2450000.0,2
32,15,101,1,3,0,10,16.0,2,512,3,0,2700000.0,2
33,15,101,1,0,0,9,4.0,2,120,3,0,500000.0,2
34,15,101,1,0,0,10,8.0,2,128,3,0,200000.0,2
35,15,101,1,0,0,14,64.0,2,128,3,0,8120000.0,2
36,15,101,1,0,0,9,4.0,2,128,3,0,2000000.0,2
37,15,101,1,0,0,8,8.0,2,250,6,0,6900000.0,2
38,15,101,1,0,21,10,8.0,1,128,6,0,2850000.0,2
39,15,101,1,1,20,10,8.0,0,128,3,0,1750000.0,2
40,15,101,0,12,0,14,32.0,1,128,6,0,4500000.0,2
41,15,101,1,3,0,0,16.0,0,250,6,0,3450000.0,0
42,15,101,1,0,0,8,8.0,2,250,6,0,1900000.0,2
43,15,101,0,1,21,9,8.0,1,500,6,0,14000000.0,2
44,15,101,1,0,0,12,4.0,2,120,3,0,1000000.0,2
45,15,101,0,0,0,8,16.0,1,256,3,0,7600000.0,2
46,15,101,1,0,0,8,4.0,2,128,3,0,1100000.0,2
47,15,101,1,0,20,6,4.0,2,128,3,0,800000.0,2
48,15,101,1,0,0,9,64.0,2,512,3,0,26000000.0,2
49,15,101,1,1,16,8,8.0,1,256,3,0,2800000.0,2
50,15,101,0,1,20,9,8.0,2,128,6,0,2700000.0,2
51,15,101,1,12,21,14,64.0,0,512,6,0,9000000.0,2
52,15,101,1,12,21,0,8.0,0,128,4,0,3500000.0,0
53,15,101,1,0,20,12,4.0,2,500,3,0,1850000.0,2
54,15,101,0,1,0,14,16.0,2,128,6,0,3890000.0,2
55,15,101,1,0,0,14,8.0,2,128,3,0,4090000.0,2
56,15,101,0,12,0,9,8.0,1,128,6,0,6800000.0,2
57,15,101,1,1,0,8,8.0,2,128,5,0,1999000.0,2
58,15,101,1,3,0,9,8.0,2,256,3,0,3500000.0,2
59,15,101,1,0,0,9,8.0,2,128,3,0,2300000.0,2
60,15,101,1,0,21,8,16.0,1,256,6,0,8000000.0,2
61,15,101,1,0,0,14,32.0,1,500,3,0,5200000.0,2
62,15,101,1,0,0,9,32.0,2,128,3,0,2500000.0,2
63,15,101,1,3,21,9,8.0,2,1000,3,0,8000000.0,2
64,15,101,0,0,0,9,8.0,1,128,3,0,6300000.0,2
65,15,101,1,2,20,7,6.0,2,128,6,0,1800000.0,2
66,15,101,1,0,21,9,8.0,1,120,3,0,4000000.0,2
67,15,101,1,0,20,9,8.0,0,128,3,0,600000.0,2
68,15,101,1,1,0,14,32.0,2,120,6,0,9000000.0,2
69,15,101,1,0,20,8,8.0,2,128,6,0,2100000.0,2
70,15,101,1,0,0,9,16.0,2,120,6,0,900000.0,2
71,15,101,1,3,0,9,8.0,2,128,3,0,3000000.0,2
72,15,101,1,3,0,8,8.0,2,256,2,0,4200000.0,2
73,15,101,1,3,21,9,16.0,0,256,3,0,15900000.0,2
74,15,101,1,1,0,14,32.0,0,500,6,0,4250000.0,2
75,15,101,0,0,0,12,4.0,2,250,6,0,650000.0,2
76,15,101,1,3,0,9,8.0,2,256,3,0,3900000.0,2
77,15,101,1,3,0,8,16.0,1,256,3,0,8500000.0,2
78,15,101,0,12,21,8,8.0,1,128,3,0,5750000.0,2
79,15,101,1,0,21,9,8.0,2,500,2,0,6500000.0,2
80,15,101,0,1,0,9,32.0,1,1500,3,0,19900000.0,2
81,15,101,0,3,0,9,16.0,1,128,6,0,11830000.0,2
82,15,101,1,3,21,9,8.0,2,256,3,0,5800000.0,2
83,15,101,1,0,20,9,8.0,2,128,3,0,1490000.0,2
84,15,101,0,1,21,9,8.0,2,256,2,0,7500000.0,2
85,15,101,0,1,0,14,32.0,1,512,6,0,6500000.0,2
86,15,101,2,1,0,10,8.0,1,128,3,0,3750000.0,2
87,15,101,1,0,20,9,8.0,2,250,3,0,3600000.0,2
88,15,101,1,3,21,9,8.0,2,128,3,0,4700000.0,2
89,15,101,0,1,21,14,32.0,0,256,3,0,8000000.0,2
90,15,101,1,0,0,9,8.0,2,250,3,0,3700000.0,2
91,15,101,1,12,21,14,8.0,1,128,6,0,6700000.0,2
92,15,101,1,0,21,14,32.0,1,128,3,0,7000000.0,2
93,15,101,1,12,21,14,16.0,0,256,0,0,3990000.0,2
94,15,101,1,0,0,14,32.0,1,256,6,0,2350000.0,2
95,15,101,1,0,21,10,16.0,0,1000,3,0,6000000.0,2
96,15,101,1,1,0,9,32.0,2,512,1,0,6000000.0,2
97,15,101,2,0,0,10,8.0,2,128,3,0,2250000.0,2
98,15,101,0,0,21,9,16.0,1,256,3,0,7890000.0,2
99,15,101,1,0,20,9,4.0,2,128,6,0,4500000.0,2
100,15,101,0,9,0,14,64.0,0,256,5,0,4700000.0,2
101,15,101,0,1,0,9,32.0,1,512,6,0,25300000.0,2
102,15,101,0,12,21,9,8.0,2,128,3,0,5500000.0,2
103,15,101,1,3,0,9,8.0,2,128,3,0,2800000.0,2
104,15,101,0,1,21,14,64.0,1,500,6,0,10500000.0,2
105,15,101,1,1,0,10,16.0,1,250,6,0,6500000.0,2
106,15,101,2,0,0,10,8.0,1,128,3,0,1900000.0,2
107,15,101,2,0,0,9,8.0,1,500,3,0,3000000.0,2
108,15,101,1,0,20,9,8.0,2,120,3,0,2200000.0,2
109,15,101,1,0,0,8,8.0,2,120,3,0,2000000.0,2
110,15,101,1,12,0,9,32.0,1,250,6,0,10000000.0,2
111,15,101,0,9,0,14,64.0,0,256,5,0,5850000.0,2
112,15,101,0,1,21,10,8.0,2,320,1,0,5550000.0,2
113,15,101,1,1,21,9,8.0,1,120,6,0,3200000.0,2
114,15,101,1,9,21,8,16.0,1,250,3,0,11000000.0,2
115,15,101,1,0,21,14,16.0,1,750,6,0,8500000.0,2
116,15,101,1,0,0,8,8.0,2,128,3,0,1800000.0,2
117,15,101,0,0,20,8,64.0,2,120,6,0,5555555.0,2
118,15,101,1,1,21,14,32.0,0,500,1,0,4900000.0,2
119,15,101,1,12,21,14,32.0,0,1000,6,0,7500000.0,2
120,15,101,0,9,0,14,64.0,0,512,5,0,7990000.0,2
121,15,101,0,12,21,9,8.0,1,128,6,0,3800000.0,2
122,15,101,1,12,0,9,8.0,0,128,6,0,3400000.0,2
123,15,101,1,1,21,8,8.0,1,120,6,0,1700000.0,2
124,15,101,1,1,20,9,8.0,2,120,6,0,2400000.0,2
125,15,101,1,0,0,8,4.0,2,500,3,0,1900000.0,2
126,15,101,1,3,0,9,8.0,2,256,3,0,2500000.0,2
127,15,101,1,1,0,14,32.0,2,512,3,0,7200000.0,2
128,15,101,0,9,0,14,64.0,0,256,5,0,5300000.0,2
129,15,101,1,1,21,9,8.0,2,256,6,0,8800000.0,2
130,15,101,2,0,0,8,4.0,2,128,3,0,400000.0,2
131,15,101,0,1,0,10,32.0,1,1000,3,0,27200000.0,2
132,15,101,1,3,21,9,8.0,0,128,2,0,4800000.0,2
133,15,101,1,3,0,9,8.0,2,250,1,0,2900000.0,2
134,15,101,1,0,21,8,8.0,1,120,3,0,3000000.0,2
135,15,101,1,0,0,8,16.0,2,500,3,0,1500000.0,2
136,15,101,1,0,21,8,8.0,0,128,6,0,5499999.0,2
137,15,101,0,9,21,9,8.0,2,128,6,0,3850000.0,2
138,15,101,0,12,21,9,8.0,2,128,6,0,4000000.0,2
139,15,101,1,1,18,8,8.0,2,128,3,0,2500000.0,2
140,15,101,1,1,0,10,8.0,2,256,3,0,990000.0,2
141,15,101,1,12,21,9,8.0,0,128,3,0,7500000.0,2
142,15,101,1,3,0,9,8.0,2,256,2,0,1450000.0,2
143,15,101,1,1,0,8,8.0,2,128,0,0,1600000.0,2
144,15,101,1,0,0,14,16.0,1,250,3,0,6500000.0,2
145,15,101,1,0,21,8,16.0,2,512,3,0,3700000.0,2
146,15,101,1,0,21,8,8.0,2,500,6,0,7900000.0,2
147,15,101,1,1,0,9,16.0,2,512,3,0,9000000.0,2
148,15,101,1,0,21,9,8.0,2,250,3,0,4000000.0,2
149,15,101,2,3,0,9,8.0,2,256,2,0,1500000.0,2
150,15,101,1,0,20,8,8.0,2,128,6,0,1750000.0,2
151,15,101,1,0,21,8,8.0,1,128,6,0,2500000.0,2
152,15,101,1,3,0,9,8.0,2,250,1,0,3400000.0,2
153,15,101,1,0,0,5,4.0,2,128,3,0,1200000.0,2
154,15,101,1,1,20,9,16.0,1,128,6,0,3190000.0,2
155,15,101,1,12,0,14,32.0,0,512,6,0,6000000.0,2
156,15,101,2,1,21,9,16.0,1,256,1,0,5490000.0,2
157,15,101,1,1,21,14,32.0,0,500,1,0,7000000.0,2
158,15,101,1,0,0,9,8.0,1,256,6,0,4300000.0,2
159,15,101,1,1,21,14,16.0,0,256,8,0,4200000.0,2
160,15,101,1,3,21,9,16.0,1,256,6,0,4900000.0,2
161,15,101,1,1,21,9,8.0,1,256,1,0,4490000.0,2
162,15,101,1,0,0,14,32.0,1,500,6,0,6900000.0,2
163,15,101,0,12,21,9,8.0,1,256,6,0,3500000.0,2
164,15,101,0,12,21,9,8.0,1,256,6,0,3800000.0,2
165,15,101,1,1,21,9,16.0,1,250,1,0,5490000.0,2
166,15,101,1,0,0,8,8.0,2,256,3,0,2600000.0,2
167,15,101,0,12,21,9,8.0,1,128,6,0,3200000.0,2
168,15,101,0,12,21,9,8.0,1,128,6,0,3500000.0,2
169,15,101,1,3,21,8,8.0,1,256,3,0,7500000.0,2
170,15,101,1,0,0,8,16.0,2,1000,3,0,1900000.0,2
171,15,101,1,1,21,8,4.0,2,120,2,0,3200000.0,2
172,15,101,1,0,0,9,32.0,1,500,3,0,18900000.0,2
173,15,101,0,9,0,9,8.0,2,128,1,0,2500000.0,2
174,15,101,1,1,0,8,8.0,1,256,3,0,8000000.0,2
175,15,101,0,12,21,9,8.0,2,256,3,0,5500000.0,2
176,15,101,1,3,20,9,4.0,2,128,2,0,2600000.0,2
177,15,101,0,0,21,10,16.0,1,256,6,0,8990000.0,2
178,15,101,0,12,21,8,8.0,2,128,6,0,5000000.0,2
179,15,101,1,1,0,14,32.0,1,128,6,0,4500000.0,2
180,15,101,1,2,20,9,8.0,2,128,3,0,2500000.0,2
181,15,101,1,3,0,10,8.0,1,128,3,0,5900000.0,2
182,15,101,1,3,21,10,16.0,0,128,3,0,4500000.0,2
183,15,101,2,0,0,9,8.0,2,128,3,0,2300000.0,2
184,15,101,1,0,0,14,32.0,0,256,3,0,7700000.0,2
185,15,101,1,1,21,10,8.0,1,128,1,0,3300000.0,2
186,15,101,1,1,0,10,16.0,1,512,1,0,8900000.0,2
187,15,101,1,12,21,14,32.0,0,256,3,0,8900000.0,2
188,15,101,1,1,21,14,32.0,0,250,3,0,7900000.0,2
189,15,101,1,3,0,14,16.0,2,256,3,0,5000000.0,2
190,15,101,0,1,20,9,32.0,1,512,3,0,6900000.0,2
191,15,101,1,1,21,9,8.0,1,128,6,0,3600000.0,2
192,15,101,0,3,0,14,64.0,0,256,6,0,5500000.0,2
193,15,101,1,1,0,8,8.0,1,250,3,0,2950000.0,2
194,15,101,1,1,21,4,8.0,2,500,3,0,4500000.0,2
195,15,101,1,0,21,14,16.0,2,256,3,0,2850000.0,2
196,15,101,1,0,21,8,8.0,2,480,5,0,3200000.0,2
197,15,101,1,0,21,9,8.0,2,1000,3,0,10000000.0,2
198,15,101,1,0,0,8,16.0,2,120,3,0,8000000.0,2
199,15,101,1,0,21,14,16.0,0,256,6,0,6500000.0,2
200,15,101,1,1,21,9,8.0,1,250,6,0,6490000.0,2
201,15,101,1,0,20,9,6.0,2,500,3,0,2500000.0,2
202,15,101,1,0,0,12,4.0,2,500,3,0,550000.0,2
203,15,101,1,1,21,14,16.0,1,500,4,0,3800000.0,2
204,15,101,1,12,21,14,16.0,0,256,0,0,7500000.0,2
205,15,101,1,2,21,9,16.0,1,128,6,0,4800000.0,2
206,15,101,1,1,20,9,8.0,2,128,6,0,2700000.0,2
207,15,101,1,3,0,9,16.0,2,512,1,0,2400000.0,2
208,15,101,1,0,21,10,8.0,1,480,6,0,5900000.0,2
209,15,101,0,1,21,10,16.0,1,256,6,0,4100000.0,2
210,15,101,1,1,0,14,16.0,0,128,3,0,6400000.0,2
211,15,101,0,9,21,9,8.0,1,128,6,0,3800000.0,2
212,15,101,0,1,21,9,8.0,1,256,6,0,3800000.0,2
213,15,101,1,0,21,8,8.0,1,250,5,0,4000000.0,2
214,15,101,1,0,16,9,8.0,1,1000,6,0,2000000.0,2
215,15,101,1,0,0,8,4.0,2,1000,3,0,1900000.0,2
216,15,101,1,0,16,9,8.0,1,128,6,0,1500000.0,2
217,15,101,0,0,0,8,8.0,2,250,6,0,8500000.0,2
218,15,101,1,1,20,6,4.0,2,500,6,0,1500000.0,2
219,15,101,0,1,0,11,32.0,2,500,6,0,49890000.0,2
220,15,101,1,12,0,9,32.0,1,1000,6,0,18750000.0,2
221,15,101,1,0,0,9,8.0,2,250,3,0,2350000.0,2
222,15,101,0,1,0,9,16.0,1,256,6,0,7700000.0,2
223,15,101,1,0,20,8,16.0,2,128,3,0,4500000.0,2
224,15,101,0,1,0,11,32.0,1,512,6,0,48490000.0,2
225,15,101,1,1,20,9,8.0,1,256,6,0,3900000.0,2
226,15,101,1,0,21,17,16.0,1,250,3,0,4868686.0,0
227,15,101,1,1,0,14,16.0,0,256,3,0,5000000.0,2
228,15,101,0,1,0,11,32.0,1,500,6,0,40990000.0,2
229,15,101,1,1,21,9,16.0,1,500,1,0,4290000.0,2
230,15,101,1,0,20,6,1.0,2,320,5,0,1000000.0,2
231,15,101,1,1,21,10,8.0,1,128,6,0,5500000.0,2
232,15,101,1,1,0,14,16.0,0,256,3,0,5600000.0,2
233,15,101,1,1,0,10,32.0,0,500,6,0,27490000.0,2
234,15,101,1,1,21,9,16.0,1,256,3,0,15000000.0,2
235,15,101,1,0,21,14,32.0,1,1500,6,0,10800000.0,2
236,15,101,1,0,0,9,8.0,2,320,3,0,300000.0,2
237,15,101,1,1,21,9,32.0,2,1000,6,0,35000000.0,2
238,15,101,1,1,0,14,64.0,0,512,1,0,7500000.0,2
239,15,101,1,3,0,10,16.0,2,512,1,0,4000000.0,2
240,15,101,0,1,0,9,16.0,1,512,6,0,13290000.0,2
241,15,101,1,1,0,9,8.0,1,128,3,0,2500000.0,2
242,15,101,1,0,20,14,8.0,1,128,3,0,2000000.0,2
243,15,101,1,3,20,8,8.0,2,120,2,0,2300000.0,2
244,15,101,0,1,0,10,16.0,1,512,6,0,22790000.0,2
245,15,101,1,0,0,8,8.0,2,128,3,0,3500000.0,2
246,15,101,1,0,0,9,4.0,2,320,3,0,1800000.0,2
247,15,101,1,1,0,9,8.0,0,256,6,0,3850000.0,2
248,15,101,0,1,0,9,16.0,1,500,6,0,15890000.0,2
249,15,101,1,0,20,8,4.0,2,128,6,0,3000000.0,2
250,15,101,1,0,0,9,8.0,2,256,3,0,4200000.0,2
251,15,101,1,1,0,11,32.0,1,512,6,0,20990000.0,2
252,15,101,1,3,0,9,8.0,2,128,2,0,1000000.0,2
253,15,101,1,0,21,9,8.0,2,120,3,0,3900000.0,2
254,15,101,1,1,21,14,32.0,0,128,6,0,3900000.0,2
255,15,101,0,1,0,11,32.0,1,1000,6,0,32090000.0,2
256,15,101,1,0,0,7,4.0,2,500,3,0,1100000.0,2
257,15,101,1,1,0,14,16.0,1,120,5,0,2999000.0,2
258,15,101,1,0,20,9,8.0,2,500,6,0,1900000.0,2
259,15,101,1,1,20,9,8.0,2,128,6,0,2300000.0,2
260,15,101,1,3,0,9,8.0,1,128,3,0,2300000.0,2
261,15,101,1,1,0,9,32.0,1,1000,6,0,20220000.0,2
262,15,101,1,1,0,9,8.0,1,250,6,0,7740000.0,2
263,15,101,1,1,21,9,16.0,2,128,3,0,6500000.0,2
264,15,101,1,1,20,14,32.0,2,1000,3,0,8000000.0,2
265,15,101,1,1,21,8,8.0,2,256,6,0,3200000.0,2
266,15,101,1,5,21,9,16.0,2,256,3,0,10500000.0,2
267,15,101,0,1,0,11,64.0,1,500,6,0,27990000.0,2
268,15,101,0,1,0,9,16.0,1,512,6,0,22990000.0,2
269,15,101,1,0,20,9,16.0,2,256,3,0,4500000.0,2
270,15,101,1,1,20,9,16.0,0,120,3,0,3900000.0,2
271,15,101,1,5,21,9,16.0,2,1000,1,0,37500000.0,2
272,15,101,1,3,21,9,8.0,1,128,3,0,4000000.0,2
273,15,101,0,12,21,9,8.0,1,256,6,0,6800000.0,2
274,15,101,1,0,0,14,16.0,2,500,3,0,8700000.0,2
275,15,101,0,9,21,12,8.0,2,128,3,0,1650000.0,2
276,15,101,1,0,0,9,8.0,2,120,3,0,1300000.0,2
277,15,101,1,1,0,9,16.0,1,500,3,0,24990000.0,2
278,15,101,1,1,21,10,16.0,1,1500,3,0,6500000.0,2
279,15,101,1,0,0,8,6.0,2,128,3,0,1350000.0,2
280,15,101,1,1,0,10,8.0,2,250,3,0,8000000.0,2
281,15,101,0,1,0,10,32.0,1,500,6,0,27390000.0,2
282,15,101,0,12,21,8,8.0,2,128,6,0,3500000.0,2
283,15,101,1,0,0,9,16.0,2,128,3,0,6999999.0,2
284,15,101,1,1,0,9,8.0,2,128,3,0,1650000.0,2
285,15,101,0,1,0,8,16.0,1,256,3,0,10990000.0,2
286,15,101,1,0,0,9,4.0,2,128,3,0,550000.0,2
287,15,101,1,0,0,9,6.0,2,500,3,0,200000.0,2
288,15,101,1,0,21,10,16.0,2,128,3,0,4700000.0,2
289,15,101,1,0,0,9,8.0,2,256,6,0,5000000.0,2
290,15,101,1,0,21,14,32.0,1,1000,1,0,17000000.0,2
291,15,101,1,0,20,9,4.0,2,250,6,0,250000.0,2
292,15,101,1,9,21,9,6.0,2,480,4,0,2900000.0,2
293,15,101,1,0,0,9,32.0,2,500,3,0,6200000.0,2
294,15,101,1,0,21,10,8.0,2,128,3,0,5700000.0,2
295,15,101,1,1,0,9,8.0,1,256,3,0,8000000.0,2
296,15,101,1,0,0,14,64.0,2,480,3,0,4500000.0,2
297,15,101,1,2,20,9,8.0,2,128,6,0,2600000.0,2
298,15,101,1,1,21,8,8.0,1,500,6,0,7500000.0,2
299,15,101,2,0,0,12,2.0,2,128,3,0,300000.0,2
300,15,101,1,0,20,6,1.0,0,320,3,0,650000.0,2
301,15,101,1,12,21,14,32.0,0,512,2,0,7500000.0,2
302,15,101,1,0,0,12,8.0,2,128,3,0,250000.0,2
303,15,101,1,1,21,0,8.0,0,128,3,0,4300000.0,0
304,15,101,1,0,0,9,16.0,0,128,3,0,4900000.0,2
305,15,101,1,12,21,14,32.0,0,500,6,0,4000000.0,2
306,15,101,0,1,0,14,64.0,0,256,6,0,7300000.0,2
307,15,101,1,0,0,14,32.0,1,250,3,0,22000000.0,2
308,15,101,1,0,21,9,8.0,0,256,6,0,14000000.0,2
309,15,101,1,3,0,14,8.0,2,120,3,0,5890000.0,2
310,15,101,1,0,0,8,8.0,2,120,3,0,1400000.0,2
311,15,101,0,12,21,9,8.0,1,256,6,0,7500000.0,2
312,15,101,1,1,16,9,8.0,0,128,6,0,1600000.0,2
313,15,101,1,0,16,9,8.0,1,1000,3,0,2500000.0,2
314,15,101,1,0,16,12,2.0,2,128,3,0,850000.0,2
315,15,101,1,0,0,9,8.0,1,256,3,0,6300000.0,2
316,15,101,1,1,21,8,16.0,1,1000,3,0,7500000.0,2
317,15,101,0,0,0,9,16.0,2,512,6,0,8000000.0,2
318,15,101,1,0,18,12,4.0,2,320,6,0,1200000.0,2
319,15,101,1,0,0,10,8.0,2,500,3,0,3900000.0,2
320,15,101,1,1,0,9,8.0,2,128,6,0,1050000.0,2
321,15,101,1,0,0,8,8.0,2,128,3,0,2650000.0,2
322,15,101,1,0,0,10,16.0,1,250,3,0,12000000.0,2
323,15,101,1,1,21,9,8.0,2,1500,6,0,9500000.0,2
324,15,101,1,9,0,14,64.0,2,1000,3,0,12000000.0,2
325,15,101,1,0,18,9,8.0,2,128,5,0,1350000.0,2
326,15,101,1,0,0,10,16.0,2,128,3,0,4100000.0,2
327,15,101,1,0,20,8,8.0,2,128,3,0,2600000.0,2
328,15,101,1,12,21,14,16.0,0,500,8,0,4500000.0,2
329,15,101,1,12,21,14,16.0,0,500,3,0,5600000.0,2
330,15,101,1,1,16,9,8.0,2,512,6,0,9000000.0,2
331,15,101,1,0,0,9,8.0,2,250,3,0,500000.0,2
332,15,101,1,1,21,14,32.0,1,500,6,0,6600000.0,2
333,15,101,1,0,0,6,4.0,2,128,3,0,400000.0,2
334,15,101,0,0,0,14,32.0,1,128,3,0,5990000.0,2
335,15,101,1,0,0,6,6.0,2,128,3,0,1050000.0,2
336,15,101,1,1,0,9,16.0,1,500,3,0,8500000.0,2
337,15,101,1,2,21,9,16.0,1,250,6,0,8000000.0,2
338,15,101,1,9,21,9,8.0,2,120,3,0,3450000.0,2
339,15,101,1,0,0,14,8.0,1,128,3,0,4600000.0,2
340,15,101,1,0,21,14,16.0,1,256,3,0,4000000.0,2
341,15,101,1,0,21,8,8.0,2,128,3,0,2600000.0,2
342,15,101,1,1,21,9,8.0,2,256,3,0,8000000.0,2
343,15,101,1,0,0,9,8.0,2,128,3,0,3000000.0,2
344,15,101,1,0,21,8,8.0,1,128,3,0,5000000.0,2
345,15,101,0,0,0,14,32.0,1,128,6,0,2300000.0,2
346,15,101,1,12,0,8,8.0,0,128,6,0,4550000.0,2
347,15,101,1,0,21,9,8.0,1,128,6,0,7900000.0,2
348,15,101,1,0,21,8,8.0,2,128,5,0,3500000.0,2
349,15,101,1,3,0,10,8.0,2,250,1,0,3600000.0,2
350,15,101,1,1,0,12,8.0,2,128,6,0,1750000.0,2
351,15,101,1,0,0,9,4.0,2,500,3,0,2000000.0,2
352,15,101,1,0,20,8,4.0,2,128,3,0,2500000.0,2
353,15,101,1,3,20,8,8.0,2,256,3,0,2500000.0,2
354,15,101,1,0,0,14,32.0,1,120,3,0,2200000.0,2
355,15,101,1,12,0,10,32.0,1,500,3,0,17000000.0,2
356,15,101,0,1,21,9,16.0,1,256,6,0,5500000.0,2
357,15,101,1,0,0,9,8.0,2,1000,3,0,8000000.0,2
358,15,101,0,0,0,9,8.0,2,128,6,0,2300000.0,2
359,15,101,1,0,21,8,8.0,1,256,3,0,5700000.0,2
360,15,101,1,1,21,14,16.0,1,256,3,0,2999000.0,2
361,15,101,0,2,20,14,32.0,0,256,6,0,6500000.0,2
362,15,101,1,5,21,14,64.0,1,120,6,0,5000000.0,2
363,15,101,1,0,20,9,8.0,2,128,3,0,3200000.0,2
364,15,101,1,1,21,9,8.0,0,128,3,0,16500000.0,2
365,15,101,1,0,18,6,4.0,2,250,3,0,1500000.0,2
366,15,101,1,1,21,14,16.0,0,256,3,0,7400000.0,2
367,15,101,0,0,0,14,64.0,1,256,6,0,6500000.0,2
368,15,101,1,0,18,9,8.0,2,128,3,0,1700000.0,2
369,15,101,1,0,0,9,8.0,2,256,3,0,3900000.0,2
370,15,101,1,0,0,10,16.0,2,1000,3,0,7200000.0,2
371,15,101,1,0,0,14,64.0,1,512,6,0,7900000.0,2
372,15,101,1,1,21,9,16.0,0,1000,3,0,6500000.0,2
373,15,101,1,0,21,8,8.0,1,128,6,0,1800000.0,2
374,15,101,1,0,0,9,64.0,2,128,3,0,6800000.0,2
375,15,101,0,12,21,9,8.0,1,250,5,0,6500000.0,2
376,15,101,1,1,20,8,8.0,1,250,3,0,2000000.0,2
377,15,101,1,3,0,9,8.0,2,256,3,0,2800000.0,2
378,15,101,1,0,20,8,8.0,2,1000,3,0,2100000.0,2
379,15,101,1,0,20,9,8.0,2,128,2,0,800000.0,2
380,15,101,0,3,0,14,32.0,1,128,6,0,4300000.0,2
381,15,101,1,0,0,16,8.0,2,250,3,0,6000000.0,0
382,15,101,1,0,0,9,8.0,1,250,3,0,7000000.0,2
383,15,101,1,0,21,9,8.0,2,128,3,0,2600000.0,2
384,15,101,1,0,21,8,8.0,2,120,3,0,3500000.0,2
385,15,101,1,0,0,9,6.0,2,128,3,0,2000000.0,2
386,15,101,1,1,21,9,8.0,2,250,3,0,2900000.0,2
387,15,101,1,0,21,10,8.0,1,128,3,0,5500000.0,2
388,15,101,1,1,18,8,4.0,2,256,6,0,1400000.0,2
389,15,101,1,1,0,8,8.0,1,128,6,0,4300000.0,2
390,15,101,1,0,0,14,16.0,1,128,2,0,2500000.0,2
391,15,101,1,0,20,10,8.0,1,128,6,0,2800000.0,2
392,15,101,1,0,20,10,8.0,2,128,3,0,2250000.0,2
393,15,101,1,0,0,10,8.0,1,128,3,0,3750000.0,2
394,15,101,1,3,0,10,16.0,1,256,3,0,5555555.0,2
395,15,101,1,0,0,9,4.0,2,128,3,0,2000000.0,2
396,15,101,1,0,0,9,16.0,1,256,3,0,8800000.0,2
397,15,101,1,0,20,8,6.0,2,500,3,0,1000000.0,2
398,15,101,1,12,0,9,4.0,2,256,2,0,1500000.0,2
399,15,101,1,1,0,9,8.0,1,128,3,0,1990000.0,2
400,15,101,1,1,0,9,16.0,1,256,3,0,7200000.0,2
401,15,101,0,12,20,8,8.0,1,320,6,0,3200000.0,2
402,15,101,0,12,0,14,32.0,1,250,1,0,6500000.0,2
403,15,101,1,1,21,14,16.0,1,256,2,0,4500000.0,2
404,15,101,1,0,20,12,4.0,2,250,3,0,1150000.0,2
405,15,101,1,1,21,9,8.0,1,128,2,0,5000000.0,2
406,15,101,1,0,0,8,8.0,2,128,3,0,900000.0,2
407,15,101,1,0,0,9,8.0,2,128,3,0,7999999.0,2
408,15,101,0,0,0,18,16.0,2,700,3,0,6500000.0,0
409,15,101,1,0,0,9,0.5,2,120,5,0,1890000.0,2
410,15,101,0,1,0,9,16.0,1,256,6,0,5500000.0,2
411,15,101,1,0,20,8,4.0,2,120,6,0,1800000.0,2
412,15,101,1,1,0,9,4.0,2,500,3,0,1350000.0,2
413,15,101,1,0,16,9,4.0,2,128,3,0,500000.0,2
414,15,101,0,12,21,9,16.0,1,256,6,0,14888888.0,2
415,15,101,1,1,18,9,8.0,2,128,6,0,1500000.0,2
416,15,101,1,1,20,9,8.0,1,128,6,0,3400000.0,2
417,15,101,1,3,0,9,16.0,2,256,2,0,4500000.0,2
418,15,101,1,0,0,6,4.0,2,250,3,0,550000.0,2
419,15,101,1,1,0,14,64.0,1,1000,3,0,28500000.0,2
420,15,101,1,1,0,9,16.0,1,256,3,0,7500000.0,2
421,15,101,1,0,0,14,64.0,1,500,3,0,7500000.0,2
422,15,101,0,0,0,8,8.0,2,128,3,0,3600000.0,2
423,15,101,1,0,0,12,4.0,2,128,3,0,450000.0,2
424,15,101,1,0,0,9,8.0,2,128,3,0,999999.0,2
425,15,101,1,3,0,9,8.0,2,500,3,0,2800000.0,2
426,15,101,1,0,0,6,4.0,2,320,3,0,1800000.0,2
427,15,101,1,0,0,8,8.0,2,128,3,0,1450000.0,2
428,15,101,1,3,0,9,16.0,2,512,2,0,3700000.0,2
429,15,101,1,0,0,10,16.0,1,128,6,0,10000000.0,2
430,15,101,1,0,20,9,8.0,2,256,3,0,4000000.0,2
431,15,101,1,1,0,8,8.0,1,128,3,0,5000000.0,2
432,15,101,1,0,0,9,8.0,2,128,3,0,3000000.0,2
433,15,101,1,9,21,9,8.0,2,256,3,0,5250000.0,2
434,15,101,1,1,21,9,16.0,2,250,6,0,3700000.0,2
435,15,101,1,1,0,14,16.0,0,500,6,0,3850000.0,2
436,15,101,1,3,0,9,8.0,2,250,2,0,2700000.0,2
437,15,101,1,0,20,12,8.0,2,120,6,0,1800000.0,2
438,15,101,0,12,21,9,16.0,1,512,3,0,16900000.0,2
439,15,101,1,0,0,8,8.0,1,128,3,0,2800000.0,2
440,15,101,1,1,0,14,64.0,0,1500,3,0,14500000.0,2
441,15,101,1,0,0,8,8.0,2,120,3,0,1500000.0,2
442,15,101,1,3,0,9,8.0,2,256,3,0,9500000.0,2
443,15,101,1,3,21,9,8.0,2,256,3,0,7500000.0,2
444,15,101,1,2,21,8,16.0,0,128,6,0,8800000.0,2
445,15,101,1,1,0,8,8.0,1,500,6,0,900000.0,2
446,15,101,1,3,0,9,16.0,2,256,2,0,3900000.0,2
447,15,101,1,1,21,10,16.0,0,1500,3,0,6800000.0,2
448,15,101,1,0,0,9,8.0,2,128,3,0,2500000.0,2
449,15,101,1,3,0,14,32.0,0,500,6,0,4800000.0,2
450,15,101,2,0,18,9,8.0,2,128,3,0,2100000.0,2
451,15,101,1,1,0,8,4.0,2,120,2,0,1100000.0,2
452,15,101,1,12,21,8,16.0,2,128,6,0,2500000.0,2
453,15,101,1,0,20,9,8.0,1,128,3,0,2700000.0,2
454,15,101,1,0,0,9,8.0,1,128,3,0,5500000.0,2
455,15,101,0,0,0,8,8.0,1,128,3,0,5750000.0,2
456,15,101,1,0,0,12,4.0,2,1000,6,0,1600000.0,2
457,15,101,1,0,0,10,8.0,1,128,3,0,3800000.0,2
458,15,101,1,0,0,9,8.0,2,128,6,0,1300000.0,2
459,15,101,1,1,21,14,16.0,0,250,3,0,6000000.0,2
460,15,101,1,3,21,8,8.0,2,250,6,0,6599000.0,2
461,15,101,1,0,0,14,8.0,2,128,3,0,6999999.0,2
462,15,101,1,1,0,14,32.0,1,500,0,0,11000000.0,2
463,15,101,1,1,21,9,8.0,2,128,6,0,2900000.0,2
464,15,101,1,0,0,9,64.0,2,128,3,0,20000000.0,2
465,15,101,1,1,0,8,16.0,2,256,3,0,5200000.0,2
466,15,101,1,2,20,9,8.0,2,128,3,0,3200000.0,2
467,15,101,1,0,0,9,4.0,2,256,3,0,2700000.0,2
468,15,101,0,0,0,18,16.0,2,128,6,0,7000000.0,0
469,15,101,1,0,0,9,16.0,1,256,3,0,9700000.0,2
470,15,101,1,3,0,14,32.0,1,500,3,0,5200000.0,2
471,15,101,0,1,0,9,16.0,1,128,1,0,3990000.0,2
472,15,101,1,0,0,14,64.0,1,512,3,0,21200000.0,2
473,15,101,1,0,18,9,0.5,2,128,1,0,900000.0,2
474,15,101,1,1,0,9,8.0,2,120,1,0,1550000.0,2
475,15,101,1,3,0,9,8.0,1,128,3,0,4500000.0,2
476,15,101,1,0,21,14,64.0,1,1500,1,0,15000000.0,2
477,15,101,1,0,0,14,64.0,1,1000,3,0,11900000.0,2
478,15,101,1,1,0,9,8.0,2,120,1,0,1650000.0,2
479,15,101,1,1,20,9,8.0,2,128,6,0,2200000.0,2
480,15,101,1,0,0,14,64.0,2,500,6,0,9000000.0,2
481,15,101,1,3,21,9,16.0,2,512,2,0,12120020.0,2
482,15,101,1,12,21,9,16.0,0,250,6,0,18500000.0,2
483,15,101,1,0,21,9,64.0,2,1500,6,0,7999000.0,2
484,15,101,1,1,0,17,16.0,1,1000,3,0,9560000.0,0
485,15,101,1,0,18,9,16.0,1,500,2,0,3500000.0,2
486,15,101,1,0,16,9,8.0,2,250,3,0,3500000.0,2
487,15,101,1,1,21,9,8.0,0,128,3,0,3100000.0,2
488,15,101,1,3,0,8,8.0,0,256,3,0,5900000.0,2
489,15,101,0,5,20,8,8.0,0,128,6,0,2000000.0,2
490,15,101,1,0,0,6,4.0,2,120,3,0,650000.0,2
491,15,101,0,12,21,8,8.0,0,256,6,0,4000000.0,2
492,15,101,1,0,21,10,32.0,1,256,3,0,10500000.0,2
493,15,101,1,1,0,9,8.0,1,128,7,0,2500000.0,2
494,15,101,1,1,0,9,8.0,0,128,6,0,3490000.0,2
495,15,101,0,0,0,8,16.0,1,256,6,0,6500000.0,2
496,15,101,0,3,21,14,32.0,0,256,6,0,6500000.0,2
497,15,101,1,0,18,9,8.0,2,250,3,0,1999999.0,2
498,15,101,1,0,0,14,16.0,1,128,3,0,2800000.0,2
499,15,101,1,1,0,8,8.0,2,120,3,0,1550000.0,2
500,15,101,1,0,0,8,16.0,0,500,3,0,7000000.0,2
501,15,101,0,12,21,9,8.0,1,500,6,0,1800000.0,2
502,15,101,0,9,21,9,8.0,1,256,6,0,5800000.0,2
503,15,101,1,0,21,8,8.0,1,120,3,0,4200000.0,2
504,15,101,1,12,21,9,8.0,1,256,3,0,5800000.0,2
505,15,101,0,12,21,14,32.0,1,256,6,0,8500000.0,2
506,15,101,1,12,21,16,8.0,0,250,6,0,6800000.0,0
507,15,101,0,12,0,8,8.0,1,120,1,0,1200000.0,2
508,15,101,1,0,0,12,4.0,2,500,6,0,1200000.0,2
509,15,101,1,12,21,10,16.0,2,512,1,0,28500000.0,2
510,15,101,1,0,0,8,8.0,2,120,3,0,1000000.0,2
511,15,101,1,1,0,8,8.0,2,128,3,0,2400000.0,2
512,15,101,1,0,21,9,8.0,1,500,3,0,2000000.0,2
513,15,101,0,12,21,9,16.0,2,256,6,0,11800000.0,2
514,15,101,1,5,21,9,4.0,1,320,3,0,2600000.0,2
515,15,101,1,0,0,14,8.0,1,128,6,0,4500000.0,2
516,15,101,1,0,0,8,8.0,2,250,3,0,8300000.0,2
517,15,101,1,0,21,9,64.0,2,1500,1,0,22800000.0,2
518,15,101,1,0,0,0,4.0,2,250,3,0,600000.0,0
519,15,101,1,5,21,9,8.0,2,256,3,0,8800000.0,2
520,15,101,1,0,21,9,8.0,2,128,6,0,2800000.0,2
521,15,101,0,1,21,9,16.0,0,256,6,0,8300000.0,2
522,15,101,0,9,0,9,16.0,1,256,6,0,7999999.0,2
523,15,101,1,1,21,8,8.0,1,128,3,0,4500000.0,2
524,15,101,1,0,21,8,32.0,0,128,3,0,6300000.0,2
525,15,101,1,1,21,8,8.0,2,256,1,0,7450000.0,2
526,15,101,1,1,21,10,32.0,1,1000,3,0,27000000.0,2
527,15,101,1,0,18,0,8.0,0,500,5,0,2000000.0,0
528,15,101,1,2,0,8,16.0,2,256,1,0,5500000.0,2
529,15,101,1,1,0,6,4.0,2,250,3,0,950000.0,2
530,15,101,0,1,0,9,16.0,1,500,6,0,13190000.0,2
531,15,101,0,9,21,14,8.0,1,128,6,0,4000000.0,2
532,15,101,0,12,0,8,8.0,2,256,6,0,2900000.0,2
533,15,101,1,0,21,9,8.0,1,640,6,0,350000.0,2
534,15,101,1,5,21,10,16.0,1,1000,6,0,450000.0,2
535,15,101,1,0,0,14,8.0,2,128,3,0,7999999.0,2
536,15,101,1,0,0,9,8.0,1,500,6,0,950000.0,2
537,15,101,0,1,0,9,16.0,0,256,6,0,7890000.0,2
538,15,101,1,1,21,9,8.0,2,128,6,0,3800000.0,2
539,15,101,0,12,0,9,16.0,1,256,6,0,10990000.0,2
540,15,101,0,5,0,14,16.0,1,128,6,0,3700000.0,2
541,15,101,1,1,21,14,16.0,1,128,3,0,6000000.0,2
542,15,101,1,0,21,0,16.0,1,128,3,0,7700000.0,0
543,15,101,1,12,0,17,16.0,2,256,6,0,6500000.0,0
544,15,101,0,1,0,8,8.0,1,256,6,0,6990000.0,2
545,15,101,1,1,0,9,4.0,2,128,1,0,950000.0,2
546,15,101,1,0,21,4,4.0,2,128,3,0,3000000.0,2
547,15,101,1,0,0,6,4.0,2,120,3,0,1200000.0,2
548,15,101,1,0,0,9,8.0,2,512,3,0,8800000.0,2
549,15,101,1,0,21,14,64.0,1,512,3,0,11000000.0,2
550,15,101,0,12,21,9,8.0,1,500,6,0,10500000.0,2
551,15,101,0,1,0,8,8.0,2,128,6,0,2990000.0,2
552,15,101,0,12,0,14,32.0,1,512,6,0,21000000.0,2
553,15,101,1,0,0,14,32.0,2,128,3,0,6999999.0,2
554,15,101,0,1,0,9,8.0,2,128,6,0,2790000.0,2
555,15,101,1,3,21,8,8.0,2,256,6,0,5700000.0,2
556,15,101,1,0,0,9,8.0,2,128,3,0,1800000.0,2
557,15,101,1,0,20,9,32.0,2,1000,6,0,140000000.0,2
558,15,101,1,1,21,10,8.0,1,512,8,0,5300000.0,2
559,15,101,1,0,0,9,8.0,2,128,3,0,5750000.0,2
560,15,101,1,1,0,10,8.0,2,1500,6,0,3900000.0,2
561,15,101,1,0,0,10,8.0,2,128,3,0,2250000.0,2
562,15,101,0,3,0,14,32.0,1,256,6,0,3700000.0,2
563,15,101,1,1,20,9,8.0,2,128,6,0,3900000.0,2
564,15,101,1,3,18,9,8.0,2,500,3,0,1600000.0,2
565,15,101,1,3,21,8,32.0,0,512,2,0,15000000.0,2
566,15,101,1,0,20,8,4.0,2,500,3,0,1350000.0,2
567,15,101,1,3,18,9,8.0,2,500,3,0,1500000.0,2
568,15,101,1,1,21,10,16.0,0,128,3,0,3650000.0,2
569,15,101,1,0,0,8,6.0,2,128,3,0,750000.0,2
570,15,101,1,0,0,10,16.0,0,128,6,0,11000000.0,2
571,15,101,1,3,21,9,8.0,1,1500,2,0,4500000.0,2
572,15,101,1,0,0,8,4.0,2,128,3,0,450000.0,2
573,15,101,1,3,18,9,4.0,2,128,3,0,3500000.0,2
574,15,101,1,3,18,10,4.0,2,128,3,0,4300000.0,2
575,15,101,1,3,18,10,4.0,2,128,3,0,3900000.0,2
576,15,101,1,3,18,8,4.0,2,128,3,0,1600000.0,2
577,15,101,1,1,18,8,4.0,2,128,3,0,1500000.0,2
578,15,101,0,3,18,9,4.0,2,128,1,0,3500000.0,2
579,15,101,1,3,21,9,8.0,2,128,3,0,4400000.0,2
580,15,101,1,3,21,9,8.0,2,128,3,0,4500000.0,2
581,15,101,1,3,18,9,4.0,2,128,3,0,5000000.0,2
582,15,101,1,3,21,8,8.0,1,512,6,0,8500000.0,2
583,15,101,1,9,20,9,2.0,2,120,3,0,1700000.0,2
584,15,101,1,0,0,9,8.0,2,128,3,0,2600000.0,2
585,15,101,1,0,0,14,64.0,2,250,3,0,8500000.0,2
586,15,101,1,1,20,8,4.0,2,128,3,0,5300000.0,2
587,15,101,1,1,0,14,64.0,1,256,1,0,3799000.0,2
588,15,101,1,3,21,9,8.0,2,128,6,0,4700000.0,2
589,15,101,1,3,0,10,8.0,2,512,1,0,4500000.0,2
590,15,101,1,0,0,14,8.0,2,128,3,0,8999999.0,2
591,15,101,1,5,21,8,8.0,1,250,6,0,10699999.0,2
592,15,101,1,9,0,9,8.0,2,256,6,0,11500000.0,2
593,15,101,1,0,18,6,8.0,2,250,3,0,1300000.0,2
594,15,101,0,3,21,9,64.0,2,256,6,0,7850000.0,2
595,15,101,1,1,21,10,16.0,0,1500,3,0,6500000.0,2
596,15,101,0,1,21,9,8.0,1,128,3,0,6350000.0,2
597,15,101,1,0,0,12,8.0,2,128,3,0,3500000.0,2
598,15,101,1,3,21,10,8.0,1,250,6,0,9500000.0,2
599,15,101,0,0,21,9,8.0,2,256,6,0,21000000.0,2
600,15,101,1,1,21,10,8.0,2,128,3,0,2250000.0,2
601,15,101,1,0,0,8,8.0,2,128,3,0,1100000.0,2
602,15,101,1,1,0,8,8.0,2,128,6,0,1900000.0,2
603,15,101,1,0,21,8,16.0,1,128,6,0,6000000.0,2
604,15,101,1,1,0,14,64.0,1,1500,3,0,18500000.0,2
605,15,101,0,9,0,8,16.0,1,256,3,0,6700000.0,2
606,15,101,1,0,0,9,16.0,2,512,3,0,4000000.0,2
607,15,101,1,0,21,9,64.0,2,128,3,0,10550000.0,2
608,15,101,1,1,18,7,4.0,2,128,1,0,1650000.0,2
609,15,101,1,0,21,17,8.0,0,250,3,0,9000000.0,0
610,15,101,1,1,0,14,32.0,1,480,6,0,3999999.0,2
611,15,101,1,1,21,9,16.0,1,120,6,0,4700000.0,2
612,15,101,1,0,20,9,8.0,2,1000,6,0,6000000.0,2
613,15,101,1,0,20,9,8.0,2,128,3,0,2750000.0,2
614,15,101,1,1,0,9,16.0,2,128,3,0,4350000.0,2
615,15,101,1,1,0,9,32.0,1,1500,6,0,32000000.0,2
616,15,101,1,9,21,10,32.0,0,1500,3,0,19500000.0,2
617,15,101,1,1,21,8,8.0,1,1000,3,0,8000000.0,2
618,15,101,1,9,21,9,64.0,0,1500,3,0,18500000.0,2
619,15,101,1,0,0,14,16.0,2,120,3,0,1450000.0,2
620,15,101,1,3,21,10,32.0,0,1000,2,0,15600000.0,2
621,15,101,1,9,21,10,16.0,0,256,3,0,16000000.0,2
622,15,101,1,1,21,8,8.0,1,256,3,0,10000000.0,2
623,15,101,0,1,0,17,16.0,1,512,3,0,7900000.0,0
624,15,101,0,12,21,9,16.0,1,256,6,0,7000000.0,2
625,15,101,1,3,0,9,16.0,2,250,1,0,3700000.0,2
626,15,101,1,0,20,8,8.0,2,256,3,0,1750000.0,2
627,15,101,1,1,21,9,8.0,1,1000,3,0,4900000.0,2
628,15,101,1,0,21,9,8.0,2,128,3,0,3900000.0,2
629,15,101,1,1,0,14,32.0,0,256,3,0,6000000.0,2
630,15,101,1,3,0,9,8.0,1,120,3,0,2750000.0,2
631,15,101,1,9,21,9,16.0,0,512,3,0,11000000.0,2
632,15,101,1,3,0,8,16.0,1,500,3,0,9350000.0,2
633,15,101,1,9,21,9,8.0,0,256,6,0,7500000.0,2
634,15,101,1,0,0,10,16.0,1,512,3,0,28900000.0,2
635,15,101,0,1,0,9,8.0,1,256,3,0,9300000.0,2
636,15,101,1,2,20,8,8.0,2,250,6,0,3500000.0,2
637,15,101,0,1,0,14,16.0,2,256,6,0,5500000.0,2
638,15,101,1,0,20,9,8.0,2,128,3,0,3000000.0,2
639,15,101,1,0,0,9,8.0,2,128,3,0,3200000.0,2
640,15,101,0,1,0,8,16.0,1,128,3,0,7500000.0,2
641,15,101,1,3,21,8,8.0,1,128,6,0,3850000.0,2
642,15,101,0,12,21,9,8.0,1,256,6,0,7450000.0,2
643,15,101,0,1,0,8,8.0,1,120,6,0,6850000.0,2
644,15,101,1,5,0,10,32.0,2,1000,1,0,11500000.0,2
645,15,101,0,5,0,10,16.0,1,120,3,0,3500000.0,2
646,15,101,1,0,21,14,16.0,1,640,6,0,7500000.0,2
647,15,101,1,0,0,9,8.0,2,256,3,0,2400000.0,2
648,15,101,1,1,21,8,16.0,0,500,6,0,7500000.0,2
649,15,101,1,0,0,9,8.0,2,128,3,0,3400000.0,2
650,15,101,1,1,21,9,16.0,0,500,6,0,6000000.0,2
651,15,101,1,1,21,14,16.0,1,250,3,0,6950000.0,2
652,15,101,1,0,21,10,16.0,2,120,3,0,5500000.0,2
653,15,101,1,0,0,3,8.0,1,128,3,0,3000000.0,0
654,15,101,1,5,0,14,32.0,2,500,3,0,7500000.0,2
655,15,101,1,3,21,9,8.0,2,1000,3,0,9000000.0,2
656,15,101,1,1,21,9,8.0,1,320,3,0,20000000.0,2
657,15,101,0,3,0,8,8.0,2,128,3,0,2900000.0,2
658,15,101,1,3,21,14,32.0,0,700,3,0,7999000.0,2
659,15,101,1,12,21,14,64.0,0,500,6,0,5399000.0,2
660,15,101,1,0,18,8,4.0,1,128,3,0,4500000.0,2
661,15,101,1,3,0,9,8.0,2,1500,3,0,4000000.0,2
662,15,101,1,0,20,9,8.0,2,128,3,0,2050000.0,2
663,15,101,1,0,18,8,2.0,2,500,6,0,1300000.0,2
664,15,101,1,0,21,11,32.0,2,1000,3,0,20000000.0,2
665,15,101,1,0,0,9,16.0,2,256,3,0,4500000.0,2
666,15,101,1,0,21,10,16.0,2,1500,3,0,9000000.0,2
667,15,101,0,12,21,8,8.0,1,128,6,0,8500000.0,2
668,15,101,1,3,0,10,16.0,2,256,2,0,3800000.0,2
669,15,101,1,1,0,9,8.0,1,128,3,0,4200000.0,2
670,15,101,1,1,0,10,16.0,2,256,3,0,3950000.0,2
671,15,101,1,3,0,9,8.0,2,256,3,0,3700000.0,2
672,15,101,1,0,21,14,16.0,1,128,6,0,3700000.0,2
673,15,101,1,1,0,10,8.0,1,128,3,0,3800000.0,2
674,15,101,1,0,0,8,8.0,2,128,3,0,3250000.0,2
675,15,101,1,3,21,8,8.0,0,1000,3,0,13000000.0,2
676,15,101,1,3,21,9,32.0,0,1000,3,0,16000000.0,2
677,15,101,1,0,21,8,16.0,0,256,6,0,6500000.0,2
678,15,101,1,0,21,10,16.0,0,256,6,0,5000000.0,2
679,15,101,0,1,20,9,8.0,2,128,6,0,3000000.0,2
680,15,101,1,0,21,8,4.0,2,250,6,0,2050000.0,2
681,15,101,1,0,20,9,8.0,2,128,3,0,1799999.0,2
682,15,101,1,1,21,8,8.0,1,120,6,0,9000000.0,2
683,15,101,1,3,21,19,16.0,1,500,3,0,18900000.0,0
684,15,101,1,0,20,12,4.0,2,500,3,0,3200000.0,2
685,15,101,1,1,21,9,32.0,2,256,6,0,13000000.0,2
686,15,101,1,0,0,9,16.0,2,256,3,0,4200000.0,2
687,15,101,1,0,20,9,8.0,2,128,1,0,3800000.0,2
688,15,101,1,12,0,8,16.0,1,1500,3,0,9000000.0,2
689,15,101,1,0,0,14,32.0,1,512,3,0,10500000.0,2
690,15,101,1,1,0,10,8.0,2,120,3,0,4450000.0,2
691,15,101,0,0,0,9,8.0,2,256,5,0,650000.0,2
692,15,101,1,1,20,8,4.0,2,128,6,0,1650000.0,2
693,15,101,1,9,20,9,6.0,1,320,0,0,2566000.0,2
694,15,101,1,12,0,9,8.0,2,256,3,0,3290000.0,2
695,15,101,1,1,21,14,32.0,0,256,3,0,6500000.0,2
696,15,101,1,0,21,9,4.0,2,128,3,0,2850000.0,2
697,15,101,1,1,21,9,8.0,2,512,6,0,4500000.0,2
698,15,101,1,0,21,9,64.0,2,512,3,0,3000000.0,2
699,15,101,1,0,21,9,64.0,2,512,3,0,2000000.0,2
700,15,101,1,1,20,9,8.0,2,128,3,0,2950000.0,2
701,15,101,1,0,0,14,16.0,1,256,3,0,6850000.0,2
702,15,101,1,3,0,9,8.0,2,250,2,0,2200000.0,2
703,15,101,1,0,0,9,16.0,1,128,3,0,10000000.0,2
704,15,101,1,2,20,9,8.0,2,128,3,0,3600000.0,2
705,15,101,1,12,20,9,8.0,1,128,6,0,4990000.0,2
706,15,101,1,0,0,14,64.0,1,512,3,0,14500000.0,2
707,15,101,1,0,18,9,8.0,2,500,7,0,2500000.0,2
708,15,101,1,0,0,13,4.0,2,128,1,0,245000.0,2
709,15,101,2,0,21,9,8.0,2,256,3,0,5200000.0,2
710,15,101,1,0,20,9,8.0,2,640,3,0,1500000.0,2
711,15,101,1,0,0,9,8.0,2,128,3,0,4500000.0,2
712,15,101,1,0,0,9,8.0,2,256,1,0,7999999.0,2
713,15,101,1,0,21,9,8.0,2,120,3,0,6200000.0,2
714,15,101,1,0,0,12,8.0,2,500,3,0,900000.0,2
715,15,101,0,1,20,9,8.0,2,128,6,0,4000000.0,2
716,15,101,1,2,0,9,16.0,1,250,3,0,5500000.0,2
717,15,101,0,0,0,10,8.0,1,128,6,0,4500000.0,2
718,15,101,0,1,21,9,8.0,1,256,3,0,6900000.0,2
719,15,101,1,0,0,10,16.0,2,256,6,0,5300000.0,2
720,15,101,1,1,21,9,8.0,1,256,6,0,7000000.0,2
721,15,101,1,9,0,14,16.0,0,250,6,0,4699000.0,2
722,15,101,0,0,0,8,8.0,2,128,6,0,9850000.0,2
723,15,101,1,0,21,8,8.0,0,250,3,0,7000000.0,2
724,15,101,1,1,0,12,8.0,2,128,3,0,1990000.0,2
725,15,101,1,0,0,8,6.0,2,500,3,0,450000.0,2
726,15,101,1,1,0,14,32.0,2,500,2,0,7900000.0,2
727,15,101,0,1,21,9,64.0,1,1000,3,0,30000000.0,2
728,15,101,1,0,0,10,32.0,2,128,3,0,6000000.0,2
729,15,101,1,0,16,10,16.0,2,256,2,0,5000000.0,2
730,15,101,1,0,0,9,8.0,1,128,3,0,2500000.0,2
731,15,101,1,0,0,10,32.0,1,512,3,0,24750000.0,2
732,15,101,1,0,0,9,8.0,2,512,6,0,9600000.0,2
733,15,101,1,1,18,13,4.0,2,250,3,0,2300000.0,2
734,15,101,1,1,0,9,4.0,2,500,3,0,899000.0,2
735,15,101,1,1,0,8,4.0,2,250,3,0,650000.0,2
736,15,101,1,0,21,8,8.0,1,250,3,0,6000000.0,2
737,15,101,1,12,20,9,8.0,2,256,2,0,1800000.0,2
738,15,101,0,12,21,9,8.0,1,256,6,0,8500000.0,2
739,15,101,0,12,21,9,8.0,1,256,6,0,5800000.0,2
740,15,101,1,0,21,9,64.0,2,250,6,0,5700000.0,2
741,15,101,1,0,21,9,32.0,2,250,6,0,5700000.0,2
742,15,101,1,1,21,9,8.0,2,128,3,0,5000000.0,2
743,15,101,1,0,20,8,8.0,1,128,6,0,2200000.0,2
744,15,101,1,0,0,14,64.0,2,512,3,0,5500000.0,2
745,15,101,1,0,21,9,8.0,0,128,3,0,3700000.0,2
746,15,101,1,0,21,14,8.0,1,120,6,0,4500000.0,2
747,15,101,1,0,0,9,4.0,2,256,3,0,1150000.0,2
748,15,101,1,0,21,12,8.0,1,640,1,0,2750000.0,2
749,15,101,1,1,21,14,16.0,0,250,3,0,6900000.0,2
750,15,101,1,1,0,9,8.0,2,256,6,0,6000000.0,2
751,15,101,1,0,21,9,16.0,2,512,6,0,32000000.0,2
752,15,101,1,0,21,6,4.0,0,250,6,0,980000.0,2
753,15,101,1,1,0,14,32.0,0,256,3,0,6500000.0,2
754,15,101,1,1,21,8,8.0,2,128,3,0,4000000.0,2
755,15,101,1,0,20,9,8.0,1,512,3,0,3500000.0,2
756,15,101,1,1,0,9,8.0,2,128,3,0,1200000.0,2
757,15,101,1,0,21,9,8.0,2,480,3,0,2000000.0,2
758,15,101,1,0,21,9,16.0,0,120,3,0,3700000.0,2
759,15,101,0,1,0,10,8.0,1,128,6,0,5700000.0,2
760,15,101,2,0,0,6,4.0,2,128,1,0,800000.0,2
761,15,101,0,1,0,9,16.0,1,512,6,0,16590000.0,2
762,15,101,0,1,0,9,16.0,2,256,6,0,5300000.0,2
763,15,101,1,0,21,9,32.0,2,120,3,0,2500000.0,2
764,15,101,1,1,21,8,16.0,1,256,3,0,10000000.0,2
765,15,101,1,1,20,9,8.0,2,128,6,0,2500000.0,2
766,15,101,1,0,0,9,8.0,1,128,6,0,4000000.0,2
767,15,101,1,0,0,14,64.0,2,1000,3,0,14500000.0,2
768,15,101,0,1,0,9,16.0,1,512,6,0,17290000.0,2
769,15,101,1,0,0,14,8.0,2,128,3,0,1800000.0,2
770,15,101,0,1,0,9,16.0,1,250,6,0,5100000.0,2
771,15,101,1,9,21,9,8.0,1,128,3,0,5900000.0,2
772,15,101,1,1,21,0,16.0,1,750,3,0,8000000.0,0
773,15,101,1,1,20,9,8.0,1,250,3,0,1690000.0,2
774,15,101,1,3,0,9,16.0,2,1000,6,0,3500000.0,2
775,15,101,1,0,20,9,8.0,1,128,3,0,2500000.0,2
776,15,101,1,1,0,11,32.0,1,512,6,0,20590000.0,2
777,15,101,1,0,18,10,16.0,2,500,3,0,3500000.0,2
778,15,101,1,1,21,8,8.0,1,256,2,0,4900000.0,2
779,15,101,1,0,21,8,8.0,1,128,3,0,4200000.0,2
780,15,101,1,0,0,9,16.0,2,1000,3,0,2100000.0,2
781,15,101,0,12,21,9,8.0,1,256,3,0,500000.0,2
782,15,101,1,1,20,8,4.0,2,128,6,0,1600000.0,2
783,15,101,0,9,0,14,16.0,1,256,3,0,5700000.0,2
784,15,101,1,1,0,9,8.0,1,500,3,0,2400000.0,2
785,15,101,1,0,16,10,16.0,2,500,3,0,3500000.0,2
786,15,101,2,1,0,10,8.0,1,128,3,0,2600000.0,2
787,15,101,1,0,0,9,16.0,2,480,3,0,1700000.0,2
788,15,101,0,12,21,8,8.0,1,256,3,0,9500000.0,2
789,15,101,0,12,21,9,32.0,1,1000,6,0,27500000.0,2
790,15,101,1,0,21,9,16.0,1,250,3,0,7500000.0,2
791,15,101,1,0,21,9,8.0,1,250,3,0,4800000.0,2
792,15,101,1,3,0,9,16.0,1,250,6,0,4500000.0,2
793,15,101,1,3,0,9,16.0,1,256,6,0,10200000.0,2
794,15,101,0,1,0,11,32.0,1,1000,6,0,66890000.0,2
795,15,101,1,1,21,9,16.0,1,256,3,0,5200000.0,2
796,15,101,1,9,0,8,8.0,2,256,3,0,3000000.0,2
797,15,101,1,3,21,10,16.0,2,256,3,0,5800000.0,2
798,15,101,0,1,0,9,8.0,0,128,6,0,3300000.0,2
799,15,101,1,5,0,9,8.0,2,256,6,0,9500000.0,2
800,15,101,0,12,0,9,8.0,2,250,6,0,2200000.0,2
801,15,101,1,0,0,6,8.0,2,128,3,0,490000.0,2
802,15,101,1,3,0,9,8.0,1,256,6,0,5999000.0,2
803,15,101,1,0,0,14,8.0,1,256,3,0,8500000.0,2
804,15,101,1,3,21,9,6.0,0,320,0,0,2300000.0,2
805,15,101,0,12,21,8,4.0,2,128,6,0,3800000.0,2
806,15,101,0,1,21,10,32.0,1,1000,6,0,27990000.0,2
807,15,101,0,1,0,8,8.0,0,128,6,0,3499999.0,2
808,15,101,1,0,0,12,8.0,2,128,3,0,2600000.0,2
809,15,101,1,3,0,12,4.0,2,128,3,0,1800000.0,2
810,15,101,1,1,0,14,64.0,1,1000,6,0,5500000.0,2
811,15,101,0,1,0,11,32.0,1,1000,1,0,41000000.0,2
812,15,101,1,3,0,9,16.0,1,256,3,0,8400000.0,2
813,15,101,1,1,0,8,4.0,2,128,2,0,750000.0,2
814,15,101,1,1,0,10,16.0,2,256,5,0,8500000.0,2
815,15,101,1,0,20,9,4.0,2,500,6,0,3200000.0,2
816,15,101,1,1,20,9,8.0,2,128,3,0,3300000.0,2
817,15,101,1,9,21,14,32.0,1,256,3,0,5999000.0,2
818,15,101,1,1,21,11,32.0,1,1000,6,0,46000000.0,2
819,15,101,1,1,21,9,16.0,1,512,3,0,12000000.0,2
820,15,101,1,1,21,8,8.0,2,256,3,0,7600000.0,2
821,15,101,1,0,18,9,8.0,2,1000,3,0,3000000.0,2
822,15,101,1,0,20,7,4.0,2,128,3,0,2500000.0,2
823,15,101,1,0,0,14,8.0,1,128,1,0,10000000.0,2
824,15,101,1,0,0,14,32.0,1,256,2,0,7990000.0,2
825,15,101,1,1,0,9,8.0,1,128,3,0,2000000.0,2
826,15,101,1,0,0,8,8.0,2,128,3,0,2000000.0,2
827,15,101,1,0,21,14,16.0,1,250,3,0,5600000.0,2
828,15,101,1,1,0,9,8.0,2,256,3,0,1700000.0,2
829,15,101,1,0,21,9,16.0,0,128,6,0,5700000.0,2
830,15,101,1,12,21,9,32.0,0,512,6,0,19950000.0,2
831,15,101,1,1,0,8,8.0,2,128,3,0,2600000.0,2
832,15,101,1,0,0,9,8.0,2,128,3,0,1000000.0,2
833,15,101,1,0,0,9,64.0,1,1500,3,0,200000.0,2
834,15,101,1,0,21,9,8.0,1,512,3,0,2500000.0,2
835,15,101,1,0,0,9,8.0,2,128,3,0,3500000.0,2
836,15,101,1,0,16,9,4.0,2,120,6,0,300000.0,2
837,15,101,1,0,16,10,4.0,1,500,2,0,1300000.0,2
838,15,101,0,12,21,14,32.0,0,256,6,0,5000000.0,2
839,15,101,0,1,21,10,8.0,1,256,6,0,5900000.0,2
840,15,101,1,0,0,9,4.0,1,500,6,0,900000.0,2
841,15,101,0,1,0,11,32.0,1,500,6,0,35490000.0,2
842,15,101,0,12,0,11,32.0,1,1000,6,0,51490000.0,2
843,15,101,1,0,0,11,16.0,1,256,3,0,7990000.0,2
844,15,101,1,1,21,8,16.0,0,256,6,0,12000000.0,2
845,15,101,0,0,0,14,32.0,1,256,5,0,4700000.0,2
846,15,101,1,1,0,9,16.0,2,500,3,0,6200000.0,2
847,15,101,1,1,0,8,16.0,2,128,5,0,3000000.0,2
848,15,101,1,0,0,14,64.0,2,128,3,0,9999999.0,2
849,15,101,2,5,21,9,32.0,1,256,5,0,4000000.0,2
850,15,101,1,1,0,8,16.0,1,256,3,0,8200000.0,2
851,15,101,0,1,0,11,32.0,1,500,6,0,36490000.0,2
852,15,101,0,1,0,9,4.0,1,120,6,0,3300000.0,2
853,15,101,2,0,0,10,16.0,2,256,3,0,4800000.0,2
854,15,101,1,3,0,9,8.0,2,128,3,0,2900000.0,2
855,15,101,1,0,20,8,4.0,2,320,3,0,1850000.0,2
856,15,101,2,0,0,8,8.0,2,128,3,0,2000000.0,2
857,15,101,1,0,21,9,8.0,1,480,6,0,5000000.0,2
858,15,101,2,3,0,9,8.0,2,250,1,0,2550000.0,2
859,15,101,2,0,21,14,32.0,2,250,3,0,6990000.0,2
860,15,101,0,9,0,14,32.0,0,256,5,0,5900000.0,2
861,15,101,0,9,21,9,8.0,0,128,1,0,5500000.0,2
862,15,101,1,3,0,9,8.0,2,128,6,0,1050000.0,2
863,15,101,2,1,21,8,16.0,0,128,3,0,12500000.0,2
864,15,101,2,0,0,9,8.0,2,256,1,0,6990000.0,2
865,15,101,1,0,0,14,8.0,1,512,3,0,5000000.0,2
866,15,101,0,0,21,9,8.0,1,256,3,0,6950000.0,2
867,15,101,1,3,21,9,8.0,2,512,1,0,5700000.0,2
868,15,101,2,0,20,8,8.0,1,128,6,0,3200000.0,2
869,15,101,1,1,21,8,16.0,0,256,3,0,8600000.0,2
870,15,101,1,0,21,0,16.0,1,1500,6,0,11000000.0,0
871,15,101,0,12,0,8,8.0,2,256,3,0,6990000.0,2
872,15,101,1,1,0,9,8.0,1,120,3,0,5000000.0,2
873,15,101,1,3,21,9,8.0,2,250,6,0,3900000.0,2
874,15,101,1,9,0,14,32.0,1,500,3,0,8500000.0,2
875,15,101,1,1,0,9,16.0,0,250,3,0,5100000.0,2
876,15,101,1,0,0,8,4.0,2,500,3,0,1000000.0,2
877,15,101,1,1,0,11,64.0,1,512,6,0,13000000.0,2
878,15,101,1,1,21,10,8.0,0,120,5,0,3850000.0,2
879,15,101,2,0,0,4,2.0,1,120,3,0,500000.0,2
880,15,101,1,3,20,10,8.0,2,120,3,0,3700000.0,2
881,15,101,1,0,0,12,8.0,2,128,2,0,1700000.0,2
882,15,101,1,0,21,9,8.0,1,256,6,0,4000000.0,2
883,15,101,0,1,0,14,32.0,1,128,3,0,4600000.0,2
884,15,101,0,0,0,14,32.0,1,128,3,0,7500000.0,2
885,15,101,1,0,16,6,4.0,2,256,3,0,1000000.0,2
886,15,101,2,0,20,5,8.0,1,128,3,0,1800000.0,2
887,15,101,1,3,21,9,8.0,0,1000,3,0,8500000.0,2
888,15,101,1,1,0,10,8.0,1,128,3,0,3000000.0,2
889,15,101,0,1,0,10,8.0,1,128,3,0,3150000.0,2
890,15,101,1,0,21,0,16.0,1,256,3,0,7800000.0,0
891,15,101,2,1,21,8,8.0,2,250,1,0,4100000.0,2
892,15,101,1,0,0,14,8.0,2,128,3,0,4200000.0,2
893,15,101,1,1,21,11,32.0,2,1000,3,0,52000000.0,2
894,15,101,1,3,0,9,8.0,2,128,3,0,2800000.0,2
895,15,101,1,0,20,9,6.0,2,250,3,0,2300000.0,2
896,15,101,0,0,0,12,8.0,2,256,3,0,4600000.0,2
897,15,101,1,3,20,9,4.0,2,250,3,0,2360000.0,2
898,15,101,1,0,0,8,2.0,2,120,6,0,5500000.0,2
899,15,101,0,12,21,14,32.0,0,250,1,0,7500000.0,2
900,15,101,0,9,21,9,8.0,1,256,1,0,6950000.0,2
901,15,101,1,5,0,17,32.0,1,256,6,0,12900000.0,0
902,15,101,1,0,0,12,4.0,2,120,3,0,1500000.0,2
903,15,101,1,0,0,14,64.0,1,512,3,0,13500000.0,2
904,15,101,1,1,0,8,8.0,2,128,1,0,1900000.0,2
905,15,101,1,1,0,9,8.0,2,256,4,0,10800000.0,2
906,15,101,1,1,21,9,8.0,2,256,3,0,7000000.0,2
907,15,101,1,12,21,9,16.0,1,120,6,0,8500000.0,2
908,15,101,1,0,18,8,8.0,1,128,3,0,3500000.0,2
909,15,101,1,0,0,14,32.0,1,250,3,0,2400000.0,2
910,15,101,1,2,20,8,8.0,2,250,6,0,3200000.0,2
911,15,101,1,0,0,8,8.0,2,250,3,0,2300000.0,2
912,15,101,1,0,0,9,16.0,2,256,3,0,2650000.0,2
913,15,101,1,0,21,10,16.0,1,250,3,0,800000.0,2
914,15,101,1,0,0,14,32.0,1,512,3,0,22800000.0,2
915,15,101,1,0,0,8,8.0,2,128,3,0,3300000.0,2
916,15,101,1,0,21,8,8.0,2,128,3,0,3000000.0,2
917,15,101,1,0,21,14,32.0,0,256,3,0,5000000.0,2
918,15,101,1,0,0,8,4.0,2,128,3,0,2500000.0,2
919,15,101,0,2,21,9,8.0,0,256,6,0,6500000.0,2
920,15,101,1,9,21,9,16.0,2,500,3,0,9500000.0,2
921,15,101,1,0,0,8,4.0,2,500,3,0,750000.0,2
922,15,101,0,12,0,9,16.0,0,256,6,0,11900000.0,2
923,15,101,2,0,0,9,8.0,2,500,3,0,1800000.0,2
924,15,101,1,0,0,9,16.0,2,256,3,0,3800000.0,2
925,15,101,0,9,0,14,32.0,1,128,6,0,5200000.0,2
926,15,101,1,0,0,9,8.0,2,128,3,0,9500000.0,2
927,15,101,1,1,21,8,8.0,2,256,3,0,4490000.0,2
928,15,101,1,0,18,12,4.0,2,250,3,0,850000.0,2
929,15,101,1,0,0,8,8.0,2,250,3,0,2500000.0,2
930,15,101,1,1,0,8,16.0,1,250,6,0,5500000.0,2
931,15,101,1,1,18,12,4.0,2,128,6,0,1299000.0,2
932,15,101,1,0,0,9,8.0,1,128,3,0,2500000.0,2
933,15,101,1,0,16,8,4.0,1,128,3,0,2000000.0,2
934,15,101,1,0,21,9,4.0,2,500,3,0,2000000.0,2
935,15,101,1,0,20,8,8.0,2,256,3,0,4650000.0,2
936,15,101,0,3,0,14,8.0,1,256,6,0,5500000.0,2
937,15,101,1,1,20,8,8.0,2,128,3,0,3200000.0,2
938,15,101,1,3,0,8,8.0,1,128,3,0,4900000.0,2
939,15,101,1,0,21,9,16.0,2,256,3,0,23900000.0,2
940,15,101,2,0,0,9,8.0,2,128,3,0,250000.0,2
941,15,101,1,0,0,0,8.0,2,128,3,0,2500000.0,0
942,15,101,0,12,0,11,32.0,1,512,6,0,17990000.0,2
943,15,101,1,3,21,9,8.0,2,500,3,0,3800000.0,2
944,15,101,0,12,21,9,16.0,1,1500,6,0,12500000.0,2
945,15,101,0,0,0,14,64.0,1,1000,3,0,15000000.0,2
946,15,101,1,0,21,9,8.0,1,500,6,0,320000.0,2
947,15,101,1,0,0,8,8.0,2,512,3,0,3100000.0,2
948,15,101,1,1,0,8,16.0,1,250,6,0,9800000.0,2
949,15,101,1,0,0,9,8.0,2,1500,3,0,10000000.0,2
950,15,101,1,0,21,8,8.0,2,120,6,0,10000000.0,2
951,15,101,1,12,20,9,8.0,1,256,6,0,7300000.0,2
952,15,101,1,1,0,8,16.0,1,256,6,0,5200000.0,2
953,15,101,2,0,20,9,4.0,2,500,3,0,2000000.0,2
954,15,101,1,0,20,9,8.0,2,256,3,0,4000000.0,2
955,15,101,1,12,21,9,8.0,1,128,3,0,7000000.0,2
956,15,101,0,1,0,14,16.0,2,128,6,0,6900000.0,2
957,15,101,1,3,20,5,4.0,2,128,6,0,2300000.0,2
958,15,101,1,0,0,8,4.0,2,128,3,0,2100000.0,2
959,15,101,0,0,21,9,8.0,1,128,3,0,4500000.0,2
960,15,101,1,0,21,9,8.0,1,250,3,0,3200000.0,2
961,15,101,1,0,0,9,8.0,2,128,3,0,2500000.0,2
962,15,101,1,9,21,9,8.0,2,128,6,0,6500000.0,2
963,15,101,2,0,0,10,8.0,1,128,3,0,2500000.0,2
964,15,101,1,0,0,14,8.0,2,256,3,0,4000000.0,2
965,15,101,1,0,18,9,8.0,2,128,3,0,2900000.0,2
966,15,101,1,0,18,9,8.0,2,128,7,0,2500000.0,2
967,15,101,0,1,0,14,64.0,1,256,3,0,9600000.0,2
968,15,101,1,1,21,14,16.0,2,256,1,0,2999000.0,2
969,15,101,0,12,21,9,8.0,1,256,3,0,8600000.0,2
970,15,101,0,1,0,14,64.0,1,256,3,0,7300000.0,2
971,15,101,1,1,0,10,16.0,2,1500,6,0,6200000.0,2
972,15,101,0,0,0,9,8.0,1,128,3,0,6350000.0,2
973,15,101,1,0,0,9,2.0,2,128,3,0,1800000.0,2
974,15,101,1,0,0,10,8.0,1,128,3,0,3450000.0,2
975,15,101,1,1,21,10,8.0,1,128,3,0,3300000.0,2
976,15,101,1,0,21,14,16.0,1,256,3,0,5650000.0,2
977,15,101,0,12,21,9,8.0,1,120,3,0,4000000.0,2
978,15,101,0,12,21,9,16.0,1,256,6,0,8500000.0,2
979,15,101,1,1,18,9,8.0,1,120,6,0,1900000.0,2
980,15,101,1,9,0,14,32.0,1,512,2,0,11500000.0,2
981,15,101,1,0,21,9,8.0,0,128,2,0,15000000.0,2
982,15,101,1,1,0,8,4.0,2,256,2,0,2200000.0,2
983,15,101,1,9,0,9,8.0,2,256,6,0,11900000.0,2
984,15,101,1,3,0,8,8.0,2,256,3,0,2600000.0,2
985,15,101,1,1,0,8,4.0,2,128,6,0,900000.0,2
986,15,101,1,1,0,10,32.0,1,1000,3,0,18800000.0,2
987,15,101,1,1,0,9,16.0,1,256,6,0,7300000.0,2
988,15,101,1,12,0,14,64.0,1,512,3,0,8600000.0,2
989,15,101,1,0,16,9,8.0,2,120,3,0,4000000.0,2
990,15,101,1,1,20,9,8.0,2,120,3,0,4800000.0,2
991,15,101,0,5,21,9,32.0,1,128,5,0,4000000.0,2
992,15,101,1,0,0,14,32.0,0,250,2,0,5500000.0,2
993,15,101,1,1,21,9,16.0,1,500,3,0,11000000.0,2
994,15,101,1,9,0,9,4.0,2,128,3,0,3750000.0,2
995,15,101,0,1,21,9,16.0,1,256,6,0,13450000.0,2
996,15,101,1,1,21,9,8.0,2,128,5,0,4000000.0,2
997,15,101,1,0,0,6,1.0,2,128,3,0,1500000.0,2
998,15,101,1,1,0,14,32.0,1,256,3,0,4200000.0,2
999,15,101,1,0,21,8,8.0,2,256,3,0,4999000.0,2
1000,15,101,1,3,0,17,16.0,0,256,1,0,6900000.0,0
1001,15,101,1,1,21,9,8.0,2,128,6,0,2200000.0,2
1002,15,101,1,1,0,8,8.0,2,500,3,0,1100000.0,2
1003,15,101,1,1,21,14,8.0,1,120,6,0,3500000.0,2
1004,15,101,1,0,18,6,2.0,2,250,3,0,500000.0,2
1005,15,101,1,0,20,9,4.0,2,500,3,0,1500000.0,2
1006,15,101,1,1,0,8,16.0,1,120,3,0,4000000.0,2
1007,15,101,0,0,0,9,8.0,1,250,6,0,3600000.0,2
1008,15,101,1,0,0,9,16.0,1,256,3,0,9000000.0,2
1009,15,101,0,1,21,9,8.0,0,256,6,0,7500000.0,2
1010,15,101,0,1,0,10,32.0,2,1000,1,0,11000000.0,2
1011,15,101,1,3,0,9,8.0,1,500,3,0,9650000.0,2
1012,15,101,1,0,0,14,8.0,1,500,3,0,2500000.0,2
1013,15,101,1,1,21,9,8.0,2,1000,2,0,4900000.0,2
1014,15,101,0,9,21,9,8.0,1,256,6,0,8500000.0,2
1015,15,101,1,1,0,9,16.0,0,512,3,0,7999999.0,2
1016,15,101,1,3,0,14,32.0,1,256,2,0,7700000.0,2
1017,15,101,1,0,0,9,8.0,2,128,6,0,3000000.0,2
1018,15,101,0,12,21,14,64.0,1,500,6,0,10500000.0,2
1019,15,101,1,3,21,9,8.0,1,256,3,0,6800000.0,2
1020,15,101,1,9,0,9,4.0,2,128,5,0,2550000.0,2
1021,15,101,0,1,21,9,16.0,1,500,6,0,18800000.0,2
1022,15,101,1,3,20,9,8.0,2,128,6,0,2150000.0,2
1023,15,101,1,0,0,9,8.0,2,128,3,0,1100000.0,2
1024,15,101,1,1,0,9,8.0,2,128,3,0,1300000.0,2
1025,15,101,1,3,0,9,4.0,2,128,1,0,990000.0,2
1026,15,101,0,0,0,9,16.0,1,256,3,0,9650000.0,2
1027,15,101,1,1,20,9,8.0,1,128,3,0,2500000.0,2
1028,15,101,0,0,21,9,8.0,1,120,6,0,4200000.0,2
1029,15,101,1,1,21,8,16.0,1,256,3,0,9000000.0,2
1030,15,101,1,1,21,8,8.0,2,250,3,0,10000000.0,2
1031,15,101,1,1,21,10,16.0,1,250,3,0,27000000.0,2
1032,15,101,0,1,21,9,8.0,1,256,6,0,9600000.0,2
1033,15,101,1,12,0,8,8.0,2,128,6,0,4600000.0,2
1034,15,101,1,0,21,8,8.0,1,250,3,0,4600000.0,2
1035,15,101,1,0,0,12,4.0,2,120,3,0,3000000.0,2
1036,15,101,1,0,20,9,8.0,2,128,6,0,2200000.0,2
1037,15,101,1,0,20,9,8.0,2,256,3,0,1600000.0,2
1038,15,101,1,1,21,9,16.0,2,256,1,0,3800000.0,2
1039,15,101,1,1,0,10,16.0,2,256,6,0,2450000.0,2
1040,15,101,1,12,21,14,8.0,0,256,2,0,6000000.0,2
1041,15,101,1,1,21,9,16.0,2,256,1,0,3500000.0,2
1042,15,101,1,1,21,14,64.0,1,256,3,0,5000000.0,2
1043,15,101,0,1,0,10,8.0,2,128,3,0,21300000.0,2
1044,15,101,0,9,0,14,64.0,1,256,3,0,6950000.0,2
1045,15,101,1,0,0,14,8.0,2,120,6,0,700000.0,2
1046,15,101,1,1,21,14,32.0,1,256,3,0,8600000.0,2
1047,15,101,1,0,0,10,16.0,2,1000,3,0,4500000.0,2
1048,15,101,1,0,0,12,4.0,2,128,3,0,1600000.0,2
1049,15,101,1,0,0,9,8.0,2,500,3,0,3000000.0,2
1050,15,101,1,0,0,14,64.0,2,512,3,0,9999999.0,2
1051,15,101,1,0,21,8,8.0,2,120,3,0,3500000.0,2
1052,15,101,0,9,0,14,32.0,1,128,6,0,4700000.0,2
1053,15,101,1,0,21,8,8.0,1,256,6,0,4500000.0,2
1054,15,101,1,0,21,8,8.0,2,256,3,0,4500000.0,2
1055,15,101,1,1,21,9,16.0,1,256,6,0,10000000.0,2
1056,15,101,1,0,20,12,4.0,2,500,3,0,1400000.0,2
1057,15,101,1,0,0,8,8.0,2,128,3,0,14000000.0,2
1058,15,101,1,1,21,9,8.0,1,128,3,0,3600000.0,2
1059,15,101,1,0,0,9,8.0,2,128,3,0,5999999.0,2
1060,15,101,1,0,0,9,8.0,2,256,3,0,850000.0,2
1061,15,101,1,0,21,9,16.0,1,128,3,0,6500000.0,2
1062,15,101,1,0,0,6,2.0,1,128,3,0,600000.0,2
1063,15,101,1,0,21,9,8.0,1,128,6,0,3199000.0,2
1064,15,101,1,1,0,8,8.0,1,120,3,0,2000000.0,2
1065,15,101,0,0,0,9,16.0,1,256,3,0,11000000.0,2
1066,15,101,1,5,21,14,64.0,1,1500,2,0,15000000.0,2
1067,15,101,1,0,21,8,8.0,1,128,3,0,4500000.0,2
1068,15,101,0,1,21,9,16.0,1,500,6,0,19500000.0,2
1069,15,101,1,1,21,9,8.0,2,512,6,0,8990000.0,2
1070,15,101,1,3,0,14,16.0,1,128,6,0,3900000.0,2
1071,15,101,1,0,21,9,8.0,2,250,1,0,4000000.0,2
1072,15,101,0,1,21,9,16.0,1,512,6,0,13950000.0,2
1073,15,101,1,0,0,14,32.0,1,256,3,0,7600000.0,2
1074,15,101,1,3,21,10,8.0,2,128,2,0,4500000.0,2
1075,15,101,1,0,0,9,8.0,0,128,3,0,4500000.0,2
1076,15,101,1,1,21,9,16.0,1,256,3,0,6000000.0,2
1077,15,101,1,1,0,9,16.0,2,256,6,0,3500000.0,2
1078,15,101,1,0,21,5,2.0,2,120,6,0,800000.0,2
1079,15,101,1,3,0,10,16.0,2,512,2,0,3200000.0,2
1080,15,101,1,0,20,8,8.0,1,128,6,0,4300000.0,2
1081,15,101,1,0,0,10,16.0,2,512,3,0,5200000.0,2
1082,15,101,1,3,21,8,8.0,1,128,6,0,6500000.0,2
1083,15,101,0,0,0,11,32.0,1,1000,3,0,23500000.0,2
1084,15,101,1,0,0,14,64.0,1,1000,3,0,10500000.0,2
1085,15,101,0,9,0,8,8.0,2,128,6,0,2990000.0,2
1086,15,101,1,1,20,8,4.0,2,250,3,0,3000000.0,2
1087,15,101,1,0,20,8,8.0,2,128,6,0,2500000.0,2
1088,15,101,1,0,0,9,16.0,2,128,6,0,3000000.0,2
1089,15,101,1,0,21,9,4.0,2,128,3,0,2000000.0,2
1090,15,101,1,1,18,8,2.0,2,128,3,0,1000000.0,2
1091,15,101,1,0,0,8,4.0,2,128,5,0,1250000.0,2
1092,15,101,1,1,0,9,16.0,1,128,3,0,8000000.0,2
1093,15,101,1,1,0,9,8.0,2,120,3,0,2190000.0,2
1094,15,101,0,1,0,10,32.0,1,500,6,0,19690000.0,2
1095,15,101,1,9,0,9,16.0,2,512,6,0,6000000.0,2
1096,15,101,1,0,0,8,4.0,2,128,3,0,800000.0,2
1097,15,101,0,3,20,9,8.0,2,128,3,0,3000000.0,2
1098,15,101,0,12,21,8,16.0,1,500,6,0,4900000.0,2
1099,15,101,1,1,20,9,8.0,1,128,3,0,4950000.0,2
1100,15,101,1,3,21,9,16.0,0,1000,3,0,16000000.0,2
1101,15,101,1,0,20,9,8.0,2,128,6,0,2500000.0,2
1102,15,101,0,0,0,8,8.0,1,128,1,0,1550000.0,2
1103,15,101,1,1,21,8,8.0,1,480,3,0,8500000.0,2
1104,15,101,2,0,0,9,8.0,2,500,3,0,2500000.0,2
1105,15,101,1,1,20,10,8.0,1,120,3,0,3550000.0,2
1106,15,101,1,0,0,9,4.0,1,250,3,0,300000.0,2
1107,15,101,1,0,21,9,16.0,1,128,3,0,8000000.0,2
1108,15,101,1,1,20,9,8.0,2,120,3,0,2850000.0,2
1109,15,101,1,1,0,9,8.0,1,128,6,0,2400000.0,2
1110,15,101,1,0,0,9,16.0,1,1000,6,0,5900000.0,2
1111,15,101,1,0,18,6,4.0,2,500,3,0,1500000.0,2
1112,15,101,0,12,21,9,8.0,1,128,6,0,6200000.0,2
1113,15,101,1,0,21,9,32.0,2,250,6,0,7000000.0,2
1114,15,101,0,12,21,9,8.0,1,500,6,0,7500000.0,2
1115,15,101,1,0,21,9,8.0,1,1000,6,0,8500000.0,2
1116,15,101,1,1,21,14,16.0,0,250,3,0,6000000.0,2
1117,15,101,1,0,0,5,8.0,2,128,3,0,250000.0,2
1118,15,101,1,0,0,10,16.0,1,128,3,0,2300000.0,2
1119,15,101,1,0,0,9,4.0,2,128,3,0,1700000.0,2
1120,15,101,1,3,21,9,8.0,2,256,2,0,6900000.0,2
1121,15,101,1,0,21,9,8.0,1,128,6,0,5000000.0,2
1122,15,101,0,1,21,9,16.0,1,250,2,0,10000000.0,2
1123,15,101,1,0,0,9,8.0,2,128,3,0,1500000.0,2
1124,15,101,0,2,21,14,64.0,1,256,6,0,6500000.0,2
1125,15,101,0,1,0,14,64.0,1,256,6,0,4200000.0,2
1126,15,101,1,0,0,9,8.0,0,128,6,0,2000000.0,2
1127,15,101,1,0,21,8,16.0,1,128,3,0,6000000.0,2
1128,15,101,1,0,0,9,8.0,1,120,5,0,3500000.0,2
1129,15,101,1,1,21,9,16.0,2,128,3,0,800000.0,2
1130,15,101,1,1,0,9,8.0,1,128,5,0,2500000.0,2
1131,15,101,1,0,0,8,4.0,2,320,6,0,1000000.0,2
1132,15,101,1,0,0,9,4.0,2,128,3,0,123456.0,2
1133,15,101,1,3,21,0,8.0,0,250,1,0,3900000.0,0
1134,15,101,0,1,0,8,16.0,1,256,6,0,5350000.0,2
1135,15,101,0,0,0,14,16.0,2,128,5,0,2000000.0,2
1136,15,101,1,12,21,9,16.0,1,512,6,0,11300000.0,2
1137,15,101,1,12,21,9,8.0,1,256,6,0,12500000.0,2
1138,15,101,1,0,0,9,8.0,2,1000,3,0,4500000.0,2
1139,15,101,1,1,21,9,8.0,2,250,3,0,1000000.0,2
1140,15,101,1,0,0,9,4.0,2,250,3,0,800000.0,2
1141,15,101,1,0,16,9,8.0,2,320,3,0,1700000.0,2
1142,15,101,1,0,21,8,8.0,2,128,6,0,2000000.0,2
1143,15,101,0,1,0,9,16.0,1,256,6,0,10500000.0,2
1144,15,101,2,0,21,8,8.0,2,128,6,0,2100000.0,2
1145,15,101,1,3,0,10,16.0,2,256,3,0,7500000.0,2
1146,15,101,1,0,16,17,16.0,1,512,3,0,10500000.0,0
1147,15,101,1,3,0,8,8.0,1,250,5,0,3900000.0,2
1148,15,101,0,9,0,9,8.0,1,128,6,0,15200000.0,2
1149,15,101,1,0,0,9,8.0,2,128,3,0,1950000.0,2
1150,15,101,1,0,0,9,8.0,2,128,3,0,2500000.0,2
1151,15,101,1,0,21,14,64.0,1,256,3,0,9000000.0,2
1152,15,101,0,12,0,9,16.0,1,480,6,0,5500000.0,2
1153,15,101,1,0,21,8,8.0,2,128,1,0,3700000.0,2
1154,15,101,0,0,20,9,4.0,2,120,6,0,3000000.0,2
1155,15,101,1,0,0,14,32.0,1,256,3,0,4500000.0,2
1156,15,101,0,12,20,8,8.0,2,128,6,0,2800000.0,2
1157,15,101,1,1,0,8,8.0,2,128,3,0,2150000.0,2
1158,15,101,1,0,0,9,4.0,2,120,3,0,300000.0,2
1159,15,101,1,1,21,8,16.0,1,1500,3,0,9000000.0,2
1160,15,101,2,0,0,14,64.0,0,256,6,0,4800000.0,2
1161,15,101,1,0,0,14,32.0,1,128,3,0,5990000.0,2
1162,15,101,0,0,0,8,16.0,1,256,3,0,7000000.0,2
1163,15,101,1,0,0,8,8.0,0,250,3,0,2800000.0,2
1164,15,101,1,1,21,14,8.0,1,250,6,0,4650000.0,2
1165,15,101,0,0,20,9,16.0,1,250,1,0,4550000.0,2
1166,15,101,1,1,21,10,16.0,0,256,6,0,9600000.0,2
1167,15,101,1,0,21,10,16.0,2,120,3,0,3900000.0,2
1168,15,101,1,1,0,10,4.0,2,128,6,0,2530000.0,2
1169,15,101,1,1,0,9,16.0,2,256,3,0,5000000.0,2
1170,15,101,1,1,0,0,16.0,0,500,6,0,20000000.0,0
1171,15,101,1,0,0,9,2.0,2,128,3,0,1800000.0,2
1172,15,101,1,3,21,14,8.0,2,128,3,0,7600000.0,2
1173,15,101,1,0,21,8,8.0,0,250,1,0,2500000.0,2
1174,15,101,1,1,21,9,8.0,1,128,3,0,5100000.0,2
1175,15,101,1,1,0,8,16.0,0,256,3,0,6500000.0,2
1176,15,101,2,0,0,9,4.0,2,128,3,0,400000.0,2
1177,15,101,1,1,20,9,8.0,2,128,3,0,2050000.0,2
1178,15,101,1,0,18,6,4.0,2,320,3,0,2100000.0,2
1179,15,101,1,0,0,14,64.0,2,128,3,0,8500000.0,2
1180,15,101,1,1,0,10,8.0,2,128,3,0,3300000.0,2
1181,15,101,1,3,21,10,8.0,1,128,3,0,4450000.0,2
1182,15,101,1,1,0,9,6.0,1,120,3,0,2000000.0,2
1183,15,101,1,0,16,9,4.0,2,128,6,0,2500000.0,2
1184,15,101,1,0,0,12,4.0,1,500,6,0,999999.0,2
1185,15,101,1,0,0,14,8.0,2,128,3,0,5500000.0,2
1186,15,101,1,1,0,9,16.0,2,256,3,0,8100000.0,2
1187,15,101,1,1,0,8,8.0,2,120,1,0,1150000.0,2
1188,15,101,1,3,0,9,8.0,2,250,6,0,2600000.0,2
1189,15,101,0,1,21,9,16.0,1,500,6,0,17300000.0,2
1190,15,101,1,0,0,14,16.0,1,128,7,0,3200000.0,2
1191,15,101,1,5,0,9,8.0,2,128,1,0,2700000.0,2
1192,15,101,1,0,20,12,4.0,2,128,3,0,100000.0,2
1193,15,101,1,0,0,9,8.0,1,250,3,0,2700000.0,2
1194,15,101,1,0,18,9,8.0,1,120,3,0,2600000.0,2
1195,15,101,1,1,0,9,8.0,2,128,0,0,1700000.0,2
1196,15,101,1,0,0,9,4.0,2,128,3,0,1900000.0,2
1197,15,101,1,3,0,8,4.0,2,120,3,0,990000.0,2
1198,15,101,0,1,21,9,16.0,1,512,6,0,11700000.0,2
1199,15,101,1,0,0,9,8.0,2,256,3,0,6000000.0,2
1200,15,101,1,1,0,9,16.0,2,128,6,0,2250000.0,2
1201,15,101,2,0,0,9,8.0,2,128,3,0,3200000.0,2
1202,15,101,1,1,21,9,16.0,2,500,3,0,12800000.0,2
1203,15,101,0,1,0,14,32.0,2,256,6,0,6700000.0,2
1204,15,101,1,0,21,17,16.0,1,1000,3,0,10500000.0,0
1205,15,101,1,9,0,9,4.0,2,512,1,0,5000000.0,2
1206,15,101,1,0,21,10,8.0,2,128,3,0,3800000.0,2
1207,15,101,1,3,0,9,8.0,1,120,6,0,3700000.0,2
1208,15,101,1,3,20,9,8.0,1,128,6,0,3500000.0,2
1209,15,101,1,0,0,9,16.0,2,1000,1,0,34900000.0,2
1210,15,101,1,0,21,10,8.0,2,128,3,0,4800000.0,2
1211,15,101,1,1,0,0,16.0,2,128,3,0,3250000.0,0
1212,15,101,1,0,20,9,8.0,2,512,3,0,7200000.0,2
1213,15,101,1,0,21,9,16.0,1,750,6,0,17000000.0,2
1214,15,101,0,1,0,14,32.0,1,256,3,0,9400000.0,2
1215,15,101,1,1,0,9,32.0,2,128,3,0,4990000.0,2
1216,15,101,1,0,0,9,8.0,1,250,3,0,3000000.0,2
1217,15,101,1,0,0,10,4.0,2,1000,3,0,2200000.0,2
1218,15,101,1,0,0,9,8.0,2,128,3,0,1900000.0,2
1219,15,101,1,1,0,9,8.0,2,320,0,0,750000.0,2
1220,15,101,2,0,0,12,4.0,2,120,3,0,1400000.0,2
1221,15,101,1,0,21,9,8.0,2,256,3,0,5200000.0,2
1222,15,101,1,0,18,8,8.0,2,250,3,0,1500000.0,2
1223,15,101,1,1,21,14,16.0,0,128,6,0,4000000.0,2
1224,15,101,1,9,21,9,8.0,2,256,3,0,6500000.0,2
1225,15,101,1,0,21,10,8.0,2,128,6,0,6999000.0,2
1226,15,101,1,1,21,14,16.0,0,256,3,0,7600000.0,2
1227,15,101,1,3,20,9,8.0,2,120,3,0,3700000.0,2
1228,15,101,1,1,21,14,16.0,0,500,3,0,9500000.0,2
1229,15,101,1,3,0,9,8.0,2,120,6,0,1800000.0,2
1230,15,101,1,0,0,12,8.0,2,320,3,0,1500000.0,2
1231,15,101,1,0,0,6,8.0,2,128,3,0,1700000.0,2
1232,15,101,1,1,0,10,16.0,1,250,6,0,13000000.0,2
1233,15,101,1,0,21,9,16.0,1,120,6,0,4500000.0,2
1234,15,101,0,3,21,9,8.0,2,256,6,0,6800000.0,2
1235,15,101,1,1,21,14,32.0,2,256,3,0,9000000.0,2
1236,15,101,1,1,21,8,8.0,1,128,6,0,2200000.0,2
1237,15,101,1,0,0,9,8.0,2,128,3,0,899999.0,2
1238,15,101,1,3,21,9,8.0,0,1000,3,0,7000000.0,2
1239,15,101,1,3,21,9,16.0,0,1500,3,0,8500000.0,2
1240,15,101,1,3,21,9,8.0,2,256,3,0,8000000.0,2
1241,15,101,1,1,18,8,4.0,2,250,6,0,1300000.0,2
1242,15,101,1,3,0,9,16.0,1,256,3,0,10000000.0,2
1243,15,101,1,0,0,14,8.0,1,128,3,0,2500000.0,2
1244,15,101,1,3,0,8,8.0,2,128,3,0,2450000.0,2
1245,15,101,1,0,0,14,64.0,1,1000,3,0,15500000.0,2
1246,15,101,1,0,20,9,8.0,1,128,5,0,2800000.0,2
1247,15,101,1,1,21,10,8.0,1,128,3,0,3450000.0,2
1248,15,101,1,3,0,9,16.0,0,256,3,0,7700000.0,2
1249,15,101,1,1,0,8,8.0,2,128,3,0,2200000.0,2
1250,15,101,0,1,20,10,8.0,1,128,3,0,2250000.0,2
1251,15,101,1,1,0,9,8.0,2,500,3,0,2200000.0,2
1252,15,101,1,1,0,8,6.0,2,500,3,0,1600000.0,2
1253,15,101,1,3,21,9,16.0,2,256,3,0,11600000.0,2
1254,15,101,1,0,0,9,8.0,2,128,3,0,4500000.0,2
1255,15,101,0,1,0,9,32.0,1,512,3,0,15500000.0,2
1256,15,101,1,9,21,9,6.0,1,320,4,0,2600000.0,2
1257,15,101,1,1,0,8,6.0,2,120,3,0,1200000.0,2
1258,15,101,1,0,0,8,4.0,2,128,3,0,1200000.0,2
1259,15,101,1,0,16,9,2.0,2,256,0,0,4000000.0,2
1260,15,101,0,12,0,9,8.0,1,128,3,0,5750000.0,2
1261,15,101,2,0,0,8,8.0,2,512,3,0,1000000.0,2
1262,15,101,1,1,0,9,16.0,1,250,3,0,11000000.0,2
1263,15,101,1,1,21,10,16.0,0,250,3,0,11500000.0,2
1264,15,101,0,0,0,10,32.0,1,512,3,0,25000000.0,2
1265,15,101,1,3,21,9,16.0,2,120,3,0,8500000.0,2
1266,15,101,1,0,21,9,8.0,2,128,6,0,4000000.0,2
1267,15,101,1,1,21,8,16.0,0,120,6,0,8000000.0,2
1268,15,101,1,3,21,9,8.0,2,128,3,0,3999000.0,2
1269,15,101,1,0,21,9,8.0,1,128,3,0,4500000.0,2
1270,15,101,0,12,21,9,16.0,1,1000,3,0,22700000.0,2
1271,15,101,1,1,20,8,8.0,2,250,6,0,70000.0,2
1272,15,101,1,0,0,9,8.0,2,1000,1,0,5800000.0,2
1273,15,101,1,0,21,9,4.0,2,500,1,0,3200000.0,2
1274,15,101,1,0,0,9,4.0,2,128,3,0,1400000.0,2
1275,15,101,1,0,0,16,8.0,2,250,3,0,2500000.0,0
1276,15,101,1,0,0,10,8.0,0,500,3,0,3500000.0,2
1277,15,101,2,0,20,6,4.0,2,120,6,0,1500000.0,2
1278,15,101,1,1,20,6,4.0,2,120,6,0,1500000.0,2
1279,15,101,1,9,20,9,8.0,1,320,0,0,2568000.0,2
1280,15,101,2,0,0,8,8.0,2,128,3,0,2800000.0,2
1281,15,101,1,0,21,8,16.0,2,250,3,0,13500000.0,2
1282,15,101,1,0,0,9,8.0,1,128,5,0,1900000.0,2
1283,15,101,1,3,0,10,16.0,2,512,3,0,2500000.0,2
1284,15,101,1,5,21,9,8.0,2,250,3,0,4700000.0,2
1285,15,101,1,3,21,9,8.0,2,320,3,0,1690000.0,2
1286,15,101,1,3,0,9,8.0,2,250,1,0,2500000.0,2
1287,15,101,2,0,0,10,8.0,2,256,6,0,2100000.0,2
1288,15,101,1,0,20,8,8.0,2,128,3,0,1800000.0,2
1289,15,101,1,1,20,8,8.0,2,250,6,0,3888888.0,2
1290,15,101,0,1,21,14,64.0,1,500,3,0,7700000.0,2
1291,15,101,1,0,21,9,8.0,1,250,3,0,5200000.0,2
1292,15,101,1,0,0,8,4.0,2,128,3,0,1500000.0,2
1293,15,101,1,0,20,6,4.0,2,120,3,0,1600000.0,2
1294,15,101,1,3,21,9,8.0,1,128,3,0,4500000.0,2
1295,15,101,0,3,20,8,4.0,2,128,2,0,1200000.0,2
1296,15,101,1,1,21,0,16.0,1,120,6,0,6900000.0,0
1297,15,101,1,0,18,6,4.0,2,120,5,0,1000000.0,2
1298,15,101,1,1,20,8,8.0,1,128,6,0,2500000.0,2
1299,15,101,1,0,21,8,8.0,2,128,6,0,2200000.0,2
1300,15,101,1,0,0,9,8.0,2,128,3,0,123456.0,2
1301,15,101,1,12,0,9,8.0,1,128,3,0,15200000.0,2
1302,15,101,0,12,21,0,0.5,2,120,0,0,9090000.0,0
1303,15,101,1,1,20,17,8.0,2,128,5,0,11000000.0,0
1304,15,101,1,0,0,9,8.0,1,120,3,0,1550000.0,2
1305,15,101,0,12,0,14,16.0,1,256,3,0,6000000.0,2
1306,15,101,1,1,0,9,8.0,2,128,3,0,2300000.0,2
1307,15,101,1,1,21,9,8.0,2,128,6,0,2700000.0,2
1308,15,101,1,0,0,11,8.0,1,120,3,0,3000000.0,2
1309,15,101,1,9,21,9,8.0,2,128,6,0,3650000.0,2
1310,15,101,0,9,0,9,64.0,2,1000,1,0,86000000.0,2
1311,15,101,1,0,21,14,32.0,0,256,3,0,6500000.0,2
1312,15,101,1,0,21,0,16.0,1,128,3,0,7700000.0,0
1313,15,101,1,1,20,12,8.0,1,128,3,0,4250000.0,2
1314,15,101,1,1,0,14,0.5,2,120,1,0,6999000.0,2
1315,15,101,1,3,21,9,8.0,2,256,1,0,4500000.0,2
1316,15,101,1,1,0,9,16.0,1,256,6,0,7500000.0,2
1317,15,101,1,12,21,14,16.0,0,128,6,0,7900000.0,2
1318,15,101,2,0,0,9,8.0,2,128,3,0,3500000.0,2
1319,15,101,1,0,0,8,16.0,2,250,3,0,4000000.0,2
1320,15,101,1,3,21,8,4.0,2,128,3,0,2700000.0,2
1321,15,101,1,1,21,8,8.0,1,120,3,0,6800000.0,2
1322,15,101,1,1,16,9,4.0,2,128,6,0,2500000.0,2
1323,15,101,1,1,0,9,8.0,1,128,3,0,3700000.0,2
1324,15,101,1,1,0,14,16.0,0,256,3,0,5950000.0,2
1325,15,101,1,0,20,9,8.0,2,256,2,0,2900000.0,2
1326,15,101,1,0,0,14,16.0,2,120,3,0,4900000.0,2
1327,15,101,1,0,0,9,8.0,2,120,3,0,2900000.0,2
1328,15,101,1,0,21,9,8.0,2,128,3,0,11000000.0,2
1329,15,101,1,3,21,14,32.0,2,256,3,0,7400000.0,2
1330,15,101,1,0,0,8,8.0,2,128,3,0,2000000.0,2
1331,15,101,1,3,21,8,8.0,1,128,6,0,2700000.0,2
1332,15,101,1,0,21,9,8.0,1,256,3,0,5500000.0,2
1333,15,101,1,0,0,6,2.0,2,128,3,0,500000.0,2
1334,15,101,1,3,0,10,8.0,1,128,6,0,2900000.0,2
1335,15,101,1,3,0,9,64.0,2,1500,6,0,850000.0,2
1336,15,101,1,0,0,9,8.0,1,256,6,0,1700000.0,2
1337,15,101,1,0,0,9,8.0,2,120,3,0,2500000.0,2
1338,15,101,1,0,20,8,8.0,2,120,3,0,8000000.0,2
1339,15,101,1,0,0,8,16.0,1,500,3,0,7000000.0,2
1340,15,101,1,1,21,9,8.0,2,120,3,0,3700000.0,2
1341,15,101,1,3,21,14,16.0,2,128,6,0,4900000.0,2
1342,15,101,1,3,18,9,4.0,2,128,3,0,1700000.0,2
1343,15,101,1,0,21,9,8.0,1,128,6,0,5500000.0,2
1344,15,101,0,0,0,9,4.0,2,128,6,0,750000.0,2
1345,15,101,1,3,18,9,4.0,2,128,3,0,1500000.0,2
1346,15,101,1,3,21,9,8.0,2,128,6,0,2700000.0,2
1347,15,101,1,1,0,10,32.0,1,1000,3,0,27990000.0,2
1348,15,101,1,3,21,14,16.0,2,128,3,0,7000000.0,2
1349,15,101,1,3,18,8,4.0,2,320,3,0,1500000.0,2
1350,15,101,0,1,21,8,8.0,1,256,6,0,7399999.0,2
1351,15,101,1,12,0,14,64.0,1,512,3,0,14700000.0,2
1352,15,101,1,3,18,6,4.0,2,250,3,0,1300000.0,2
1353,15,101,1,1,21,8,16.0,1,256,6,0,8500000.0,2
1354,15,101,1,0,0,9,32.0,0,256,3,0,5000000.0,2
1355,15,101,1,0,0,9,8.0,2,250,3,0,2300000.0,2
1356,15,101,1,3,18,8,4.0,2,500,3,0,1600000.0,2
1357,15,101,1,1,0,8,8.0,1,128,3,0,2750000.0,2
1358,15,101,0,5,16,9,8.0,1,512,3,0,10699000.0,2
1359,15,101,0,12,0,10,64.0,1,256,3,0,123456.0,2
1360,15,101,1,3,16,9,4.0,2,128,3,0,1800000.0,2
1361,15,101,0,9,21,14,32.0,1,256,6,0,8000000.0,2
1362,15,101,0,5,20,9,8.0,1,128,1,0,2600000.0,2
1363,15,101,1,12,0,14,64.0,2,1500,3,0,85000000.0,2
1364,15,101,1,0,20,9,8.0,1,128,3,0,3500000.0,2
1365,15,101,1,0,21,8,16.0,2,128,3,0,9000000.0,2
1366,15,101,0,12,0,9,16.0,1,256,6,0,15500000.0,2
1367,15,101,1,0,0,9,4.0,2,128,3,0,1600000.0,2
1368,15,101,0,12,21,14,64.0,2,250,6,0,8500000.0,2
1369,15,101,1,9,20,9,8.0,1,256,1,0,3500000.0,2
1370,15,101,0,1,21,9,8.0,1,128,6,0,7000000.0,2
1371,15,101,1,3,18,9,4.0,2,128,3,0,1900000.0,2
1372,15,101,1,1,21,9,8.0,2,128,3,0,3600000.0,2
1373,15,101,1,0,0,14,32.0,1,128,6,0,4000000.0,2
1374,15,101,1,3,18,9,4.0,2,320,3,0,1600000.0,2
1375,15,101,0,12,21,10,8.0,1,256,6,0,6600000.0,2
1376,15,101,1,1,20,9,8.0,2,128,3,0,4000000.0,2
1377,15,101,1,3,0,18,16.0,0,256,6,0,7700000.0,0
1378,15,101,1,1,0,14,16.0,0,120,3,0,4600000.0,2
1379,15,101,1,1,0,9,8.0,0,128,3,0,8000000.0,2
1380,15,101,0,1,21,9,8.0,2,250,3,0,5500000.0,2
1381,15,101,1,3,21,8,8.0,1,120,6,0,4600000.0,2
1382,15,101,1,1,21,9,8.0,2,256,1,0,22900000.0,2
1383,15,101,1,0,18,6,4.0,2,128,3,0,1200000.0,2
1384,15,101,1,0,21,9,8.0,1,128,3,0,110000000.0,2
1385,15,101,1,3,21,0,16.0,1,128,6,0,10000000.0,0
1386,15,101,1,0,0,9,8.0,2,128,3,0,5500000.0,2
1387,15,101,1,9,21,9,16.0,1,256,6,0,9900000.0,2
1388,15,101,0,1,21,10,32.0,1,1000,6,0,27600000.0,2
1389,15,101,1,0,20,12,8.0,2,120,6,0,2000000.0,2
1390,15,101,1,0,0,14,32.0,1,128,3,0,3200000.0,2
1391,15,101,1,3,0,9,16.0,2,512,3,0,17500000.0,2
1392,15,101,1,3,21,9,16.0,0,256,3,0,16500000.0,2
1393,15,101,1,0,0,10,16.0,2,256,3,0,5500000.0,2
1394,15,101,1,3,0,14,64.0,2,1000,3,0,24000000.0,2
1395,15,101,1,1,21,9,16.0,1,256,6,0,6500000.0,2
1396,15,101,1,0,21,14,16.0,1,120,6,0,5500000.0,2
1397,15,101,1,1,18,8,4.0,2,128,6,0,1500000.0,2
1398,15,101,0,1,21,9,16.0,1,512,6,0,15500000.0,2
1399,15,101,1,0,20,9,4.0,2,480,3,0,1900000.0,2
1400,15,101,0,0,0,9,8.0,2,128,5,0,14100000.0,2
1401,15,101,1,0,0,14,8.0,2,500,6,0,1100000.0,2
1402,15,101,0,12,21,8,16.0,1,256,6,0,11900000.0,2
1403,15,101,1,5,0,8,8.0,1,256,6,0,6200000.0,2
1404,15,101,1,0,21,9,6.0,2,128,5,0,3000000.0,2
1405,15,101,2,0,20,12,4.0,0,500,6,0,3000000.0,2
1406,15,101,1,0,0,10,16.0,2,250,3,0,5900000.0,2
1407,15,101,1,0,0,14,0.5,2,120,6,0,400000.0,2
1408,15,101,1,0,0,12,4.0,2,128,3,0,1650000.0,2
1409,15,101,1,3,20,9,8.0,2,128,3,0,390000.0,2
1410,15,101,0,3,21,9,16.0,1,128,6,0,4999999.0,2
1411,15,101,1,3,0,9,16.0,2,512,3,0,4700000.0,2
1412,15,101,2,0,0,6,4.0,2,128,3,0,250000.0,2
1413,15,101,1,0,0,10,8.0,2,128,3,0,2250000.0,2
1414,15,101,0,0,0,8,8.0,1,128,3,0,5850000.0,2
1415,15,101,1,1,18,10,16.0,1,120,6,0,3950000.0,2
1416,15,101,1,0,0,0,8.0,2,256,1,0,9300000.0,0
1417,15,101,1,0,0,8,4.0,2,500,3,0,1000000.0,2
1418,15,101,1,0,21,3,4.0,2,480,3,0,1600000.0,0
1419,15,101,1,1,0,14,64.0,1,250,3,0,7500000.0,2
1420,15,101,1,1,21,0,8.0,2,128,6,0,3100000.0,0
1421,15,101,1,1,20,12,8.0,1,128,3,0,2900000.0,2
1422,15,101,1,0,0,8,8.0,2,256,3,0,4000000.0,2
1423,15,101,1,0,21,9,32.0,1,128,3,0,4000000.0,2
1424,15,101,1,2,20,9,8.0,2,256,3,0,3800000.0,2
1425,15,101,1,0,0,14,32.0,1,1000,3,0,14800000.0,2
1426,15,101,1,5,0,8,8.0,2,128,3,0,2550000.0,2
1427,15,101,1,2,20,9,8.0,2,128,3,0,2490000.0,2
1428,15,101,1,0,0,8,4.0,2,320,3,0,1200000.0,2
1429,15,101,1,1,20,8,4.0,2,250,3,0,1600000.0,2
1430,15,101,1,1,21,9,8.0,2,128,3,0,3500000.0,2
1431,15,101,1,12,0,11,32.0,1,1000,6,0,35490000.0,2
1432,15,101,1,12,21,10,16.0,1,1000,4,0,10000000.0,2
1433,15,101,1,0,21,9,32.0,2,256,6,0,6000000.0,2
1434,15,101,1,3,21,9,8.0,1,120,6,0,6000000.0,2
1435,15,101,0,12,21,14,64.0,0,500,6,0,10500000.0,2
1436,15,101,0,12,21,14,64.0,0,256,6,0,10500000.0,2
1437,15,101,1,9,21,10,64.0,0,1500,6,0,22000000.0,2
1438,15,101,0,5,0,14,16.0,1,128,5,0,3700000.0,2
1439,15,101,1,12,0,9,16.0,1,250,6,0,11500000.0,2
1440,15,101,1,0,0,8,4.0,2,128,3,0,2000000.0,2
1441,15,101,1,3,0,8,16.0,1,256,6,0,5500000.0,2
1442,15,101,1,3,0,8,6.0,2,120,3,0,1000000.0,2
1443,15,101,1,12,21,9,16.0,1,128,3,0,6900000.0,2
1444,15,101,1,1,21,14,16.0,2,128,3,0,3600000.0,2
1445,15,101,1,3,21,9,64.0,2,128,3,0,3900000.0,2
1446,15,101,1,1,20,14,8.0,1,256,3,0,2300000.0,2
1447,15,101,0,1,0,9,8.0,1,256,7,0,3250000.0,2
1448,15,101,1,2,21,14,32.0,0,256,3,0,6500000.0,2
1449,15,101,1,0,0,9,8.0,2,128,3,0,1234567.0,2
1450,15,101,1,1,16,9,4.0,2,120,2,0,2970000.0,2
1451,15,101,1,0,21,12,8.0,1,128,3,0,6200000.0,2
1452,15,101,0,1,0,9,16.0,1,512,6,0,6350000.0,2
1453,15,101,0,1,20,9,8.0,1,128,6,0,3200000.0,2
1454,15,101,1,3,21,9,16.0,2,1000,6,0,14000000.0,2
1455,15,101,0,1,20,8,8.0,1,128,6,0,4700000.0,2
1456,15,101,1,0,21,0,16.0,1,250,6,0,8900000.0,0
1457,15,101,0,1,0,10,32.0,2,1000,6,0,11000000.0,2
1458,15,101,1,0,21,9,8.0,2,128,3,0,3500000.0,2
1459,15,101,1,1,0,10,32.0,1,1000,3,0,21000000.0,2
1460,15,101,1,5,21,9,8.0,1,1000,6,0,4500000.0,2
1461,15,101,1,0,21,14,16.0,1,128,6,0,7000000.0,2
1462,15,101,0,1,0,8,8.0,1,128,3,0,8990000.0,2
1463,15,101,1,0,0,9,8.0,1,128,1,0,6500000.0,2
1464,15,101,1,1,21,14,16.0,1,120,6,0,3850000.0,2
1465,15,101,0,12,0,9,16.0,1,256,6,0,11000000.0,2
1466,15,101,0,12,0,9,8.0,2,128,3,0,4000000.0,2
1467,15,101,1,0,0,12,6.0,2,1000,3,0,2500000.0,2
1468,15,101,0,0,0,9,16.0,2,512,6,0,5000000.0,2
1469,15,101,1,0,20,12,16.0,2,128,3,0,2500000.0,2
1470,15,101,1,5,20,9,16.0,2,256,1,0,3499000.0,2
1471,15,101,0,9,0,14,16.0,1,128,3,0,5600000.0,2
1472,15,101,1,2,0,8,8.0,1,256,6,0,3900000.0,2
1473,15,101,1,0,20,8,8.0,2,120,3,0,1300000.0,2
1474,15,101,1,0,0,8,4.0,2,128,3,0,1200000.0,2
1475,15,101,1,0,21,8,8.0,0,128,3,0,4500000.0,2
1476,15,101,2,0,0,9,16.0,2,512,3,0,4500000.0,2
1477,15,101,1,0,0,9,8.0,2,1000,3,0,2900000.0,2
1478,15,101,1,0,0,9,8.0,2,128,3,0,2900000.0,2
1479,15,101,1,0,0,8,4.0,2,250,3,0,1000000.0,2
1480,15,101,1,5,20,8,8.0,2,256,1,0,3900000.0,2
1481,15,101,1,1,0,9,32.0,1,500,3,0,15000000.0,2
1482,15,101,0,1,0,9,8.0,1,256,6,0,4590000.0,2
1483,15,101,1,0,0,10,8.0,1,500,7,0,2300000.0,2
1484,15,101,1,0,0,14,8.0,2,128,3,0,5999900.0,2
1485,15,101,0,12,0,8,16.0,1,256,6,0,7000000.0,2
1486,15,101,1,3,21,14,8.0,1,128,6,0,4290000.0,2
1487,15,101,0,1,0,14,64.0,2,512,6,0,10660000.0,2
1488,15,101,0,9,21,10,8.0,2,256,3,0,3500000.0,2
1489,15,101,1,1,21,14,16.0,1,256,3,0,8900000.0,2
1490,15,101,1,12,21,10,16.0,1,512,3,0,12900000.0,2
1491,15,101,1,0,0,8,8.0,2,500,6,0,350000.0,2
1492,15,101,0,1,21,8,8.0,1,128,6,0,4250000.0,2
1493,15,101,1,5,0,9,4.0,2,120,3,0,1500000.0,2
1494,15,101,1,0,0,9,16.0,2,256,3,0,14000000.0,2
1495,15,101,1,0,0,9,8.0,2,128,3,0,6250000.0,2
1496,15,101,1,0,0,8,8.0,2,250,3,0,2000000.0,2
1497,15,101,1,9,21,9,8.0,2,256,3,0,22990000.0,2
1498,15,101,1,0,18,9,16.0,2,250,5,0,3500000.0,2
1499,15,101,1,0,0,8,4.0,2,128,6,0,950000.0,2
1500,15,101,1,0,0,8,4.0,2,640,6,0,1000000.0,2
1501,15,101,0,12,21,14,32.0,1,128,6,0,7900000.0,2
1502,15,101,1,0,0,9,8.0,2,128,3,0,5500000.0,2
1503,15,101,0,0,0,9,16.0,2,256,6,0,50000.0,2
1504,15,101,0,1,0,9,16.0,1,256,6,0,50000.0,2
1505,15,101,1,0,0,10,16.0,2,256,3,0,9500000.0,2
1506,15,101,0,2,16,9,8.0,0,128,6,0,3000000.0,2
1507,15,101,1,0,18,4,4.0,2,128,6,0,600000.0,2
1508,15,101,1,9,0,10,16.0,1,250,3,0,3500000.0,2
1509,15,101,1,0,20,9,6.0,0,128,3,0,1600000.0,2
1510,15,101,0,1,21,9,16.0,1,512,2,0,16500000.0,2
1511,15,101,0,1,21,14,64.0,1,512,6,0,9600000.0,2
1512,15,101,1,0,21,10,16.0,0,1500,1,0,13000000.0,2
1513,15,101,1,0,0,9,8.0,1,128,4,0,6500000.0,2
1514,15,101,1,0,21,9,64.0,2,256,3,0,5000000.0,2
1515,15,101,1,0,0,8,4.0,2,250,3,0,2850000.0,2
1516,15,101,1,12,0,8,16.0,2,250,3,0,8500000.0,2
1517,15,101,1,0,21,8,8.0,2,250,6,0,3250000.0,2
1518,15,101,0,1,21,9,16.0,1,512,6,0,10800000.0,2
1519,15,101,1,0,0,9,4.0,2,320,3,0,1800000.0,2
1520,15,101,1,3,20,9,8.0,2,128,1,0,1400000.0,2
1521,15,101,1,0,0,6,4.0,2,120,6,0,1200000.0,2
1522,15,101,1,0,20,8,4.0,2,1000,6,0,1600000.0,2
1523,15,101,1,0,0,10,8.0,2,500,3,0,6500000.0,2
1524,15,101,1,0,0,12,2.0,2,128,3,0,500000.0,2
1525,15,101,1,0,21,9,8.0,2,1000,3,0,888888.0,2
1526,15,101,1,1,21,9,16.0,0,128,3,0,9000000.0,2
1527,15,101,1,3,21,10,16.0,1,250,3,0,7500000.0,2
1528,15,101,1,3,0,9,4.0,2,128,1,0,999000.0,2
1529,15,101,1,9,21,9,16.0,1,512,6,0,13200000.0,2
1530,15,101,1,5,21,9,16.0,1,256,6,0,7500000.0,2
1531,15,101,1,3,21,14,8.0,1,256,6,0,5200000.0,2
1532,15,101,1,1,0,9,8.0,1,128,3,0,5000000.0,2
1533,15,101,1,0,0,8,4.0,2,250,2,0,700000.0,2
1534,15,101,1,9,21,9,8.0,2,512,3,0,7700000.0,2
1535,15,101,1,12,0,9,32.0,1,1000,3,0,15200000.0,2
1536,15,101,1,0,0,8,4.0,2,128,3,0,400000.0,2
1537,15,101,1,1,0,8,8.0,2,120,3,0,2000000.0,2
1538,15,101,1,3,0,9,16.0,2,256,3,0,14000000.0,2
1539,15,101,1,0,0,9,8.0,1,128,3,0,3400000.0,2
1540,15,101,1,0,21,9,8.0,2,128,3,0,6500000.0,2
1541,15,101,1,0,0,0,8.0,2,128,3,0,100000.0,0
1542,15,101,2,0,20,9,8.0,1,320,3,0,3750000.0,2
1543,15,101,1,0,20,9,8.0,2,120,3,0,3700000.0,2
1544,15,101,1,0,21,8,4.0,1,128,3,0,1500000.0,2
1545,15,101,1,3,21,9,8.0,1,128,3,0,6800000.0,2
1546,15,101,1,0,0,9,8.0,2,256,3,0,9800000.0,2
1547,15,101,1,2,20,8,6.0,2,250,6,0,1300000.0,2
1548,15,101,1,0,0,9,8.0,1,120,3,0,650000.0,2
1549,15,101,1,3,20,9,8.0,2,128,3,0,2360000.0,2
1550,15,101,1,0,0,6,8.0,2,128,3,0,450000.0,2
1551,15,101,0,12,0,8,8.0,2,128,3,0,3000000.0,2
1552,15,101,1,9,21,14,16.0,2,500,5,0,15000000.0,2
1553,15,101,1,12,21,8,8.0,1,256,6,0,6950000.0,2
1554,15,101,1,3,21,8,8.0,2,128,6,0,4500000.0,2
1555,15,101,1,0,0,9,8.0,2,256,3,0,11800000.0,2
1556,15,101,1,0,21,14,64.0,1,256,3,0,5400000.0,2
1557,15,101,1,0,20,9,8.0,0,250,3,0,3200000.0,2
1558,15,101,1,0,21,9,6.0,0,128,3,0,2600000.0,2
1559,15,101,1,5,21,9,4.0,1,320,4,0,2534000.0,2
1560,15,101,1,0,0,12,4.0,2,250,3,0,750000.0,2
1561,15,101,0,12,21,9,32.0,0,500,6,0,19900000.0,2
1562,15,101,0,12,0,12,8.0,2,256,5,0,4990000.0,2
1563,15,101,1,0,0,8,4.0,2,128,3,0,1600000.0,2
1564,15,101,1,3,20,0,8.0,0,128,5,0,2900000.0,0
1565,15,101,1,0,0,9,8.0,0,128,3,0,3500000.0,2
1566,15,101,1,1,21,9,8.0,1,256,6,0,7499999.0,2
1567,15,101,0,2,20,9,8.0,2,128,6,0,3200000.0,2
1568,15,101,1,0,0,9,16.0,1,480,6,0,4908000.0,2
1569,15,101,1,1,18,8,8.0,1,120,6,0,3900000.0,2
1570,15,101,1,3,0,9,8.0,2,256,2,0,2899999.0,2
1571,15,101,1,0,0,14,32.0,2,128,3,0,6000000.0,2
1572,15,101,1,0,21,9,8.0,1,256,3,0,3500000.0,2
1573,15,101,0,1,0,10,32.0,1,512,3,0,37890000.0,2
1574,15,101,0,1,0,11,32.0,1,1000,6,0,54590000.0,2
1575,15,101,0,3,21,9,8.0,2,120,6,0,3300000.0,2
1576,15,101,1,3,21,9,8.0,2,128,6,0,4500000.0,2
1577,15,101,1,3,21,14,16.0,0,128,6,0,7500000.0,2
1578,15,101,0,3,0,14,32.0,0,256,3,0,5200000.0,2
1579,15,101,2,0,0,9,8.0,2,128,1,0,3000000.0,2
1580,15,101,1,3,20,9,8.0,2,128,3,0,2690000.0,2
1581,15,101,0,1,21,14,8.0,1,120,6,0,4800000.0,2
1582,15,101,1,3,21,9,8.0,1,128,6,0,4600000.0,2
1583,15,101,1,2,21,10,16.0,1,256,6,0,8900000.0,2
1584,15,101,1,12,21,8,16.0,0,512,3,0,5000000.0,2
1585,15,101,1,0,0,8,8.0,1,128,3,0,3000000.0,2
1586,15,101,1,1,0,17,16.0,0,250,6,0,9500000.0,0
1587,15,101,1,1,0,8,8.0,2,128,3,0,2860000.0,2
1588,15,101,1,0,20,9,8.0,2,128,3,0,2800000.0,2
1589,15,101,1,0,0,8,8.0,1,250,3,0,3200000.0,2
1590,15,101,1,0,21,8,16.0,1,750,3,0,10000000.0,2
1591,15,101,1,0,0,8,8.0,2,128,2,0,2000000.0,2
1592,15,101,1,0,0,9,8.0,2,128,3,0,3000000.0,2
1593,15,101,0,9,0,14,32.0,1,128,6,0,5300000.0,2
1594,15,101,1,1,21,9,8.0,1,256,3,0,8500000.0,2
1595,15,101,0,1,21,8,16.0,0,256,6,0,10600000.0,2
1596,15,101,1,1,21,8,8.0,2,750,3,0,5990000.0,2
1597,15,101,1,5,0,9,16.0,1,512,6,0,12500000.0,2
1598,15,101,1,0,0,9,8.0,2,256,1,0,3000000.0,2
1599,15,101,0,12,21,9,8.0,1,128,6,0,6000000.0,2
1600,15,101,1,3,20,8,4.0,1,128,6,0,2900000.0,2
1601,15,101,0,3,21,14,32.0,2,256,6,0,6500000.0,2
1602,15,101,1,1,20,8,4.0,2,250,6,0,1600000.0,2
1603,15,101,1,0,21,9,4.0,2,250,3,0,1000000.0,2
1604,15,101,2,0,0,5,4.0,2,128,2,0,399000.0,2
1605,15,101,0,0,0,9,8.0,2,250,6,0,1800000.0,2
1606,15,101,2,0,20,9,4.0,2,128,3,0,2100000.0,2
1607,15,101,1,12,0,10,16.0,1,250,6,0,4200000.0,2
1608,15,101,0,0,0,8,4.0,2,128,6,0,3200000.0,2
1609,15,101,1,12,0,9,16.0,0,500,6,0,20500000.0,2
1610,15,101,1,1,0,10,16.0,1,250,6,0,12980000.0,2
1611,15,101,1,0,21,9,8.0,1,250,6,0,3400000.0,2
1612,15,101,0,12,0,8,16.0,1,256,3,0,13000000.0,2
1613,15,101,0,12,21,9,8.0,0,256,3,0,11000000.0,2
1614,15,101,1,1,21,9,8.0,0,128,6,0,5300000.0,2
1615,15,101,1,1,21,9,8.0,0,128,6,0,4400000.0,2
1616,15,101,1,3,21,9,8.0,0,128,1,0,4700000.0,2
1617,15,101,1,1,21,10,16.0,1,512,6,0,15500000.0,2
1618,15,101,1,1,21,9,8.0,1,128,6,0,3800000.0,2
1619,15,101,1,0,21,16,8.0,2,128,6,0,9000000.0,0
1620,15,101,1,0,20,8,4.0,2,500,6,0,2450000.0,2
1621,15,101,1,1,16,9,0.5,2,120,0,0,1100000.0,2
1622,15,101,0,3,0,12,8.0,2,640,5,0,2300000.0,2
1623,15,101,1,0,18,9,8.0,2,128,3,0,2000000.0,2
1624,15,101,1,1,20,8,4.0,2,320,6,0,890000.0,2
1625,15,101,1,0,20,7,4.0,2,500,3,0,1100000.0,2
1626,15,101,1,0,0,9,4.0,2,250,3,0,550000.0,2
1627,15,101,1,0,20,9,8.0,1,1000,6,0,2800000.0,2
1628,15,101,1,1,20,9,8.0,1,1000,6,0,2800000.0,2
1629,15,101,1,5,21,5,32.0,2,128,3,0,6000000.0,2
1630,15,101,1,3,21,9,16.0,2,256,1,0,9700000.0,2
1631,15,101,2,0,21,9,16.0,1,250,3,0,4950000.0,2
1632,15,101,0,1,21,9,32.0,1,250,6,0,5200000.0,2
1633,15,101,1,0,0,9,8.0,1,500,3,0,500000.0,2
1634,15,101,0,0,0,9,16.0,1,250,2,0,9800000.0,2
1635,15,101,1,0,0,9,4.0,2,256,3,0,2500000.0,2
1636,15,101,2,1,0,8,16.0,2,256,6,0,4250000.0,2
1637,15,101,1,0,0,8,8.0,2,128,3,0,4000000.0,2
1638,15,101,1,3,16,7,6.0,2,128,6,0,1500000.0,2
1639,15,101,1,12,21,8,8.0,2,128,3,0,4900000.0,2
1640,15,101,1,0,0,11,16.0,2,256,3,0,13500000.0,2
1641,15,101,1,3,0,9,32.0,2,512,3,0,35990000.0,2
1642,15,101,1,0,21,9,4.0,2,512,6,0,1900000.0,2
1643,15,101,1,0,0,9,0.5,0,120,3,0,3500000.0,2
1644,15,101,1,0,21,9,8.0,2,250,3,0,4550000.0,2
1645,15,101,1,3,21,8,8.0,2,128,3,0,3700000.0,2
1646,15,101,0,3,0,14,32.0,2,250,5,0,4500000.0,2
1647,15,101,0,1,21,9,8.0,1,256,3,0,10400000.0,2
1648,15,101,1,5,0,9,4.0,2,250,3,0,700000.0,2
1649,15,101,1,1,16,6,4.0,2,256,2,0,1200000.0,2
1650,15,101,2,0,21,14,16.0,0,120,6,0,5000000.0,2
1651,15,101,1,1,21,8,8.0,2,256,6,0,2500000.0,2
1652,15,101,1,1,21,9,8.0,2,256,6,0,5999999.0,2
1653,15,101,1,0,0,9,8.0,2,128,3,0,600000.0,2
1654,15,101,0,1,0,9,8.0,2,256,1,0,11500000.0,2
1655,15,101,1,1,21,14,32.0,1,256,6,0,4400000.0,2
1656,15,101,1,0,21,0,8.0,0,256,6,0,4500000.0,0
1657,15,101,1,0,0,14,8.0,2,128,3,0,1600000.0,2
1658,15,101,1,3,0,9,16.0,2,128,3,0,2400000.0,2
1659,15,101,0,9,0,14,64.0,1,1000,3,0,9850000.0,2
1660,15,101,1,0,0,17,8.0,1,120,3,0,2500000.0,0
1661,15,101,1,0,20,9,8.0,2,128,3,0,2000000.0,2
1662,15,101,1,0,0,12,8.0,2,1000,3,0,1600000.0,2
1663,15,101,1,0,0,10,32.0,1,1000,3,0,25900000.0,2
1664,15,101,0,5,21,9,16.0,1,640,2,0,6900000.0,2
1665,15,101,0,0,0,9,8.0,2,512,3,0,13787000.0,2
1666,15,101,1,1,21,14,8.0,1,128,6,0,6000000.0,2
1667,15,101,0,3,21,9,8.0,2,128,6,0,11000000.0,2
1668,15,101,1,0,21,9,8.0,2,128,3,0,1800000.0,2
1669,15,101,1,1,0,9,8.0,1,640,3,0,4600000.0,2
1670,15,101,1,0,0,9,2.0,2,128,3,0,1200000.0,2
1671,15,101,1,0,21,14,8.0,1,128,3,0,5000000.0,2
1672,15,101,1,12,0,9,16.0,1,1000,6,0,14500000.0,2
1673,15,101,0,1,21,9,8.0,2,256,1,0,27000000.0,2
1674,15,101,0,9,0,10,8.0,1,256,3,0,6700000.0,2
1675,15,101,1,1,0,8,2.0,2,250,6,0,550000.0,2
1676,15,101,1,0,0,6,4.0,2,250,6,0,150000.0,2
1677,15,101,1,1,21,9,8.0,2,128,3,0,3000000.0,2
1678,15,101,1,3,0,8,8.0,1,128,3,0,4700000.0,2
1679,15,101,0,9,18,9,16.0,2,500,6,0,17500000.0,2
1680,15,101,1,1,21,9,8.0,1,500,2,0,1800000.0,2
1681,15,101,1,0,0,14,64.0,1,1500,3,0,8000000.0,2
1682,15,101,1,0,21,9,16.0,2,128,6,0,4000000.0,2
1683,15,101,1,1,21,14,8.0,1,128,6,0,3550000.0,2
1684,15,101,1,2,0,12,4.0,2,250,6,0,800000.0,2
1685,15,101,0,9,21,14,32.0,1,128,6,0,6900000.0,2
1686,15,101,1,3,21,9,16.0,0,256,3,0,11200000.0,2
1687,15,101,1,1,0,9,8.0,1,120,6,0,2550000.0,2
1688,15,101,1,12,0,8,8.0,1,256,6,0,6200000.0,2
1689,15,101,1,0,18,12,4.0,2,250,3,0,1300000.0,2
1690,15,101,0,9,0,9,8.0,2,256,6,0,11500000.0,2
1691,15,101,1,3,21,10,16.0,1,120,6,0,7250000.0,2
1692,15,101,1,2,21,9,16.0,1,256,6,0,5800000.0,2
1693,15,101,1,1,0,8,8.0,2,120,3,0,2200000.0,2
1694,15,101,1,0,18,7,4.0,2,250,6,0,1000000.0,2
1695,15,101,1,1,21,9,8.0,2,120,6,0,1850000.0,2
1696,15,101,0,9,0,14,32.0,0,250,3,0,4350000.0,2
1697,15,101,0,0,0,14,32.0,2,500,3,0,11900000.0,2
1698,15,101,1,5,20,9,8.0,2,256,6,0,3700000.0,2
1699,15,101,0,12,20,9,32.0,2,512,3,0,8500000.0,2
1700,15,101,1,0,0,9,8.0,1,128,3,0,3000000.0,2
1701,15,101,0,1,0,9,8.0,1,256,3,0,3980000.0,2
1702,15,101,0,12,0,9,8.0,1,256,6,0,4580000.0,2
1703,15,101,0,9,21,14,64.0,1,512,6,0,11000000.0,2
1704,15,101,1,1,0,14,32.0,1,256,3,0,9300000.0,2
1705,15,101,0,12,21,8,8.0,1,128,6,0,6500000.0,2
1706,15,101,1,0,0,10,16.0,1,500,1,0,25999999.0,2
1707,15,101,1,1,0,9,8.0,2,250,3,0,10000000.0,2
1708,15,101,1,5,0,8,4.0,2,120,3,0,1250000.0,2
1709,15,101,0,1,21,9,8.0,1,256,6,0,5990000.0,2
1710,15,101,1,0,21,9,8.0,1,256,3,0,8900000.0,2
1711,15,101,1,0,0,8,8.0,2,256,3,0,1600000.0,2
1712,15,101,1,0,0,8,8.0,2,128,3,0,3600000.0,2
1713,15,101,1,1,20,8,8.0,2,256,1,0,5390000.0,2
1714,15,101,1,1,21,8,8.0,1,250,3,0,7000000.0,2
1715,15,101,0,1,0,14,32.0,1,256,6,0,4790000.0,2
1716,15,101,0,1,21,14,32.0,1,256,6,0,4590000.0,2
1717,15,101,1,2,0,9,8.0,2,128,3,0,1500000.0,2
1718,15,101,0,1,0,10,32.0,1,500,3,0,23500000.0,2
1719,15,101,0,1,0,10,16.0,2,128,6,0,130000.0,2
1720,15,101,0,1,21,9,16.0,1,256,6,0,6580000.0,2
1721,15,101,1,1,0,9,8.0,2,128,6,0,1100000.0,2
1722,15,101,1,0,21,9,8.0,2,128,3,0,7000000.0,2
1723,15,101,0,0,0,9,16.0,1,250,6,0,7450000.0,2
1724,15,101,1,0,21,14,32.0,1,128,3,0,4800000.0,2
1725,15,101,1,0,21,9,8.0,2,128,3,0,2500000.0,2
1726,15,101,1,0,21,10,32.0,2,512,3,0,11800000.0,2
1727,15,101,1,0,0,9,8.0,2,128,3,0,50000.0,2
1728,15,101,1,0,0,6,4.0,2,250,3,0,800000.0,2
1729,15,101,0,12,21,9,16.0,1,256,6,0,6500000.0,2
1730,15,101,1,0,0,14,64.0,2,1000,3,0,21200000.0,2
1731,15,101,1,1,21,9,8.0,2,128,5,0,4000000.0,2
1732,15,101,0,1,21,14,32.0,0,256,6,0,8000000.0,2
1733,15,101,1,1,0,8,8.0,1,128,3,0,1600000.0,2
1734,15,101,0,12,0,9,16.0,1,250,5,0,14000000.0,2
1735,15,101,0,5,0,13,16.0,1,128,6,0,5500000.0,2
1736,15,101,1,1,0,9,16.0,1,256,3,0,10000000.0,2
1737,15,101,1,9,21,9,8.0,2,250,3,0,4700000.0,2
1738,15,101,1,0,21,10,32.0,1,512,3,0,10990000.0,2
1739,15,101,1,0,16,9,16.0,1,1500,6,0,8888888.0,2
1740,15,101,1,0,21,8,8.0,1,256,3,0,6000000.0,2
1741,15,101,1,1,21,9,16.0,1,500,3,0,12345678.0,2
1742,15,101,1,0,0,4,4.0,2,128,3,0,3000000.0,2
1743,15,101,1,12,21,8,8.0,1,128,6,0,8000000.0,2
1744,15,101,1,12,21,9,8.0,1,256,6,0,8500000.0,2
1745,15,101,1,12,21,9,8.0,1,256,3,0,5500000.0,2
1746,15,101,1,12,21,9,8.0,1,500,3,0,1800000.0,2
1747,15,101,1,0,0,10,16.0,1,250,3,0,5000000.0,2
1748,15,101,1,1,21,14,64.0,1,120,3,0,5500000.0,2
1749,15,101,0,1,0,14,64.0,1,320,6,0,2900000.0,2
1750,15,101,1,0,21,14,8.0,2,120,6,0,6000000.0,2
1751,15,101,0,1,0,14,64.0,0,480,6,0,7000000.0,2
1752,15,101,1,1,0,8,8.0,2,500,6,0,800000.0,2
1753,15,101,0,3,21,8,8.0,2,128,5,0,4200000.0,2
1754,15,101,1,12,0,9,16.0,1,500,6,0,8999000.0,2
1755,15,101,1,0,21,14,16.0,1,128,3,0,5000000.0,2
1756,15,101,1,0,0,8,4.0,2,500,3,0,2000000.0,2
1757,15,101,1,0,21,14,16.0,1,1500,6,0,6200000.0,2
1758,15,101,2,0,21,14,32.0,0,256,3,0,7000000.0,2
1759,15,101,1,0,0,9,8.0,2,128,3,0,850000.0,2
1760,15,101,1,5,21,12,8.0,2,128,3,0,8000000.0,2
1761,15,101,1,0,0,8,8.0,2,500,3,0,1300000.0,2
1762,15,101,1,0,18,8,4.0,2,250,3,0,2000000.0,2
1763,15,101,1,1,21,14,8.0,1,500,6,0,3499000.0,2
1764,15,101,1,9,21,9,32.0,0,256,6,0,8500000.0,2
1765,15,101,1,3,0,9,8.0,2,256,1,0,9500000.0,2
1766,15,101,1,1,21,14,32.0,0,256,3,0,7400000.0,2
1767,15,101,1,0,21,9,4.0,0,1000,2,0,4500000.0,2
1768,15,101,1,0,0,14,8.0,0,512,3,0,6800000.0,2
1769,15,101,1,1,21,14,16.0,0,120,3,0,5900000.0,2
1770,15,101,1,0,20,14,8.0,1,256,3,0,7500000.0,2
1771,15,101,1,1,21,8,8.0,2,256,3,0,7500000.0,2
1772,15,101,1,1,0,9,16.0,1,256,6,0,7400000.0,2
1773,15,101,0,12,21,14,32.0,1,128,6,0,6900000.0,2
1774,15,101,2,0,0,9,8.0,2,128,3,0,300000.0,2
1775,15,101,1,1,20,0,8.0,0,1000,0,0,2500000.0,0
1776,15,101,1,0,21,10,16.0,1,120,6,0,5000000.0,2
1777,15,101,1,0,21,8,4.0,2,500,3,0,600000.0,2
1778,15,101,1,0,21,9,8.0,2,128,3,0,3100000.0,2
1779,15,101,0,0,21,9,8.0,2,256,3,0,2400000.0,2
1780,15,101,0,0,0,14,8.0,2,128,1,0,22000000.0,2
1781,15,101,0,0,0,14,64.0,2,128,1,0,15000000.0,2
1782,15,101,1,0,0,14,64.0,2,128,3,0,7000000.0,2
1783,15,101,1,0,20,8,8.0,2,128,3,0,1100000.0,2
1784,15,101,1,3,0,9,8.0,2,128,1,0,2800000.0,2
1785,15,101,1,9,16,9,2.0,2,128,5,0,6500000.0,2
1786,15,101,1,1,0,8,6.0,1,500,3,0,1300000.0,2
1787,15,101,0,12,0,14,16.0,0,128,6,0,3600000.0,2
1788,15,101,1,1,20,9,8.0,2,120,3,0,2500000.0,2
1789,15,101,1,0,0,8,8.0,2,128,1,0,1500000.0,2
1790,15,101,1,9,0,14,64.0,1,1000,3,0,9000000.0,2
1791,15,101,0,9,16,8,8.0,2,512,6,0,10000000.0,2
1792,15,101,1,0,21,9,8.0,2,128,3,0,7000000.0,2
1793,15,101,0,12,21,9,8.0,1,500,6,0,3800000.0,2
1794,15,101,0,12,21,9,8.0,1,500,6,0,5800000.0,2
1795,15,101,1,0,16,0,8.0,2,1500,6,0,3000000.0,0
1796,15,101,1,3,0,9,8.0,2,256,3,0,800000.0,2
1797,15,101,1,1,20,10,8.0,2,128,3,0,2250000.0,2
1798,15,101,0,0,0,9,8.0,1,128,3,0,5850000.0,2
1799,15,101,1,0,0,9,8.0,2,128,3,0,220000.0,2
1800,15,101,1,3,21,9,16.0,1,128,2,0,3000000.0,2
1801,15,101,1,1,21,14,64.0,0,256,3,0,6300000.0,2
1802,15,101,0,1,21,9,16.0,1,500,6,0,22400000.0,2
1803,15,101,1,1,0,6,4.0,2,128,7,0,500000.0,2
1804,15,101,0,0,21,9,16.0,1,250,6,0,15000000.0,2
1805,15,101,1,0,0,8,16.0,2,128,3,0,700000.0,2
1806,15,101,0,12,21,9,16.0,1,256,3,0,12400000.0,2
1807,15,101,0,9,0,4,16.0,1,256,6,0,12000000.0,2
1808,15,101,0,9,21,4,16.0,1,256,6,0,9000000.0,2
1809,15,101,1,5,21,9,8.0,2,512,6,0,25000000.0,2
1810,15,101,1,1,0,8,16.0,1,256,3,0,5000000.0,2
1811,15,101,0,1,21,9,16.0,2,512,6,0,15950000.0,2
1812,15,101,1,12,0,14,32.0,1,256,3,0,6500000.0,2
1813,15,101,0,1,21,10,16.0,2,256,6,0,7850000.0,2
1814,15,101,2,5,20,9,8.0,2,128,3,0,3650000.0,2
1815,15,101,1,3,20,8,2.0,2,128,0,0,2500000.0,2
1816,15,101,1,1,20,8,16.0,0,256,6,0,4000000.0,2
1817,15,101,1,0,0,10,16.0,1,256,6,0,5700000.0,2
1818,15,101,0,9,0,10,16.0,1,250,6,0,11750000.0,2
1819,15,101,1,0,0,9,16.0,0,256,3,0,6500000.0,2
1820,15,101,1,0,20,9,8.0,2,128,6,0,1000000.0,2
1821,15,101,1,1,21,8,8.0,1,128,3,0,4800000.0,2
1822,15,101,0,1,21,14,32.0,1,256,6,0,7200000.0,2
1823,15,101,2,0,0,14,8.0,2,128,3,0,650000.0,2
1824,15,101,1,0,20,9,8.0,2,128,3,0,2000000.0,2
1825,15,101,2,1,0,9,16.0,1,512,3,0,15990000.0,2
1826,15,101,1,1,20,14,8.0,1,250,3,0,1500000.0,2
1827,15,101,1,0,0,12,2.0,2,128,3,0,150000.0,2
1828,15,101,0,12,21,8,16.0,1,128,6,0,8490000.0,2
1829,15,101,1,1,0,16,16.0,1,500,6,0,8100000.0,0
1830,15,101,1,0,21,14,16.0,1,1000,3,0,5500000.0,2
1831,15,101,0,5,21,9,8.0,2,128,6,0,5700000.0,2
1832,15,101,1,1,0,8,16.0,1,250,6,0,9600000.0,2
1833,15,101,2,0,0,0,16.0,1,256,3,0,4800000.0,0
1834,15,101,1,0,0,9,16.0,1,128,6,0,3800000.0,2
1835,15,101,1,0,0,9,8.0,2,128,3,0,1550000.0,2
1836,15,101,1,3,21,8,16.0,1,250,3,0,6100000.0,2
1837,15,101,1,3,0,9,8.0,1,256,3,0,4900000.0,2
1838,15,101,1,3,20,9,8.0,2,250,6,0,3800000.0,2
1839,15,101,1,3,18,8,4.0,2,128,3,0,1550000.0,2
1840,15,101,0,12,0,12,8.0,2,256,5,0,3950000.0,2
1841,15,101,0,12,0,8,16.0,0,256,6,0,9500000.0,2
1842,15,101,1,0,21,9,16.0,2,256,0,0,12000000.0,2
1843,15,101,1,0,0,9,8.0,2,128,3,0,7700000.0,2
1844,15,101,1,0,0,8,8.0,2,128,3,0,2200000.0,2
1845,15,101,1,1,0,14,16.0,0,120,3,0,4200000.0,2
1846,15,101,1,12,21,9,32.0,1,1500,6,0,14100000.0,2
1847,15,101,1,0,20,8,4.0,2,320,3,0,1800000.0,2
1848,15,101,1,1,21,10,16.0,2,512,3,0,6000000.0,2
1849,15,101,1,0,0,9,16.0,2,256,3,0,5990000.0,2
1850,15,101,1,12,21,10,64.0,1,1500,6,0,30000000.0,2
1851,15,101,1,0,18,5,4.0,2,128,3,0,1100000.0,2
1852,15,101,1,0,0,6,4.0,2,120,3,0,700000.0,2
1853,15,101,0,1,21,9,16.0,1,256,3,0,14300000.0,2
1854,15,101,1,0,0,8,6.0,2,128,3,0,900000.0,2
1855,15,101,1,0,0,10,16.0,1,128,6,0,3500000.0,2
1856,15,101,1,1,0,8,8.0,1,256,6,0,4800000.0,2
1857,15,101,1,1,0,10,8.0,2,120,3,0,2500000.0,2
1858,15,101,1,1,20,8,8.0,2,128,3,0,3900000.0,2
1859,15,101,1,0,0,7,4.0,2,128,3,0,680000.0,2
1860,15,101,1,1,0,14,16.0,0,256,6,0,4999000.0,2
1861,15,101,0,12,0,9,16.0,1,256,6,0,15100000.0,2
1862,15,101,1,2,20,9,8.0,2,128,1,0,3200000.0,2
1863,15,101,1,0,21,9,4.0,2,128,6,0,2500000.0,2
1864,15,101,1,0,21,0,32.0,1,256,3,0,6000000.0,0
1865,15,101,1,5,18,9,8.0,2,128,6,0,2350000.0,2
1866,15,101,0,0,0,9,8.0,1,256,6,0,6000000.0,2
1867,15,101,0,12,21,9,8.0,1,128,6,0,5500000.0,2
1868,15,101,1,1,16,8,8.0,0,120,6,0,3200000.0,2
1869,15,101,1,0,0,9,8.0,1,128,3,0,3400000.0,2
1870,15,101,1,9,0,14,64.0,1,1500,6,0,15000000.0,2
1871,15,101,1,3,21,14,16.0,0,250,6,0,6650000.0,2
1872,15,101,1,1,20,8,4.0,2,128,3,0,2000000.0,2
1873,15,101,1,9,0,14,64.0,1,512,3,0,35500000.0,2
1874,15,101,1,3,21,8,8.0,2,256,2,0,7500000.0,2
1875,15,101,1,1,21,9,8.0,1,256,6,0,4500000.0,2
1876,15,101,1,1,21,9,8.0,1,256,6,0,2300000.0,2
1877,15,101,1,5,21,10,16.0,1,500,6,0,450000.0,2
1878,15,101,1,3,20,0,8.0,0,128,5,0,3900000.0,0
1879,15,101,1,0,0,9,16.0,2,128,1,0,4900000.0,2
1880,15,101,1,3,21,9,16.0,1,480,6,0,8670000.0,2
1881,15,101,0,3,21,9,8.0,2,128,2,0,3500000.0,2
1882,15,101,0,12,21,9,8.0,1,500,6,0,8500000.0,2
1883,15,101,1,12,21,9,8.0,2,500,6,0,1800000.0,2
1884,15,101,1,12,21,9,8.0,1,120,2,0,1800000.0,2
1885,15,101,0,12,21,9,8.0,1,128,6,0,5800000.0,2
1886,15,101,1,3,0,9,8.0,1,120,3,0,3900000.0,2
1887,15,101,1,0,0,8,8.0,2,256,3,0,3290000.0,2
1888,15,101,0,12,21,14,64.0,1,256,6,0,10500000.0,2
1889,15,101,0,9,21,14,32.0,1,500,6,0,10500000.0,2
1890,15,101,1,12,21,9,16.0,1,256,3,0,8300000.0,2
1891,15,101,1,0,0,9,8.0,0,256,3,0,4500000.0,2
1892,15,101,2,0,21,6,4.0,2,250,3,0,7000000.0,2
1893,15,101,0,0,0,9,16.0,1,256,6,0,10500000.0,2
1894,15,101,0,12,21,14,64.0,1,256,6,0,13500000.0,2
1895,15,101,1,1,21,8,16.0,0,512,3,0,10200000.0,2
1896,15,101,0,12,21,9,8.0,1,250,6,0,8500000.0,2
1897,15,101,1,0,21,9,8.0,0,128,3,0,7200000.0,2
1898,15,101,1,0,0,8,8.0,2,250,3,0,750000.0,2
1899,15,101,0,1,0,8,16.0,0,256,6,0,9950000.0,2
1900,15,101,1,0,21,9,16.0,1,250,3,0,5650000.0,2
1901,15,101,0,12,0,9,16.0,1,512,6,0,22690000.0,2
1902,15,101,1,0,0,0,8.0,2,128,3,0,1100000.0,0
1903,15,101,1,3,0,9,8.0,0,256,3,0,6800000.0,2
1904,15,101,1,1,0,14,32.0,1,256,3,0,6500000.0,2
1905,15,101,1,0,18,14,16.0,1,256,3,0,10000000.0,2
1906,15,101,1,1,21,8,16.0,1,250,3,0,2000000.0,2
1907,15,101,1,1,21,14,32.0,0,256,3,0,8000000.0,2
1908,15,101,1,1,20,8,8.0,1,128,3,0,4300000.0,2
1909,15,101,1,0,0,9,8.0,2,128,3,0,200000.0,2
1910,15,101,1,0,0,9,8.0,1,128,3,0,5000000.0,2
1911,15,101,1,12,21,9,16.0,2,512,3,0,6999000.0,2
1912,15,101,1,0,0,9,16.0,2,128,3,0,2400000.0,2
1913,15,101,1,1,0,14,8.0,1,250,3,0,1700000.0,2
1914,15,101,1,0,18,9,8.0,2,250,3,0,700000.0,2
1915,15,101,0,1,21,8,16.0,0,256,6,0,10000000.0,2
1916,15,101,1,9,21,14,32.0,2,256,3,0,7700000.0,2
1917,15,101,1,0,21,9,8.0,1,128,6,0,6500000.0,2
1918,15,101,0,1,0,9,16.0,1,256,3,0,7800000.0,2
1919,15,101,1,12,0,8,16.0,1,256,3,0,8800000.0,2
1920,15,101,0,1,0,10,32.0,1,512,3,0,17000000.0,2
1921,15,101,0,9,0,14,32.0,1,128,6,0,5400000.0,2
1922,15,101,1,12,16,9,4.0,2,256,3,0,15000000.0,2
1923,15,101,1,0,0,9,16.0,2,256,1,0,3850000.0,2
1924,15,101,0,12,21,10,16.0,2,500,3,0,9500000.0,2
1925,15,101,1,5,0,9,8.0,2,120,3,0,1530000.0,2
1926,15,101,0,0,21,9,8.0,1,120,6,0,5650000.0,2
1927,15,101,0,9,0,14,16.0,1,256,3,0,3900000.0,2
1928,15,101,0,9,0,14,32.0,1,128,5,0,3700000.0,2
1929,15,101,1,0,0,10,8.0,1,128,3,0,6300000.0,2
1930,15,101,0,9,21,14,16.0,1,256,3,0,6800000.0,2
1931,15,101,1,1,20,9,8.0,1,128,6,0,1800000.0,2
1932,15,101,1,0,0,9,16.0,2,128,3,0,3500000.0,2
1933,15,101,0,1,0,10,64.0,1,128,3,0,3450000.0,2
1934,15,101,1,0,20,12,8.0,2,500,6,0,1950000.0,2
1935,15,101,0,1,0,8,16.0,1,256,3,0,9700000.0,2
1936,15,101,0,12,21,9,16.0,1,256,1,0,7900000.0,2
1937,15,101,1,0,0,8,4.0,2,128,3,0,800000.0,2
1938,15,101,1,3,20,8,8.0,2,128,3,0,1990000.0,2
1939,15,101,1,1,20,0,8.0,1,128,3,0,1600000.0,0
1940,15,101,0,9,21,8,8.0,2,128,6,0,4490000.0,2
1941,15,101,0,1,21,9,16.0,1,500,6,0,17350000.0,2
1942,15,101,1,1,21,9,8.0,0,256,6,0,8200000.0,2
1943,15,101,1,0,0,10,32.0,1,500,3,0,12500000.0,2
1944,15,101,1,0,21,9,16.0,2,512,6,0,35000000.0,2
1945,15,101,0,12,21,10,16.0,1,500,1,0,12900000.0,2
1946,15,101,1,5,20,9,4.0,1,128,6,0,2200000.0,2
1947,15,101,2,0,20,9,8.0,2,256,3,0,1800000.0,2
1948,15,101,1,2,0,12,4.0,2,128,6,0,1000000.0,2
1949,15,101,1,0,21,9,16.0,2,250,3,0,138888.0,2
1950,15,101,1,3,21,9,16.0,1,256,6,0,13900000.0,2
1951,15,101,1,0,18,9,8.0,1,128,3,0,4600000.0,2
1952,15,101,1,0,0,8,8.0,2,120,3,0,800000.0,2
1953,15,101,1,3,0,9,8.0,2,256,6,0,11000000.0,2
1954,15,101,0,0,21,9,8.0,1,120,3,0,4600000.0,2
1955,15,101,1,1,18,6,4.0,2,128,3,0,1180000.0,2
1956,15,101,2,1,21,14,16.0,0,120,3,0,5900000.0,2
1957,15,101,1,3,20,8,8.0,2,250,3,0,4000000.0,2
1958,15,101,1,1,21,9,8.0,0,128,3,0,3900000.0,2
1959,15,101,1,0,21,8,16.0,1,256,6,0,9600000.0,2
1960,15,101,1,0,20,8,8.0,2,128,6,0,2200000.0,2
1961,15,101,1,1,18,8,8.0,2,128,3,0,2190000.0,2
1962,15,101,1,0,18,9,8.0,1,128,3,0,2300000.0,2
1963,15,101,1,1,21,14,64.0,0,500,6,0,12800000.0,2
1964,15,101,1,12,21,11,32.0,1,1000,6,0,26900000.0,2
1965,15,101,1,1,18,14,16.0,0,500,6,0,6800000.0,2
1966,15,101,0,9,21,14,32.0,1,128,6,0,7800000.0,2
1967,15,101,0,12,0,9,16.0,0,256,6,0,16999999.0,2
1968,15,101,1,1,0,9,16.0,0,128,6,0,7500000.0,2
1969,15,101,0,12,0,9,8.0,0,256,3,0,10800000.0,2
1970,15,101,0,12,21,9,16.0,1,256,3,0,11000000.0,2
1971,15,101,0,12,0,8,8.0,0,256,3,0,9500000.0,2
1972,15,101,1,5,0,9,16.0,0,256,3,0,10999999.0,2
1973,15,101,1,1,21,16,8.0,0,128,3,0,5200000.0,0
1974,15,101,1,1,21,8,8.0,1,128,3,0,7777777.0,2
1975,15,101,1,1,21,9,8.0,0,128,6,0,7500000.0,2
1976,15,101,0,1,0,9,16.0,0,256,6,0,15500000.0,2
1977,15,101,1,3,0,14,16.0,2,250,3,0,7700000.0,2
1978,15,101,1,0,16,9,64.0,2,120,6,0,1000000.0,2
1979,15,101,1,1,0,8,6.0,2,128,3,0,1950000.0,2
1980,15,101,0,9,20,9,8.0,2,128,6,0,5500000.0,2
1981,15,101,0,1,21,14,64.0,0,250,6,0,9200000.0,2
1982,15,101,1,3,21,9,8.0,2,1000,6,0,6500000.0,2
1983,15,101,0,12,0,9,8.0,2,256,1,0,6900000.0,2
1984,15,101,1,3,0,9,8.0,1,128,3,0,2000000.0,2
1985,15,101,1,1,21,9,32.0,2,512,1,0,9999990.0,2
1986,15,101,0,12,21,9,16.0,1,256,3,0,10490000.0,2
1987,15,101,0,12,0,9,16.0,0,256,3,0,8890000.0,2
1988,15,101,1,0,21,9,16.0,1,1000,3,0,7300000.0,2
1989,15,101,1,3,21,9,8.0,2,256,2,0,20500000.0,2
1990,15,101,2,0,0,6,2.0,2,250,3,0,500000.0,2
1991,15,101,1,1,0,10,8.0,1,128,3,0,6300000.0,2
1992,15,101,1,0,20,6,8.0,2,128,3,0,1300000.0,2
1993,15,101,1,1,0,9,16.0,1,256,6,0,9650000.0,2
1994,15,101,0,0,0,8,8.0,1,128,3,0,6300000.0,2
1995,15,101,1,12,0,9,32.0,1,512,3,0,11900000.0,2
1996,15,101,1,0,21,9,16.0,2,250,3,0,10900000.0,2
1997,15,101,1,0,16,8,4.0,2,120,6,0,1600000.0,2
1998,15,101,1,12,21,9,16.0,2,512,1,0,9900000.0,2
1999,15,101,1,3,0,10,32.0,2,250,6,0,6000000.0,2
2000,15,101,1,1,21,8,16.0,1,1500,6,0,8500000.0,2
2001,15,101,1,1,21,9,16.0,2,512,6,0,15000000.0,2
2002,15,101,1,0,20,8,4.0,2,500,6,0,3200000.0,2
2003,15,101,0,12,0,9,6.0,1,120,6,0,3500000.0,2
2004,15,101,1,1,0,14,16.0,0,128,3,0,4700000.0,2
2005,15,101,1,0,0,14,32.0,0,256,3,0,5700000.0,2
2006,15,101,0,12,21,9,16.0,1,256,3,0,12500000.0,2
2007,15,101,1,0,21,8,8.0,0,500,3,0,6700000.0,2
2008,15,101,1,0,21,8,8.0,2,500,3,0,7200000.0,2
2009,15,101,1,0,0,10,8.0,1,128,3,0,2500000.0,2
2010,15,101,1,3,20,8,8.0,2,500,3,0,2600000.0,2
2011,15,101,1,1,20,10,8.0,0,256,3,0,4500000.0,2
2012,15,101,1,0,21,8,8.0,1,256,3,0,6500000.0,2
2013,15,101,1,0,0,8,8.0,2,256,3,0,2350000.0,2
2014,15,101,1,0,0,14,64.0,1,512,3,0,23500000.0,2
2015,15,101,2,0,0,9,8.0,2,128,3,0,5500000.0,2
2016,15,101,0,3,20,9,8.0,2,128,6,0,3200000.0,2
2017,15,101,0,0,0,9,8.0,2,1000,1,0,5000000.0,2
2018,15,101,0,0,0,14,32.0,2,256,7,0,7200000.0,2
2019,15,101,0,5,21,19,16.0,1,320,1,0,90000000.0,0
2020,15,101,1,1,0,9,8.0,2,128,6,0,2300000.0,2
2021,15,101,1,0,21,8,16.0,1,128,6,0,7100000.0,2
2022,15,101,0,12,21,9,64.0,2,1500,6,0,3000000.0,2
2023,15,101,0,1,21,8,8.0,1,256,6,0,5999999.0,2
2024,15,101,1,0,21,8,16.0,0,500,3,0,5800000.0,2
2025,15,101,1,12,21,10,64.0,1,500,3,0,35000000.0,2
2026,15,101,1,1,21,9,16.0,1,120,3,0,8800000.0,2
2027,15,101,0,1,21,9,16.0,1,500,6,0,15750000.0,2
2028,15,101,0,12,21,9,16.0,1,256,3,0,8250000.0,2
2029,15,101,0,0,0,14,64.0,0,1500,1,0,13000000.0,2
2030,15,101,1,3,20,5,8.0,2,120,3,0,3000000.0,2
2031,15,101,1,3,21,9,8.0,1,256,6,0,11000000.0,2
2032,15,101,1,0,0,9,8.0,2,128,3,0,9500000.0,2
2033,15,101,1,0,0,8,16.0,0,1500,3,0,2500000.0,2
2034,15,101,1,0,0,9,16.0,1,500,6,0,3500000.0,2
2035,15,101,1,3,0,9,16.0,1,128,6,0,4290000.0,2
2036,15,101,1,5,21,8,16.0,1,256,3,0,11000000.0,2
2037,15,101,1,0,0,8,4.0,2,250,3,0,499000.0,2
2038,15,101,1,3,21,14,32.0,0,256,6,0,7650000.0,2
2039,15,101,1,1,21,10,8.0,1,256,6,0,6900000.0,2
2040,15,101,0,0,21,8,8.0,1,256,6,0,5500000.0,2
2041,15,101,1,0,0,9,8.0,1,120,3,0,3650000.0,2
2042,15,101,0,1,0,9,16.0,1,256,5,0,7430000.0,2
2043,15,101,1,0,0,9,8.0,2,128,3,0,2500000.0,2
2044,15,101,1,3,21,9,64.0,1,500,3,0,4400000.0,2
2045,15,101,1,0,20,12,8.0,2,120,2,0,1950000.0,2
2046,15,101,1,0,0,0,64.0,2,1500,3,0,32000000.0,0
2047,15,101,1,0,21,9,16.0,1,256,3,0,13500000.0,2
2048,15,101,1,0,21,9,8.0,1,128,6,0,6200000.0,2
2049,15,101,0,0,18,12,4.0,2,320,6,0,1900000.0,2
2050,15,101,1,0,0,8,8.0,2,256,3,0,1100000.0,2
2051,15,101,1,0,21,9,16.0,1,1000,6,0,5000000.0,2
2052,15,101,0,5,21,14,64.0,1,1500,6,0,14999999.0,2
2053,15,101,1,12,21,9,16.0,1,250,3,0,11500000.0,2
2054,15,101,1,1,0,8,8.0,1,128,6,0,7500000.0,2
2055,15,101,1,0,0,9,32.0,1,500,6,0,44000000.0,2
2056,15,101,1,1,21,9,8.0,1,1000,3,0,4799000.0,2
2057,15,101,1,0,0,9,16.0,2,128,3,0,5500000.0,2
2058,15,101,1,0,21,9,8.0,2,1000,6,0,5000000.0,2
2059,15,101,1,0,0,9,8.0,2,256,3,0,4500000.0,2
2060,15,101,2,1,20,8,8.0,2,128,3,0,2000000.0,2
2061,15,101,1,0,0,8,8.0,2,128,3,0,4500000.0,2
2062,15,101,0,9,21,9,8.0,1,120,3,0,9000000.0,2
2063,15,101,0,9,0,14,32.0,1,128,6,0,5100000.0,2
2064,15,101,0,12,21,14,64.0,1,512,6,0,123456.0,2
2065,15,101,1,3,0,9,16.0,1,256,3,0,8500000.0,2
2066,15,101,1,1,0,12,2.0,2,250,3,0,750000.0,2
2067,15,101,1,0,0,9,8.0,2,128,3,0,8000000.0,2
2068,15,101,1,1,21,8,8.0,2,120,3,0,4900000.0,2
2069,15,101,1,0,0,8,8.0,2,128,3,0,4000000.0,2
2070,15,101,0,12,20,9,8.0,2,256,2,0,3900000.0,2
2071,15,101,1,0,0,10,16.0,0,250,6,0,330000.0,2
2072,15,101,1,1,21,9,8.0,1,256,6,0,7500000.0,2
2073,15,101,1,1,21,14,32.0,0,256,6,0,6800000.0,2
2074,15,101,1,0,0,9,8.0,2,512,3,0,7000000.0,2
2075,15,101,1,1,0,9,16.0,1,120,3,0,6600000.0,2
2076,15,101,1,1,0,8,16.0,1,320,3,0,7000000.0,2
2077,15,101,1,0,0,9,6.0,2,128,3,0,1086000.0,2
2078,15,101,1,1,0,9,16.0,1,500,6,0,13680000.0,2
2079,15,101,0,12,21,10,16.0,2,500,3,0,9500000.0,2
2080,15,101,1,0,21,8,16.0,1,512,3,0,1000000.0,2
2081,15,101,0,1,0,9,8.0,1,128,3,0,5500000.0,2
2082,15,101,1,0,18,9,4.0,0,512,3,0,100000.0,2
2083,15,101,2,0,0,9,8.0,2,256,3,0,3500000.0,2
2084,15,101,1,0,0,9,4.0,2,500,3,0,850000.0,2
2085,15,101,1,3,0,9,16.0,2,256,1,0,1999000.0,2
2086,15,101,1,3,0,9,8.0,2,256,3,0,3800000.0,2
2087,15,101,1,0,21,9,8.0,2,128,3,0,3500000.0,2
2088,15,101,1,1,20,0,8.0,0,256,2,0,2500000.0,0
2089,15,101,1,0,0,10,8.0,2,128,3,0,3999999.0,2
2090,15,101,1,3,0,8,4.0,2,128,3,0,1700000.0,2
2091,15,101,0,1,21,9,16.0,1,500,6,0,16450000.0,2
2092,15,101,0,0,21,9,8.0,2,256,6,0,6200000.0,2
2093,15,101,1,0,0,9,8.0,2,128,3,0,3500000.0,2
2094,15,101,1,0,0,8,8.0,1,128,6,0,3500000.0,2
2095,15,101,1,0,21,14,8.0,1,128,3,0,3950000.0,2
2096,15,101,1,0,21,14,64.0,1,250,6,0,6000000.0,2
2097,15,101,1,1,0,14,16.0,2,120,3,0,2900000.0,2
2098,15,101,1,0,0,9,4.0,2,128,3,0,1700000.0,2
2099,15,101,1,0,0,9,8.0,2,128,6,0,1000000.0,2
2100,15,101,1,0,0,14,8.0,1,128,3,0,2500000.0,2
2101,15,101,1,9,21,9,16.0,1,256,3,0,15500000.0,2
2102,15,101,1,3,21,9,8.0,1,128,3,0,5400000.0,2
2103,15,101,1,0,20,9,4.0,2,128,3,0,1500000.0,2
2104,15,101,1,3,21,10,16.0,2,480,3,0,4500000.0,2
2105,15,101,1,0,0,9,16.0,2,1000,3,0,8800000.0,2
2106,15,101,1,0,18,6,4.0,2,128,3,0,1000000.0,2
2107,15,101,1,0,0,8,4.0,2,256,3,0,800000.0,2
2108,15,101,0,1,21,9,16.0,1,250,2,0,12500000.0,2
2109,15,101,1,9,0,8,6.0,2,128,1,0,1500000.0,2
2110,15,101,1,0,0,9,16.0,2,256,3,0,5500000.0,2
2111,15,101,1,0,0,9,8.0,2,512,3,0,5500000.0,2
2112,15,101,1,0,0,8,4.0,2,320,3,0,650000.0,2
2113,15,101,1,0,20,12,8.0,2,1000,3,0,3000000.0,2
2114,15,101,0,12,0,9,8.0,2,256,3,0,6700000.0,2
2115,15,101,1,0,0,8,16.0,1,128,3,0,9500000.0,2
2116,15,101,1,0,21,9,8.0,1,128,3,0,5900000.0,2
2117,15,101,0,12,21,8,16.0,1,256,6,0,15900000.0,2
2118,15,101,0,1,21,8,16.0,1,256,6,0,14000000.0,2
2119,15,101,1,0,0,9,8.0,2,128,3,0,6500000.0,2
2120,15,101,0,0,21,9,16.0,2,256,6,0,12000000.0,2
2121,15,101,0,1,0,14,64.0,0,256,6,0,5200000.0,2
2122,15,101,1,0,0,10,8.0,2,128,6,0,2500000.0,2
2123,15,101,1,1,21,9,8.0,2,256,3,0,4400000.0,2
2124,15,101,0,1,21,10,16.0,1,512,3,0,15000000.0,2
2125,15,101,1,1,21,9,16.0,1,320,6,0,4000000.0,2
2126,15,101,0,1,0,9,16.0,1,256,6,0,9500000.0,2
2127,15,101,1,0,0,8,4.0,2,500,3,0,800000.0,2
2128,15,101,1,0,21,10,16.0,0,128,3,0,8500000.0,2
2129,15,101,1,0,0,14,64.0,1,128,3,0,5500000.0,2
2130,15,101,1,9,0,8,8.0,0,128,1,0,3500000.0,2
2131,15,101,1,5,21,9,16.0,2,512,6,0,20000000.0,2
2132,15,101,1,1,21,9,8.0,2,256,3,0,2900000.0,2
2133,15,101,1,0,0,8,4.0,2,256,6,0,1200000.0,2
2134,15,101,0,1,21,8,16.0,1,250,6,0,15300000.0,2
2135,15,101,1,0,0,8,8.0,2,500,3,0,1250000.0,2
2136,15,101,1,0,21,10,8.0,2,1000,3,0,11000000.0,2
2137,15,101,1,1,21,9,8.0,1,128,3,0,4300000.0,2
2138,15,101,1,0,0,9,8.0,2,1000,3,0,3500000.0,2
2139,15,101,1,0,20,9,32.0,2,120,6,0,500000.0,2
2140,15,101,1,0,0,9,0.5,2,120,3,0,399000.0,2
2141,15,101,1,0,0,0,8.0,2,120,3,0,1000000.0,0
2142,15,101,1,0,20,6,8.0,2,128,3,0,1200000.0,2
2143,15,101,1,3,21,9,8.0,1,256,3,0,8000000.0,2
2144,15,101,1,0,20,9,8.0,1,120,1,0,2200000.0,2
2145,15,101,1,0,0,9,16.0,2,128,6,0,2000000.0,2
2146,15,101,1,0,0,8,4.0,2,120,3,0,1900000.0,2
2147,15,101,1,0,21,0,8.0,1,500,6,0,5500000.0,0
2148,15,101,1,9,0,9,8.0,2,256,3,0,2950000.0,2
2149,15,101,0,1,21,9,16.0,1,500,2,0,15500000.0,2
2150,15,101,1,0,21,14,32.0,0,250,3,0,12300000.0,2
2151,15,101,0,1,21,9,8.0,1,250,6,0,11000000.0,2
2152,15,101,1,1,0,14,16.0,0,256,3,0,6300000.0,2
2153,15,101,1,3,21,9,8.0,0,256,3,0,5000000.0,2
2154,15,101,1,0,0,9,8.0,1,128,3,0,1800000.0,2
2155,15,101,0,12,0,9,8.0,2,128,3,0,1800000.0,2
2156,15,101,1,3,0,9,32.0,1,512,3,0,13000000.0,2
2157,15,101,1,0,0,11,32.0,1,512,3,0,21900000.0,2
2158,15,101,1,3,20,14,16.0,1,128,6,0,4950000.0,2
2159,15,101,1,0,0,9,8.0,2,256,3,0,4500000.0,2
2160,15,101,0,12,21,9,8.0,2,128,6,0,5500000.0,2
2161,15,101,1,0,0,7,2.0,2,250,3,0,320000.0,2
2162,15,101,1,3,20,9,8.0,2,128,3,0,3800000.0,2
2163,15,101,1,1,21,8,8.0,1,256,3,0,8100000.0,2
2164,15,101,1,1,0,9,16.0,1,256,3,0,8000000.0,2
2165,15,101,0,1,21,8,8.0,1,120,6,0,7200000.0,2
2166,15,101,1,1,21,9,8.0,2,500,3,0,1800000.0,2
2167,15,101,1,12,0,9,32.0,1,1000,6,0,12000000.0,2
2168,15,101,1,1,21,9,8.0,2,128,3,0,3880000.0,2
2169,15,101,1,0,21,8,8.0,1,120,6,0,3200000.0,2
2170,15,101,1,0,21,8,16.0,2,250,1,0,5500000.0,2
2171,15,101,0,1,21,9,16.0,1,256,6,0,8500000.0,2
2172,15,101,1,0,21,14,16.0,0,640,3,0,5500000.0,2
2173,15,101,1,0,21,6,4.0,1,250,2,0,1500000.0,2
2174,15,101,1,0,21,9,16.0,1,256,3,0,7700000.0,2
2175,15,101,1,0,0,8,8.0,2,128,6,0,2450000.0,2
2176,15,101,1,1,21,14,8.0,1,128,6,0,6000000.0,2
2177,15,101,1,1,0,8,4.0,2,128,1,0,1300000.0,2
2178,15,101,0,12,21,8,16.0,1,256,6,0,9500000.0,2
2179,15,101,1,0,0,8,8.0,2,250,3,0,5300000.0,2
2180,15,101,0,12,0,14,32.0,1,128,6,0,5900000.0,2
2181,15,101,1,0,0,10,16.0,2,128,3,0,1000000.0,2
2182,15,101,1,1,21,8,16.0,1,256,6,0,8600000.0,2
2183,15,101,1,0,20,14,4.0,2,128,3,0,2000000.0,2
2184,15,101,1,1,0,14,32.0,1,256,3,0,5600000.0,2
2185,15,101,1,3,0,8,8.0,2,128,3,0,2000000.0,2
2186,15,101,1,0,20,8,6.0,2,128,3,0,2000000.0,2
2187,15,101,1,3,21,9,8.0,2,128,2,0,3500000.0,2
2188,15,101,0,12,21,9,16.0,2,512,6,0,18400000.0,2
2189,15,101,1,1,20,8,8.0,1,128,6,0,3000000.0,2
2190,15,101,0,12,0,10,16.0,1,512,6,0,15000000.0,2
2191,15,101,2,1,21,14,16.0,1,1000,6,0,5000000.0,2
2192,15,101,1,1,21,8,16.0,0,320,6,0,10700000.0,2
2193,15,101,2,0,21,8,8.0,2,120,6,0,5500000.0,2
2194,15,101,1,0,21,9,8.0,1,120,2,0,3890000.0,2
2195,15,101,1,1,0,9,4.0,2,128,3,0,950000.0,2
2196,15,101,1,0,20,8,8.0,2,250,3,0,1250000.0,2
2197,15,101,0,1,0,14,16.0,1,256,6,0,6300000.0,2
2198,15,101,1,0,21,14,32.0,0,500,3,0,6000000.0,2
2199,15,101,1,0,21,9,8.0,2,128,3,0,4700000.0,2
2200,15,101,0,0,0,9,2.0,2,128,3,0,2000000.0,2
2201,15,101,1,0,0,9,8.0,2,128,3,0,2500000.0,2
2202,15,101,1,0,0,8,8.0,1,120,6,0,3500000.0,2
2203,15,101,1,0,0,9,16.0,1,128,3,0,7800000.0,2
2204,15,101,1,0,20,9,8.0,2,128,6,0,700000.0,2
2205,15,101,1,0,16,8,4.0,2,250,3,0,2500000.0,2
2206,15,101,0,2,21,14,32.0,0,256,6,0,6500000.0,2
2207,15,101,1,1,21,9,16.0,1,1500,3,0,2200000.0,2
2208,15,101,0,0,0,8,16.0,1,256,6,0,10350000.0,2
2209,15,101,1,1,21,9,0.5,2,120,6,0,13500000.0,2
2210,15,101,1,1,0,9,8.0,2,128,3,0,1000000.0,2
2211,15,101,1,0,0,9,8.0,2,128,3,0,600000.0,2
2212,15,101,1,0,0,9,4.0,2,128,3,0,1000000.0,2
2213,15,101,1,1,20,8,6.0,1,250,3,0,1950000.0,2
2214,15,101,1,1,0,9,16.0,1,256,3,0,6300000.0,2
2215,15,101,2,1,0,9,8.0,2,1000,6,0,1550000.0,2
2216,15,101,1,3,21,9,8.0,2,256,3,0,8750000.0,2
2217,15,101,0,12,21,9,16.0,1,256,2,0,13990000.0,2
2218,15,101,1,0,0,9,16.0,1,256,3,0,4500000.0,2
2219,15,101,0,5,21,9,8.0,2,128,3,0,4200000.0,2
2220,15,101,1,5,21,0,8.0,0,256,3,0,8000000.0,0
2221,15,101,0,12,21,8,16.0,1,256,6,0,12600000.0,2
2222,15,101,1,0,21,9,8.0,0,120,3,0,4000000.0,2
2223,15,101,1,0,0,9,32.0,1,1000,3,0,18800000.0,2
2224,15,101,2,0,0,10,8.0,2,256,3,0,4000000.0,2
2225,15,101,0,12,21,9,8.0,1,256,6,0,10500000.0,2
2226,15,101,1,0,0,9,16.0,2,128,3,0,8000000.0,2
2227,15,101,0,12,21,14,64.0,1,256,6,0,12500000.0,2
2228,15,101,1,0,18,9,16.0,1,256,3,0,3000000.0,2
2229,15,101,1,1,0,8,8.0,2,128,3,0,1600000.0,2
2230,15,101,0,12,21,10,8.0,2,128,6,0,4000000.0,2
2231,15,101,1,1,20,8,8.0,1,128,6,0,4200000.0,2
2232,15,101,1,0,0,9,8.0,1,128,6,0,5000000.0,2
2233,15,101,1,3,18,7,4.0,2,128,3,0,1200000.0,2
2234,15,101,1,3,18,9,4.0,2,128,3,0,3000000.0,2
2235,15,101,1,3,20,9,4.0,2,128,3,0,3900000.0,2
2236,15,101,1,3,18,6,4.0,2,128,3,0,1100000.0,2
2237,15,101,1,3,18,9,4.0,2,128,3,0,2600000.0,2
2238,15,101,1,3,18,8,4.0,2,128,3,0,2500000.0,2
2239,15,101,1,3,18,9,4.0,2,128,3,0,2200000.0,2
2240,15,101,1,2,18,8,4.0,2,128,3,0,1900000.0,2
2241,15,101,2,3,21,9,8.0,2,128,6,0,3000000.0,2
2242,15,101,0,12,0,10,16.0,1,256,3,0,10990000.0,2
2243,15,101,2,0,16,6,4.0,2,500,3,0,800000.0,2
2244,15,101,1,0,0,12,4.0,2,128,3,0,599999.0,2
2245,15,101,1,1,0,14,64.0,0,512,3,0,7000000.0,2
2246,15,101,1,3,21,9,8.0,2,128,3,0,2500000.0,2
2247,15,101,0,1,0,9,16.0,1,500,6,0,15999999.0,2
2248,15,101,1,1,21,9,8.0,1,256,6,0,8500000.0,2
2249,15,101,1,0,20,14,32.0,1,128,3,0,3500000.0,2
2250,15,101,1,0,0,9,4.0,2,500,1,0,750000.0,2
2251,15,101,1,0,20,12,8.0,2,256,3,0,2500000.0,2
2252,15,101,1,1,21,9,16.0,2,256,3,0,8500000.0,2
2253,15,101,1,0,21,14,32.0,1,1000,6,0,10000000.0,2
2254,15,101,0,1,20,9,8.0,1,128,6,0,3000000.0,2
2255,15,101,1,3,0,9,8.0,2,256,1,0,2600000.0,2
2256,15,101,1,5,21,8,8.0,2,128,3,0,1550000.0,2
2257,15,101,1,1,21,8,8.0,1,256,6,0,4999999.0,2
2258,15,101,0,12,21,9,16.0,1,256,3,0,3300000.0,2
2259,15,101,1,0,21,9,16.0,1,512,3,0,18400000.0,2
2260,15,101,1,0,0,9,8.0,1,512,6,0,6990000.0,2
2261,15,101,1,0,0,14,64.0,1,256,3,0,10200000.0,2
2262,15,101,1,1,20,9,8.0,0,128,3,0,4200000.0,2
2263,15,101,1,0,0,9,8.0,2,256,3,0,9500000.0,2
2264,15,101,0,12,21,9,16.0,2,256,3,0,7900000.0,2
2265,15,101,0,12,0,9,16.0,1,256,6,0,9750000.0,2
2266,15,101,0,12,0,9,16.0,1,512,3,0,21300000.0,2
2267,15,101,1,1,21,9,8.0,1,128,3,0,2900000.0,2
2268,15,101,1,9,20,9,4.0,1,320,2,0,2541111.0,2
2269,15,101,1,1,0,14,32.0,2,1500,3,0,2900000.0,2
2270,15,101,1,0,0,9,64.0,2,120,3,0,12000000.0,2
2271,15,101,1,0,21,8,8.0,1,500,3,0,4900000.0,2
2272,15,101,1,1,0,5,4.0,2,128,3,0,2000000.0,2
2273,15,101,1,1,21,9,16.0,1,512,3,0,15000000.0,2
2274,15,101,2,1,21,9,16.0,2,512,3,0,12500000.0,2
2275,15,101,1,0,0,8,8.0,2,120,3,0,2200000.0,2
2276,15,101,1,0,0,8,4.0,2,128,3,0,1650000.0,2
2277,15,101,1,3,0,8,8.0,2,256,6,0,2500000.0,2
2278,15,101,1,0,0,9,8.0,2,128,3,0,2400000.0,2
2279,15,101,0,3,21,9,16.0,2,512,6,0,22000000.0,2
2280,15,101,0,2,21,9,8.0,2,250,6,0,7500000.0,2
2281,15,101,0,3,21,9,16.0,2,500,6,0,8000000.0,2
2282,15,101,1,1,21,14,32.0,0,256,6,0,5500000.0,2
2283,15,101,0,1,0,14,8.0,1,128,6,0,11000000.0,2
2284,15,101,0,0,0,9,8.0,1,256,6,0,3350000.0,2
2285,15,101,1,12,0,9,8.0,2,256,3,0,3400000.0,2
2286,15,101,1,9,0,14,16.0,1,256,2,0,8700000.0,2
2287,15,101,1,0,20,9,8.0,1,128,3,0,3450000.0,2
2288,15,101,1,9,0,9,8.0,0,500,1,0,2500000.0,2
2289,15,101,1,12,0,14,16.0,2,256,2,0,7800000.0,2
2290,15,101,1,0,20,8,16.0,2,1500,3,0,1700000.0,2
2291,15,101,1,1,0,14,16.0,0,120,3,0,6400000.0,2
2292,15,101,0,12,0,9,8.0,2,256,3,0,4990000.0,2
2293,15,101,1,0,20,8,8.0,2,250,6,0,2350000.0,2
2294,15,101,2,0,0,10,16.0,2,256,3,0,6200000.0,2
2295,15,101,1,12,0,14,32.0,1,256,3,0,21000000.0,2
2296,15,101,1,3,18,9,8.0,2,500,3,0,3100000.0,2
2297,15,101,1,0,0,9,8.0,2,128,3,0,1500000.0,2
2298,15,101,1,1,21,9,8.0,2,256,3,0,5900000.0,2
2299,15,101,1,0,0,9,8.0,1,128,3,0,5990000.0,2
2300,15,101,1,0,0,5,8.0,2,128,3,0,100000.0,2
2301,15,101,1,0,0,9,8.0,2,128,3,0,2250000.0,2
2302,15,101,1,0,16,9,16.0,2,256,3,0,8000000.0,2
2303,15,101,1,1,0,9,8.0,1,1000,3,0,4993900.0,2
2304,15,101,1,0,0,8,8.0,2,120,3,0,1600000.0,2
2305,15,101,0,12,0,9,8.0,2,250,6,0,2600000.0,2
2306,15,101,1,0,21,9,8.0,2,500,3,0,6500000.0,2
2307,15,101,0,9,0,9,16.0,0,128,6,0,4000000.0,2
2308,15,101,2,1,21,14,16.0,0,128,3,0,6400000.0,2
2309,15,101,1,2,20,9,8.0,2,128,3,0,2800000.0,2
2310,15,101,0,1,0,9,8.0,2,256,3,0,3900000.0,2
2311,15,101,0,3,21,9,8.0,1,256,6,0,4500000.0,2
2312,15,101,1,1,21,9,32.0,1,250,3,0,15000000.0,2
2313,15,101,1,9,21,9,8.0,2,1000,6,0,10000000.0,2
2314,15,101,1,0,0,0,16.0,0,256,3,0,3800000.0,0
2315,15,101,1,0,16,12,4.0,2,500,3,0,1800000.0,2
2316,15,101,1,1,21,9,8.0,2,256,3,0,4100000.0,2
2317,15,101,1,1,21,11,32.0,1,1000,3,0,26900000.0,2
2318,15,101,0,12,21,9,16.0,1,512,3,0,5000000.0,2
2319,15,101,0,0,0,14,16.0,2,128,6,0,1500000.0,2
2320,15,101,0,3,21,9,32.0,0,500,3,0,26000000.0,2
2321,15,101,1,0,0,11,16.0,1,250,6,0,400000.0,2
2322,15,101,1,0,0,9,8.0,2,128,6,0,500000.0,2
2323,15,101,1,1,0,10,32.0,1,256,3,0,10299999.0,2
2324,15,101,1,0,0,8,8.0,2,256,3,0,2700000.0,2
2325,15,101,1,3,21,14,32.0,0,256,5,0,5000000.0,2
2326,15,101,2,0,16,8,4.0,2,128,3,0,600000.0,2
2327,15,101,1,1,21,9,16.0,0,128,3,0,6400000.0,2
2328,15,101,1,1,21,9,16.0,1,512,6,0,5500000.0,2
2329,15,101,1,3,21,9,32.0,0,1500,2,0,11000000.0,2
2330,15,101,1,0,0,8,4.0,2,120,6,0,800000.0,2
2331,15,101,1,0,0,5,4.0,2,500,3,0,300000.0,2
2332,15,101,1,1,0,9,8.0,1,120,3,0,3550000.0,2
2333,15,101,1,0,0,9,8.0,0,128,6,0,1900000.0,2
2334,15,101,1,3,0,8,8.0,2,120,6,0,3000000.0,2
2335,15,101,0,9,0,10,8.0,1,128,3,0,5450000.0,2
2336,15,101,0,12,0,9,16.0,1,512,3,0,10850000.0,2
2337,15,101,1,0,0,8,8.0,2,120,3,0,1500000.0,2
2338,15,101,1,0,0,9,16.0,2,128,3,0,18299000.0,2
2339,15,101,1,0,21,9,32.0,1,500,3,0,17000000.0,2
2340,15,101,1,9,18,0,16.0,1,500,3,0,20000000.0,0
2341,15,101,0,12,21,9,16.0,2,500,6,0,18450000.0,2
2342,15,101,1,12,21,9,16.0,2,250,6,0,9500000.0,2
2343,15,101,1,0,0,6,2.0,2,128,3,0,250000.0,2
2344,15,101,0,9,21,9,8.0,1,256,6,0,7500000.0,2
2345,15,101,1,9,0,9,32.0,1,500,3,0,33000000.0,2
2346,15,101,0,0,21,9,8.0,1,256,6,0,8500000.0,2
2347,15,101,1,1,20,9,8.0,1,128,3,0,3800000.0,2
2348,15,101,0,0,0,9,16.0,2,750,3,0,4100000.0,2
2349,15,101,1,5,18,9,4.0,0,256,3,0,500000.0,2
2350,15,101,1,0,20,4,4.0,2,120,6,0,2700000.0,2
2351,15,101,1,3,0,10,16.0,2,256,3,0,5500000.0,2
2352,15,101,1,0,0,6,4.0,2,256,3,0,750000.0,2
2353,15,101,1,0,0,12,8.0,2,500,3,0,2750000.0,2
2354,15,101,1,0,0,9,32.0,2,500,3,0,12999000.0,2
2355,15,101,1,0,0,9,32.0,2,1000,3,0,20000000.0,2
2356,15,101,0,12,0,9,8.0,2,256,3,0,5500000.0,2
2357,15,101,1,0,21,9,16.0,2,128,6,0,7500000.0,2
2358,15,101,1,1,20,9,8.0,2,128,6,0,3800000.0,2
2359,15,101,1,0,20,9,8.0,2,128,3,0,2500000.0,2
2360,15,101,0,12,21,10,16.0,1,256,6,0,9500000.0,2
2361,15,101,1,1,21,9,8.0,1,128,6,0,6000000.0,2
2362,15,101,1,1,21,8,8.0,2,1500,6,0,4900000.0,2
2363,15,101,1,1,21,14,6.0,1,128,2,0,2700000.0,2
2364,15,101,0,12,21,10,8.0,2,128,6,0,5000000.0,2
2365,15,101,0,12,0,10,16.0,2,500,3,0,9500000.0,2
2366,15,101,1,1,0,9,8.0,2,120,3,0,1200000.0,2
2367,15,101,1,1,20,9,8.0,2,250,3,0,4200000.0,2
2368,15,101,1,3,21,10,8.0,2,1500,6,0,5600000.0,2
2369,15,101,1,0,0,17,8.0,2,128,3,0,2500000.0,0
2370,15,101,1,0,0,10,16.0,1,250,6,0,12500000.0,2
2371,15,101,1,1,16,8,4.0,2,128,5,0,3500000.0,2
2372,15,101,2,0,21,8,8.0,0,250,1,0,5000000.0,2
2373,15,101,0,1,21,9,16.0,2,1000,1,0,41500000.0,2
2374,15,101,0,12,21,9,16.0,1,256,3,0,12500000.0,2
2375,15,101,1,1,0,18,16.0,0,256,3,0,7500000.0,0
2376,15,101,1,1,0,8,4.0,2,250,3,0,2500000.0,2
2377,15,101,2,0,0,8,8.0,2,128,6,0,3100000.0,2
2378,15,101,1,0,0,8,2.0,2,120,6,0,750000.0,2
2379,15,101,1,0,0,8,2.0,2,120,6,0,850000.0,2
2380,15,101,1,0,21,9,16.0,1,250,3,0,5000000.0,2
2381,15,101,1,3,18,9,8.0,2,500,3,0,3300000.0,2
2382,15,101,1,9,0,10,8.0,1,250,3,0,4450000.0,2
2383,15,101,1,0,20,9,4.0,2,250,6,0,3400000.0,2
2384,15,101,1,9,0,9,16.0,2,1000,1,0,7000000.0,2
2385,15,101,1,1,21,9,16.0,1,256,6,0,3500000.0,2
2386,15,101,1,12,21,9,8.0,1,128,2,0,1800000.0,2
2387,15,101,1,0,0,10,8.0,2,128,3,0,4900000.0,2
2388,15,101,1,0,0,14,4.0,1,512,3,0,2200000.0,2
2389,15,101,1,0,20,9,8.0,1,128,3,0,2200000.0,2
2390,15,101,0,1,20,9,8.0,2,128,6,0,2300000.0,2
2391,15,101,1,0,0,9,8.0,2,128,6,0,2000000.0,2
2392,15,101,0,5,21,8,8.0,2,250,3,0,3700000.0,2
2393,15,101,0,0,21,9,8.0,0,500,6,0,12500000.0,2
2394,15,101,0,0,21,14,64.0,1,500,6,0,13500000.0,2
2395,15,101,0,12,21,14,64.0,1,500,6,0,13500000.0,2
2396,15,101,1,0,20,12,8.0,2,128,3,0,2940000.0,2
2397,15,101,1,9,21,8,8.0,0,250,3,0,8500000.0,2
2398,15,101,1,1,0,9,8.0,2,256,3,0,1200000.0,2
2399,15,101,1,0,0,5,4.0,2,128,3,0,450000.0,2
2400,15,101,1,0,0,9,16.0,2,256,3,0,15900000.0,2
2401,15,101,1,0,0,9,8.0,1,128,3,0,2500000.0,2
2402,15,101,1,9,0,9,16.0,2,256,1,0,6000000.0,2
2403,15,101,1,9,0,9,8.0,2,256,1,0,3700000.0,2
2404,15,101,1,9,0,9,8.0,2,256,1,0,3500000.0,2
2405,15,101,1,0,21,9,8.0,2,120,3,0,6850000.0,2
2406,15,101,0,12,21,9,8.0,1,256,5,0,7500000.0,2
2407,15,101,0,12,21,9,8.0,1,512,6,0,4400000.0,2
2408,15,101,1,1,0,10,16.0,1,256,6,0,3800000.0,2
2409,15,101,0,0,0,9,16.0,1,256,6,0,8450000.0,2
2410,15,101,1,0,0,8,8.0,1,128,3,0,3600000.0,2
2411,15,101,0,1,0,9,16.0,1,256,6,0,10000000.0,2
2412,15,101,1,0,21,10,16.0,2,1000,1,0,5500000.0,2
2413,15,101,1,0,21,8,8.0,1,128,6,0,6000000.0,2
2414,15,101,1,0,21,9,8.0,2,1000,5,0,9600000.0,2
2415,15,101,1,1,21,9,8.0,2,1000,3,0,6000000.0,2
2416,15,101,1,0,0,12,4.0,2,500,3,0,680000.0,2
2417,15,101,0,3,21,9,8.0,2,256,6,0,7500000.0,2
2418,15,101,1,0,0,8,8.0,2,128,3,0,200000.0,2
2419,15,101,0,12,21,8,8.0,1,128,6,0,10000000.0,2
2420,15,101,0,1,0,9,16.0,1,512,3,0,10200000.0,2
2421,15,101,1,0,0,8,8.0,2,500,3,0,3200000.0,2
2422,15,101,1,0,21,8,8.0,2,500,3,0,2500000.0,2
2423,15,101,1,1,0,12,4.0,2,128,3,0,1600000.0,2
2424,15,101,1,0,20,5,8.0,1,256,6,0,3600000.0,2
2425,15,101,1,1,0,8,8.0,2,500,3,0,1900000.0,2
2426,15,101,1,1,0,8,4.0,2,500,3,0,1200000.0,2
2427,15,101,0,9,20,9,8.0,1,120,1,0,2600000.0,2
2428,15,101,1,1,0,8,8.0,2,128,3,0,3200000.0,2
2429,15,101,1,1,0,9,16.0,2,500,3,0,5500000.0,2
2430,15,101,1,0,0,9,8.0,1,256,3,0,5500000.0,2
2431,15,101,1,1,18,9,8.0,2,1500,3,0,2600000.0,2
2432,15,101,1,1,21,9,8.0,2,256,3,0,7100000.0,2
2433,15,101,1,0,0,10,4.0,2,500,3,0,3000000.0,2
2434,15,101,1,0,0,9,8.0,2,256,3,0,3000000.0,2
2435,15,101,1,0,20,10,8.0,2,128,3,0,2250000.0,2
2436,15,101,1,0,0,14,32.0,1,512,6,0,5000000.0,2
2437,15,101,2,0,20,8,8.0,2,128,2,0,2500000.0,2
2438,15,101,1,0,20,14,32.0,1,128,3,0,3500000.0,2
2439,15,101,0,1,21,14,64.0,0,256,6,0,8500000.0,2
2440,15,101,1,0,20,9,8.0,2,128,3,0,3500000.0,2
2441,15,101,1,1,20,9,8.0,2,128,6,0,2100000.0,2
2442,15,101,2,0,0,9,0.5,2,256,3,0,200000.0,2
2443,15,101,0,12,0,8,32.0,2,256,6,0,1399999.0,2
2444,15,101,0,0,0,9,8.0,1,256,3,0,8800000.0,2
2445,15,101,2,1,21,9,32.0,1,500,6,0,15000000.0,2
2446,15,101,0,5,21,9,8.0,1,512,3,0,5500000.0,2
2447,15,101,0,1,21,8,8.0,2,128,3,0,9000000.0,2
2448,15,101,1,0,21,0,32.0,2,500,3,0,11000000.0,0
2449,15,101,1,0,16,8,4.0,2,500,3,0,2450000.0,2
2450,15,101,1,0,20,8,8.0,2,120,3,0,1350000.0,2
2451,15,101,1,0,20,12,8.0,2,500,3,0,1100000.0,2
2452,15,101,1,9,20,12,8.0,2,128,3,0,2250000.0,2
2453,15,101,1,1,20,8,16.0,2,120,3,0,8000000.0,2
2454,15,101,1,0,21,10,16.0,0,256,6,0,7900000.0,2
2455,15,101,1,3,0,10,16.0,1,256,3,0,8000000.0,2
2456,15,101,1,0,21,9,8.0,2,256,6,0,4000000.0,2
2457,15,101,1,1,21,14,8.0,1,128,6,0,2222222.0,2
2458,15,101,1,0,0,9,8.0,1,128,3,0,3000000.0,2
2459,15,101,1,0,0,8,8.0,2,128,3,0,123456.0,2
2460,15,101,1,0,0,10,16.0,2,480,3,0,3999000.0,2
2461,15,101,2,0,20,12,4.0,2,512,3,0,2800000.0,2
2462,15,101,1,0,21,14,64.0,1,256,3,0,15000000.0,2
2463,15,101,0,1,0,9,16.0,1,500,6,0,25590000.0,2
2464,15,101,1,0,0,9,4.0,2,500,3,0,1000000.0,2
2465,15,101,0,1,0,10,32.0,1,512,3,0,44990000.0,2
2466,15,101,1,1,21,9,8.0,1,256,6,0,5900000.0,2
2467,15,101,1,1,20,9,8.0,1,128,6,0,2850000.0,2
2468,15,101,2,1,21,14,16.0,1,256,3,0,2999000.0,2
2469,15,101,0,1,0,11,32.0,1,512,6,0,37490000.0,2
2470,15,101,1,0,0,8,8.0,2,250,3,0,3800000.0,2
2471,15,101,1,0,0,8,4.0,2,128,3,0,1900000.0,2
2472,15,101,1,0,21,9,16.0,1,250,6,0,9500000.0,2
2473,15,101,1,5,0,17,16.0,0,1000,6,0,11000000.0,0
2474,15,101,1,0,0,12,4.0,2,512,7,0,1800000.0,2
2475,15,101,1,0,0,14,8.0,2,128,3,0,6500000.0,2
2476,15,101,1,1,0,14,32.0,1,1000,3,0,15000000.0,2
2477,15,101,1,0,0,9,64.0,1,256,1,0,5200000.0,2
2478,15,101,1,3,21,8,8.0,1,128,6,0,7300000.0,2
2479,15,101,1,0,16,8,8.0,2,480,3,0,1900000.0,2
2480,15,101,1,0,21,9,8.0,1,128,6,0,3000000.0,2
2481,15,101,0,12,0,9,16.0,1,512,3,0,25850000.0,2
2482,15,101,1,12,0,9,16.0,1,256,3,0,8800000.0,2
2483,15,101,1,1,21,14,32.0,0,250,6,0,5500000.0,2
2484,15,101,1,0,20,12,8.0,2,120,3,0,2300000.0,2
2485,15,101,1,1,21,8,8.0,1,128,6,0,7999999.0,2
2486,15,101,1,1,0,10,32.0,1,512,6,0,6500000.0,2
2487,15,101,1,0,20,9,8.0,2,128,3,0,2300000.0,2
2488,15,101,1,3,0,9,16.0,2,128,6,0,6500000.0,2
2489,15,101,2,0,0,8,4.0,2,128,3,0,750000.0,2
2490,15,101,1,5,21,9,8.0,2,256,1,0,8500000.0,2
2491,15,101,1,1,21,14,8.0,1,250,6,0,4500000.0,2
2492,15,101,1,1,0,10,8.0,1,128,3,0,3800000.0,2
2493,15,101,1,3,20,9,8.0,2,500,6,0,2100000.0,2
2494,15,101,1,0,0,9,8.0,2,128,3,0,2500000.0,2
2495,15,101,1,3,0,14,32.0,0,128,6,0,4900000.0,2
2496,15,101,1,0,0,9,4.0,2,128,6,0,900000.0,2
2497,15,101,1,1,0,5,8.0,2,128,3,0,1300000.0,2
2498,15,101,0,1,0,14,32.0,1,256,6,0,6990000.0,2
2499,15,101,1,0,0,14,32.0,2,128,3,0,6500000.0,2
2500,15,101,1,12,21,9,32.0,0,512,6,0,15000000.0,2
2501,15,101,1,0,0,0,16.0,2,1000,3,0,11000000.0,0
2502,15,101,1,1,0,10,8.0,2,256,3,0,1100000.0,2
2503,15,101,1,12,0,8,8.0,2,256,3,0,3300000.0,2
2504,15,101,1,3,0,10,32.0,1,1000,3,0,11000000.0,2
2505,15,101,0,1,21,10,8.0,2,256,6,0,2000000.0,2
2506,15,101,1,3,20,10,8.0,1,250,1,0,4000000.0,2
2507,15,101,0,0,21,9,8.0,1,128,6,0,4600000.0,2
2508,15,101,1,3,20,9,8.0,2,120,3,0,2500000.0,2
2509,15,101,0,9,0,14,16.0,1,256,3,0,6390000.0,2
2510,15,101,0,12,0,10,8.0,2,512,1,0,6900000.0,2
2511,15,101,1,0,20,12,4.0,2,128,3,0,1500000.0,2
2512,15,101,1,0,0,9,8.0,2,256,6,0,7000000.0,2
2513,15,101,1,1,0,9,16.0,1,128,3,0,6700000.0,2
2514,15,101,1,1,0,9,16.0,1,256,3,0,6500000.0,2
2515,15,101,1,0,0,8,8.0,2,250,3,0,2500000.0,2
2516,15,101,1,12,21,8,16.0,0,500,6,0,12000000.0,2
2517,15,101,1,0,0,12,2.0,2,120,6,0,500000.0,2
2518,15,101,1,1,21,6,8.0,1,128,3,0,2800000.0,2
2519,15,101,1,0,0,9,8.0,1,120,3,0,2600000.0,2
2520,15,101,1,1,21,9,16.0,1,128,3,0,5500000.0,2
2521,15,101,0,0,0,9,8.0,2,128,1,0,2999000.0,2
2522,15,101,1,2,20,9,8.0,2,128,3,0,2700000.0,2
2523,15,101,1,1,21,9,16.0,1,512,3,0,12500000.0,2
2524,15,101,1,0,18,8,6.0,2,128,3,0,1250000.0,2
2525,15,101,1,1,21,10,8.0,2,512,2,0,6000000.0,2
2526,15,101,1,0,21,9,8.0,1,256,3,0,10000000.0,2
2527,15,101,1,1,21,9,16.0,1,128,3,0,5900000.0,2
2528,15,101,1,1,21,10,16.0,1,128,6,0,6200000.0,2
2529,15,101,0,1,21,8,8.0,1,256,3,0,9500000.0,2
2530,15,101,1,0,21,10,16.0,1,750,3,0,16000000.0,2
2531,15,101,1,3,21,9,8.0,1,128,3,0,4900000.0,2
2532,15,101,1,0,21,9,8.0,1,500,5,0,4500000.0,2
2533,15,101,1,9,21,9,8.0,1,128,6,0,7000000.0,2
2534,15,101,1,0,21,8,8.0,1,128,6,0,2900000.0,2
2535,15,101,0,5,21,9,8.0,1,500,6,0,5500000.0,2
2536,15,101,0,5,21,9,8.0,1,500,6,0,4500000.0,2
2537,15,101,0,0,20,9,8.0,2,128,6,0,3500000.0,2
2538,15,101,1,5,21,9,6.0,1,256,3,0,2600000.0,2
2539,15,101,1,0,20,8,8.0,1,500,3,0,2300000.0,2
2540,15,101,1,0,21,9,8.0,2,1000,6,0,4888888.0,2
2541,15,101,0,9,0,9,8.0,2,128,6,0,1350000.0,2
2542,15,101,1,3,21,9,8.0,1,500,3,0,5900000.0,2
2543,15,101,0,1,21,8,16.0,0,320,6,0,8700000.0,2
2544,15,101,1,3,21,9,8.0,1,128,3,0,7700000.0,2
2545,15,101,1,0,21,10,16.0,2,256,3,0,4700000.0,2
2546,15,101,0,0,21,8,16.0,0,256,6,0,9200000.0,2
2547,15,101,1,0,21,9,16.0,1,256,3,0,7200000.0,2
2548,15,101,1,1,0,9,8.0,1,128,3,0,2200000.0,2
2549,15,101,1,0,0,8,16.0,1,250,3,0,7350000.0,2
2550,15,101,1,0,21,9,8.0,1,1500,3,0,10000000.0,2
2551,15,101,0,1,21,9,8.0,1,120,6,0,4700000.0,2
2552,15,101,1,12,21,8,16.0,2,512,6,0,9500000.0,2
2553,15,101,1,0,0,9,8.0,2,128,3,0,900000.0,2
2554,15,101,1,0,0,9,8.0,2,128,3,0,5000000.0,2
2555,15,101,0,12,0,9,8.0,2,128,6,0,6900000.0,2
2556,15,101,0,1,21,10,16.0,1,256,6,0,5890000.0,2
2557,15,101,0,1,21,9,8.0,2,256,2,0,4500000.0,2
2558,15,101,0,0,21,9,16.0,1,500,6,0,12400000.0,2
2559,15,101,1,0,0,9,8.0,2,120,3,0,800000.0,2
2560,15,101,1,3,21,9,8.0,1,128,6,0,4390000.0,2
2561,15,101,0,12,21,9,32.0,1,512,3,0,6950000.0,2
2562,15,101,1,0,20,9,8.0,2,128,3,0,3300000.0,2
2563,15,101,1,0,0,0,8.0,0,128,3,0,4000000.0,0
2564,15,101,0,0,0,9,16.0,1,500,6,0,19500000.0,2
2565,15,101,1,1,21,14,8.0,0,128,6,0,6500000.0,2
2566,15,101,1,0,0,8,8.0,2,256,3,0,5500000.0,2
2567,15,101,1,1,21,9,8.0,0,128,6,0,7000000.0,2
2568,15,101,1,0,0,9,4.0,2,120,5,0,1800000.0,2
2569,15,101,1,1,21,12,8.0,1,128,3,0,4300000.0,2
2570,15,101,0,3,21,9,8.0,1,128,3,0,4990000.0,2
2571,15,101,1,0,21,9,32.0,0,512,1,0,12990000.0,2
2572,15,101,1,9,20,8,2.0,2,128,5,0,2000000.0,2
2573,15,101,1,0,0,9,16.0,1,256,3,0,7800000.0,2
2574,15,101,1,0,21,19,64.0,1,1500,3,0,35000000.0,0
2575,15,101,0,3,0,14,64.0,0,256,6,0,4900000.0,2
2576,15,101,1,0,0,8,4.0,2,320,3,0,1666666.0,2
2577,15,101,1,1,21,9,16.0,1,1000,6,0,5500000.0,2
2578,15,101,1,1,18,9,8.0,2,250,3,0,1950000.0,2
2579,15,101,1,0,0,9,8.0,2,256,6,0,1800000.0,2
2580,15,101,1,5,21,8,8.0,0,256,1,0,8000000.0,2
2581,15,101,0,1,21,17,64.0,2,512,6,0,9900000.0,0
2582,15,101,0,1,21,9,16.0,1,128,6,0,6000000.0,2
2583,15,101,1,1,21,9,16.0,1,500,3,0,7900000.0,2
2584,15,101,1,1,21,14,16.0,1,250,3,0,7350000.0,2
2585,15,101,0,0,0,10,32.0,1,1500,3,0,32000000.0,2
2586,15,101,1,0,0,9,16.0,2,256,5,0,3500000.0,2
2587,15,101,1,0,0,10,8.0,1,750,3,0,2699000.0,2
2588,15,101,1,0,21,9,16.0,1,128,6,0,9800000.0,2
2589,15,101,0,0,0,9,8.0,2,512,3,0,11147000.0,2
2590,15,101,1,1,0,8,8.0,2,250,1,0,700000.0,2
2591,15,101,0,1,21,8,16.0,1,250,6,0,12290000.0,2
2592,15,101,1,1,0,9,16.0,0,128,3,0,8000000.0,2
2593,15,101,1,0,0,9,8.0,1,128,3,0,6350000.0,2
2594,15,101,0,1,0,8,16.0,1,256,6,0,8900000.0,2
2595,15,101,1,0,0,10,8.0,1,500,3,0,4900000.0,2
2596,15,101,1,3,21,8,8.0,1,128,6,0,3950000.0,2
2597,15,101,1,0,0,10,8.0,2,256,3,0,2999000.0,2
2598,15,101,1,0,21,9,8.0,2,128,3,0,3500000.0,2
2599,15,101,0,12,0,9,8.0,1,256,6,0,8999999.0,2
2600,15,101,1,0,21,8,6.0,2,128,3,0,3200000.0,2
2601,15,101,1,3,0,9,8.0,2,256,3,0,2700000.0,2
2602,15,101,1,1,20,9,8.0,0,128,1,0,2500000.0,2
2603,15,101,2,0,0,14,64.0,2,128,3,0,2900000.0,2
2604,15,101,1,3,0,9,8.0,2,256,3,0,3500000.0,2
2605,15,101,1,1,21,8,8.0,0,256,3,0,4000000.0,2
2606,15,101,1,1,21,12,8.0,1,256,3,0,4800000.0,2
2607,15,101,1,3,21,9,8.0,2,128,3,0,4350000.0,2
2608,15,101,1,0,0,9,8.0,2,128,3,0,1650000.0,2
2609,15,101,1,0,20,6,2.0,2,128,6,0,2850000.0,2
2610,15,101,1,1,21,14,32.0,1,256,3,0,7700000.0,2
2611,15,101,0,9,21,10,16.0,1,500,3,0,5500000.0,2
2612,15,101,1,0,0,10,16.0,2,256,3,0,6200000.0,2
2613,15,101,1,0,21,9,16.0,2,512,3,0,17000000.0,2
2614,15,101,1,1,0,14,8.0,1,250,6,0,3770000.0,2
2615,15,101,1,0,0,9,8.0,1,250,6,0,5500000.0,2
2616,15,101,1,9,20,9,8.0,2,128,3,0,3500000.0,2
2617,15,101,1,0,0,14,16.0,1,128,3,0,7500000.0,2
2618,15,101,1,0,21,8,8.0,1,128,3,0,2100000.0,2
2619,15,101,1,1,21,8,8.0,1,128,6,0,3500000.0,2
2620,15,101,1,2,0,9,8.0,2,250,6,0,1900000.0,2
2621,15,101,1,1,0,14,0.5,2,120,2,0,6666000.0,2
2622,15,101,1,0,20,8,8.0,2,128,3,0,2200000.0,2
2623,15,101,1,0,0,9,16.0,2,256,6,0,7500000.0,2
2624,15,101,1,3,21,8,16.0,2,250,3,0,9500000.0,2
2625,15,101,1,0,0,8,16.0,2,256,3,0,8600000.0,2
2626,15,101,1,0,0,0,4.0,2,120,3,0,900000.0,0
2627,15,101,1,1,0,9,8.0,1,128,3,0,3500000.0,2
2628,15,101,1,0,21,9,16.0,1,128,3,0,11000000.0,2
2629,15,101,1,3,21,8,16.0,1,250,6,0,5500000.0,2
2630,15,101,0,12,21,10,16.0,2,500,1,0,9500000.0,2
2631,15,101,2,1,18,12,4.0,1,320,3,0,1500000.0,2
2632,15,101,1,0,0,8,8.0,2,128,3,0,1400000.0,2
2633,15,101,1,0,0,14,64.0,2,256,3,0,7000000.0,2
2634,15,101,1,1,16,9,16.0,0,256,3,0,8000000.0,2
2635,15,101,0,2,21,14,64.0,2,500,6,0,15000000.0,2
2636,15,101,0,12,21,9,8.0,1,128,6,0,6500000.0,2
2637,15,101,0,1,0,10,8.0,2,128,6,0,2600000.0,2
2638,15,101,1,0,16,0,0.5,2,120,6,0,2000000.0,0
2639,15,101,1,5,0,10,16.0,1,1000,6,0,8800000.0,2
2640,15,101,1,1,0,9,8.0,2,128,0,0,1200000.0,2
2641,15,101,1,0,21,9,16.0,1,256,6,0,9999999.0,2
2642,15,101,1,12,0,9,16.0,2,1000,6,0,16555555.0,2
2643,15,101,1,1,21,14,64.0,1,1000,6,0,20000000.0,2
2644,15,101,1,1,21,9,32.0,1,1500,3,0,17000000.0,2
2645,15,101,0,3,0,14,64.0,0,256,6,0,5900000.0,2
2646,15,101,1,1,21,8,8.0,1,256,3,0,9500000.0,2
2647,15,101,1,1,0,10,8.0,2,120,3,0,3290000.0,2
2648,15,101,1,1,21,14,8.0,1,128,7,0,3800000.0,2
2649,15,101,0,3,0,14,64.0,0,120,6,0,3500000.0,2
2650,15,101,1,3,0,14,8.0,2,120,3,0,2390000.0,2
2651,15,101,0,0,21,14,16.0,2,256,1,0,10500000.0,2
2652,15,101,1,0,0,8,8.0,1,480,3,0,5800000.0,2
2653,15,101,1,0,0,5,16.0,2,480,3,0,1100000.0,2
2654,15,101,1,0,0,8,4.0,2,256,3,0,1500000.0,2
2655,15,101,2,1,0,12,4.0,2,120,6,0,1200000.0,2
2656,15,101,1,1,20,9,8.0,2,128,1,0,2500000.0,2
2657,15,101,1,1,0,14,32.0,1,500,0,0,10500000.0,2
2658,15,101,0,9,0,14,32.0,1,256,6,0,5000000.0,2
2659,15,101,1,0,20,9,8.0,2,1500,3,0,1850000.0,2
2660,15,101,0,1,0,9,16.0,1,250,6,0,4760000.0,2
2661,15,101,0,1,0,8,16.0,1,256,6,0,6300000.0,2
2662,15,101,1,1,21,8,8.0,1,500,6,0,3499000.0,2
2663,15,101,1,0,0,12,8.0,2,120,3,0,2500000.0,2
2664,15,101,1,0,0,14,4.0,2,256,3,0,1000000.0,2
2665,15,101,1,0,20,9,8.0,2,500,3,0,2900000.0,2
2666,15,101,1,0,0,8,16.0,2,1000,3,0,6300000.0,2
2667,15,101,1,0,0,9,16.0,2,120,3,0,11000000.0,2
2668,15,101,1,0,20,8,8.0,2,250,6,0,2500000.0,2
2669,15,101,1,1,21,9,8.0,1,128,3,0,4000000.0,2
2670,15,101,1,1,21,12,8.0,2,250,5,0,3500000.0,2
2671,15,101,1,1,21,9,16.0,1,512,3,0,18000000.0,2
2672,15,101,1,1,21,18,32.0,1,512,6,0,11200000.0,0
2673,15,101,1,0,0,3,8.0,2,128,3,0,4000000.0,0
2674,15,101,1,3,21,9,8.0,1,500,3,0,5600000.0,2
2675,15,101,1,0,0,8,4.0,2,1000,3,0,1500000.0,2
2676,15,101,1,1,21,8,8.0,1,128,3,0,6000000.0,2
2677,15,101,1,0,21,12,8.0,1,128,3,0,3000000.0,2
2678,15,101,0,1,21,9,8.0,1,250,6,0,8990000.0,2
2679,15,101,1,0,21,9,8.0,2,128,6,0,4350000.0,2
2680,15,101,1,3,21,14,64.0,1,256,6,0,7950000.0,2
2681,15,101,1,1,21,9,8.0,1,120,3,0,2850000.0,2
2682,15,101,1,3,21,9,8.0,1,256,3,0,15250000.0,2
2683,15,101,1,0,21,10,8.0,1,128,3,0,3150000.0,2
2684,15,101,1,12,21,0,16.0,1,512,3,0,14000000.0,0
2685,15,101,1,5,0,9,8.0,1,500,6,0,17000000.0,2
2686,15,101,1,0,21,9,16.0,1,1500,6,0,20000000.0,2
2687,15,101,1,0,0,10,8.0,1,120,3,0,3800000.0,2
2688,15,101,1,0,0,9,16.0,1,128,3,0,5990000.0,2
2689,15,101,1,0,0,10,8.0,1,128,3,0,3000000.0,2
2690,15,101,1,3,0,10,8.0,2,250,2,0,1750000.0,2
2691,15,101,1,12,21,9,32.0,2,256,3,0,17500000.0,2
2692,15,101,1,0,0,10,8.0,2,128,3,0,1800000.0,2
2693,15,101,1,1,0,9,8.0,2,128,3,0,2600000.0,2
2694,15,101,1,0,0,9,8.0,2,128,3,0,4500000.0,2
2695,15,101,1,1,21,8,32.0,0,1000,3,0,11500000.0,2
2696,15,101,1,0,0,8,8.0,2,128,3,0,1200000.0,2
2697,15,101,1,0,0,6,2.0,2,320,3,0,600000.0,2
2698,15,101,1,0,0,9,16.0,2,256,3,0,8500000.0,2
2699,15,101,1,1,0,9,64.0,1,500,6,0,22220000.0,2
2700,15,101,1,3,0,11,32.0,1,1000,3,0,15200000.0,2
2701,15,101,1,1,20,8,8.0,2,128,6,0,2200000.0,2
2702,15,101,1,0,16,9,16.0,1,320,3,0,2800000.0,2
2703,15,101,0,9,0,9,16.0,1,250,6,0,10900000.0,2
2704,15,101,1,0,0,8,4.0,2,128,3,0,1500000.0,2
2705,15,101,1,0,0,14,32.0,0,500,3,0,4000000.0,2
2706,15,101,0,0,21,0,4.0,2,128,5,0,4200000.0,0
2707,15,101,1,0,0,8,4.0,2,500,3,0,1500000.0,2
2708,15,101,1,0,0,8,8.0,2,500,3,0,2500000.0,2
2709,15,101,1,1,0,8,8.0,2,128,3,0,1690000.0,2
2710,15,101,1,5,21,8,8.0,1,120,6,0,5000000.0,2
2711,15,101,1,3,0,8,8.0,2,256,3,0,5000000.0,2
2712,15,101,1,0,0,14,8.0,1,120,3,0,4500000.0,2
2713,15,101,1,3,20,8,8.0,2,120,3,0,2400000.0,2
2714,15,101,0,0,0,9,16.0,2,1000,6,0,18500000.0,2
2715,15,101,1,0,20,9,4.0,2,256,2,0,4000000.0,2
2716,15,101,0,12,20,8,8.0,2,128,6,0,3200000.0,2
2717,15,101,1,1,20,9,8.0,2,128,6,0,2600000.0,2
2718,15,101,1,1,0,14,32.0,0,256,3,0,7400000.0,2
2719,15,101,2,1,20,9,8.0,2,128,6,0,1990000.0,2
2720,15,101,2,0,16,10,4.0,2,256,3,0,1300000.0,2
2721,15,101,1,1,21,8,8.0,1,120,3,0,5350000.0,2
2722,15,101,1,0,21,9,16.0,0,128,3,0,12100000.0,2
2723,15,101,2,1,20,12,8.0,2,128,6,0,1600000.0,2
2724,15,101,1,3,0,10,32.0,2,1000,1,0,4800000.0,2
2725,15,101,1,3,21,9,8.0,2,128,3,0,4900000.0,2
2726,15,101,1,9,0,14,32.0,1,256,3,0,7800000.0,2
2727,15,101,0,1,21,8,16.0,1,250,6,0,5500000.0,2
2728,15,101,0,12,21,10,8.0,2,128,1,0,5550000.0,2
2729,15,101,1,1,21,14,32.0,1,256,3,0,8400000.0,2
2730,15,101,1,3,21,9,8.0,2,128,3,0,3800000.0,2
2731,15,101,1,1,0,14,16.0,1,250,3,0,5500000.0,2
2732,15,101,1,1,0,5,4.0,2,128,5,0,1200000.0,2
2733,15,101,1,1,0,14,16.0,0,128,1,0,5550000.0,2
2734,15,101,1,0,0,8,16.0,2,128,3,0,4800000.0,2
2735,15,101,1,3,0,10,8.0,2,256,3,0,4200000.0,2
2736,15,101,1,1,0,8,2.0,2,250,3,0,500000.0,2
2737,15,101,1,0,0,8,4.0,2,128,3,0,1800000.0,2
2738,15,101,1,1,0,8,8.0,1,250,3,0,5100000.0,2
2739,15,101,0,12,21,9,16.0,1,128,5,0,10500000.0,2
2740,15,101,1,1,0,8,16.0,0,256,6,0,7500000.0,2
2741,15,101,0,1,0,0,32.0,1,1000,5,0,34500000.0,0
2742,15,101,1,0,0,8,8.0,2,120,3,0,4300000.0,2
2743,15,101,1,1,21,9,16.0,1,128,6,0,2200000.0,2
2744,15,101,2,1,21,10,16.0,1,128,6,0,11000000.0,2
2745,15,101,1,0,21,9,8.0,1,250,3,0,6500000.0,2
2746,15,101,1,0,0,14,32.0,1,250,3,0,9000000.0,2
2747,15,101,1,1,20,9,8.0,1,128,6,0,2950000.0,2
2748,15,101,1,0,0,7,4.0,1,640,3,0,900000.0,2
2749,15,101,1,0,0,6,2.0,2,128,3,0,350000.0,2
2750,15,101,1,5,0,10,16.0,1,256,6,0,8800000.0,2
2751,15,101,1,1,0,14,16.0,0,120,3,0,5900000.0,2
2752,15,101,0,3,21,9,8.0,2,256,6,0,7000000.0,2
2753,15,101,0,12,0,9,32.0,2,256,3,0,6290000.0,2
2754,15,101,1,0,0,6,4.0,1,320,3,0,1850000.0,2
2755,15,101,1,1,0,8,8.0,1,120,6,0,1500000.0,2
2756,15,101,1,0,0,6,8.0,2,128,3,0,1200000.0,2
2757,15,101,0,1,21,8,8.0,1,128,6,0,6000000.0,2
2758,15,101,2,0,21,9,8.0,2,128,3,0,1900000.0,2
2759,15,101,1,2,20,9,8.0,2,128,3,0,2600000.0,2
2760,15,101,1,0,0,6,4.0,2,500,3,0,450000.0,2
2761,15,101,0,1,0,8,8.0,1,250,3,0,7700000.0,2
2762,15,101,1,1,21,14,16.0,1,250,3,0,7500000.0,2
2763,15,101,1,5,20,8,4.0,2,500,6,0,1450000.0,2
2764,15,101,1,0,21,9,8.0,0,128,3,0,190000.0,2
2765,15,101,2,0,21,8,8.0,1,120,3,0,6800000.0,2
2766,15,101,1,1,21,0,8.0,1,250,3,0,4000000.0,0
2767,15,101,1,0,0,14,64.0,0,256,6,0,7500000.0,2
2768,15,101,1,0,0,16,8.0,2,256,3,0,99999.0,0
2769,15,101,0,1,0,9,16.0,2,512,1,0,5600000.0,2
2770,15,101,1,1,0,14,32.0,1,250,3,0,4600000.0,2
2771,15,101,1,3,0,9,8.0,1,256,3,0,4500000.0,2
2772,15,101,1,3,21,10,16.0,1,256,3,0,12000000.0,2
2773,15,101,1,0,20,9,8.0,1,128,3,0,3800000.0,2
2774,15,101,1,0,0,9,8.0,1,250,3,0,4500000.0,2
2775,15,101,1,1,0,9,16.0,1,1000,3,0,17000000.0,2
2776,15,101,0,5,21,9,16.0,1,256,6,0,9000000.0,2
2777,15,101,1,0,18,9,4.0,2,250,3,0,1300000.0,2
2778,15,101,1,0,21,9,8.0,1,250,3,0,4800000.0,2
2779,15,101,1,0,0,10,8.0,2,128,3,0,2750000.0,2
2780,15,101,0,1,21,9,8.0,1,256,6,0,8500000.0,2
2781,15,101,1,0,0,8,16.0,0,256,6,0,4999999.0,2
2782,15,101,1,1,0,8,16.0,1,256,6,0,8000000.0,2
2783,15,101,1,0,0,8,16.0,2,256,3,0,2500000.0,2
2784,15,101,1,0,0,6,4.0,2,128,3,0,300000.0,2
2785,15,101,1,1,0,8,8.0,2,120,3,0,1200000.0,2
2786,15,101,1,0,20,8,8.0,2,128,6,0,11000000.0,2
2787,15,101,1,0,0,0,32.0,1,1500,3,0,30000000.0,0
2788,15,101,0,0,0,10,8.0,2,256,1,0,4200000.0,2
2789,15,101,1,1,0,8,8.0,1,128,6,0,6500000.0,2
2790,15,101,0,12,20,9,8.0,1,256,3,0,6600000.0,2
2791,15,101,1,0,20,8,4.0,2,500,6,0,2700000.0,2
2792,15,101,1,0,0,0,4.0,2,320,3,0,900000.0,0
2793,15,101,1,3,0,9,8.0,2,256,3,0,4800000.0,2
2794,15,101,1,1,0,14,32.0,0,256,3,0,6350000.0,2
2795,15,101,1,1,21,8,8.0,1,128,3,0,5555555.0,2
2796,15,101,0,1,21,8,8.0,2,128,6,0,12500000.0,2
2797,15,101,0,1,21,8,8.0,2,128,3,0,12500000.0,2
2798,15,101,0,1,21,14,8.0,1,128,6,0,2300000.0,2
2799,15,101,1,0,0,9,8.0,1,500,3,0,3450000.0,2
2800,15,101,1,0,0,14,32.0,1,700,3,0,5000000.0,2
2801,15,101,0,1,21,9,8.0,1,256,3,0,6200000.0,2
2802,15,101,1,9,0,14,32.0,1,256,3,0,5500000.0,2
2803,15,101,1,0,0,9,8.0,1,128,3,0,5500000.0,2
2804,15,101,1,0,20,12,4.0,2,500,6,0,700000.0,2
2805,15,101,1,0,21,16,8.0,1,256,6,0,5200000.0,0
2806,15,101,1,3,21,9,8.0,1,128,3,0,5200000.0,2
2807,15,101,1,3,0,9,8.0,2,256,1,0,1800000.0,2
2808,15,101,1,5,21,9,16.0,1,256,6,0,13700000.0,2
2809,15,101,0,0,0,9,8.0,1,256,3,0,9200000.0,2
2810,15,101,1,0,0,9,8.0,2,500,3,0,2000000.0,2
2811,15,101,0,12,0,9,16.0,1,256,1,0,12500000.0,2
2812,15,101,1,1,20,9,8.0,2,500,6,0,2000000.0,2
2813,15,101,1,0,0,8,8.0,2,128,1,0,2200000.0,2
2814,15,101,1,5,0,8,4.0,2,250,3,0,650000.0,2
2815,15,101,1,3,0,9,8.0,2,256,3,0,2850000.0,2
2816,15,101,1,3,21,8,8.0,2,250,3,0,3300000.0,2
2817,15,101,0,12,0,0,8.0,1,250,3,0,7990000.0,0
2818,15,101,0,1,21,9,16.0,1,500,6,0,12800000.0,2
2819,15,101,1,9,21,14,32.0,2,256,6,0,10800000.0,2
2820,15,101,1,0,0,12,8.0,2,500,3,0,2450000.0,2
2821,15,101,0,12,0,8,8.0,2,128,3,0,9600000.0,2
2822,15,101,1,1,0,8,16.0,1,128,6,0,5100000.0,2
2823,15,101,1,9,21,9,8.0,0,256,6,0,5990000.0,2
2824,15,101,0,12,0,9,16.0,0,256,6,0,5800000.0,2
2825,15,101,1,0,21,9,8.0,2,128,6,0,4500000.0,2
2826,15,101,1,3,21,9,8.0,1,500,3,0,7700000.0,2
2827,15,101,0,1,0,9,8.0,1,256,3,0,4960000.0,2
2828,15,101,1,0,20,8,4.0,2,128,3,0,1890000.0,2
2829,15,101,1,0,0,8,4.0,2,250,3,0,900000.0,2
2830,15,101,0,9,0,10,16.0,1,256,3,0,8150000.0,2
2831,15,101,1,0,0,0,0.5,2,120,6,0,700000.0,0
2832,15,101,1,1,21,8,8.0,2,250,3,0,12500000.0,2
2833,15,101,1,3,20,8,8.0,2,128,3,0,3200000.0,2
2834,15,101,1,0,21,9,8.0,1,128,6,0,4000000.0,2
2835,15,101,1,0,21,9,8.0,2,250,6,0,4200000.0,2
2836,15,101,0,1,0,14,16.0,2,128,6,0,5790000.0,2
2837,15,101,1,1,0,8,4.0,2,128,3,0,1400000.0,2
2838,15,101,1,0,0,12,4.0,2,500,3,0,123456.0,2
2839,15,101,0,1,21,9,16.0,1,500,6,0,14800000.0,2
2840,15,101,1,1,0,9,8.0,2,256,6,0,10990000.0,2
2841,15,101,0,3,21,14,32.0,0,256,6,0,6950000.0,2
2842,15,101,1,3,20,9,8.0,2,250,3,0,4200000.0,2
2843,15,101,1,0,0,14,32.0,1,512,2,0,10990000.0,2
2844,15,101,1,2,21,9,8.0,1,1000,6,0,18000000.0,2
2845,15,101,1,1,20,9,8.0,2,128,3,0,2600000.0,2
2846,15,101,1,3,21,10,32.0,0,512,3,0,14000000.0,2
2847,15,101,1,0,0,9,8.0,2,128,1,0,1100000.0,2
2848,15,101,0,12,21,8,8.0,0,250,6,0,6990000.0,2
2849,15,101,1,0,21,9,4.0,2,1000,3,0,2100000.0,2
2850,15,101,1,0,0,9,16.0,2,256,3,0,6200000.0,2
2851,15,101,1,0,0,14,16.0,2,128,3,0,4500000.0,2
2852,15,101,1,0,0,12,4.0,2,120,3,0,1700000.0,2
2853,15,101,1,0,21,10,8.0,2,128,1,0,5550000.0,2
2854,15,101,1,12,0,10,8.0,2,256,5,0,9000000.0,2
2855,15,101,1,0,0,14,16.0,1,250,3,0,4500000.0,2
2856,15,101,1,0,21,9,8.0,1,128,3,0,5000000.0,2
2857,15,101,1,1,21,9,16.0,2,128,3,0,10000000.0,2
2858,15,101,1,1,20,8,8.0,2,128,3,0,3500000.0,2
2859,15,101,1,0,21,9,32.0,1,256,6,0,7500000.0,2
2860,15,101,1,9,21,14,32.0,1,512,3,0,7800000.0,2
2861,15,101,0,9,0,9,8.0,2,256,1,0,2700000.0,2
2862,15,101,0,0,0,14,16.0,2,128,6,0,5000000.0,2
2863,15,101,1,0,0,9,8.0,2,128,6,0,3900000.0,2
2864,15,101,1,1,0,8,8.0,2,1000,3,0,3500000.0,2
2865,15,101,1,9,0,14,16.0,0,256,3,0,5700000.0,2
2866,15,101,0,3,0,14,32.0,2,256,6,0,5550000.0,2
2867,15,101,1,3,18,6,4.0,2,250,3,0,1300000.0,2
2868,15,101,1,0,0,9,8.0,1,128,3,0,3800000.0,2
2869,15,101,1,3,18,8,8.0,2,128,6,0,2900000.0,2
2870,15,101,0,1,18,9,8.0,2,128,6,0,2100000.0,2
2871,15,101,1,1,20,8,4.0,2,250,3,0,650000.0,2
2872,15,101,1,0,0,10,8.0,2,120,3,0,4490000.0,2
2873,15,101,1,5,21,9,8.0,2,256,3,0,5800000.0,2
2874,15,101,1,3,20,8,8.0,1,128,3,0,3300000.0,2
2875,15,101,1,0,21,9,1.0,2,128,5,0,450000.0,2
2876,15,101,1,0,0,6,2.0,2,250,3,0,600000.0,2
2877,15,101,1,1,21,9,8.0,0,120,3,0,6500000.0,2
2878,15,101,1,1,0,8,8.0,2,128,3,0,1300000.0,2
2879,15,101,1,5,0,9,16.0,2,512,3,0,18800000.0,2
2880,15,101,1,0,21,10,16.0,1,1500,3,0,21000000.0,2
2881,15,101,1,5,0,8,4.0,2,128,2,0,999999.0,2
2882,15,101,1,0,20,9,4.0,2,128,6,0,3000000.0,2
2883,15,101,1,0,21,8,16.0,1,256,3,0,10500000.0,2
2884,15,101,0,12,21,9,16.0,1,512,3,0,7900000.0,2
2885,15,101,1,0,0,8,0.5,2,128,3,0,100000.0,2
2886,15,101,1,3,21,11,64.0,1,1000,2,0,38000000.0,2
2887,15,101,1,5,0,8,16.0,0,250,3,0,5300000.0,2
2888,15,101,0,1,21,9,8.0,1,128,6,0,2600000.0,2
2889,15,101,1,0,21,8,4.0,2,128,2,0,3800000.0,2
2890,15,101,1,0,21,9,32.0,1,256,3,0,90000.0,2
2891,15,101,1,12,0,8,16.0,1,512,3,0,8800000.0,2
2892,15,101,1,1,21,11,32.0,1,1000,3,0,42000000.0,2
2893,15,101,0,1,21,9,16.0,1,256,6,0,12000000.0,2
2894,15,101,1,1,21,9,16.0,1,512,3,0,9500000.0,2
2895,15,101,1,0,0,12,4.0,2,128,3,0,1200000.0,2
2896,15,101,0,12,21,9,8.0,2,256,0,0,3669999.0,2
2897,15,101,1,1,20,12,8.0,1,128,3,0,3000000.0,2
2898,15,101,1,1,0,9,8.0,2,128,3,0,1899999.0,2
2899,15,101,1,1,0,12,4.0,2,128,6,0,1900000.0,2
2900,15,101,1,1,20,10,8.0,1,128,3,0,3550000.0,2
2901,15,101,1,0,0,0,8.0,2,256,3,0,3000000.0,0
2902,15,101,0,0,0,14,16.0,2,128,1,0,3400000.0,2
2903,15,101,1,0,18,8,8.0,2,512,3,0,2500000.0,2
2904,15,101,1,0,20,9,8.0,2,128,1,0,2000000.0,2
2905,15,101,1,0,21,9,8.0,2,250,3,0,3600000.0,2
2906,15,101,1,1,21,9,16.0,2,1000,2,0,11000000.0,2
2907,15,101,1,0,0,9,8.0,2,256,3,0,9900000.0,2
2908,15,101,1,0,21,8,8.0,1,120,3,0,5490000.0,2
2909,15,101,1,0,20,8,8.0,2,250,3,0,1400000.0,2
2910,15,101,1,1,21,8,8.0,1,128,3,0,6600000.0,2
2911,15,101,1,5,21,10,8.0,1,500,3,0,4700000.0,2
2912,15,101,1,1,21,9,16.0,1,512,3,0,14000000.0,2
2913,15,101,1,9,21,9,8.0,1,250,3,0,4800000.0,2
2914,15,101,1,0,0,14,16.0,1,256,6,0,7000000.0,2
2915,15,101,0,1,21,9,8.0,1,120,6,0,3900000.0,2
2916,15,101,1,0,21,9,8.0,2,128,3,0,1000000.0,2
2917,15,101,1,1,21,9,8.0,2,256,3,0,10700000.0,2
2918,15,101,1,2,0,12,8.0,2,128,6,0,1500000.0,2
2919,15,101,1,1,21,9,16.0,0,512,3,0,11500000.0,2
2920,15,101,0,1,18,9,8.0,2,128,6,0,2200000.0,2
2921,15,101,1,0,21,9,8.0,2,1000,1,0,4500000.0,2
2922,15,101,1,3,0,9,8.0,2,256,3,0,8300000.0,2
2923,15,101,1,9,21,10,8.0,2,256,3,0,4999000.0,2
2924,15,101,1,0,20,5,4.0,2,500,6,0,1499999.0,2
2925,15,101,1,1,21,17,16.0,0,1500,3,0,7000000.0,0
2926,15,101,1,3,0,9,8.0,2,256,3,0,3200000.0,2
2927,15,101,1,0,21,9,32.0,0,1500,1,0,23900000.0,2
2928,15,101,1,1,20,8,8.0,2,120,3,0,4400000.0,2
2929,15,101,2,0,0,9,16.0,1,250,3,0,9500000.0,2
2930,15,101,0,12,20,8,4.0,2,120,6,0,3500000.0,2
2931,15,101,1,3,0,9,8.0,1,128,3,0,6200000.0,2
2932,15,101,1,12,21,9,8.0,1,256,6,0,7500000.0,2
2933,15,101,1,1,21,9,8.0,1,256,6,0,8500000.0,2
2934,15,101,1,1,0,8,16.0,1,1000,3,0,7500000.0,2
2935,15,101,1,0,0,14,8.0,2,128,3,0,5999999.0,2
2936,15,101,1,0,0,10,8.0,2,512,3,0,1500000.0,2
2937,15,101,0,12,21,10,16.0,1,500,3,0,12900000.0,2
2938,15,101,0,12,21,8,8.0,2,250,3,0,4290000.0,2
2939,15,101,1,3,0,9,8.0,2,128,3,0,1800000.0,2
2940,15,101,0,1,0,9,8.0,2,128,6,0,4000000.0,2
2941,15,101,1,1,21,9,8.0,1,128,3,0,4750000.0,2
2942,15,101,1,5,20,8,8.0,2,128,1,0,3199000.0,2
2943,15,101,1,0,21,8,16.0,2,256,5,0,10000000.0,2
2944,15,101,1,3,0,8,8.0,1,128,6,0,3000000.0,2
2945,15,101,0,12,21,9,8.0,1,250,6,0,6200000.0,2
2946,15,101,2,0,0,9,8.0,2,128,5,0,1800000.0,2
2947,15,101,1,0,21,9,8.0,2,128,3,0,3390000.0,2
2948,15,101,1,3,21,14,16.0,2,128,3,0,5900000.0,2
2949,15,101,1,0,20,9,8.0,0,128,3,0,2200000.0,2
2950,15,101,1,12,21,9,16.0,1,500,6,0,7599000.0,2
2951,15,101,1,0,0,10,8.0,2,128,3,0,3900000.0,2
2952,15,101,1,1,0,9,8.0,0,500,3,0,8500000.0,2
2953,15,101,1,1,21,12,16.0,1,1500,6,0,9500000.0,2
2954,15,101,1,0,0,14,64.0,1,512,3,0,12500000.0,2
2955,15,101,1,1,21,9,8.0,1,250,3,0,7150000.0,2
2956,15,101,0,0,0,9,2.0,2,128,3,0,6900000.0,2
2957,15,101,1,0,0,12,4.0,2,128,6,0,600000.0,2
2958,15,101,1,0,21,9,8.0,2,128,3,0,3500000.0,2
2959,15,101,1,1,0,8,8.0,1,250,3,0,5200000.0,2
2960,15,101,1,1,21,9,32.0,1,500,6,0,24500000.0,2
2961,15,101,0,12,21,9,16.0,1,512,6,0,6550000.0,2
2962,15,101,1,0,0,10,8.0,1,128,3,0,2500000.0,2
2963,15,101,0,12,21,8,16.0,1,120,6,0,259000000.0,2
2964,15,101,0,1,0,9,32.0,1,128,6,0,9900000.0,2
2965,15,101,0,1,21,8,8.0,1,256,3,0,9800000.0,2
2966,15,101,1,1,20,9,8.0,2,128,3,0,2500000.0,2
2967,15,101,2,0,0,9,8.0,2,500,3,0,1950000.0,2
2968,15,101,1,0,21,10,32.0,2,1000,3,0,17500000.0,2
2969,15,101,2,2,0,9,8.0,2,250,6,0,4300000.0,2
2970,15,101,1,0,0,9,8.0,2,128,3,0,2000000.0,2
2971,15,101,1,0,0,10,16.0,2,256,3,0,11000000.0,2
2972,15,101,1,3,21,8,8.0,2,250,6,0,6500000.0,2
2973,15,101,0,3,0,9,16.0,0,256,6,0,4490000.0,2
2974,15,101,1,12,0,9,8.0,2,128,3,0,2800000.0,2
2975,15,101,0,12,21,9,16.0,2,128,3,0,5000000.0,2
2976,15,101,1,12,0,9,16.0,1,256,3,0,6050000.0,2
2977,15,101,1,0,0,9,4.0,2,250,6,0,750000.0,2
2978,15,101,1,1,0,9,32.0,1,512,6,0,15900000.0,2
2979,15,101,1,0,20,9,4.0,2,500,3,0,4950000.0,2
2980,15,101,1,1,20,9,8.0,1,128,3,0,4000000.0,2
2981,15,101,0,0,0,9,8.0,1,128,3,0,5500000.0,2
2982,15,101,0,12,21,10,16.0,1,500,3,0,9500000.0,2
2983,15,101,0,12,21,9,8.0,2,256,3,0,15500000.0,2
2984,15,101,1,1,0,9,16.0,0,512,3,0,9500000.0,2
2985,15,101,1,0,20,12,8.0,2,128,6,0,2500000.0,2
2986,15,101,1,1,0,9,32.0,1,512,3,0,12000000.0,2
2987,15,101,1,1,0,14,32.0,1,128,3,0,4700000.0,2
2988,15,101,1,9,16,9,8.0,2,256,6,0,23000000.0,2
2989,15,101,1,0,0,12,8.0,2,128,3,0,1800000.0,2
2990,15,101,2,0,20,4,0.5,2,120,3,0,200000.0,2
2991,15,101,1,0,21,9,8.0,2,128,5,0,8000000.0,2
2992,15,101,1,0,21,9,8.0,1,128,5,0,3500000.0,2
2993,15,101,0,3,21,9,8.0,2,256,6,0,6500000.0,2
2994,15,101,1,3,0,0,8.0,2,128,6,0,1900000.0,0
2995,15,101,1,1,21,17,32.0,1,512,3,0,10000000.0,0
2996,15,101,0,1,20,9,8.0,2,128,6,0,2600000.0,2
2997,15,101,1,1,0,10,16.0,2,120,2,0,2800000.0,2
2998,15,101,1,5,0,14,64.0,1,1000,5,0,21000000.0,2
2999,15,101,0,1,21,9,8.0,1,256,3,0,8000000.0,2
3000,15,101,1,0,0,9,8.0,2,250,3,0,3000000.0,2
3001,15,101,0,1,21,8,16.0,1,320,6,0,10950000.0,2
3002,15,101,0,12,21,14,32.0,0,500,6,0,9800000.0,2
3003,15,101,1,1,0,18,32.0,1,1000,6,0,7800000.0,0
3004,15,101,1,0,21,8,16.0,1,250,3,0,9000000.0,2
3005,15,101,0,1,0,9,8.0,2,128,5,0,99000.0,2
3006,15,101,0,0,21,10,32.0,2,320,6,0,23000000.0,2
3007,15,101,1,0,0,5,4.0,2,128,3,0,1100000.0,2
3008,15,101,0,12,21,14,8.0,1,256,0,0,5450000.0,2
3009,15,101,1,0,0,9,8.0,2,128,3,0,1400000.0,2
3010,15,101,1,0,0,9,8.0,2,120,6,0,3800000.0,2
3011,15,101,1,0,0,9,16.0,0,250,3,0,7000000.0,2
3012,15,101,1,1,20,8,4.0,2,128,3,0,2500000.0,2
3013,15,101,1,1,21,9,8.0,1,256,6,0,4700000.0,2
3014,15,101,0,1,0,10,8.0,2,128,6,0,5200000.0,2
3015,15,101,1,0,0,14,8.0,1,128,6,0,1500000.0,2
3016,15,101,0,12,0,0,64.0,0,1500,3,0,16800000.0,0
3017,15,101,1,1,0,8,8.0,1,750,6,0,2800000.0,2
3018,15,101,1,0,21,8,8.0,0,250,3,0,8700000.0,2
3019,15,101,1,0,0,14,8.0,2,128,1,0,7500000.0,2
3020,15,101,1,0,18,9,2.0,2,250,3,0,490000.0,2
3021,15,101,1,0,0,9,16.0,2,512,3,0,20000000.0,2
3022,15,101,1,1,0,9,8.0,1,1000,3,0,5200000.0,2
3023,15,101,1,0,21,5,4.0,2,500,7,0,1700000.0,2
3024,15,101,1,0,0,12,8.0,2,250,1,0,2650000.0,2
3025,15,101,0,9,0,14,16.0,1,256,3,0,4150000.0,2
3026,15,101,1,0,0,9,16.0,1,512,3,0,8500000.0,2
3027,15,101,1,0,0,10,8.0,2,128,3,0,2250000.0,2
3028,15,101,0,0,21,8,8.0,1,128,3,0,6300000.0,2
3029,15,101,0,3,0,9,8.0,2,256,6,0,5900000.0,2
3030,15,101,1,1,0,18,16.0,1,250,3,0,13500000.0,0
3031,15,101,1,0,0,9,16.0,2,256,3,0,4200000.0,2
3032,15,101,0,1,21,9,8.0,1,128,6,0,5900000.0,2
3033,15,101,1,0,0,10,32.0,2,256,3,0,13000000.0,2
3034,15,101,1,9,21,9,32.0,1,512,3,0,16800000.0,2
3035,15,101,1,1,0,8,8.0,2,128,3,0,1900000.0,2
3036,15,101,1,0,0,9,8.0,2,250,1,0,3000000.0,2
3037,15,101,0,0,0,10,4.0,2,256,7,0,30000000.0,2
3038,15,101,1,0,0,9,16.0,1,250,9,0,9000000.0,2
3039,15,101,1,1,21,8,4.0,2,1000,6,0,11000000.0,2
3040,15,101,1,0,21,9,16.0,2,500,3,0,9000000.0,2
3041,15,101,1,0,21,9,8.0,1,128,3,0,11000000.0,2
3042,15,101,1,12,21,10,16.0,1,1500,3,0,20900000.0,2
3043,15,101,0,0,16,9,8.0,2,256,3,0,32000000.0,2
3044,15,101,1,0,0,8,4.0,2,250,3,0,600000.0,2
3045,15,101,1,1,21,9,8.0,2,120,3,0,5900000.0,2
3046,15,101,1,1,0,9,16.0,1,128,6,0,7999999.0,2
3047,15,101,1,3,21,9,16.0,0,1000,2,0,9000000.0,2
3048,15,101,1,0,20,8,4.0,2,128,3,0,1900000.0,2
3049,15,101,1,0,0,14,8.0,2,128,3,0,4999999.0,2
3050,15,101,1,0,0,14,8.0,1,750,1,0,3000000.0,2
3051,15,101,1,3,20,9,8.0,2,500,3,0,3700000.0,2
3052,15,101,2,3,0,9,8.0,2,256,6,0,1650000.0,2
3053,15,101,1,0,21,10,32.0,1,512,3,0,17400000.0,2
3054,15,101,1,12,0,9,16.0,2,512,3,0,15700000.0,2
3055,15,101,1,3,21,14,16.0,2,128,3,0,7000000.0,2
3056,15,101,1,3,0,14,8.0,2,128,3,0,7600000.0,2
3057,15,101,1,3,0,14,64.0,2,512,3,0,11100000.0,2
3058,15,101,1,3,0,10,32.0,1,512,6,0,13490000.0,2
3059,15,101,1,3,18,10,16.0,2,256,1,0,5900000.0,2
3060,15,101,0,12,21,9,16.0,1,250,3,0,12500000.0,2
3061,15,101,1,1,0,8,16.0,1,256,3,0,7400000.0,2
3062,15,101,0,1,0,11,32.0,1,512,3,0,21000000.0,2
3063,15,101,1,1,21,9,16.0,1,256,6,0,7299000.0,2
3064,15,101,1,1,0,10,32.0,1,512,6,0,13500000.0,2
3065,15,101,1,1,0,9,16.0,1,500,6,0,23800000.0,2
3066,15,101,1,9,21,14,8.0,1,256,6,0,5500000.0,2
3067,15,101,1,1,0,6,4.0,2,250,3,0,750000.0,2
3068,15,101,1,1,21,9,8.0,1,1000,3,0,4800000.0,2
3069,15,101,1,0,21,8,8.0,1,120,3,0,3450000.0,2
3070,15,101,1,1,21,9,8.0,2,256,1,0,1950000.0,2
3071,15,101,1,0,0,9,16.0,2,128,3,0,8500000.0,2
3072,15,101,1,1,18,6,4.0,2,120,3,0,700000.0,2
3073,15,101,1,1,0,14,32.0,0,256,3,0,5600000.0,2
3074,15,101,1,0,0,10,16.0,2,256,3,0,4500000.0,2
3075,15,101,1,3,0,9,16.0,1,256,3,0,7190000.0,2
3076,15,101,1,0,0,8,8.0,2,128,3,0,2000000.0,2
3077,15,101,1,1,21,14,64.0,1,128,6,0,13000000.0,2
3078,15,101,1,1,0,9,16.0,1,250,3,0,4100000.0,2
3079,15,101,1,1,21,10,16.0,1,250,3,0,7850000.0,2
3080,15,101,1,0,0,8,2.0,2,120,6,0,2550000.0,2
3081,15,101,1,0,0,9,16.0,2,1500,6,0,5800000.0,2
3082,15,101,1,0,0,14,8.0,2,128,3,0,9999999.0,2
3083,15,101,1,5,0,14,64.0,1,512,5,0,6900000.0,2
3084,15,101,0,1,0,9,8.0,1,256,6,0,7990000.0,2
3085,15,101,0,0,21,3,8.0,1,128,6,0,5500000.0,0
3086,15,101,1,1,21,9,8.0,2,256,3,0,20990000.0,2
3087,15,101,1,3,0,8,8.0,2,256,3,0,2900000.0,2
3088,15,101,0,5,0,0,16.0,0,512,5,0,2350000.0,0
3089,15,101,1,1,0,9,16.0,1,256,3,0,9000000.0,2
3090,15,101,0,1,20,9,8.0,2,256,1,0,3990000.0,2
3091,15,101,1,3,21,10,8.0,1,120,6,0,5350000.0,2
3092,15,101,0,1,21,10,32.0,1,1000,6,0,25500000.0,2
3093,15,101,0,1,21,8,8.0,1,256,6,0,11500000.0,2
3094,15,101,0,1,0,9,16.0,1,256,6,0,6580000.0,2
3095,15,101,1,3,0,14,16.0,2,512,3,0,13000000.0,2
3096,15,101,1,3,20,8,8.0,2,250,6,0,3200000.0,2
3097,15,101,1,1,21,9,16.0,0,128,6,0,15000000.0,2
3098,15,101,1,0,0,9,8.0,2,128,3,0,1850000.0,2
3099,15,101,1,0,20,8,8.0,1,120,3,0,1700000.0,2
3100,15,101,1,0,20,9,8.0,2,120,3,0,3500000.0,2
3101,15,101,0,12,21,9,8.0,2,120,3,0,5500000.0,2
3102,15,101,1,0,0,0,8.0,0,128,3,0,2000000.0,0
3103,15,101,0,3,0,8,16.0,2,512,6,0,11000000.0,2
3104,15,101,1,0,21,9,16.0,1,256,6,0,8300000.0,2
3105,15,101,2,0,21,17,8.0,1,320,3,0,5000000.0,0
3106,15,101,1,0,0,10,16.0,1,250,3,0,6850000.0,2
3107,15,101,1,1,20,9,8.0,2,128,3,0,1850000.0,2
3108,15,101,1,12,0,8,16.0,1,128,3,0,8000000.0,2
3109,15,101,0,12,0,10,8.0,2,256,3,0,3300000.0,2
3110,15,101,0,1,0,14,32.0,1,256,3,0,7900000.0,2
3111,15,101,1,0,0,9,8.0,2,250,6,0,2900000.0,2
3112,15,101,1,1,0,14,32.0,1,250,3,0,6500000.0,2
3113,15,101,1,0,0,12,8.0,2,120,3,0,950000.0,2
3114,15,101,1,0,0,12,8.0,2,120,3,0,1000000.0,2
3115,15,101,1,0,0,10,8.0,1,128,3,0,3300000.0,2
3116,15,101,0,3,21,9,8.0,1,120,3,0,3900000.0,2
3117,15,101,1,9,20,9,8.0,2,120,3,0,2250000.0,2
3118,15,101,1,1,0,8,16.0,1,256,3,0,5700000.0,2
3119,15,101,1,1,21,8,8.0,2,250,7,0,5500000.0,2
3120,15,101,1,0,21,9,16.0,2,1000,2,0,9500000.0,2
3121,15,101,1,1,0,9,16.0,1,256,6,0,11000000.0,2
3122,15,101,1,0,20,7,4.0,1,250,6,0,1700000.0,2
3123,15,101,0,0,0,9,16.0,2,256,1,0,16100000.0,2
3124,15,101,1,0,0,9,8.0,2,1000,1,0,3600000.0,2
3125,15,101,1,0,0,8,4.0,1,128,6,0,1800000.0,2
3126,15,101,0,0,21,9,8.0,1,256,6,0,7500000.0,2
3127,15,101,1,0,0,8,8.0,2,128,3,0,5200000.0,2
3128,15,101,1,0,20,8,6.0,1,320,3,0,2200000.0,2
3129,15,101,1,0,20,8,8.0,1,128,6,0,3500000.0,2
3130,15,101,1,0,0,8,8.0,2,128,3,0,1700000.0,2
3131,15,101,1,1,21,9,16.0,1,500,3,0,7500000.0,2
3132,15,101,1,9,21,9,8.0,1,500,3,0,1800000.0,2
3133,15,101,1,9,21,9,8.0,1,500,2,0,1800000.0,2
3134,15,101,1,1,21,14,32.0,0,256,3,0,7500000.0,2
3135,15,101,2,0,20,12,2.0,2,480,6,0,1000000.0,2
3136,15,101,1,1,0,9,8.0,2,256,3,0,3400000.0,2
3137,15,101,0,1,18,14,16.0,1,128,6,0,3750000.0,2
3138,15,101,1,0,20,9,6.0,2,250,1,0,3000000.0,2
3139,15,101,0,12,16,9,8.0,2,256,3,0,24850000.0,2
3140,15,101,1,3,21,14,8.0,1,128,6,0,4700000.0,2
3141,15,101,1,0,21,9,16.0,1,128,6,0,3500000.0,2
3142,15,101,1,0,21,9,0.5,2,120,2,0,1200000.0,2
3143,15,101,1,0,20,12,4.0,2,250,3,0,999999.0,2
3144,15,101,1,0,0,14,16.0,0,250,3,0,3700000.0,2
3145,15,101,1,0,21,9,16.0,1,1500,3,0,15300000.0,2
3146,15,101,1,3,21,12,8.0,2,128,6,0,2100000.0,2
3147,15,101,1,0,0,9,8.0,2,128,3,0,3500000.0,2
3148,15,101,0,1,0,14,32.0,0,1500,6,0,6000000.0,2
3149,15,101,1,3,20,9,8.0,2,128,1,0,3500000.0,2
3150,15,101,1,0,21,8,8.0,2,128,3,0,7500000.0,2
3151,15,101,1,0,21,9,32.0,2,500,3,0,5500000.0,2
3152,15,101,1,9,21,6,8.0,1,256,6,0,5000000.0,2
3153,15,101,1,1,21,9,8.0,1,128,6,0,3900000.0,2
3154,15,101,1,0,0,14,16.0,2,256,3,0,6400000.0,2
3155,15,101,1,1,21,10,16.0,1,128,3,0,4700000.0,2
3156,15,101,1,0,20,9,8.0,1,128,6,0,3300000.0,2
3157,15,101,1,3,21,9,8.0,2,256,1,0,4500000.0,2
3158,15,101,1,1,0,11,32.0,1,128,2,0,17888888.0,2
3159,15,101,1,5,0,10,16.0,1,128,3,0,15000000.0,2
3160,15,101,1,0,20,8,8.0,2,128,3,0,1800000.0,2
3161,15,101,1,1,18,10,8.0,2,120,6,0,450000.0,2
3162,15,101,1,1,0,8,8.0,0,128,3,0,5690000.0,2
3163,15,101,2,0,0,9,8.0,2,128,3,0,2500000.0,2
3164,15,101,1,1,16,9,4.0,2,256,2,0,4200000.0,2
3165,15,101,1,0,0,9,8.0,2,256,3,0,9300000.0,2
3166,15,101,2,1,21,9,8.0,2,128,5,0,4500000.0,2
3167,15,101,1,1,21,8,16.0,0,256,6,0,11000000.0,2
3168,15,101,1,1,0,10,16.0,1,500,2,0,9560000.0,2
3169,15,101,1,0,0,13,8.0,2,128,6,0,1000000.0,2
3170,15,101,1,1,21,8,8.0,0,250,3,0,8300000.0,2
3171,15,101,1,0,21,9,8.0,1,128,3,0,3800000.0,2
3172,15,101,1,0,0,9,64.0,1,128,3,0,5350000.0,2
3173,15,101,1,0,20,8,8.0,2,128,3,0,3200000.0,2
3174,15,101,1,1,0,8,8.0,2,256,3,0,3290000.0,2
3175,15,101,0,3,21,9,16.0,1,250,6,0,7700000.0,2
3176,15,101,1,0,21,9,8.0,1,700,6,0,3200000.0,2
3177,15,101,1,0,0,12,4.0,2,120,3,0,650000.0,2
3178,15,101,1,0,16,9,4.0,2,500,3,0,1350000.0,2
3179,15,101,1,0,0,14,32.0,2,128,3,0,8500000.0,2
3180,15,101,1,2,20,9,8.0,1,128,6,0,2680000.0,2
3181,15,101,1,0,16,9,4.0,2,128,6,0,1600000.0,2
3182,15,101,0,12,21,9,16.0,2,480,3,0,9500000.0,2
3183,15,101,1,0,0,8,8.0,2,128,3,0,1800000.0,2
3184,15,101,1,1,21,9,8.0,1,128,6,0,4799000.0,2
3185,15,101,1,0,20,8,8.0,2,128,1,0,2500000.0,2
3186,15,101,1,0,21,9,16.0,1,128,3,0,111111.0,2
3187,15,101,0,9,21,9,16.0,2,250,3,0,12990000.0,2
3188,15,101,1,0,21,10,8.0,2,256,6,0,4500000.0,2
3189,15,101,1,1,20,9,8.0,2,128,6,0,2900000.0,2
3190,15,101,1,1,0,14,64.0,1,1000,3,0,27800000.0,2
3191,15,101,1,3,0,10,32.0,1,512,3,0,10000000.0,2
3192,15,101,1,9,20,8,8.0,2,250,6,0,4500000.0,2
3193,15,101,1,1,0,9,16.0,1,250,3,0,20000000.0,2
3194,15,101,0,1,0,8,16.0,1,256,7,0,8900000.0,2
3195,15,101,0,1,0,9,16.0,2,256,3,0,11900000.0,2
3196,15,101,1,0,21,8,8.0,2,250,6,0,5000000.0,2
3197,15,101,1,0,21,9,8.0,1,128,3,0,5100000.0,2
3198,15,101,1,1,21,9,8.0,1,500,3,0,4000000.0,2
3199,15,101,1,1,21,9,8.0,1,256,1,0,1800000.0,2
3200,15,101,1,0,21,8,8.0,2,256,3,0,4500000.0,2
3201,15,101,1,0,0,8,8.0,2,128,3,0,1000000.0,2
3202,15,101,1,0,0,8,4.0,2,128,3,0,980000.0,2
3203,15,101,1,12,21,9,16.0,1,500,3,0,22000000.0,2
3204,15,101,0,12,21,10,16.0,1,500,3,0,12900000.0,2
3205,15,101,1,1,21,10,8.0,2,500,3,0,15000000.0,2
3206,15,101,1,0,0,9,8.0,2,250,3,0,300000.0,2
3207,15,101,2,3,21,9,8.0,2,128,6,0,4000000.0,2
3208,15,101,1,1,21,14,16.0,1,250,3,0,2999000.0,2
3209,15,101,1,1,0,14,8.0,2,320,3,0,1999000.0,2
3210,15,101,1,0,21,6,2.0,0,128,6,0,2000000.0,2
3211,15,101,0,12,21,9,8.0,2,128,6,0,3300000.0,2
3212,15,101,0,12,0,8,16.0,1,256,6,0,7500000.0,2
3213,15,101,0,1,21,8,8.0,2,250,3,0,10500000.0,2
3214,15,101,1,12,21,8,16.0,0,500,6,0,10500000.0,2
3215,15,101,1,0,21,9,8.0,2,1000,2,0,6500000.0,2
3216,15,101,1,0,20,5,16.0,1,640,3,0,4000000.0,2
3217,2,94,1,1,16,10,16.0,1,512,7,1,16900000.0,2
3218,4,60,1,9,14,9,8.0,2,256,3,1,4800000.0,2
3219,3,57,1,5,16,10,32.0,1,512,1,1,13000000.0,2
3220,3,95,1,9,14,9,8.0,2,256,3,1,5700000.0,2
3221,3,36,1,3,14,10,8.0,2,256,1,1,4900000.0,2
3222,3,95,1,0,14,9,8.0,1,500,3,1,4000000.0,2
3223,1,39,1,0,14,9,8.0,2,128,6,1,9800000.0,2
3224,3,36,2,0,14,9,4.0,2,512,5,1,2500000.0,2
3225,1,38,1,0,16,10,4.0,2,128,1,1,2999999.0,2
3226,13,65,1,3,16,10,8.0,2,640,2,1,3900000.0,2
3227,3,57,1,0,16,10,32.0,2,500,3,1,12500000.0,2
3228,14,66,1,1,14,9,8.0,2,256,2,1,3950000.0,2
3229,7,37,1,1,16,9,16.0,1,1500,6,1,10500000.0,2
3230,3,36,1,3,12,9,8.0,2,256,1,1,3700000.0,2
3231,3,36,2,0,12,6,2.0,2,120,3,1,1500000.0,2
3232,7,88,1,1,14,9,8.0,2,256,2,1,4550000.0,2
3233,9,74,1,0,10,9,4.0,2,120,3,1,7000000.0,2
3234,3,36,1,3,14,10,8.0,2,256,1,1,5400000.0,2
3235,3,36,1,0,14,10,8.0,2,256,3,1,4000000.0,2
3236,3,57,1,3,16,10,16.0,1,512,1,1,17200000.0,2
3237,7,88,0,1,14,10,16.0,2,512,6,1,9900000.0,2
3238,10,10,1,0,12,9,8.0,2,256,3,1,6500000.0,2
3239,2,94,2,0,14,6,2.0,2,250,3,1,1800000.0,2
3240,7,33,1,1,16,9,8.0,2,512,3,1,7120000.0,2
3241,1,47,1,1,16,10,16.0,1,512,3,1,14800000.0,2
3242,3,36,1,1,14,9,8.0,2,128,1,1,4490000.0,2
3243,4,17,1,3,16,9,8.0,2,128,2,1,5700000.0,2
3244,3,36,1,3,12,9,8.0,2,256,2,1,4900000.0,2
3245,1,42,1,0,14,10,16.0,0,256,3,1,4000000.0,2
3246,4,17,1,9,14,8,8.0,2,256,3,1,7000000.0,2
3247,13,9,2,0,14,8,6.0,2,256,2,1,1500000.0,2
3248,4,17,1,3,12,10,8.0,2,128,3,1,5900000.0,2
3249,3,97,1,3,14,9,8.0,2,256,1,1,7800000.0,2
3250,3,57,1,5,16,10,32.0,1,512,1,1,7900000.0,2
3251,13,92,1,0,12,9,4.0,2,128,3,1,4999000.0,2
3252,5,15,1,0,14,9,8.0,2,512,3,1,8400000.0,2
3253,7,88,1,0,16,8,4.0,1,512,3,1,2900000.0,2
3254,1,47,1,1,14,10,16.0,2,512,3,1,13900000.0,2
3255,4,14,1,1,14,9,4.0,2,320,1,1,2000000.0,2
3256,13,92,1,0,14,9,8.0,1,256,2,1,850000.0,2
3257,3,24,1,9,16,9,16.0,1,500,6,1,10500000.0,2
3258,4,55,1,0,14,9,8.0,2,256,3,1,6000000.0,2
3259,9,78,1,0,14,9,8.0,2,128,3,1,4000000.0,2
3260,3,36,1,0,14,10,8.0,2,256,3,1,4900000.0,2
3261,4,99,1,0,14,10,16.0,1,500,1,1,14900000.0,2
3262,2,94,1,0,16,9,8.0,2,256,3,1,13000000.0,2
3263,4,17,1,1,14,9,8.0,2,256,1,1,7300000.0,2
3264,3,34,1,0,14,8,4.0,2,500,3,1,1100000.0,2
3265,3,34,1,0,16,9,4.0,2,500,6,1,3500000.0,2
3266,4,55,1,0,16,8,4.0,2,512,3,1,12500000.0,2
3267,3,36,1,1,14,10,16.0,2,512,1,1,13300000.0,2
3268,9,70,1,0,14,10,8.0,2,256,3,1,6500000.0,2
3269,2,96,1,1,16,8,8.0,2,256,6,1,3800000.0,2
3270,2,100,1,0,14,12,2.0,0,128,1,1,450000.0,2
3271,1,43,1,1,14,1,8.0,2,256,3,1,13500000.0,1
3272,3,36,1,3,14,9,16.0,2,256,3,1,9300000.0,2
3273,3,36,1,3,14,10,8.0,2,128,6,1,4200000.0,2
3274,7,33,1,0,14,8,8.0,2,512,5,1,5999000.0,2
3275,3,57,1,0,16,10,16.0,1,500,1,1,2900000.0,2
3276,3,36,1,1,14,10,16.0,2,512,1,1,11300000.0,2
3277,2,96,1,0,16,8,8.0,2,1500,6,1,3000000.0,2
3278,3,34,1,1,16,8,4.0,2,256,1,1,2900000.0,2
3279,4,99,0,0,16,10,16.0,0,512,6,1,8500000.0,2
3280,3,34,1,0,14,10,8.0,2,256,3,1,3100000.0,2
3281,3,2,1,0,14,10,8.0,1,256,3,1,38000000.0,2
3282,3,57,1,1,16,10,8.0,1,128,3,1,4100000.0,2
3283,3,36,1,1,14,10,8.0,2,256,1,1,7300000.0,2
3284,1,39,1,0,14,9,8.0,2,120,3,1,5600000.0,2
3285,1,47,1,0,14,10,16.0,2,256,3,1,12800000.0,2
3286,3,34,1,0,14,9,4.0,2,500,3,1,1600000.0,2
3287,3,34,1,0,14,9,8.0,1,256,1,1,5000000.0,2
3288,1,39,1,0,14,9,8.0,2,128,3,1,5700000.0,2
3289,3,57,1,3,16,10,8.0,1,256,1,1,7100000.0,2
3290,3,34,1,1,14,18,16.0,0,1000,0,1,15500000.0,0
3291,3,95,1,0,16,8,4.0,2,256,6,1,4500000.0,2
3292,3,36,1,1,14,9,8.0,2,256,3,1,6900000.0,2
3293,7,88,1,3,16,10,16.0,1,512,1,1,15500000.0,2
3294,1,42,1,1,14,10,16.0,0,512,3,1,12300000.0,2
3295,1,41,1,1,16,2,8.0,2,256,1,1,25300000.0,1
3296,3,36,1,0,14,10,16.0,2,256,1,1,12500000.0,2
3297,5,15,1,0,12,9,8.0,2,256,3,1,3700000.0,2
3298,3,36,1,0,16,10,8.0,2,128,3,1,2500000.0,2
3299,9,80,1,3,12,9,8.0,2,256,1,1,12000000.0,2
3300,2,94,1,0,14,8,8.0,2,256,3,1,250000.0,2
3301,14,66,1,3,14,9,8.0,2,128,3,1,4139000.0,2
3302,3,34,1,0,16,6,4.0,2,320,1,1,900000.0,2
3303,1,42,1,1,16,10,32.0,0,1000,3,1,15500000.0,2
3304,7,33,1,0,16,0,4.0,0,500,2,1,1300000.0,0
3305,1,39,1,0,14,9,4.0,2,256,1,1,3500000.0,2
3306,3,36,1,1,14,10,16.0,2,512,1,1,8700000.0,2
3307,1,42,1,1,16,11,16.0,0,500,1,1,16500000.0,2
3308,1,42,1,0,14,9,8.0,2,256,2,1,5500000.0,2
3309,1,41,1,1,14,2,8.0,2,256,6,1,21800000.0,1
3310,2,64,1,5,16,18,16.0,1,512,6,1,18800000.0,0
3311,3,34,1,1,16,9,8.0,1,128,3,1,4990000.0,2
3312,1,47,1,1,14,9,16.0,2,256,1,1,8000000.0,2
3313,13,92,1,0,14,9,8.0,2,256,3,1,3450000.0,2
3314,2,94,1,0,14,9,4.0,2,250,3,1,1200000.0,2
3315,1,40,1,0,14,9,64.0,2,128,3,1,8500000.0,2
3316,1,39,1,0,14,9,8.0,2,256,1,1,7900000.0,2
3317,1,42,1,1,16,10,16.0,0,512,3,1,16800000.0,2
3318,14,66,1,0,14,9,8.0,2,256,3,1,3600000.0,2
3319,4,17,1,0,14,9,8.0,2,320,5,1,1300000.0,2
3320,9,70,1,1,16,10,16.0,2,256,1,1,14000000.0,2
3321,3,34,1,0,14,8,4.0,2,256,3,1,2500000.0,2
3322,7,88,1,0,14,9,16.0,2,256,3,1,9700000.0,2
3323,3,34,1,1,14,9,8.0,2,512,1,1,11900000.0,2
3324,3,36,0,0,16,10,16.0,2,256,1,1,8500000.0,2
3325,9,72,1,1,14,10,32.0,1,512,1,1,11000000.0,2
3326,3,34,1,0,14,10,8.0,2,128,3,1,4500000.0,2
3327,1,39,1,0,14,9,8.0,2,128,3,1,5000000.0,2
3328,3,34,1,0,16,8,4.0,2,500,1,1,1250000.0,2
3329,3,36,1,1,12,9,8.0,2,256,3,1,4290000.0,2
3330,7,88,1,0,14,9,8.0,2,128,3,1,1000000.0,2
3331,1,47,1,1,16,10,16.0,0,512,1,1,9990000.0,2
3332,8,11,1,0,14,9,4.0,2,500,3,1,1200000.0,2
3333,5,15,1,3,12,9,8.0,2,256,2,1,3000000.0,2
3334,4,17,1,0,16,17,8.0,2,128,3,1,2500000.0,0
3335,1,46,1,3,14,2,16.0,2,512,6,1,31500000.0,1
3336,4,51,1,0,16,9,8.0,2,512,3,1,3300000.0,2
3337,3,34,1,1,14,10,8.0,2,256,1,1,6100000.0,2
3338,4,60,1,2,14,10,16.0,2,256,6,1,8200000.0,2
3339,0,91,1,0,16,10,16.0,1,1000,5,1,14000000.0,2
3340,1,42,1,0,14,9,8.0,2,512,3,1,10500000.0,2
3341,1,42,0,0,16,11,16.0,0,1000,2,1,23000000.0,2
3342,2,96,2,0,16,9,4.0,2,128,1,1,1800000.0,2
3343,13,65,1,3,14,10,8.0,2,640,2,1,3900000.0,2
3344,3,36,1,0,14,8,4.0,2,128,3,1,2500000.0,2
3345,3,36,1,3,14,9,8.0,2,128,3,1,3600000.0,2
3346,3,36,1,1,14,10,8.0,2,256,3,1,5299000.0,2
3347,2,96,2,0,14,9,4.0,2,128,6,1,1800000.0,2
3348,3,95,1,0,16,9,8.0,1,256,3,1,7399000.0,2
3349,3,36,1,1,12,9,8.0,2,128,3,1,3900000.0,2
3350,4,51,1,9,16,9,8.0,2,256,3,1,6300000.0,2
3351,1,44,1,0,14,1,16.0,2,1000,3,1,28700000.0,1
3352,4,99,1,1,14,10,16.0,2,512,3,1,20000000.0,2
3353,3,36,1,3,16,10,16.0,1,512,1,1,9500000.0,2
3354,3,36,1,0,14,10,8.0,2,256,3,1,3300000.0,2
3355,0,3,1,0,14,8,4.0,2,120,3,1,1800000.0,2
3356,3,36,1,3,14,9,8.0,2,256,3,1,5700000.0,2
3357,14,66,1,0,16,9,16.0,2,256,3,1,3200000.0,2
3358,1,39,1,0,14,8,8.0,2,256,5,1,9500000.0,2
3359,1,39,1,9,14,9,8.0,2,128,3,1,6990000.0,2
3360,0,50,1,3,16,10,16.0,1,512,3,1,25500000.0,2
3361,3,36,1,3,14,9,8.0,2,256,1,1,6900000.0,2
3362,7,88,0,1,16,10,16.0,1,512,1,1,33800000.0,2
3363,3,95,1,0,16,9,8.0,1,256,3,1,7000000.0,2
3364,3,36,1,2,14,9,8.0,2,128,6,1,3200000.0,2
3365,4,17,1,0,16,12,4.0,2,500,6,1,3500000.0,2
3366,8,28,1,0,18,10,32.0,1,128,7,1,11800000.0,2
3367,1,42,1,0,14,9,8.0,2,256,3,1,9000000.0,2
3368,4,60,1,1,14,9,4.0,2,500,3,1,1600000.0,2
3369,7,88,1,0,14,9,4.0,2,120,3,1,1200000.0,2
3370,0,3,1,0,16,12,4.0,2,500,3,1,1800000.0,2
3371,2,96,1,3,16,8,4.0,2,256,6,1,6500000.0,2
3372,1,43,1,3,14,1,16.0,2,512,6,1,32999999.0,1
3373,1,40,1,0,14,1,8.0,2,256,3,1,12700000.0,1
3374,2,94,1,0,16,8,8.0,1,250,3,1,2500000.0,2
3375,4,17,1,0,12,9,8.0,2,256,1,1,4600000.0,2
3376,2,94,1,0,16,8,4.0,2,128,6,1,2900000.0,2
3377,2,64,1,3,16,18,8.0,1,512,6,1,14900000.0,0
3378,1,42,1,0,14,9,16.0,2,256,3,1,9600000.0,2
3379,3,36,1,3,14,9,8.0,2,256,1,1,3500000.0,2
3380,3,34,1,1,14,9,8.0,2,256,3,1,4500000.0,2
3381,4,51,1,3,14,9,4.0,2,256,6,1,7800000.0,2
3382,1,40,1,3,14,1,8.0,2,256,6,1,14999999.0,1
3383,4,60,1,1,14,9,8.0,2,256,1,1,2800000.0,2
3384,7,33,0,9,16,17,8.0,0,256,1,1,11500000.0,0
3385,7,88,1,1,14,9,8.0,0,256,3,1,7000000.0,2
3386,7,88,1,0,14,8,8.0,2,500,3,1,2100000.0,2
3387,3,34,1,0,14,9,8.0,2,256,6,1,5900000.0,2
3388,2,85,0,0,21,18,16.0,0,1000,5,1,12500000.0,0
3389,7,87,1,0,14,17,8.0,0,256,6,1,7000000.0,0
3390,1,47,1,1,14,9,8.0,2,256,3,1,14500000.0,2
3391,4,17,1,0,14,9,8.0,2,256,3,1,6390000.0,2
3392,1,47,1,0,14,9,8.0,2,256,1,1,13990000.0,2
3393,3,34,1,3,16,10,16.0,1,512,6,1,12999999.0,2
3394,1,40,1,5,14,1,16.0,2,256,3,1,20500000.0,1
3395,7,88,1,0,12,9,8.0,2,128,1,1,2900000.0,2
3396,2,96,1,0,16,8,4.0,2,500,3,1,2600000.0,2
3397,2,94,1,0,14,9,4.0,2,500,3,1,1500000.0,2
3398,1,42,1,1,14,9,8.0,1,128,1,1,3300000.0,2
3399,3,36,1,3,16,9,16.0,2,256,1,1,6900000.0,2
3400,4,93,0,0,14,17,8.0,2,256,1,1,15990000.0,0
3401,4,60,1,1,14,9,8.0,2,256,1,1,2800000.0,2
3402,1,42,1,1,18,10,4.0,2,500,1,1,3800000.0,2
3403,8,25,1,1,16,9,8.0,1,512,3,1,12900000.0,2
3404,3,34,1,0,16,12,4.0,2,500,6,1,2200000.0,2
3405,7,88,1,0,14,9,8.0,2,500,1,1,3300000.0,2
3406,14,66,1,0,14,9,6.0,2,128,3,1,2300000.0,2
3407,3,34,1,0,14,8,4.0,2,120,6,1,2300000.0,2
3408,3,34,1,1,14,9,8.0,2,512,6,1,8800000.0,2
3409,2,96,1,3,16,10,8.0,1,512,6,1,7900000.0,2
3410,4,17,1,1,14,9,8.0,2,256,1,1,3700000.0,2
3411,3,36,1,3,14,9,8.0,2,256,1,1,5000000.0,2
3412,3,24,1,1,16,17,16.0,1,512,3,1,14800000.0,0
3413,3,34,1,0,16,9,4.0,0,128,6,1,3900000.0,2
3414,13,9,1,0,16,9,8.0,0,1000,3,1,2000000.0,2
3415,3,97,1,3,14,10,8.0,2,512,1,1,9800000.0,2
3416,4,55,1,3,14,9,8.0,2,256,6,1,6900000.0,2
3417,3,2,1,0,18,10,16.0,1,250,3,1,3800000.0,2
3418,3,36,1,0,14,9,8.0,2,256,1,1,2950000.0,2
3419,3,36,1,0,14,10,8.0,2,256,6,1,7200000.0,2
3420,3,36,1,0,16,9,8.0,2,256,6,1,3000000.0,2
3421,0,3,1,3,12,8,8.0,0,256,6,1,1000000.0,2
3422,3,34,1,0,14,9,6.0,0,128,1,1,2900000.0,2
3423,3,36,1,5,14,10,16.0,1,512,1,1,6300000.0,2
3424,2,94,1,3,14,17,8.0,2,256,6,1,5900000.0,0
3425,2,94,1,0,16,8,4.0,2,1000,6,1,2900000.0,2
3426,4,53,0,1,16,17,8.0,1,512,1,1,16500000.0,0
3427,7,88,1,1,14,9,8.0,2,500,5,1,9300000.0,2
3428,0,3,1,3,16,9,8.0,0,512,6,1,7800000.0,2
3429,3,36,1,0,14,9,8.0,2,250,5,1,3500000.0,2
3430,2,94,1,0,14,8,4.0,2,500,6,1,2900000.0,2
3431,2,85,1,0,16,9,8.0,1,512,1,1,13900000.0,2
3432,3,34,1,3,16,8,4.0,2,256,6,1,6500000.0,2
3433,9,78,1,0,12,10,8.0,2,256,3,1,6800000.0,2
3434,4,18,1,0,16,10,8.0,1,750,3,1,3300000.0,2
3435,0,50,1,0,16,9,8.0,1,512,1,1,14900000.0,2
3436,3,57,1,3,16,9,16.0,1,512,1,1,9200000.0,2
3437,1,42,1,3,16,10,16.0,2,512,2,1,7300000.0,2
3438,2,100,1,12,16,11,32.0,1,1000,3,1,39990000.0,2
3439,0,50,1,0,16,17,8.0,1,512,3,1,7950000.0,0
3440,8,26,1,1,16,8,16.0,1,512,1,1,17800000.0,2
3441,0,3,1,1,12,12,4.0,2,256,3,1,2800000.0,2
3442,13,92,1,0,14,9,4.0,2,500,6,1,1150000.0,2
3443,4,99,1,3,16,10,16.0,1,512,1,1,18900000.0,2
3444,1,39,1,0,16,9,8.0,2,640,1,1,8000000.0,2
3445,1,43,1,0,14,1,16.0,2,512,3,1,24500000.0,1
3446,5,15,1,0,16,9,8.0,2,512,3,1,6999000.0,2
3447,7,88,1,0,9,12,2.0,2,120,3,1,950000.0,2
3448,3,36,1,0,14,10,8.0,2,256,3,1,5800000.0,2
3449,9,70,1,0,14,10,8.0,2,256,3,1,7199999.0,2
3450,0,3,1,5,16,8,8.0,2,128,6,1,5200000.0,2
3451,7,88,1,0,16,9,8.0,2,256,3,1,5999000.0,2
3452,2,23,2,0,16,9,8.0,1,256,6,1,9500000.0,2
3453,4,51,1,1,16,8,8.0,2,128,3,1,3300000.0,2
3454,4,51,1,0,14,8,4.0,2,256,5,1,2800000.0,2
3455,4,55,0,9,16,16,8.0,0,256,3,1,7000000.0,0
3456,0,3,1,5,16,9,8.0,2,128,6,1,4500000.0,2
3457,7,88,1,0,14,9,16.0,2,256,3,1,8000000.0,2
3458,2,96,1,1,14,8,4.0,2,512,6,1,4800000.0,2
3459,4,51,1,1,16,12,4.0,2,128,3,1,1700000.0,2
3460,13,92,2,0,16,9,4.0,2,128,6,1,3000000.0,2
3461,3,36,1,0,14,9,4.0,2,128,3,1,1200000.0,2
3462,8,25,1,0,16,10,8.0,1,512,3,1,11000000.0,2
3463,1,39,1,0,12,9,4.0,2,128,1,1,4500000.0,2
3464,7,88,1,1,14,10,8.0,2,250,3,1,5000000.0,2
3465,3,36,1,1,16,9,4.0,2,128,6,1,3600000.0,2
3466,0,3,1,1,14,9,4.0,2,320,3,1,1500000.0,2
3467,3,34,1,0,16,10,8.0,2,128,3,1,2700000.0,2
3468,3,57,1,12,16,10,16.0,1,256,1,1,7500000.0,2
3469,3,95,1,0,14,8,4.0,2,500,2,1,1600000.0,2
3470,0,3,1,0,14,8,4.0,2,500,3,1,650000.0,2
3471,7,88,1,3,14,9,8.0,2,256,2,1,7200000.0,2
3472,4,99,1,1,16,10,8.0,1,128,1,1,4500000.0,2
3473,1,47,1,1,16,10,16.0,0,512,3,1,11900000.0,2
3474,4,17,1,1,12,9,8.0,2,256,1,1,4800000.0,2
3475,3,36,1,1,14,10,8.0,2,256,1,1,4000000.0,2
3476,3,57,1,3,16,9,8.0,0,250,3,1,5500000.0,2
3477,3,34,1,0,16,9,8.0,2,128,3,1,3300000.0,2
3478,4,99,0,12,16,10,32.0,1,1000,1,1,12500000.0,2
3479,3,36,1,0,14,10,8.0,2,256,3,1,2350000.0,2
3480,1,38,1,0,12,9,8.0,2,256,6,1,6500000.0,2
3481,3,36,1,0,16,9,8.0,2,500,1,1,1600000.0,2
3482,4,99,1,3,16,10,8.0,1,128,1,1,4400000.0,2
3483,13,92,1,0,14,10,16.0,2,256,2,1,4900000.0,2
3484,1,47,1,3,16,10,16.0,0,256,3,1,14700000.0,2
3485,9,83,1,1,14,15,16.0,2,256,1,1,11500000.0,3
3486,3,36,0,1,14,10,16.0,2,256,1,1,6500000.0,2
3487,3,34,1,3,16,9,8.0,1,256,3,1,5200000.0,2
3488,3,36,1,5,14,10,16.0,1,256,1,1,6500000.0,2
3489,8,25,1,12,16,10,16.0,1,512,6,1,11999000.0,2
3490,0,3,1,1,12,12,4.0,2,128,6,1,3300000.0,2
3491,14,66,1,0,16,10,8.0,2,128,2,1,2600000.0,2
3492,3,34,1,0,16,8,16.0,2,250,6,1,3500000.0,2
3493,4,17,1,3,14,10,8.0,2,256,3,1,7300000.0,2
3494,1,42,1,0,14,9,16.0,2,512,6,1,14800000.0,2
3495,4,17,1,5,14,9,8.0,2,256,1,1,5990000.0,2
3496,7,33,1,0,14,8,8.0,2,256,6,1,5799999.0,2
3497,0,3,1,1,14,9,8.0,2,512,6,1,7900000.0,2
3498,3,36,1,3,14,10,8.0,1,256,3,1,6600000.0,2
3499,5,15,1,0,14,9,8.0,2,256,3,1,6300000.0,2
3500,5,15,1,0,14,9,8.0,2,256,3,1,4900000.0,2
3501,5,15,1,0,12,9,8.0,2,256,2,1,5200000.0,2
3502,0,3,1,0,16,9,4.0,2,128,3,1,4500000.0,2
3503,2,23,1,1,16,9,8.0,1,512,6,1,13900000.0,2
3504,3,34,1,9,16,8,8.0,2,256,3,1,4800000.0,2
3505,4,17,1,0,16,10,8.0,2,256,1,1,3000000.0,2
3506,3,34,1,1,16,9,8.0,1,128,6,1,5900000.0,2
3507,3,36,1,0,16,8,8.0,1,128,2,1,2500000.0,2
3508,4,17,1,3,14,9,8.0,2,256,1,1,4100000.0,2
3509,2,96,1,1,14,8,8.0,2,500,6,1,3500000.0,2
3510,7,88,1,0,14,9,8.0,2,128,2,1,4000000.0,2
3511,3,36,1,0,14,8,16.0,2,480,3,1,6000000.0,2
3512,3,36,2,0,14,9,8.0,2,256,1,1,1500000.0,2
3513,0,3,2,0,14,9,4.0,2,128,3,1,2500000.0,2
3514,4,17,1,0,14,9,8.0,2,256,3,1,5500000.0,2
3515,4,17,1,0,14,9,16.0,2,256,3,1,2000000.0,2
3516,1,42,1,1,16,10,16.0,1,250,1,1,4900000.0,2
3517,0,3,1,0,14,5,4.0,2,256,3,1,3690000.0,2
3518,13,92,1,0,14,9,8.0,2,128,3,1,1800000.0,2
3519,4,17,1,3,14,9,4.0,2,128,1,1,1500000.0,2
3520,14,56,1,0,14,8,8.0,2,256,3,1,1900000.0,2
3521,3,95,1,0,14,8,6.0,2,128,0,1,2800000.0,2
3522,1,47,1,1,16,10,16.0,0,256,1,1,18800000.0,2
3523,0,3,1,1,16,9,8.0,1,1500,6,1,5999000.0,2
3524,3,34,1,0,14,10,4.0,2,256,3,1,4900000.0,2
3525,1,39,2,0,14,9,8.0,2,128,6,1,5000000.0,2
3526,3,36,1,0,14,10,4.0,2,128,6,1,3560000.0,2
3527,1,39,1,0,14,9,8.0,2,128,0,1,5999999.0,2
3528,3,34,1,0,14,9,4.0,2,128,1,1,1500000.0,2
3529,9,80,1,0,12,9,16.0,2,256,3,1,15000000.0,2
3530,3,36,1,3,14,9,8.0,2,256,1,1,6300000.0,2
3531,4,18,1,5,14,10,16.0,2,512,3,1,22500000.0,2
3532,3,34,2,0,14,8,4.0,2,500,3,1,1950000.0,2
3533,2,35,1,0,16,8,8.0,1,256,6,1,1650000.0,2
3534,3,36,1,0,14,9,8.0,2,500,3,1,4200000.0,2
3535,3,57,1,3,16,14,16.0,1,512,1,1,14890000.0,2
3536,3,57,1,5,16,10,32.0,1,512,1,1,20200000.0,2
3537,3,34,1,1,16,9,4.0,2,128,4,1,1550000.0,2
3538,3,36,1,5,16,10,16.0,1,512,1,1,16700000.0,2
3539,2,1,1,1,16,9,4.0,1,128,4,1,2250000.0,2
3540,3,36,1,1,16,8,8.0,2,128,3,1,4200000.0,2
3541,3,57,1,5,16,10,16.0,1,512,1,1,19600000.0,2
3542,7,88,1,0,14,9,8.0,1,128,1,1,2000000.0,2
3543,3,97,1,5,14,10,16.0,2,512,1,1,17600000.0,2
3544,2,1,1,0,14,9,8.0,2,256,3,1,4500000.0,2
3545,4,17,1,0,14,5,4.0,2,128,3,1,1000000.0,2
3546,3,36,1,3,14,9,8.0,2,256,1,1,5600000.0,2
3547,4,17,1,0,14,9,8.0,2,500,1,1,2000000.0,2
3548,3,34,1,0,16,9,4.0,2,512,3,1,9000000.0,2
3549,3,36,1,0,14,9,8.0,2,256,2,1,6000000.0,2
3550,4,55,1,1,14,9,8.0,2,256,1,1,3000000.0,2
3551,4,60,1,0,14,0,4.0,1,128,3,1,1400000.0,0
3552,3,36,1,1,14,10,32.0,2,256,1,1,7000000.0,2
3553,7,88,0,1,16,11,16.0,1,1000,1,1,42800000.0,2
3554,10,10,1,0,14,8,8.0,2,250,3,1,2300000.0,2
3555,1,42,1,0,14,10,8.0,2,250,6,1,3500000.0,2
3556,2,94,1,0,14,9,4.0,2,120,2,1,1000000.0,2
3557,3,34,1,0,16,9,8.0,2,256,3,1,6990000.0,2
3558,1,45,1,0,14,2,8.0,2,256,3,1,27990000.0,1
3559,2,100,1,0,14,9,8.0,2,512,3,1,9000000.0,2
3560,4,17,1,1,16,8,8.0,2,256,3,1,4500000.0,2
3561,5,15,1,2,16,10,8.0,2,256,3,1,16000000.0,2
3562,1,38,1,1,12,9,8.0,2,256,1,1,4800000.0,2
3563,0,3,1,1,16,8,8.0,2,256,1,1,6890000.0,2
3564,3,34,0,2,14,10,8.0,0,128,5,1,7000000.0,2
3565,4,68,1,0,14,9,8.0,2,256,2,1,6800000.0,2
3566,3,34,1,0,16,8,8.0,2,128,3,1,2500000.0,2
3567,0,3,0,9,16,17,8.0,1,512,6,1,13333333.0,0
3568,7,33,1,0,14,8,8.0,2,128,3,1,2850000.0,2
3569,2,23,0,12,16,10,16.0,1,512,6,1,17999999.0,2
3570,3,95,0,1,14,9,8.0,2,256,1,1,6399999.0,2
3571,3,36,1,0,14,9,4.0,2,128,3,1,2900000.0,2
3572,0,3,1,2,16,17,8.0,0,512,3,1,9200000.0,0
3573,3,34,1,0,16,9,16.0,2,256,3,1,4900000.0,2
3574,2,96,1,0,16,9,8.0,1,128,3,1,3500000.0,2
3575,4,60,2,0,16,9,4.0,2,128,3,1,999999.0,2
3576,3,36,1,1,16,9,8.0,2,256,1,1,4850000.0,2
3577,3,36,0,1,14,9,16.0,2,256,1,1,5000000.0,2
3578,3,36,1,0,14,10,8.0,2,256,6,1,7450000.0,2
3579,1,39,1,5,14,9,4.0,2,128,2,1,4900000.0,2
3580,4,55,1,1,14,10,8.0,2,256,1,1,4000000.0,2
3581,1,40,1,5,14,1,16.0,2,512,3,1,22200000.0,1
3582,7,33,1,3,14,8,8.0,2,512,6,1,4500000.0,2
3583,3,34,1,0,14,9,8.0,0,128,6,1,1200000.0,2
3584,3,34,1,0,16,10,16.0,1,1500,6,1,9900000.0,2
3585,4,17,1,1,14,9,4.0,2,500,3,1,1800000.0,2
3586,4,51,1,3,16,9,8.0,2,512,6,1,7999000.0,2
3587,4,55,1,1,14,9,8.0,2,256,3,1,5650000.0,2
3588,4,51,1,1,16,10,8.0,0,256,6,1,5900000.0,2
3589,3,36,1,1,16,8,8.0,2,256,6,1,6500000.0,2
3590,3,36,1,1,14,9,8.0,2,256,1,1,5200000.0,2
3591,3,36,1,1,12,10,8.0,2,256,3,1,4890000.0,2
3592,3,36,1,3,12,10,8.0,2,256,3,1,5900000.0,2
3593,3,36,1,0,14,10,8.0,1,256,1,1,4100000.0,2
3594,3,36,1,0,14,10,8.0,2,256,3,1,6290000.0,2
3595,3,36,1,0,14,9,8.0,2,256,1,1,5300000.0,2
3596,2,94,0,1,16,17,16.0,1,512,6,1,18200000.0,0
3597,1,42,1,5,14,9,8.0,2,128,3,1,7500000.0,2
3598,5,15,0,1,16,9,16.0,1,512,3,1,13500000.0,2
3599,1,39,1,0,14,9,8.0,2,128,3,1,6900000.0,2
3600,8,25,0,1,16,18,8.0,0,512,3,1,13800000.0,0
3601,3,57,1,0,18,10,8.0,1,128,3,1,6800000.0,2
3602,7,88,1,0,12,9,8.0,2,128,6,1,3300000.0,2
3603,4,60,0,3,14,9,8.0,2,256,3,1,2900000.0,2
3604,3,34,1,0,14,9,4.0,2,128,3,1,3500000.0,2
3605,1,44,0,0,14,1,8.0,2,256,3,1,17900000.0,1
3606,7,33,1,0,14,12,4.0,2,500,3,1,1300000.0,2
3607,3,97,0,3,14,10,8.0,2,512,1,1,24500000.0,2
3608,3,97,1,3,14,10,16.0,2,512,6,1,23700000.0,2
3609,4,51,1,3,16,9,8.0,1,256,3,1,7500000.0,2
3610,3,34,0,9,16,10,64.0,2,1000,1,1,18900000.0,2
3611,3,57,1,3,18,10,16.0,1,256,3,1,8400000.0,2
3612,2,94,1,1,16,11,16.0,1,1000,3,1,31600000.0,2
3613,1,47,1,0,14,9,8.0,2,128,3,1,12000000.0,2
3614,3,36,1,0,16,9,16.0,2,512,1,1,10500000.0,2
3615,3,36,1,0,14,9,8.0,2,128,3,1,2500000.0,2
3616,2,94,1,1,16,0,16.0,1,512,3,1,16000000.0,0
3617,1,40,1,0,14,1,8.0,2,256,3,1,15000000.0,1
3618,2,94,1,0,14,9,8.0,2,512,3,1,8500000.0,2
3619,2,100,1,0,14,9,8.0,2,512,5,1,8990000.0,2
3620,1,39,1,0,14,9,8.0,2,128,1,1,5400000.0,2
3621,3,57,1,5,16,10,16.0,1,512,1,1,8900000.0,2
3622,7,88,1,1,12,9,8.0,2,256,3,1,5000000.0,2
3623,0,3,1,0,16,8,4.0,2,500,5,1,123456.0,2
3624,4,14,1,1,14,7,4.0,2,120,6,1,750000.0,2
3625,12,30,1,0,14,0,8.0,2,128,3,1,1600000.0,0
3626,4,14,1,3,14,8,4.0,2,128,6,1,1300000.0,2
3627,3,34,1,3,16,10,8.0,1,256,6,1,6500000.0,2
3628,7,33,1,12,16,0,8.0,2,512,3,1,8000000.0,0
3629,3,34,1,1,16,9,16.0,1,512,3,1,15500000.0,2
3630,3,36,1,3,16,10,8.0,2,256,1,1,7000000.0,2
3631,7,33,0,0,14,9,8.0,2,512,5,1,7500000.0,2
3632,2,94,1,0,14,8,4.0,2,128,3,1,1800000.0,2
3633,0,3,1,3,16,9,8.0,1,256,6,1,6500000.0,2
3634,2,94,1,1,16,8,4.0,2,512,6,1,5700000.0,2
3635,8,25,1,3,16,10,8.0,1,512,6,1,10500000.0,2
3636,7,88,1,0,14,9,8.0,2,256,3,1,3800000.0,2
3637,3,57,1,0,16,10,16.0,1,512,3,1,11500000.0,2
3638,4,60,1,3,14,9,8.0,2,256,6,1,5500000.0,2
3639,3,34,1,0,16,9,8.0,1,256,3,1,3800000.0,2
3640,7,88,1,0,16,10,16.0,1,512,3,1,20999999.0,2
3641,7,88,1,0,14,10,16.0,2,512,3,1,10990000.0,2
3642,3,57,1,1,16,10,8.0,1,256,1,1,6900000.0,2
3643,2,94,1,1,16,10,16.0,1,512,3,1,24600000.0,2
3644,3,36,1,0,12,10,16.0,2,256,3,1,9990000.0,2
3645,3,34,1,0,14,6,4.0,2,320,3,1,1000000.0,2
3646,3,36,1,0,14,9,8.0,2,256,3,1,3600000.0,2
3647,3,36,1,1,14,10,8.0,2,256,1,1,6900000.0,2
3648,1,42,1,3,16,10,32.0,0,1000,1,1,14500000.0,2
3649,7,88,1,0,12,9,8.0,2,128,2,1,1750000.0,2
3650,7,88,1,1,14,9,8.0,2,256,3,1,7590000.0,2
3651,2,94,1,12,16,19,16.0,1,512,3,1,22999999.0,0
3652,3,36,1,1,14,10,8.0,2,256,1,1,4500000.0,2
3653,3,36,1,0,14,10,16.0,2,250,1,1,4600000.0,2
3654,3,36,1,0,14,8,4.0,2,128,3,1,2200000.0,2
3655,7,88,1,0,14,9,8.0,1,256,1,1,9000000.0,2
3656,5,15,1,3,14,9,8.0,2,256,2,1,3800000.0,2
3657,2,96,1,1,14,8,8.0,2,128,6,1,2200000.0,2
3658,1,42,1,0,14,6,4.0,2,128,1,1,800000.0,2
3659,4,55,1,0,14,6,4.0,2,256,1,1,750000.0,2
3660,9,80,1,1,12,10,16.0,2,256,1,1,17500000.0,2
3661,1,44,1,5,14,1,16.0,2,1000,3,1,26800000.0,1
3662,4,55,1,0,14,9,8.0,2,256,3,1,1390000.0,2
3663,1,42,1,0,14,9,8.0,2,256,1,1,5650000.0,2
3664,9,73,1,0,14,10,16.0,2,256,5,1,12000000.0,2
3665,0,84,1,0,14,8,4.0,2,256,3,1,6000000.0,2
3666,1,42,1,0,16,10,16.0,0,256,3,1,8600000.0,2
3667,7,88,1,0,14,9,8.0,2,256,3,1,5800000.0,2
3668,3,36,1,3,16,10,8.0,1,256,1,1,6000000.0,2
3669,1,39,1,0,14,9,4.0,2,128,3,1,2400000.0,2
3670,1,40,1,3,14,1,8.0,2,256,6,1,15500000.0,1
3671,1,38,1,1,14,9,8.0,2,128,6,1,9500000.0,2
3672,4,17,1,1,12,10,8.0,2,256,6,1,3500000.0,2
3673,1,42,1,0,14,9,8.0,2,250,3,1,2500000.0,2
3674,4,17,1,1,12,9,8.0,2,256,2,1,3690000.0,2
3675,3,36,1,1,14,9,8.0,2,256,3,1,5390000.0,2
3676,7,33,1,1,14,8,4.0,2,320,1,1,580000.0,2
3677,3,36,1,0,14,9,6.0,2,250,3,1,1699000.0,2
3678,3,95,1,0,14,9,8.0,2,256,5,1,1000000.0,2
3679,7,33,2,0,14,9,16.0,2,250,7,1,4300000.0,2
3680,13,92,1,1,14,9,4.0,2,250,2,1,3900000.0,2
3681,0,3,1,1,16,17,8.0,1,256,6,1,8500000.0,0
3682,0,3,1,0,18,5,2.0,2,500,2,1,2000000.0,2
3683,3,36,1,0,14,4,16.0,2,512,3,1,6789100.0,2
3684,1,39,1,0,14,9,8.0,2,128,1,1,4500000.0,2
3685,0,50,1,0,14,9,16.0,1,256,3,1,9000000.0,2
3686,7,88,0,1,14,10,16.0,2,256,1,1,5500000.0,2
3687,7,33,1,3,16,9,8.0,2,512,6,1,7500000.0,2
3688,3,97,1,0,14,10,16.0,2,1000,1,1,24000000.0,2
3689,3,57,1,0,16,14,32.0,1,512,1,1,17000000.0,2
3690,0,50,0,1,16,17,8.0,1,512,6,1,11500000.0,0
3691,4,60,1,1,14,9,8.0,1,256,2,1,4900000.0,2
3692,1,39,1,3,14,9,8.0,2,128,3,1,7500000.0,2
3693,4,17,1,3,14,10,8.0,2,256,1,1,4790000.0,2
3694,3,36,1,0,14,9,4.0,2,128,3,1,2600000.0,2
3695,4,53,0,0,14,9,8.0,2,256,1,1,7500000.0,2
3696,7,88,1,0,12,9,8.0,2,128,6,1,2950000.0,2
3697,1,42,1,0,14,9,8.0,2,256,1,1,11200000.0,2
3698,7,88,1,1,14,10,8.0,2,256,1,1,7300000.0,2
3699,3,97,1,3,14,10,8.0,2,256,2,1,5900000.0,2
3700,3,97,1,5,14,10,16.0,2,512,1,1,10900000.0,2
3701,7,88,1,3,14,10,8.0,2,512,1,1,7900000.0,2
3702,4,55,1,3,16,10,8.0,2,256,1,1,6900000.0,2
3703,2,100,1,0,14,9,16.0,2,500,3,1,17990000.0,2
3704,8,25,1,0,16,10,8.0,1,512,6,1,14700000.0,2
3705,1,47,1,1,16,10,32.0,0,512,3,1,16700000.0,2
3706,4,17,1,3,16,9,8.0,2,256,1,1,4790000.0,2
3707,7,88,1,3,14,9,8.0,2,256,1,1,10500000.0,2
3708,8,25,1,5,14,9,8.0,2,500,3,1,10800000.0,2
3709,3,34,1,1,14,9,8.0,2,256,6,1,5800000.0,2
3710,2,35,1,0,14,10,8.0,0,128,3,1,2600000.0,2
3711,3,34,1,3,16,9,8.0,2,256,1,1,5490000.0,2
3712,4,17,1,1,12,9,8.0,2,256,3,1,4290000.0,2
3713,4,60,1,3,16,9,4.0,2,128,1,1,2500000.0,2
3714,9,80,1,5,12,10,16.0,2,256,3,1,15200000.0,2
3715,1,42,1,3,16,10,16.0,0,512,1,1,15000000.0,2
3716,2,23,1,5,16,18,16.0,1,1000,3,1,13800000.0,0
3717,2,96,1,3,14,9,8.0,2,256,1,1,6900000.0,2
3718,0,3,2,0,14,8,6.0,1,256,3,1,800000.0,2
3719,2,85,1,0,16,18,16.0,1,512,3,1,12000000.0,0
3720,1,40,1,0,14,9,8.0,2,256,3,1,8700000.0,2
3721,3,2,0,1,18,18,16.0,1,512,1,1,29700000.0,0
3722,2,96,1,0,14,8,4.0,2,120,3,1,1600000.0,2
3723,2,0,1,0,14,5,4.0,2,250,3,1,1000000.0,2
3724,9,81,1,1,12,10,16.0,2,512,1,1,19300000.0,2
3725,3,36,1,3,14,10,16.0,2,256,1,1,15400000.0,2
3726,4,17,1,0,14,8,4.0,2,256,3,1,4500000.0,2
3727,3,95,1,0,14,8,8.0,2,120,3,1,2500000.0,2
3728,9,77,1,0,12,9,4.0,2,128,1,1,4000000.0,2
3729,3,36,1,1,14,9,16.0,2,256,1,1,7300000.0,2
3730,1,42,1,0,14,9,8.0,2,1000,3,1,1800000.0,2
3731,1,42,1,0,16,10,16.0,2,256,3,1,4800000.0,2
3732,1,41,0,5,14,2,8.0,2,256,2,1,22500000.0,1
3733,5,15,0,0,16,9,8.0,2,512,3,1,13500000.0,2
3734,4,17,1,1,14,10,8.0,2,512,3,1,8500000.0,2
3735,3,36,2,0,14,9,4.0,1,256,3,1,1800000.0,2
3736,3,34,1,0,14,9,8.0,0,128,3,1,4700000.0,2
3737,4,55,1,0,16,8,4.0,2,256,3,1,8200000.0,2
3738,4,55,1,1,16,10,8.0,1,128,2,1,6800000.0,2
3739,3,36,1,0,16,9,8.0,2,256,1,1,3950000.0,2
3740,3,36,1,0,14,9,8.0,2,512,3,1,2500000.0,2
3741,3,36,1,3,14,10,16.0,2,512,1,1,9990000.0,2
3742,7,88,1,1,14,9,16.0,0,512,3,1,13900000.0,2
3743,1,42,1,0,14,9,4.0,2,500,3,1,1500000.0,2
3744,1,42,1,5,14,9,16.0,2,512,1,1,32800000.0,2
3745,3,34,1,0,14,9,4.0,2,128,3,1,2500000.0,2
3746,5,15,1,0,14,6,8.0,2,256,3,1,500000.0,2
3747,3,34,1,0,18,9,8.0,2,256,1,1,7000000.0,2
3748,7,88,1,3,14,17,16.0,0,256,1,1,10590000.0,0
3749,3,57,1,5,16,14,16.0,1,512,1,1,8900000.0,2
3750,0,3,1,0,14,8,8.0,2,128,3,1,2800000.0,2
3751,1,42,1,0,14,10,8.0,2,512,3,1,6990000.0,2
3752,3,36,1,3,14,9,16.0,2,512,1,1,11200000.0,2
3753,4,17,1,3,14,17,16.0,2,256,1,1,8900000.0,0
3754,11,7,1,3,16,10,16.0,1,1000,1,1,18500000.0,2
3755,7,88,1,1,14,10,8.0,2,256,3,1,5500000.0,2
3756,3,36,1,0,14,9,4.0,2,500,1,1,1550000.0,2
3757,2,96,1,0,14,9,4.0,1,128,7,1,2500000.0,2
3758,3,34,1,0,16,9,4.0,1,128,1,1,4500000.0,2
3759,4,55,1,3,16,9,16.0,2,512,1,1,7790000.0,2
3760,1,47,1,0,12,9,16.0,2,256,2,1,12500000.0,2
3761,7,33,1,0,12,12,8.0,2,256,6,1,3500000.0,2
3762,5,15,1,1,16,10,16.0,1,1000,1,1,19500000.0,2
3763,1,45,0,9,14,2,8.0,2,256,3,1,28400000.0,1
3764,1,39,0,9,14,9,8.0,2,256,3,1,18600000.0,2
3765,0,3,1,3,16,9,8.0,2,256,1,1,6900000.0,2
3766,7,87,1,1,14,9,8.0,2,256,3,1,5500000.0,2
3767,1,47,1,1,14,10,16.0,2,256,3,1,13900000.0,2
3768,2,94,1,1,12,5,2.0,2,256,7,1,850000.0,2
3769,0,50,1,3,16,9,16.0,1,512,3,1,14500000.0,2
3770,2,0,1,9,16,18,8.0,0,512,6,1,8800000.0,0
3771,9,74,1,1,12,9,8.0,2,256,1,1,10800000.0,2
3772,2,100,1,0,14,9,8.0,2,1500,5,1,3500000.0,2
3773,3,36,1,2,14,10,8.0,2,256,5,1,6350000.0,2
3774,5,15,1,0,14,8,4.0,2,128,3,1,2800000.0,2
3775,9,70,1,3,14,10,16.0,2,512,1,1,12900000.0,2
3776,7,37,2,0,14,10,16.0,1,640,6,1,10000000.0,2
3777,11,7,1,5,16,10,16.0,1,256,3,1,15800000.0,2
3778,2,100,1,3,14,10,16.0,2,512,6,1,14800000.0,2
3779,1,39,1,0,14,9,8.0,2,128,3,1,7000000.0,2
3780,3,36,1,2,12,10,8.0,2,256,5,1,5350000.0,2
3781,1,40,1,0,14,1,8.0,2,256,3,1,14950000.0,1
3782,1,40,1,12,14,10,8.0,2,512,3,1,17500000.0,2
3783,3,34,1,3,16,9,8.0,2,256,6,1,8500000.0,2
3784,1,42,1,0,16,10,16.0,2,256,3,1,7555000.0,2
3785,1,40,1,2,14,1,8.0,2,512,6,1,15500000.0,1
3786,3,36,1,1,12,10,8.0,2,256,1,1,5000000.0,2
3787,4,99,1,3,16,9,16.0,2,256,3,1,8500000.0,2
3788,7,33,1,0,16,0,8.0,0,256,5,1,10000000.0,0
3789,3,36,1,0,14,9,8.0,2,256,3,1,4400000.0,2
3790,5,15,1,0,16,9,4.0,2,120,3,1,1650000.0,2
3791,0,3,1,0,14,9,8.0,2,256,3,1,8000000.0,2
3792,5,15,1,0,16,12,4.0,2,128,3,1,1300000.0,2
3793,9,78,1,0,12,9,8.0,2,256,3,1,6500000.0,2
3794,4,17,1,3,12,9,8.0,2,256,1,1,3900000.0,2
3795,5,15,0,1,12,8,4.0,2,128,6,1,2390000.0,2
3796,3,36,1,0,14,9,8.0,2,128,3,1,2700000.0,2
3797,4,55,1,3,14,8,8.0,2,256,3,1,5900000.0,2
3798,8,48,1,9,14,8,8.0,2,256,6,1,6890000.0,2
3799,5,15,1,1,14,5,4.0,2,256,3,1,3000000.0,2
3800,2,96,1,0,16,8,6.0,2,128,3,1,2200000.0,2
3801,3,36,1,1,14,9,8.0,2,128,3,1,2400000.0,2
3802,3,36,1,0,14,10,8.0,2,256,3,1,5600000.0,2
3803,3,57,1,1,16,10,8.0,2,256,1,1,8500000.0,2
3804,12,30,1,0,14,8,4.0,2,256,0,1,4000000.0,2
3805,1,42,1,0,14,9,8.0,2,128,3,1,2500000.0,2
3806,13,92,1,0,16,9,8.0,2,128,6,1,2200000.0,2
3807,1,44,1,0,14,1,8.0,2,256,6,1,17000000.0,1
3808,4,14,1,0,14,6,2.0,2,320,3,1,400000.0,2
3809,1,42,1,0,14,10,16.0,2,256,3,1,12500000.0,2
3810,2,35,1,0,14,8,4.0,2,128,3,1,1700000.0,2
3811,2,85,1,3,18,18,16.0,1,512,6,1,14900000.0,0
3812,3,36,1,3,14,10,8.0,2,128,3,1,4600000.0,2
3813,3,36,1,1,14,8,8.0,2,128,3,1,2800000.0,2
3814,3,57,1,1,18,14,64.0,1,1000,1,1,17500000.0,2
3815,3,97,1,0,14,9,8.0,2,512,3,1,7000000.0,2
3816,4,60,0,1,14,8,8.0,2,128,3,1,2900000.0,2
3817,7,88,1,0,14,9,16.0,1,256,1,1,5600000.0,2
3818,1,41,1,9,14,2,8.0,2,256,6,1,21500000.0,1
3819,3,36,1,1,14,9,8.0,2,128,3,1,2800000.0,2
3820,3,34,1,1,16,18,16.0,0,256,2,1,11000000.0,0
3821,3,97,1,0,14,10,32.0,2,512,3,1,26000000.0,2
3822,0,50,0,0,14,9,16.0,1,512,3,1,15500000.0,2
3823,3,36,1,0,12,10,8.0,2,256,2,1,4000000.0,2
3824,1,41,1,0,14,2,8.0,2,256,3,1,20000000.0,1
3825,2,94,1,5,14,10,16.0,2,512,6,1,14900000.0,2
3826,4,17,1,0,14,9,16.0,2,256,1,1,8900000.0,2
3827,3,97,0,3,14,9,16.0,2,256,1,1,7900000.0,2
3828,1,39,1,0,12,9,4.0,2,256,1,1,3500000.0,2
3829,4,60,1,0,16,9,8.0,2,128,3,1,2000000.0,2
3830,1,40,1,3,14,1,8.0,2,256,1,1,15200000.0,1
3831,1,40,1,3,14,1,8.0,2,256,2,1,13900000.0,1
3832,1,42,1,1,14,9,8.0,2,256,6,1,13900000.0,2
3833,3,36,1,3,16,10,8.0,0,256,1,1,5600000.0,2
3834,4,17,1,0,14,10,6.0,0,256,3,1,5000000.0,2
3835,2,96,1,0,14,8,8.0,2,256,6,1,2500000.0,2
3836,7,88,1,5,14,9,16.0,2,256,6,1,16500000.0,2
3837,1,47,1,0,16,10,32.0,2,512,3,1,19500000.0,2
3838,7,37,0,1,16,11,32.0,1,1000,1,1,58990000.0,2
3839,3,34,1,0,16,9,8.0,1,256,3,1,4450000.0,2
3840,1,47,1,0,16,11,16.0,0,1000,1,1,17900000.0,2
3841,4,55,1,0,16,10,16.0,0,128,2,1,7300000.0,2
3842,3,58,1,1,16,10,32.0,2,512,3,1,25000000.0,2
3843,4,17,1,0,16,9,8.0,2,128,3,1,3500000.0,2
3844,2,94,1,0,14,9,8.0,2,512,3,1,8490000.0,2
3845,1,42,1,0,14,9,8.0,2,256,3,1,7700000.0,2
3846,1,47,1,3,14,9,8.0,2,256,1,1,9990000.0,2
3847,3,36,1,3,14,9,4.0,2,128,3,1,4200000.0,2
3848,2,94,1,0,16,10,8.0,1,512,6,1,12900000.0,2
3849,4,17,1,0,14,8,6.0,2,500,2,1,1200000.0,2
3850,1,42,1,1,16,11,64.0,2,1000,3,1,25000000.0,2
3851,9,79,1,1,12,9,8.0,2,128,3,1,3499000.0,2
3852,1,44,1,0,14,1,8.0,2,256,3,1,16700000.0,1
3853,3,36,1,3,16,9,8.0,2,256,1,1,5300000.0,2
3854,3,34,1,3,14,10,16.0,1,256,3,1,9500000.0,2
3855,3,36,1,0,16,9,8.0,2,256,1,1,3900000.0,2
3856,3,57,1,1,18,10,8.0,0,128,3,1,5000000.0,2
3857,4,51,1,1,14,9,8.0,2,256,6,1,6500000.0,2
3858,4,18,1,0,14,9,8.0,2,256,5,1,9000000.0,2
3859,3,57,1,3,16,14,8.0,1,256,3,1,8900000.0,2
3860,1,39,1,0,14,9,4.0,2,128,3,1,1900000.0,2
3861,0,3,1,0,16,8,32.0,0,512,3,1,4000000.0,2
3862,12,30,1,0,14,9,4.0,2,320,6,1,1400000.0,2
3863,1,40,1,0,14,1,8.0,2,256,3,1,13700000.0,1
3864,0,3,1,0,14,8,2.0,2,128,6,1,1200000.0,2
3865,1,42,1,3,14,10,16.0,2,512,1,1,16900000.0,2
3866,1,39,1,0,14,9,2.0,2,120,3,1,3100000.0,2
3867,1,39,1,3,14,9,8.0,2,512,3,1,12000000.0,2
3868,2,24,1,0,16,9,6.0,1,256,3,1,3500000.0,2
3869,9,77,0,12,14,0,8.0,0,256,1,1,15500000.0,0
3870,3,34,1,0,14,6,4.0,2,320,3,1,1200000.0,2
3871,3,34,1,0,14,9,8.0,2,256,3,1,6499000.0,2
3872,1,42,1,3,16,10,16.0,0,256,1,1,14500000.0,2
3873,0,84,0,9,14,10,8.0,2,512,1,1,12500000.0,2
3874,9,75,0,0,14,10,16.0,2,512,1,1,31000000.0,2
3875,1,46,1,0,14,2,8.0,2,256,3,1,22000000.0,1
3876,1,39,1,1,14,10,8.0,2,1000,3,1,2899000.0,2
3877,13,92,1,3,14,9,16.0,2,512,1,1,11800000.0,2
3878,3,97,1,0,14,8,4.0,2,256,1,1,9500000.0,2
3879,3,58,0,3,16,14,16.0,1,512,1,1,10900000.0,2
3880,3,36,1,12,14,9,8.0,1,256,3,1,9500000.0,2
3881,1,42,1,0,14,9,16.0,2,512,3,1,17990000.0,2
3882,1,44,1,0,14,9,8.0,2,256,6,1,19000000.0,2
3883,2,0,1,1,14,9,16.0,2,256,3,1,11500000.0,2
3884,7,88,1,1,14,9,16.0,2,256,1,1,5600000.0,2
3885,4,60,1,3,16,9,8.0,2,128,6,1,4200000.0,2
3886,1,44,1,0,14,1,16.0,2,512,6,1,26000000.0,1
3887,3,97,1,9,14,10,16.0,2,512,3,1,25000000.0,2
3888,1,42,1,0,14,9,16.0,2,256,1,1,13500000.0,2
3889,2,94,0,1,14,8,8.0,1,256,5,1,7500000.0,2
3890,4,18,1,0,18,9,8.0,2,512,1,1,1800000.0,2
3891,3,36,1,3,14,9,8.0,2,256,1,1,5200000.0,2
3892,14,66,1,0,16,8,8.0,2,500,2,1,2150000.0,2
3893,5,15,1,1,16,17,8.0,0,1500,5,1,6500000.0,0
3894,2,23,0,1,16,9,16.0,1,512,6,1,15500000.0,2
3895,5,15,1,0,16,8,8.0,2,256,6,1,3590000.0,2
3896,5,15,0,1,14,10,8.0,2,256,5,1,10500000.0,2
3897,1,39,1,1,12,10,8.0,2,1000,3,1,2799000.0,2
3898,3,34,1,9,16,9,8.0,1,256,3,1,9300000.0,2
3899,4,17,1,3,14,9,8.0,2,256,1,1,4900000.0,2
3900,4,60,1,0,14,8,4.0,2,500,3,1,1600000.0,2
3901,3,36,1,3,12,9,8.0,2,256,2,1,4200000.0,2
3902,2,96,1,0,16,9,8.0,1,120,3,1,3900000.0,2
3903,9,70,1,1,16,10,32.0,1,1000,1,1,20999999.0,2
3904,1,39,1,0,14,9,8.0,2,256,2,1,6500000.0,2
3905,7,33,1,1,16,10,16.0,1,256,2,1,9268000.0,2
3906,3,36,1,1,14,9,8.0,2,256,3,1,4800000.0,2
3907,3,36,1,3,12,9,8.0,2,256,1,1,5900000.0,2
3908,3,36,0,9,14,10,16.0,2,512,1,1,11300000.0,2
3909,1,42,0,0,14,9,8.0,2,512,2,1,14500000.0,2
3910,3,95,1,0,16,9,16.0,1,128,5,1,7000000.0,2
3911,4,51,1,3,16,9,8.0,2,128,3,1,8000000.0,2
3912,3,95,2,0,14,9,4.0,2,320,3,1,1450000.0,2
3913,9,70,1,0,14,10,8.0,2,256,3,1,7000000.0,2
3914,5,15,1,0,14,8,4.0,2,128,3,1,3700000.0,2
3915,3,34,1,0,16,9,16.0,1,256,3,1,7000000.0,2
3916,7,98,1,3,16,9,8.0,2,256,3,1,10900000.0,2
3917,4,17,0,12,12,9,8.0,2,640,3,1,8000000.0,2
3918,3,95,1,0,14,9,8.0,2,256,3,1,11000000.0,2
3919,4,99,1,1,16,10,16.0,1,512,3,1,17000000.0,2
3920,3,57,1,0,16,10,16.0,1,256,1,1,8900000.0,2
3921,5,15,1,1,14,0,4.0,0,128,5,1,3500000.0,0
3922,0,3,1,3,16,8,8.0,2,128,3,1,6000000.0,2
3923,3,34,1,1,14,8,8.0,2,128,3,1,3200000.0,2
3924,1,42,1,0,16,9,4.0,2,500,3,1,2000000.0,2
3925,4,60,1,3,16,9,8.0,2,128,5,1,3200000.0,2
3926,9,75,1,0,14,9,8.0,2,256,3,1,5000000.0,2
3927,7,88,1,0,14,12,4.0,2,128,5,1,1950000.0,2
3928,1,43,1,0,14,1,8.0,2,512,3,1,18800000.0,1
3929,3,36,1,3,14,9,8.0,2,256,1,1,7200000.0,2
3930,3,97,0,1,16,11,64.0,1,1500,1,1,71000000.0,2
3931,3,34,2,3,16,10,32.0,1,1000,2,1,17000000.0,2
3932,3,57,0,3,16,10,16.0,1,512,1,1,12900000.0,2
3933,3,36,1,1,12,9,8.0,2,250,3,1,6700000.0,2
3934,2,94,0,1,16,9,16.0,2,512,6,1,15700000.0,2
3935,7,37,1,1,16,0,16.0,1,512,3,1,19000000.0,0
3936,1,47,1,1,16,10,16.0,0,256,3,1,14700000.0,2
3937,7,88,1,1,14,9,8.0,2,256,1,1,4300000.0,2
3938,2,0,0,1,16,9,16.0,2,512,6,1,13800000.0,2
3939,2,85,1,9,16,9,8.0,2,512,3,1,11900000.0,2
3940,7,88,1,1,14,9,8.0,2,256,3,1,3650000.0,2
3941,1,40,1,0,14,1,16.0,2,256,3,1,21490000.0,1
3942,1,40,1,0,14,1,8.0,2,256,3,1,15000000.0,1
3943,2,96,1,0,14,8,4.0,2,1000,3,1,2550000.0,2
3944,3,36,1,1,14,9,4.0,2,128,3,1,1600000.0,2
3945,4,17,1,0,12,10,8.0,2,256,3,1,7990000.0,2
3946,4,18,1,0,16,10,16.0,2,512,3,1,13990000.0,2
3947,7,88,1,0,16,8,4.0,2,256,6,1,1999999.0,2
3948,3,57,1,0,16,10,32.0,1,512,3,1,10500000.0,2
3949,3,97,1,0,14,10,16.0,2,512,3,1,10500000.0,2
3950,0,3,1,0,14,9,8.0,2,128,3,1,1800000.0,2
3951,4,17,1,0,14,9,8.0,2,256,3,1,9500000.0,2
3952,3,57,1,3,16,10,16.0,1,256,1,1,8300000.0,2
3953,1,42,1,3,16,10,16.0,0,500,2,1,18000000.0,2
3954,7,88,0,1,14,9,8.0,2,128,1,1,3400000.0,2
3955,1,40,1,1,14,1,8.0,2,256,3,1,15500000.0,1
3956,7,88,1,3,14,9,8.0,2,256,3,1,5300000.0,2
3957,9,76,1,1,12,10,8.0,2,256,3,1,4900000.0,2
3958,1,40,1,5,14,1,8.0,2,256,3,1,12500000.0,1
3959,4,60,1,0,14,9,8.0,2,256,2,1,4600000.0,2
3960,4,60,1,0,14,9,4.0,2,128,3,1,2400000.0,2
3961,7,88,1,0,12,9,16.0,2,512,5,1,5400000.0,2
3962,3,36,1,0,16,9,6.0,2,128,3,1,1750000.0,2
3963,3,97,1,3,14,10,16.0,2,1000,3,1,14700000.0,2
3964,7,98,1,3,14,10,16.0,2,512,2,1,10500000.0,2
3965,7,33,1,1,16,9,8.0,1,128,3,1,3500000.0,2
3966,1,42,1,0,14,9,8.0,2,128,3,1,6000000.0,2
3967,5,15,1,3,14,9,8.0,2,256,2,1,7500000.0,2
3968,3,36,0,3,14,9,8.0,2,250,1,1,4600000.0,2
3969,3,97,1,9,14,10,16.0,2,256,3,1,15900000.0,2
3970,3,36,1,0,14,9,4.0,2,128,6,1,2200000.0,2
3971,3,95,0,3,16,9,8.0,2,128,3,1,5300000.0,2
3972,0,3,2,0,18,8,6.0,2,128,3,1,2200000.0,2
3973,2,0,1,1,14,8,4.0,2,128,3,1,4500000.0,2
3974,3,58,1,5,16,10,16.0,1,512,1,1,17500000.0,2
3975,4,99,1,3,16,14,32.0,1,512,1,1,19500000.0,2
3976,3,36,1,0,14,9,8.0,2,512,1,1,4250000.0,2
3977,3,57,1,3,18,10,32.0,1,512,1,1,14500000.0,2
3978,7,88,1,3,14,10,16.0,2,256,1,1,8888888.0,2
3979,2,96,1,1,16,9,8.0,1,250,3,1,5000000.0,2
3980,7,33,1,0,14,17,8.0,2,256,3,1,7000000.0,0
3981,3,2,1,0,18,10,32.0,2,1000,1,1,16000000.0,2
3982,2,5,1,1,14,5,2.0,2,128,6,1,2200000.0,2
3983,4,17,1,1,12,9,4.0,2,128,2,1,2700000.0,2
3984,2,0,1,0,14,9,8.0,1,128,3,1,2600000.0,2
3985,7,88,1,1,14,10,8.0,2,256,1,1,6500000.0,2
3986,1,42,1,0,14,9,8.0,2,256,6,1,13500000.0,2
3987,3,34,2,3,16,10,8.0,1,256,1,1,9000000.0,2
3988,7,88,1,1,12,9,8.0,2,500,3,1,3800000.0,2
3989,0,3,1,1,16,9,8.0,1,128,6,1,6300000.0,2
3990,0,50,1,0,16,17,32.0,0,512,3,1,12500000.0,0
3991,7,88,1,1,14,9,8.0,2,256,1,1,3900000.0,2
3992,7,88,0,5,14,10,32.0,2,256,1,1,24500000.0,2
3993,1,42,1,0,14,9,8.0,2,256,3,1,4000000.0,2
3994,3,34,1,0,16,9,4.0,2,250,6,1,1500000.0,2
3995,12,30,1,0,16,10,8.0,2,128,6,1,5000000.0,2
3996,1,47,1,1,16,10,16.0,0,1000,1,1,11490000.0,2
3997,3,36,1,3,16,10,16.0,1,256,1,1,6900000.0,2
3998,3,97,1,3,14,9,8.0,2,256,1,1,12700000.0,2
3999,4,99,1,3,16,10,8.0,1,256,1,1,5500000.0,2
4000,7,88,1,9,14,9,8.0,2,256,1,1,8500000.0,2
4001,1,43,1,0,14,1,8.0,2,256,3,1,18400000.0,1
4002,3,36,1,1,14,9,8.0,2,256,3,1,6200000.0,2
4003,7,98,1,3,14,10,16.0,2,512,2,1,10200000.0,2
4004,4,14,1,3,14,9,4.0,2,640,6,1,1250000.0,2
4005,4,17,1,0,14,9,4.0,2,128,3,1,1400000.0,2
4006,3,95,2,0,14,9,4.0,2,120,3,1,1650000.0,2
4007,3,34,1,1,16,10,8.0,2,128,6,1,3000000.0,2
4008,2,94,2,0,14,8,8.0,2,128,3,1,1000000.0,2
4009,3,57,1,0,14,14,16.0,1,500,3,1,7700000.0,2
4010,7,88,1,3,14,9,8.0,2,256,1,1,4950000.0,2
4011,3,36,1,0,12,10,8.0,2,256,3,1,4700000.0,2
4012,3,97,1,3,16,10,16.0,1,512,1,1,16800000.0,2
4013,2,65,1,0,14,9,8.0,2,256,3,1,1500000.0,2
4014,3,36,1,3,14,10,8.0,2,256,1,1,7890000.0,2
4015,3,36,1,0,12,9,8.0,2,256,3,1,3800000.0,2
4016,7,87,1,5,16,10,16.0,1,512,3,1,13800000.0,2
4017,3,36,1,1,14,10,8.0,2,128,3,1,3200000.0,2
4018,3,36,1,0,14,9,4.0,1,500,3,1,1100000.0,2
4019,2,1,1,1,16,18,16.0,1,512,6,1,16999000.0,0
4020,0,3,1,0,14,9,4.0,2,512,3,1,1500000.0,2
4021,4,18,1,0,16,10,8.0,1,750,3,1,3200000.0,2
4022,3,36,1,5,14,10,8.0,2,256,6,1,7900000.0,2
4023,7,33,1,1,16,10,8.0,1,256,3,1,7800000.0,2
4024,3,95,1,3,14,9,8.0,2,512,6,1,8900000.0,2
4025,3,97,2,0,16,10,32.0,1,1000,1,1,17000000.0,2
4026,7,33,1,1,16,18,16.0,1,512,3,1,17999000.0,0
4027,2,23,1,12,16,9,16.0,1,512,6,1,13900000.0,2
4028,3,57,1,3,18,14,32.0,1,512,3,1,15700000.0,2
4029,3,36,1,1,14,9,4.0,2,250,3,1,999000.0,2
4030,4,17,1,0,14,10,16.0,2,512,3,1,12500000.0,2
4031,0,50,0,0,14,17,16.0,1,512,5,1,12800000.0,0
4032,1,47,1,0,16,10,16.0,0,256,3,1,11500000.0,2
4033,2,94,1,1,16,10,8.0,2,256,2,1,6999000.0,2
4034,14,66,1,1,12,9,8.0,2,256,2,1,3500000.0,2
4035,3,34,1,0,18,10,8.0,0,256,3,1,4800000.0,2
4036,2,96,1,1,14,0,4.0,2,1000,3,1,3000000.0,0
4037,2,94,0,1,14,8,4.0,2,120,3,1,1290000.0,2
4038,13,65,1,0,14,10,8.0,2,256,3,1,5000000.0,2
4039,3,36,1,3,14,9,4.0,2,128,1,1,3300000.0,2
4040,4,55,1,3,18,9,8.0,2,256,1,1,6200000.0,2
4041,1,40,1,0,14,1,8.0,2,256,6,1,13500000.0,1
4042,3,57,0,3,16,14,16.0,1,256,1,1,9800000.0,2
4043,9,77,1,0,14,9,4.0,2,500,1,1,5000000.0,2
4044,4,17,1,0,14,9,16.0,2,256,6,1,3700000.0,2
4045,1,42,1,3,16,10,16.0,0,256,1,1,13800000.0,2
4046,7,88,1,5,14,17,8.0,0,256,3,1,7900000.0,0
4047,2,94,1,12,16,19,16.0,1,512,3,1,23000000.0,0
4048,14,66,1,0,14,9,4.0,2,500,3,1,1250000.0,2
4049,7,88,1,0,14,9,8.0,2,256,6,1,3500000.0,2
4050,3,34,1,3,16,10,16.0,1,500,3,1,13000000.0,2
4051,4,60,1,1,16,9,8.0,2,128,3,1,4500000.0,2
4052,3,97,1,3,14,10,16.0,1,512,6,1,23888888.0,2
4053,1,42,1,0,18,10,4.0,2,128,1,1,3399999.0,2
4054,2,96,1,0,14,5,4.0,2,256,3,1,1300000.0,2
4055,1,39,1,0,14,9,8.0,2,128,1,1,4800000.0,2
4056,3,34,1,1,14,9,8.0,2,128,6,1,2400000.0,2
4057,3,95,1,1,14,9,8.0,2,256,5,1,3600000.0,2
4058,4,51,1,0,14,9,8.0,2,128,3,1,3800000.0,2
4059,3,36,1,0,14,9,8.0,2,256,3,1,2000000.0,2
4060,1,42,1,0,16,10,4.0,2,128,1,1,1800000.0,2
4061,1,42,1,0,14,9,8.0,2,256,1,1,4500000.0,2
4062,7,33,0,1,16,17,16.0,1,512,6,1,15000000.0,0
4063,3,36,1,1,12,9,16.0,2,256,2,1,3700000.0,2
4064,2,23,1,12,16,9,16.0,1,512,6,1,12800000.0,2
4065,3,36,1,3,14,9,8.0,2,256,6,1,4500000.0,2
4066,1,43,1,5,16,1,64.0,2,1000,1,1,40990000.0,1
4067,13,92,1,0,16,9,4.0,2,128,3,1,700000.0,2
4068,7,19,1,0,14,9,4.0,1,250,3,1,890000.0,2
4069,0,50,1,1,18,17,8.0,1,512,6,1,11500000.0,0
4070,1,42,1,1,14,10,8.0,2,250,6,1,4200000.0,2
4071,4,17,1,0,14,3,8.0,0,256,3,1,6500000.0,0
4072,4,51,1,3,16,9,16.0,2,512,1,1,9600000.0,2
4073,3,36,1,1,14,9,4.0,2,250,3,1,3799000.0,2
4074,8,25,1,0,16,10,8.0,1,256,3,1,10000000.0,2
4075,3,36,1,1,14,9,8.0,2,128,1,1,3550000.0,2
4076,3,34,1,0,14,9,4.0,2,500,3,1,2900000.0,2
4077,2,85,1,9,16,9,8.0,1,512,6,1,13400000.0,2
4078,9,75,0,12,14,17,8.0,1,256,1,1,13900000.0,0
4079,3,36,1,1,12,9,8.0,2,256,6,1,3200000.0,2
4080,4,60,1,0,14,8,6.0,2,320,1,1,1400000.0,2
4081,7,33,1,5,16,9,16.0,1,512,3,1,12900000.0,2
4082,3,36,1,0,14,10,4.0,2,1000,3,1,1500000.0,2
4083,4,60,0,3,18,10,8.0,1,1000,3,1,7500000.0,2
4084,0,3,1,3,14,8,4.0,1,256,6,1,4500000.0,2
4085,3,36,1,1,16,9,4.0,2,500,6,1,1010000.0,2
4086,3,36,1,3,14,10,8.0,2,128,6,1,4900000.0,2
4087,3,36,1,2,14,10,8.0,1,256,3,1,6500000.0,2
4088,4,51,1,0,14,9,8.0,2,256,6,1,3850000.0,2
4089,4,60,1,1,14,9,4.0,2,128,3,1,3000000.0,2
4090,1,47,1,0,14,9,8.0,2,256,3,1,9999000.0,2
4091,1,42,2,0,16,9,8.0,2,128,6,1,5200000.0,2
4092,2,94,1,1,16,9,16.0,1,512,7,1,12900000.0,2
4093,3,36,1,5,14,10,8.0,2,256,3,1,5800000.0,2
4094,7,88,1,3,14,9,8.0,2,256,2,1,6999999.0,2
4095,4,17,1,0,14,9,4.0,2,480,6,1,1300000.0,2
4096,8,25,0,1,16,10,32.0,1,1000,1,1,23800000.0,2
4097,4,51,1,3,14,5,4.0,2,120,1,1,2800000.0,2
4098,1,42,1,0,14,9,16.0,2,256,6,1,8200000.0,2
4099,3,36,1,3,16,9,8.0,2,256,3,1,5700000.0,2
4100,3,36,1,1,14,9,4.0,2,500,3,1,1600000.0,2
4101,3,36,0,12,16,10,8.0,1,512,1,1,7300000.0,2
4102,3,36,1,3,14,10,8.0,2,256,3,1,6500000.0,2
4103,3,34,1,0,16,9,4.0,2,256,3,1,3900000.0,2
4104,1,42,1,0,14,9,8.0,2,1000,3,1,6500000.0,2
4105,1,39,1,0,14,9,8.0,2,128,1,1,10999000.0,2
4106,3,36,1,0,14,9,8.0,2,128,3,1,2500000.0,2
4107,7,88,1,3,14,9,8.0,2,256,3,1,5800000.0,2
4108,1,42,1,1,16,10,16.0,2,256,3,1,6800000.0,2
4109,1,42,1,0,14,9,8.0,2,256,3,1,5495000.0,2
4110,3,36,1,3,12,9,4.0,2,128,1,1,2900000.0,2
4111,2,1,1,0,14,9,4.0,2,128,3,1,1700000.0,2
4112,1,39,1,0,14,9,8.0,2,256,2,1,9299000.0,2
4113,3,57,0,9,16,11,32.0,1,512,1,1,21200000.0,2
4114,2,100,0,9,14,9,16.0,2,512,5,1,15900000.0,2
4115,1,40,1,0,14,1,8.0,2,256,3,1,6000000.0,1
4116,12,30,1,0,14,0,4.0,2,500,3,1,1000000.0,0
4117,3,36,1,1,14,9,8.0,2,256,6,1,5500000.0,2
4118,0,3,1,0,16,9,8.0,1,500,3,1,4500000.0,2
4119,7,37,0,12,16,11,16.0,1,1000,5,1,43000000.0,2
4120,1,42,1,0,14,9,4.0,2,256,3,1,2100000.0,2
4121,14,66,1,1,16,8,8.0,2,128,2,1,2350000.0,2
4122,7,98,0,12,14,10,16.0,1,512,5,1,32000000.0,2
4123,7,88,1,1,14,8,4.0,2,256,2,1,3700000.0,2
4124,3,36,1,0,12,9,4.0,2,128,1,1,3200000.0,2
4125,0,3,1,0,16,9,8.0,1,256,3,1,4800000.0,2
4126,2,94,1,0,16,9,2.0,2,120,3,1,1500000.0,2
4127,2,96,1,0,14,8,4.0,2,256,3,1,4200000.0,2
4128,3,34,1,0,14,9,4.0,2,128,1,1,1450000.0,2
4129,3,97,1,3,14,10,16.0,2,512,3,1,13700000.0,2
4130,1,39,1,0,14,9,8.0,2,128,1,1,10000000.0,2
4131,7,88,1,0,14,9,64.0,2,1500,3,1,300000.0,2
4132,2,23,0,1,16,9,8.0,1,512,6,1,14500000.0,2
4133,1,42,1,0,14,6,2.0,1,1500,3,1,800000.0,2
4134,4,17,1,0,12,9,8.0,2,256,2,1,4550000.0,2
4135,2,94,0,0,14,9,16.0,2,512,6,1,13190000.0,2
4136,2,94,1,0,14,8,4.0,2,500,3,1,1000000.0,2
4137,2,1,1,0,14,9,8.0,2,1500,6,1,5000000.0,2
4138,2,85,1,1,16,9,8.0,1,512,6,1,15900000.0,2
4139,1,42,2,0,16,9,8.0,2,256,1,1,2500000.0,2
4140,3,57,1,3,16,10,16.0,1,512,1,1,11500000.0,2
4141,9,78,1,0,12,9,8.0,2,128,3,1,4500000.0,2
4142,3,36,1,1,16,10,16.0,1,256,1,1,6500000.0,2
4143,14,66,1,0,14,6,2.0,2,128,3,1,800000.0,2
4144,4,17,0,3,14,9,8.0,2,256,1,1,6500000.0,2
4145,2,94,1,0,14,8,8.0,2,500,3,1,1500000.0,2
4146,3,57,0,9,18,14,64.0,1,1000,1,1,35000000.0,2
4147,3,57,1,0,16,10,8.0,0,500,1,1,5500000.0,2
4148,3,36,0,3,14,9,8.0,2,256,1,1,5900000.0,2
4149,5,15,1,1,16,8,8.0,1,500,3,1,2700000.0,2
4150,1,42,1,0,14,9,8.0,2,128,3,1,6950000.0,2
4151,3,36,1,0,14,9,16.0,2,256,1,1,8990000.0,2
4152,7,37,1,5,16,10,16.0,1,512,3,1,20800000.0,2
4153,1,39,1,0,14,9,8.0,2,256,3,1,7000000.0,2
4154,2,94,1,0,14,9,8.0,2,500,3,1,4900000.0,2
4155,5,15,1,0,14,8,4.0,2,128,3,1,3450000.0,2
4156,3,95,1,0,14,9,8.0,2,256,3,1,7900000.0,2
4157,3,36,1,0,14,9,8.0,2,256,3,1,4200000.0,2
4158,7,88,1,3,14,10,16.0,2,256,1,1,9900000.0,2
4159,7,88,1,0,14,9,8.0,2,128,3,1,4800000.0,2
4160,0,32,1,3,16,10,16.0,1,512,3,1,13800000.0,2
4161,3,36,0,1,12,10,8.0,2,256,1,1,4500000.0,2
4162,4,60,1,0,14,9,8.0,2,256,3,1,5500000.0,2
4163,4,17,0,1,16,8,8.0,2,256,3,1,8000000.0,2
4164,4,51,1,0,14,9,8.0,2,256,3,1,6900000.0,2
4165,2,64,1,0,14,10,16.0,2,512,6,1,20500000.0,2
4166,3,34,1,0,14,10,4.0,2,250,3,1,4490000.0,2
4167,3,36,0,1,14,10,32.0,2,256,1,1,6000000.0,2
4168,2,94,0,9,16,11,16.0,1,1000,1,1,47900000.0,2
4169,1,39,1,1,14,9,8.0,2,256,3,1,6800000.0,2
4170,1,42,1,1,14,9,8.0,2,256,3,1,8700000.0,2
4171,1,42,1,0,14,9,16.0,2,512,3,1,9500000.0,2
4172,5,15,1,0,10,5,6.0,2,128,5,1,2300000.0,2
4173,4,55,1,0,16,9,4.0,2,500,2,1,1500000.0,2
4174,3,36,1,0,14,10,16.0,2,256,3,1,9500000.0,2
4175,1,39,1,0,14,9,4.0,2,256,1,1,2700000.0,2
4176,3,36,1,3,16,9,8.0,2,256,1,1,4500000.0,2
4177,14,66,1,1,14,8,6.0,2,120,6,1,1400000.0,2
4178,1,39,1,0,14,9,4.0,2,256,3,1,2600000.0,2
4179,3,34,1,1,16,9,16.0,1,512,3,1,21000000.0,2
4180,7,37,1,0,16,9,16.0,1,500,3,1,8000000.0,2
4181,3,36,1,1,12,9,8.0,2,128,1,1,2500000.0,2
4182,9,70,1,0,14,9,8.0,2,256,3,1,6000000.0,2
4183,0,3,2,0,16,8,4.0,1,256,6,1,3000000.0,2
4184,3,2,1,0,14,0,64.0,2,640,1,1,1000000.0,0
4185,4,60,0,3,16,8,8.0,2,128,2,1,3700000.0,2
4186,3,36,1,2,12,9,8.0,2,256,3,1,4000000.0,2
4187,8,25,1,0,16,9,16.0,1,512,5,1,13500000.0,2
4188,4,55,1,9,16,9,8.0,1,256,3,1,5500000.0,2
4189,2,35,1,0,16,9,8.0,2,128,5,1,2700000.0,2
4190,7,33,1,0,14,9,8.0,2,256,1,1,6800000.0,2
4191,13,22,1,0,18,10,4.0,1,128,3,1,2300000.0,2
4192,4,17,1,0,14,9,16.0,2,256,3,1,8300000.0,2
4193,9,75,1,3,14,9,8.0,2,128,3,1,4500000.0,2
4194,3,36,1,5,12,9,8.0,2,256,2,1,4900000.0,2
4195,13,92,1,0,14,8,4.0,2,500,2,1,999999.0,2
4196,4,17,1,0,14,9,8.0,2,128,3,1,2600000.0,2
4197,4,17,1,0,16,0,4.0,2,250,6,1,450000.0,0
4198,3,57,1,5,16,11,32.0,1,1000,3,1,29700000.0,2
4199,7,88,1,0,14,9,4.0,2,128,3,1,2100000.0,2
4200,5,15,1,0,18,10,8.0,1,256,3,1,8900000.0,2
4201,5,15,1,0,14,9,4.0,2,256,3,1,4500000.0,2
4202,4,17,1,12,14,10,16.0,2,512,1,1,14500000.0,2
4203,3,34,1,0,16,9,8.0,2,256,3,1,1500000.0,2
4204,2,94,1,5,14,9,8.0,2,512,6,1,9800000.0,2
4205,4,17,1,0,14,16,8.0,2,256,3,1,5200000.0,0
4206,3,57,1,1,16,10,16.0,1,512,1,1,11300000.0,2
4207,1,41,1,5,16,2,8.0,2,256,1,1,23500000.0,1
4208,9,78,1,0,10,8,4.0,2,128,6,1,3300000.0,2
4209,0,3,1,3,16,18,16.0,1,512,6,1,10900000.0,0
4210,3,36,1,3,14,9,8.0,2,256,1,1,5500000.0,2
4211,5,15,1,0,20,4,2.0,2,120,1,1,1500000.0,2
4212,3,57,1,1,16,11,16.0,1,512,1,1,18000000.0,2
4213,1,44,1,5,14,1,16.0,2,512,3,1,21000000.0,1
4214,3,36,1,3,12,10,8.0,2,256,1,1,4800000.0,2
4215,3,97,0,9,14,10,32.0,2,1000,1,1,25990000.0,2
4216,4,99,1,1,14,10,4.0,2,128,2,1,3350000.0,2
4217,4,93,1,0,16,17,32.0,1,512,6,1,13000000.0,0
4218,1,39,1,5,14,8,8.0,2,256,1,1,12000000.0,2
4219,3,36,1,0,14,9,8.0,0,128,3,1,4150000.0,2
4220,1,42,2,0,16,9,8.0,1,250,3,1,1500000.0,2
4221,3,97,0,9,14,10,16.0,2,512,1,1,23990000.0,2
4222,3,36,1,0,14,9,8.0,2,256,1,1,7500000.0,2
4223,3,36,1,0,14,9,4.0,2,256,6,1,2800000.0,2
4224,4,51,1,3,18,9,8.0,2,512,6,1,8200000.0,2
4225,1,42,1,5,14,9,8.0,2,256,0,1,11500000.0,2
4226,3,95,1,3,14,8,8.0,2,256,6,1,6200000.0,2
4227,1,38,0,9,14,9,8.0,2,256,1,1,22500000.0,2
4228,4,60,1,0,16,10,8.0,2,128,2,1,6000000.0,2
4229,2,96,1,0,14,9,8.0,2,128,3,1,2300000.0,2
4230,2,96,1,1,16,8,8.0,2,128,6,1,2600000.0,2
4231,14,66,1,0,14,9,8.0,2,128,3,1,1600000.0,2
4232,1,45,0,1,14,2,32.0,2,512,1,1,43000000.0,1
4233,2,94,1,0,12,8,4.0,2,128,6,1,2400000.0,2
4234,3,36,1,1,16,9,8.0,2,256,2,1,5250000.0,2
4235,1,47,1,5,16,10,16.0,2,1500,1,1,12000000.0,2
4236,7,33,1,1,16,17,8.0,2,512,3,1,8990000.0,0
4237,3,34,1,0,16,10,16.0,1,128,3,1,10500000.0,2
4238,8,25,1,9,16,9,8.0,1,512,6,1,12490000.0,2
4239,2,0,1,0,16,9,8.0,1,128,3,1,1900000.0,2
4240,3,36,1,3,12,10,16.0,2,256,2,1,5800000.0,2
4241,1,39,1,0,14,9,8.0,2,256,3,1,6500000.0,2
4242,1,39,1,5,14,9,16.0,2,512,1,1,9000000.0,2
4243,7,88,1,1,14,9,4.0,2,500,3,1,2300000.0,2
4244,4,18,1,1,16,18,16.0,2,512,3,1,12000000.0,0
4245,2,85,1,5,16,9,8.0,1,512,3,1,12899000.0,2
4246,3,95,1,3,14,9,8.0,2,256,3,1,4500000.0,2
4247,4,17,1,0,14,0,8.0,0,256,2,1,3300000.0,0
4248,1,41,1,5,14,2,8.0,2,256,3,1,18500000.0,1
4249,3,34,1,0,14,9,8.0,2,128,6,1,3200000.0,2
4250,7,88,1,3,14,18,16.0,2,512,3,1,14000000.0,0
4251,1,47,1,5,14,10,16.0,2,512,3,1,20000000.0,2
4252,1,42,1,0,14,9,64.0,2,1000,1,1,60990000.0,2
4253,7,88,1,1,14,9,8.0,2,256,6,1,4800000.0,2
4254,3,97,1,3,14,10,16.0,2,256,1,1,8900000.0,2
4255,1,42,1,0,14,10,16.0,2,512,3,1,5300000.0,2
4256,9,73,1,0,14,10,16.0,1,512,3,1,10800000.0,2
4257,1,47,1,5,14,9,16.0,2,512,1,1,15500000.0,2
4258,1,47,1,0,16,10,16.0,0,512,1,1,21990000.0,2
4259,3,36,1,5,16,9,8.0,1,256,3,1,7899000.0,2
4260,4,17,1,3,14,9,4.0,2,256,3,1,5000000.0,2
4261,9,73,1,0,14,10,16.0,1,256,3,1,10000000.0,2
4262,3,95,1,3,14,10,16.0,1,512,3,1,11000000.0,2
4263,3,34,1,1,14,10,16.0,2,512,3,1,11500000.0,2
4264,4,60,1,5,16,8,4.0,2,128,3,1,4500000.0,2
4265,1,41,0,1,16,2,16.0,2,512,1,1,39000000.0,1
4266,9,70,1,0,14,4,4.0,2,128,3,1,1899999.0,2
4267,0,3,1,3,16,9,4.0,2,128,6,1,3800000.0,2
4268,1,42,1,0,14,10,16.0,2,512,6,1,7800000.0,2
4269,5,15,1,3,14,9,16.0,2,256,1,1,7500000.0,2
4270,1,42,1,1,16,10,16.0,1,500,6,1,7900000.0,2
4271,3,36,1,3,14,9,8.0,2,256,3,1,6200000.0,2
4272,7,33,0,1,12,12,4.0,2,256,6,1,2900000.0,2
4273,9,73,1,0,14,10,8.0,2,256,3,1,9000000.0,2
4274,4,55,1,0,16,0,4.0,2,250,1,1,500000.0,0
4275,1,42,1,0,14,9,8.0,2,256,6,1,7100000.0,2
4276,1,47,1,5,14,9,8.0,2,256,1,1,10500000.0,2
4277,3,36,1,0,14,9,8.0,2,128,3,1,1600000.0,2
4278,3,95,1,0,16,9,8.0,0,256,2,1,5000000.0,2
4279,1,39,2,0,14,9,8.0,2,128,3,1,6500000.0,2
4280,1,47,1,0,16,11,16.0,0,512,3,1,15800000.0,2
4281,1,42,1,1,14,9,4.0,2,128,6,1,4600000.0,2
4282,13,92,1,0,14,8,4.0,0,120,5,1,1499000.0,2
4283,4,17,1,0,14,9,8.0,2,256,3,1,6700000.0,2
4284,3,24,1,1,16,10,16.0,1,512,1,1,16800000.0,2
4285,1,39,1,5,14,9,8.0,2,256,1,1,8500000.0,2
4286,7,88,1,12,14,9,8.0,2,256,6,1,9999000.0,2
4287,4,68,1,0,16,10,16.0,2,512,3,1,17500000.0,2
4288,3,95,1,3,14,9,8.0,2,256,6,1,7800000.0,2
4289,9,72,1,0,14,10,16.0,1,512,3,1,6500000.0,2
4290,1,41,0,1,14,2,16.0,2,256,1,1,25500000.0,1
4291,0,3,1,12,21,9,4.0,2,128,3,1,3800000.0,2
4292,3,57,1,0,16,10,16.0,1,512,3,1,12990000.0,2
4293,7,88,1,9,14,10,16.0,2,256,3,1,11500000.0,2
4294,2,85,1,5,16,18,8.0,1,512,3,1,13499000.0,0
4295,4,55,1,3,16,9,8.0,2,256,6,1,8500000.0,2
4296,9,76,1,0,14,9,8.0,2,256,3,1,4300000.0,2
4297,1,40,1,5,14,1,8.0,2,512,3,1,14500000.0,1
4298,4,51,1,0,14,16,8.0,2,256,1,1,4250000.0,0
4299,3,34,2,0,14,8,4.0,2,120,2,1,1500000.0,2
4300,2,96,1,0,16,8,4.0,2,128,3,1,3000000.0,2
4301,14,66,1,0,14,9,4.0,2,128,2,1,4999999.0,2
4302,8,48,0,0,16,9,8.0,2,256,6,1,9500000.0,2
4303,9,73,1,0,14,9,8.0,2,256,3,1,6500000.0,2
4304,7,88,1,0,14,9,4.0,2,320,3,1,950000.0,2
4305,5,15,1,0,14,9,16.0,2,1500,3,1,15990000.0,2
4306,4,17,1,0,14,9,8.0,2,120,3,1,1650000.0,2
4307,2,94,1,1,16,9,8.0,1,128,3,1,3650000.0,2
4308,3,36,0,0,16,9,8.0,2,256,2,1,4500000.0,2
4309,1,42,1,0,14,9,8.0,2,256,3,1,7000000.0,2
4310,3,36,1,0,14,9,8.0,2,128,3,1,3900000.0,2
4311,4,17,1,3,14,9,8.0,2,256,3,1,5000000.0,2
4312,3,2,1,3,16,10,16.0,1,256,3,1,10900000.0,2
4313,4,17,1,0,16,8,4.0,2,256,1,1,4000000.0,2
4314,3,34,1,1,16,9,8.0,1,120,3,1,4000000.0,2
4315,9,70,1,0,14,10,16.0,2,256,3,1,12500000.0,2
4316,3,34,1,3,14,9,4.0,2,128,6,1,1750000.0,2
4317,8,8,1,0,16,17,8.0,0,256,6,1,9000000.0,0
4318,3,36,1,0,14,9,4.0,2,256,3,1,750000.0,2
4319,3,36,1,0,14,10,8.0,2,256,3,1,6500000.0,2
4320,7,88,1,3,16,10,8.0,1,128,3,1,3700000.0,2
4321,4,18,1,0,14,10,8.0,2,256,3,1,6500000.0,2
4322,4,55,2,0,14,8,8.0,2,640,3,1,2400000.0,2
4323,3,34,1,1,14,9,4.0,1,120,6,1,2300000.0,2
4324,4,99,1,0,16,10,16.0,1,500,3,1,7500000.0,2
4325,7,88,1,3,14,10,16.0,2,256,1,1,8500000.0,2
4326,1,42,2,0,16,0,16.0,0,256,1,1,5500000.0,0
4327,8,25,0,0,16,9,16.0,1,1000,6,1,10300000.0,2
4328,1,42,1,0,14,9,4.0,2,128,3,1,2100000.0,2
4329,7,88,1,3,14,9,8.0,2,500,3,1,7500000.0,2
4330,7,88,1,3,16,14,64.0,1,1500,3,1,33500000.0,2
4331,3,36,0,12,10,9,4.0,2,128,6,1,3290000.0,2
4332,1,43,1,3,14,1,16.0,2,512,3,1,33000000.0,1
4333,1,39,1,0,14,6,2.0,2,120,3,1,1950000.0,2
4334,4,17,1,3,14,9,8.0,2,256,3,1,9300000.0,2
4335,1,39,1,0,14,9,4.0,2,128,3,1,3000000.0,2
4336,9,82,0,1,14,9,8.0,2,256,1,1,16500000.0,2
4337,4,17,1,0,14,9,4.0,2,500,3,1,1600000.0,2
4338,1,42,1,0,14,9,8.0,2,128,3,1,3400000.0,2
4339,3,57,1,0,16,10,8.0,2,256,6,1,5800000.0,2
4340,1,43,1,1,14,1,8.0,2,512,3,1,18900000.0,1
4341,7,88,0,1,16,18,16.0,1,1000,1,1,30800000.0,0
4342,0,3,1,0,12,4,2.0,2,250,3,1,650000.0,2
4343,9,70,1,0,14,4,4.0,2,128,3,1,1900000.0,2
4344,4,17,1,0,14,9,8.0,2,256,3,1,2250000.0,2
4345,7,33,1,12,14,9,8.0,2,512,6,1,8999000.0,2
4346,4,60,1,1,16,9,8.0,1,256,2,1,2000000.0,2
4347,1,40,1,0,14,1,16.0,2,256,3,1,18500000.0,1
4348,1,39,1,1,14,9,16.0,2,256,3,1,9500000.0,2
4349,4,14,1,0,14,6,2.0,2,128,6,1,450000.0,2
4350,3,34,1,0,14,9,4.0,2,512,3,1,1900000.0,2
4351,1,39,1,1,14,9,8.0,2,128,1,1,6800000.0,2
4352,7,88,1,1,16,10,64.0,1,512,3,1,25500000.0,2
4353,4,51,1,12,16,17,8.0,0,256,5,1,5800000.0,0
4354,3,36,1,1,14,9,4.0,2,120,6,1,2800000.0,2
4355,3,36,1,1,14,10,8.0,2,256,1,1,5900000.0,2
4356,1,47,1,1,16,10,16.0,0,512,1,1,10800000.0,2
4357,3,95,1,3,14,9,8.0,2,128,2,1,2999000.0,2
4358,7,88,0,1,14,10,8.0,2,128,3,1,2900000.0,2
4359,4,17,0,1,12,9,8.0,2,128,3,1,2800000.0,2
4360,4,17,0,5,16,8,8.0,2,128,3,1,3333000.0,2
4361,13,22,0,1,14,9,8.0,2,512,1,1,15600000.0,2
4362,4,51,1,1,14,10,8.0,2,512,3,1,9900000.0,2
4363,2,94,1,0,12,9,4.0,2,128,1,1,1500000.0,2
4364,9,78,1,0,14,9,8.0,2,256,3,1,4199000.0,2
4365,2,94,1,1,14,8,4.0,2,128,7,1,3500000.0,2
4366,4,17,1,1,14,9,16.0,2,512,2,1,10700000.0,2
4367,7,88,0,3,14,9,16.0,2,512,5,1,15500000.0,2
4368,3,36,1,1,16,9,8.0,2,128,3,1,4700000.0,2
4369,3,36,0,1,14,10,8.0,2,256,2,1,5900000.0,2
4370,3,58,1,0,18,10,16.0,1,128,6,1,6000000.0,2
4371,0,3,1,0,14,8,4.0,2,128,7,1,3200000.0,2
4372,7,88,1,0,14,9,8.0,2,128,1,1,6299000.0,2
4373,7,88,1,0,14,10,16.0,1,256,3,1,5800000.0,2
4374,7,88,1,0,14,9,16.0,2,256,3,1,6900000.0,2
4375,3,34,1,5,14,9,4.0,2,128,3,1,3200000.0,2
4376,7,88,1,0,14,8,4.0,2,500,3,1,2500000.0,2
4377,3,36,1,0,16,10,16.0,1,512,3,1,10300000.0,2
4378,4,17,1,0,16,0,8.0,2,256,6,1,6800000.0,0
4379,3,95,0,12,14,9,8.0,1,256,3,1,13700000.0,2
4380,3,34,1,3,14,12,2.0,0,500,7,1,2500000.0,2
4381,3,57,1,9,16,14,32.0,1,256,3,1,10500000.0,2
4382,3,34,1,3,14,9,8.0,2,512,6,1,11200000.0,2
4383,3,34,1,3,14,9,16.0,1,512,1,1,10900000.0,2
4384,3,97,1,3,14,10,8.0,2,256,1,1,7500000.0,2
4385,7,88,1,1,12,9,8.0,2,256,2,1,3990000.0,2
4386,3,36,1,3,14,9,8.0,2,256,6,1,4800000.0,2
4387,7,88,1,5,14,9,8.0,2,256,6,1,3000000.0,2
4388,2,35,1,0,16,8,4.0,1,128,3,1,1500000.0,2
4389,5,15,1,3,18,10,16.0,1,512,6,1,16500000.0,2
4390,7,37,0,12,16,17,16.0,1,512,6,1,23999999.0,0
4391,4,51,1,1,14,8,8.0,2,256,6,1,6000000.0,2
4392,4,55,1,0,14,9,16.0,2,256,3,1,2900000.0,2
4393,3,34,1,0,12,9,4.0,2,128,3,1,3000000.0,2
4394,3,34,0,3,16,9,8.0,2,512,1,1,11000000.0,2
4395,2,0,1,0,14,8,4.0,2,128,3,1,1500000.0,2
4396,3,36,2,3,16,9,4.0,2,128,6,1,4500000.0,2
4397,0,3,2,0,14,8,4.0,2,250,3,1,1100000.0,2
4398,9,72,1,0,14,9,8.0,2,256,1,1,11999999.0,2
4399,7,88,1,3,14,9,8.0,2,256,3,1,5500000.0,2
4400,4,51,1,0,14,9,4.0,2,128,3,1,1999000.0,2
4401,3,36,1,3,14,10,8.0,2,256,1,1,5600000.0,2
4402,7,88,1,0,14,9,8.0,2,128,3,1,3000000.0,2
4403,4,60,1,0,14,0,8.0,2,512,3,1,8290000.0,0
4404,3,36,1,0,14,9,4.0,2,128,3,1,3099000.0,2
4405,3,36,1,0,14,9,16.0,1,256,3,1,4900000.0,2
4406,2,5,1,3,14,9,8.0,2,256,7,1,3500000.0,2
4407,4,55,1,1,16,9,8.0,2,512,6,1,10500000.0,2
4408,3,95,1,3,14,16,8.0,2,256,3,1,4500000.0,0
4409,3,36,1,0,14,9,4.0,2,256,3,1,1050000.0,2
4410,3,36,1,0,14,10,8.0,2,256,3,1,4999999.0,2
4411,4,60,1,0,14,9,8.0,2,256,6,1,4700000.0,2
4412,5,15,1,0,18,10,16.0,1,1500,2,1,9490000.0,2
4413,0,3,1,0,14,9,8.0,2,512,3,1,6790000.0,2
4414,4,51,1,3,14,8,8.0,2,256,3,1,5500000.0,2
4415,3,36,1,0,14,9,8.0,2,256,3,1,4567891.0,2
4416,2,96,1,0,16,9,8.0,2,700,3,1,3900000.0,2
4417,1,42,1,0,14,9,8.0,2,256,3,1,5100000.0,2
4418,0,3,1,0,16,9,8.0,2,256,3,1,2800000.0,2
4419,7,88,1,3,14,9,8.0,2,256,3,1,5200000.0,2
4420,0,3,1,0,14,8,6.0,2,128,5,1,650000.0,2
4421,2,94,1,1,16,19,16.0,1,512,1,1,19800000.0,0
4422,3,34,1,0,14,9,8.0,1,256,3,1,3000000.0,2
4423,3,95,1,0,16,10,8.0,0,1000,3,1,5800000.0,2
4424,1,42,2,0,16,10,16.0,1,512,3,1,7000000.0,2
4425,4,60,1,1,14,9,8.0,2,256,1,1,2800000.0,2
4426,12,30,1,0,10,4,2.0,2,320,0,1,600000.0,2
4427,5,15,1,0,16,9,8.0,2,256,3,1,5500000.0,2
4428,0,3,1,5,16,10,8.0,2,512,6,1,10900000.0,2
4429,7,87,1,0,16,9,16.0,2,1000,3,1,14500000.0,2
4430,3,2,1,3,18,10,16.0,1,512,1,1,15999999.0,2
4431,5,15,1,1,12,5,8.0,2,256,5,1,3500000.0,2
4432,1,40,1,0,14,1,8.0,1,256,6,1,14800000.0,1
4433,1,42,1,1,14,10,16.0,2,256,3,1,11800000.0,2
4434,7,88,1,1,14,10,16.0,2,512,1,1,14800000.0,2
4435,8,25,1,5,14,10,16.0,1,512,1,1,17500000.0,2
4436,2,21,1,0,14,8,8.0,2,256,3,1,6800000.0,2
4437,4,17,0,3,12,9,8.0,2,128,2,1,2800000.0,2
4438,3,95,1,1,14,9,4.0,1,128,6,1,4200000.0,2
4439,2,0,1,0,16,9,8.0,1,250,6,1,3500000.0,2
4440,4,17,1,1,16,17,8.0,0,256,3,1,7500000.0,0
4441,7,88,1,0,14,10,8.0,2,250,3,1,3000000.0,2
4442,2,0,1,0,16,9,8.0,1,512,3,1,6500000.0,2
4443,14,66,1,0,14,9,4.0,2,256,3,1,1350000.0,2
4444,4,55,1,0,16,9,8.0,2,256,3,1,7200000.0,2
4445,3,34,1,0,16,9,8.0,2,256,3,1,4500000.0,2
4446,14,66,1,5,14,9,8.0,2,256,2,1,4200000.0,2
4447,8,25,1,1,16,10,8.0,1,512,3,1,22300000.0,2
4448,3,57,1,1,18,10,8.0,1,256,1,1,3400000.0,2
4449,2,94,1,3,14,8,8.0,2,256,3,1,6500000.0,2
4450,7,88,0,1,16,10,16.0,1,1000,1,1,29500000.0,2
4451,4,17,1,0,16,8,8.0,2,128,2,1,3000000.0,2
4452,9,70,1,0,14,10,8.0,2,256,1,1,5500000.0,2
4453,7,98,1,0,12,9,4.0,2,128,6,1,1499900.0,2
4454,4,55,1,0,14,9,8.0,2,512,3,1,8800000.0,2
4455,0,59,1,1,16,9,16.0,1,512,3,1,24200000.0,2
4456,14,66,1,0,16,0,4.0,0,256,3,1,1690000.0,0
4457,2,96,1,0,14,8,4.0,2,128,3,1,3200000.0,2
4458,3,24,1,1,16,10,16.0,1,256,1,1,10000000.0,2
4459,2,0,2,0,16,9,8.0,1,1000,3,1,2700000.0,2
4460,8,48,1,9,16,18,8.0,0,512,6,1,10490000.0,0
4461,1,42,1,0,14,9,8.0,2,256,1,1,6500000.0,2
4462,3,36,1,1,14,9,8.0,1,256,1,1,3000000.0,2
4463,3,34,1,0,14,8,4.0,2,128,3,1,2700000.0,2
4464,7,88,1,1,14,9,16.0,2,256,3,1,6000000.0,2
4465,4,60,1,1,14,8,8.0,2,128,3,1,1900000.0,2
4466,3,24,1,1,16,10,16.0,1,256,1,1,12500000.0,2
4467,3,57,1,3,16,10,16.0,1,256,1,1,7900000.0,2
4468,7,88,1,1,12,9,8.0,2,256,6,1,5500000.0,2
4469,14,56,1,3,14,9,8.0,2,256,2,1,5800000.0,2
4470,3,36,1,0,14,10,8.0,2,256,3,1,4500000.0,2
4471,3,2,1,0,18,10,8.0,1,1000,2,1,5600000.0,2
4472,4,55,1,1,14,9,8.0,2,256,1,1,10800000.0,2
4473,3,36,1,1,14,9,4.0,2,256,1,1,1500000.0,2
4474,7,88,1,0,14,9,8.0,1,120,2,1,3990000.0,2
4475,1,42,1,1,14,9,8.0,2,256,3,1,6500000.0,2
4476,4,51,1,1,16,8,4.0,2,128,2,1,1550000.0,2
4477,3,36,1,0,14,8,8.0,2,512,2,1,3700000.0,2
4478,2,85,0,9,14,9,8.0,1,512,6,1,14000000.0,2
4479,1,40,0,1,14,1,8.0,2,256,3,1,16990000.0,1
4480,9,70,1,1,14,10,16.0,2,512,1,1,13800000.0,2
4481,7,88,1,0,14,9,8.0,2,256,3,1,6500000.0,2
4482,9,77,1,0,14,9,4.0,2,128,3,1,3500000.0,2
4483,7,33,0,12,14,9,8.0,2,512,1,1,8200000.0,2
4484,1,39,1,3,14,9,8.0,2,128,1,1,9500000.0,2
4485,4,60,1,1,14,9,8.0,2,256,6,1,3650000.0,2
4486,3,36,1,0,14,9,8.0,2,120,3,1,1800000.0,2
4487,3,36,1,0,14,9,16.0,2,256,3,1,7300000.0,2
4488,3,34,1,0,14,8,8.0,1,128,3,1,1300000.0,2
4489,1,42,1,0,14,9,8.0,2,256,6,1,8300000.0,2
4490,3,36,1,1,12,9,8.0,2,256,1,1,4200000.0,2
4491,4,17,1,0,14,8,4.0,2,128,3,1,1200000.0,2
4492,1,39,1,0,14,9,8.0,2,256,3,1,4300000.0,2
4493,3,36,1,1,14,10,8.0,1,256,3,1,6800000.0,2
4494,7,88,1,3,14,8,8.0,2,256,3,1,4500000.0,2
4495,3,36,1,1,14,9,8.0,1,256,3,1,5300000.0,2
4496,4,17,1,3,16,9,8.0,2,128,1,1,3300000.0,2
4497,4,17,1,1,16,12,4.0,2,128,2,1,2000000.0,2
4498,3,34,1,0,16,9,16.0,1,640,1,1,7500000.0,2
4499,3,36,1,0,14,5,4.0,2,128,3,1,1800000.0,2
4500,3,34,1,0,16,8,4.0,2,128,6,1,1450000.0,2
4501,1,39,1,0,12,9,4.0,2,256,2,1,4050000.0,2
4502,7,88,1,1,14,9,8.0,2,128,6,1,3199999.0,2
4503,3,57,1,5,16,10,32.0,1,512,1,1,15300000.0,2
4504,3,97,1,5,16,10,32.0,1,512,1,1,19550000.0,2
4505,3,36,1,0,14,9,8.0,2,256,1,1,4700000.0,2
4506,3,36,1,0,12,9,8.0,2,256,1,1,3600000.0,2
4507,7,88,0,1,16,10,16.0,1,1000,1,1,35800000.0,2
4508,2,23,1,1,16,18,16.0,1,512,6,1,16500000.0,0
4509,1,39,1,0,14,9,8.0,2,128,3,1,3990000.0,2
4510,4,17,1,3,14,9,8.0,1,256,6,1,1700000.0,2
4511,3,36,1,3,16,9,8.0,1,256,6,1,1600000.0,2
4512,3,36,1,3,16,9,8.0,1,256,6,1,1800000.0,2
4513,5,15,1,3,16,9,8.0,1,256,6,1,1700000.0,2
4514,4,60,1,1,14,9,8.0,2,256,3,1,3990000.0,2
4515,4,17,1,3,14,9,8.0,1,256,6,1,1900000.0,2
4516,3,36,1,3,16,18,16.0,1,512,3,1,17800000.0,0
4517,2,1,1,1,14,9,8.0,1,256,3,1,13500000.0,2
4518,7,33,1,1,16,17,16.0,1,512,3,1,16500000.0,0
4519,5,15,1,3,16,9,16.0,1,512,3,1,14500000.0,2
4520,3,36,1,0,14,9,8.0,2,128,1,1,5500000.0,2
4521,4,55,1,9,14,9,8.0,2,512,6,1,10900000.0,2
4522,7,88,1,3,14,10,8.0,2,256,3,1,7300000.0,2
4523,3,36,1,0,14,9,4.0,2,256,3,1,1200000.0,2
4524,3,34,1,0,16,9,4.0,2,500,6,1,1400000.0,2
4525,7,88,0,3,14,9,8.0,2,128,2,1,6300000.0,2
4526,3,57,1,0,16,10,8.0,1,128,6,1,4800000.0,2
4527,4,17,1,0,14,9,4.0,2,256,3,1,2500000.0,2
4528,8,25,1,0,16,10,16.0,1,1500,3,1,12000000.0,2
4529,4,17,1,0,12,9,8.0,2,256,3,1,4500000.0,2
4530,0,3,1,1,16,8,16.0,2,256,6,1,2500000.0,2
4531,5,15,1,0,14,5,8.0,2,256,5,1,3490000.0,2
4532,3,34,1,0,16,9,8.0,2,500,5,1,10000000.0,2
4533,3,95,0,1,16,10,16.0,1,512,1,1,17000000.0,2
4534,2,94,2,0,12,5,2.0,2,256,6,1,1000000.0,2
4535,3,36,1,1,14,9,8.0,2,256,1,1,7500000.0,2
4536,5,15,0,1,14,9,8.0,2,256,3,1,5500000.0,2
4537,3,34,1,0,14,10,16.0,2,256,3,1,9500000.0,2
4538,0,3,1,0,14,12,2.0,2,250,3,1,1000000.0,2
4539,4,17,1,0,14,9,8.0,2,256,3,1,7500000.0,2
4540,9,82,1,1,14,9,8.0,2,1000,1,1,22500000.0,2
4541,7,88,2,3,16,17,16.0,1,750,6,1,16000000.0,0
4542,9,72,1,0,14,9,8.0,2,128,3,1,5500000.0,2
4543,3,34,1,0,16,10,8.0,0,128,6,1,4600000.0,2
4544,3,97,1,0,14,9,8.0,2,250,2,1,9000000.0,2
4545,3,95,1,0,16,9,8.0,2,256,3,1,4000000.0,2
4546,3,34,1,3,16,9,8.0,1,128,6,1,3800000.0,2
4547,3,36,1,1,14,10,8.0,2,256,1,1,5650000.0,2
4548,1,42,2,0,14,4,8.0,2,128,1,1,8000000.0,2
4549,4,60,1,3,14,9,4.0,2,128,1,1,2300000.0,2
4550,3,36,2,1,14,10,8.0,2,256,3,1,5299000.0,2
4551,3,36,1,1,14,10,8.0,2,256,1,1,6399999.0,2
4552,3,36,1,1,14,9,8.0,2,256,1,1,4300000.0,2
4553,3,36,1,1,14,10,8.0,2,256,6,1,4900000.0,2
4554,3,36,1,1,12,9,8.0,2,256,2,1,4800000.0,2
4555,1,44,1,0,14,1,8.0,2,256,3,1,20000000.0,1
4556,1,42,1,0,16,10,16.0,2,512,6,1,7900000.0,2
4557,3,36,1,1,10,9,64.0,2,120,2,1,1600000.0,2
4558,0,3,1,0,14,8,4.0,2,128,3,1,1000000.0,2
4559,4,17,1,0,14,10,16.0,2,512,3,1,13500000.0,2
4560,7,37,1,0,16,10,16.0,1,750,3,1,12000000.0,2
4561,7,88,1,0,14,9,8.0,2,256,6,1,2800000.0,2
4562,3,36,1,1,14,9,8.0,2,256,1,1,5099999.0,2
4563,1,39,1,2,14,9,8.0,2,128,1,1,9900000.0,2
4564,1,42,1,0,14,9,8.0,2,128,1,1,7800000.0,2
4565,3,57,1,0,14,10,64.0,2,500,3,1,4500000.0,2
4566,2,96,1,0,16,9,4.0,2,256,6,1,5000000.0,2
4567,1,47,2,1,14,9,16.0,2,512,3,1,11500000.0,2
4568,4,17,1,0,14,9,6.0,2,500,3,1,2200000.0,2
4569,3,34,1,0,16,8,4.0,2,500,3,1,2020000.0,2
4570,4,60,0,0,14,8,8.0,2,128,2,1,2900000.0,2
4571,1,42,1,0,16,10,16.0,2,512,1,1,7900000.0,2
4572,2,64,1,0,16,10,8.0,1,256,6,1,7000000.0,2
4573,4,17,1,0,14,9,8.0,2,500,6,1,1500000.0,2
4574,3,36,1,1,14,9,4.0,2,128,6,1,1750000.0,2
4575,3,36,1,1,16,10,8.0,1,256,3,1,2000000.0,2
4576,3,36,1,1,14,9,4.0,2,320,1,1,1600000.0,2
4577,1,42,1,0,14,9,8.0,2,128,3,1,5300000.0,2
4578,1,40,1,0,14,1,8.0,2,256,3,1,13600000.0,1
4579,2,94,1,0,14,9,4.0,2,1000,3,1,3500000.0,2
4580,2,100,1,3,14,10,16.0,2,1000,1,1,19200000.0,2
4581,4,60,2,0,14,8,8.0,2,500,3,1,1600000.0,2
4582,9,83,1,0,14,15,8.0,2,512,3,1,10200000.0,3
4583,7,33,0,1,14,9,8.0,2,512,5,1,7500000.0,2
4584,3,36,1,1,12,10,8.0,2,256,3,1,5500000.0,2
4585,1,40,1,0,12,1,8.0,2,256,1,1,14500000.0,1
4586,3,36,1,0,14,9,8.0,2,128,1,1,3800000.0,2
4587,0,3,1,0,14,9,4.0,2,250,3,1,1200000.0,2
4588,7,88,1,1,14,9,8.0,2,256,2,1,4500000.0,2
4589,2,94,1,0,14,12,4.0,2,250,7,1,2650000.0,2
4590,3,95,1,0,16,10,8.0,1,500,1,1,1111111.0,2
4591,3,36,1,0,14,10,8.0,2,500,3,1,4800000.0,2
4592,2,94,1,0,14,8,8.0,2,128,3,1,4000000.0,2
4593,0,32,1,1,16,9,16.0,1,512,7,1,23000000.0,2
4594,3,36,1,0,16,9,8.0,2,256,3,1,4090000.0,2
4595,7,88,0,5,14,10,32.0,2,512,1,1,11500000.0,2
4596,3,95,1,0,14,9,8.0,2,128,3,1,3899000.0,2
4597,3,36,0,5,14,9,16.0,2,256,1,1,12100000.0,2
4598,3,36,1,0,12,10,16.0,2,256,3,1,4900000.0,2
4599,5,15,1,3,14,9,8.0,2,256,3,1,3640000.0,2
4600,4,55,1,0,16,12,2.0,2,250,6,1,1100000.0,2
4601,3,36,0,5,14,9,16.0,2,256,1,1,6600000.0,2
4602,7,88,0,1,16,10,16.0,1,512,1,1,30800000.0,2
4603,4,55,1,0,14,10,16.0,2,512,9,1,9500000.0,2
4604,3,36,0,5,14,9,16.0,2,256,1,1,7800000.0,2
4605,1,38,1,0,16,10,8.0,2,512,1,1,6800000.0,2
4606,3,57,1,0,16,10,8.0,2,128,3,1,2300000.0,2
4607,7,88,0,5,14,9,8.0,2,256,1,1,6500000.0,2
4608,3,36,1,3,14,9,8.0,2,256,1,1,4000000.0,2
4609,4,60,0,5,14,9,8.0,0,256,2,1,4900000.0,2
4610,0,3,2,0,16,8,2.0,2,120,3,1,1200000.0,2
4611,7,88,1,3,14,9,16.0,2,256,1,1,8900000.0,2
4612,1,41,0,1,14,2,8.0,2,256,3,1,22800000.0,1
4613,7,88,1,0,14,17,8.0,2,128,3,1,3500000.0,0
4614,1,42,1,0,16,11,32.0,0,1000,1,1,27000000.0,2
4615,3,95,1,0,16,8,4.0,2,1000,3,1,3500000.0,2
4616,7,33,1,12,14,18,16.0,2,512,6,1,17000000.0,0
4617,3,36,1,1,12,9,8.0,2,256,3,1,5790000.0,2
4618,4,55,1,1,16,9,8.0,1,256,3,1,7000000.0,2
4619,10,10,1,0,10,9,4.0,2,128,2,1,8600000.0,2
4620,4,17,1,0,16,9,8.0,2,128,1,1,3500000.0,2
4621,3,36,1,1,12,9,8.0,2,256,1,1,3800000.0,2
4622,1,42,1,0,16,10,8.0,2,128,3,1,3300000.0,2
4623,14,66,1,0,14,9,4.0,2,128,3,1,1850000.0,2
4624,3,57,1,3,16,10,16.0,1,512,3,1,8200000.0,2
4625,9,73,1,5,14,10,16.0,1,512,1,1,14890000.0,2
4626,3,36,1,1,12,9,8.0,2,256,1,1,4500000.0,2
4627,3,36,1,0,14,9,8.0,2,256,3,1,3499000.0,2
4628,9,72,1,5,14,10,16.0,1,512,3,1,11890000.0,2
4629,7,88,1,3,14,9,8.0,2,256,1,1,3500000.0,2
4630,5,15,1,1,14,9,8.0,2,256,3,1,4990000.0,2
4631,4,17,1,3,16,9,8.0,2,256,1,1,4500000.0,2
4632,4,60,1,0,14,9,8.0,2,128,3,1,4800000.0,2
4633,1,40,1,3,14,1,16.0,2,256,6,1,16500000.0,1
4634,2,0,1,1,16,9,8.0,1,128,6,1,2900000.0,2
4635,2,94,1,1,16,9,8.0,2,512,6,1,11900000.0,2
4636,1,41,0,12,14,2,8.0,2,256,3,1,20800000.0,1
4637,2,96,1,0,14,8,4.0,2,256,6,1,1590000.0,2
4638,1,42,1,3,14,9,8.0,2,256,6,1,6700000.0,2
4639,5,15,1,0,14,9,4.0,2,128,5,1,4500000.0,2
4640,0,50,1,1,16,9,16.0,1,512,3,1,14000000.0,2
4641,3,97,1,1,14,9,8.0,2,512,2,1,7200000.0,2
4642,6,31,0,9,14,10,16.0,2,512,0,1,28500000.0,2
4643,3,36,1,0,14,10,8.0,2,256,1,1,5300000.0,2
4644,0,3,1,0,16,8,4.0,2,1500,5,1,5462000.0,2
4645,1,39,1,0,14,8,8.0,2,256,3,1,2000000.0,2
4646,7,88,1,1,16,17,16.0,1,512,6,1,17900000.0,0
4647,11,7,1,1,18,10,32.0,1,1000,3,1,25000000.0,2
4648,3,34,1,5,16,10,8.0,1,128,6,1,4500000.0,2
4649,3,57,1,3,16,10,8.0,1,256,1,1,5000000.0,2
4650,3,34,1,0,14,9,8.0,2,256,3,1,500000.0,2
4651,7,88,1,1,12,9,4.0,2,256,3,1,3500000.0,2
4652,5,15,1,0,16,16,8.0,0,256,3,1,8600000.0,0
4653,3,36,1,0,12,9,8.0,2,256,2,1,4300000.0,2
4654,3,36,1,3,14,9,8.0,2,256,2,1,5800000.0,2
4655,4,60,1,0,16,9,4.0,2,320,3,1,1500000.0,2
4656,8,48,1,5,14,8,8.0,2,256,3,1,6900000.0,2
4657,7,98,1,0,14,4,4.0,2,128,3,1,4500000.0,2
4658,0,3,1,0,14,8,8.0,2,256,3,1,500000.0,2
4659,3,34,1,0,14,9,8.0,2,256,3,1,4800000.0,2
4660,0,59,0,1,16,10,16.0,1,1000,3,1,31000000.0,2
4661,3,36,1,1,14,10,8.0,2,256,1,1,6500000.0,2
4662,7,88,1,9,14,10,16.0,2,1000,1,1,14500000.0,2
4663,5,15,1,0,14,9,8.0,2,256,2,1,4500000.0,2
4664,7,88,1,0,14,9,4.0,2,320,3,1,1050000.0,2
4665,3,34,1,3,16,10,16.0,1,1000,6,1,13300000.0,2
4666,0,3,1,5,16,8,8.0,2,1500,3,1,5900000.0,2
4667,3,36,1,3,14,9,8.0,2,256,1,1,7390000.0,2
4668,4,51,1,1,16,8,8.0,2,128,6,1,2800000.0,2
4669,0,84,1,0,10,4,2.0,2,120,3,1,1500000.0,2
4670,3,36,1,5,14,9,8.0,2,256,3,1,7900000.0,2
4671,4,17,1,1,16,8,4.0,2,256,3,1,5000000.0,2
4672,3,36,1,1,14,10,16.0,2,512,1,1,5800000.0,2
4673,14,66,1,0,16,9,4.0,2,128,2,1,1700000.0,2
4674,4,14,1,0,14,9,4.0,2,500,1,1,1400000.0,2
4675,3,95,2,0,16,9,4.0,2,128,6,1,2500000.0,2
4676,7,33,1,12,16,17,8.0,1,512,6,1,15000000.0,0
4677,0,50,1,1,16,9,8.0,1,512,1,1,14900000.0,2
4678,0,32,1,0,18,10,16.0,1,512,3,1,21500000.0,2
4679,2,0,1,0,14,5,2.0,2,500,6,1,1000000.0,2
4680,2,94,1,0,14,9,4.0,2,250,3,1,4900000.0,2
4681,5,15,2,0,9,10,16.0,2,480,6,1,500000.0,2
4682,1,43,1,0,14,1,16.0,2,512,3,1,24990000.0,1
4683,0,3,1,9,16,12,8.0,2,256,6,1,3400000.0,2
4684,0,3,0,3,16,9,16.0,1,512,6,1,16666666.0,2
4685,3,36,1,3,12,9,8.0,2,256,1,1,4000000.0,2
4686,5,15,1,9,16,9,8.0,1,120,6,1,13500000.0,2
4687,7,33,1,0,16,10,8.0,1,500,1,1,4800000.0,2
4688,3,34,1,3,16,10,8.0,1,128,1,1,8400000.0,2
4689,2,94,1,5,14,17,8.0,0,512,3,1,7900000.0,0
4690,3,34,1,5,16,9,8.0,2,512,3,1,12500000.0,2
4691,4,60,1,1,16,9,8.0,2,500,2,1,4200000.0,2
4692,3,36,1,0,14,10,16.0,1,128,3,1,3500000.0,2
4693,7,88,0,3,14,9,16.0,2,512,1,1,16990000.0,2
4694,4,17,1,1,12,8,8.0,2,256,2,1,2500000.0,2
4695,1,42,1,1,14,9,8.0,2,256,3,1,8800000.0,2
4696,3,34,0,1,14,9,4.0,2,256,1,1,3500000.0,2
4697,3,24,1,3,16,10,16.0,1,512,1,1,19500000.0,2
4698,3,36,1,3,14,9,8.0,2,256,3,1,5500000.0,2
4699,1,39,1,5,14,9,8.0,2,128,6,1,11500000.0,2
4700,7,33,1,12,16,9,8.0,2,512,3,1,9800000.0,2
4701,2,94,1,5,16,8,8.0,2,512,5,1,6800000.0,2
4702,5,15,1,0,12,9,4.0,2,128,2,1,1800000.0,2
4703,2,96,1,1,16,5,4.0,2,256,6,1,5000000.0,2
4704,2,64,1,3,16,19,32.0,0,512,1,1,23500000.0,0
4705,1,43,1,0,16,1,16.0,2,512,3,1,33500000.0,1
4706,4,51,0,9,18,9,8.0,2,256,1,1,11500000.0,2
4707,7,88,1,0,14,10,16.0,2,256,3,1,9350000.0,2
4708,7,88,1,1,14,10,8.0,2,256,1,1,5500000.0,2
4709,7,88,0,0,14,10,16.0,2,256,6,1,5300000.0,2
4710,0,3,1,0,16,9,8.0,1,512,3,1,6400000.0,2
4711,1,42,1,0,16,10,8.0,2,750,3,1,3300000.0,2
4712,7,88,1,0,12,8,4.0,2,120,1,1,2500000.0,2
4713,0,3,1,0,14,9,6.0,2,256,3,1,2500000.0,2
4714,4,60,1,3,16,9,4.0,2,128,1,1,2400000.0,2
4715,7,88,1,3,14,9,16.0,2,512,0,1,4999999.0,2
4716,3,24,1,5,16,10,16.0,1,1000,1,1,22999999.0,2
4717,2,94,1,0,16,8,8.0,2,1000,4,1,6500000.0,2
4718,1,42,1,0,16,10,16.0,0,256,3,1,9500000.0,2
4719,2,96,1,1,16,8,8.0,2,128,3,1,1990000.0,2
4720,7,88,1,0,14,9,8.0,2,256,3,1,2400000.0,2
4721,2,64,1,0,16,11,32.0,1,1500,7,1,46000000.0,2
4722,3,58,1,2,18,10,32.0,1,512,1,1,13900000.0,2
4723,4,99,1,3,16,10,16.0,1,512,3,1,5700000.0,2
4724,9,75,1,0,14,10,16.0,2,512,1,1,8500000.0,2
4725,0,50,1,0,16,17,8.0,1,512,3,1,13500000.0,0
4726,1,38,1,0,14,9,16.0,2,256,3,1,3500000.0,2
4727,4,17,1,0,14,9,8.0,2,256,3,1,3700000.0,2
4728,2,24,0,1,14,19,16.0,1,512,1,1,35700000.0,0
4729,4,17,1,0,14,9,8.0,2,256,6,1,3000000.0,2
4730,3,57,1,3,16,10,16.0,1,512,1,1,12500000.0,2
4731,3,36,1,1,14,10,8.0,2,256,1,1,4800000.0,2
4732,1,47,1,0,16,10,16.0,2,256,3,1,10900000.0,2
4733,1,39,1,3,14,9,4.0,2,128,3,1,7000000.0,2
4734,4,17,1,0,14,8,8.0,1,512,3,1,2000000.0,2
4735,2,85,1,0,16,17,16.0,1,256,1,1,9500000.0,0
4736,1,43,1,5,16,1,16.0,2,512,6,1,38500000.0,1
4737,1,42,1,1,16,9,32.0,0,512,3,1,17200000.0,2
4738,3,36,2,3,12,9,4.0,2,128,3,1,3100000.0,2
4739,0,3,1,0,9,8,0.5,2,120,3,1,200000.0,2
4740,4,17,1,0,14,0,8.0,0,128,1,1,2500000.0,0
4741,3,36,1,3,14,10,8.0,2,256,1,1,5500000.0,2
4742,3,95,1,0,14,9,4.0,2,256,3,1,100000.0,2
4743,3,58,1,1,16,10,32.0,1,512,3,1,25000000.0,2
4744,3,36,1,3,14,9,8.0,2,256,1,1,6600000.0,2
4745,3,36,1,1,14,9,8.0,1,256,1,1,8900000.0,2
4746,3,24,1,1,16,9,8.0,1,1500,6,1,9800000.0,2
4747,2,64,1,12,16,18,8.0,1,512,6,1,18500000.0,0
4748,3,36,1,3,14,9,4.0,2,128,3,1,3900000.0,2
4749,4,51,1,3,14,9,16.0,2,512,1,1,9200000.0,2
4750,1,39,1,1,14,9,8.0,2,128,3,1,9800000.0,2
4751,4,51,1,5,14,8,8.0,2,256,3,1,7500000.0,2
4752,12,4,1,0,16,10,16.0,1,256,3,1,5800000.0,2
4753,2,96,1,3,14,8,8.0,2,256,7,1,4500000.0,2
4754,3,36,1,0,16,8,8.0,2,128,1,1,2500000.0,2
4755,1,39,1,0,12,9,16.0,2,256,6,1,7500000.0,2
4756,3,24,1,3,16,10,16.0,1,1000,3,1,12800000.0,2
4757,3,57,1,3,16,10,16.0,1,256,1,1,11000000.0,2
4758,3,36,1,0,14,9,8.0,2,128,3,1,2000000.0,2
4759,0,3,1,0,14,8,4.0,2,128,6,1,2000000.0,2
4760,3,36,1,0,16,9,8.0,0,256,1,1,3600000.0,2
4761,12,61,1,0,16,9,4.0,2,700,3,1,1700000.0,2
4762,4,17,1,0,16,10,8.0,2,512,3,1,9490000.0,2
4763,7,88,1,3,14,9,16.0,1,1000,3,1,10900000.0,2
4764,3,36,1,3,14,9,8.0,2,256,2,1,5900000.0,2
4765,3,34,1,0,14,8,4.0,2,128,3,1,950000.0,2
4766,2,0,1,1,16,9,8.0,1,128,3,1,3900000.0,2
4767,3,36,1,0,14,9,8.0,2,256,3,1,4200000.0,2
4768,3,36,1,3,16,9,8.0,2,128,6,1,2400000.0,2
4769,7,88,1,1,14,9,8.0,2,128,3,1,2950000.0,2
4770,3,34,1,0,16,5,4.0,2,128,3,1,4490000.0,2
4771,3,36,1,1,12,9,8.0,2,256,3,1,4500000.0,2
4772,3,36,1,1,14,9,16.0,2,256,1,1,13800000.0,2
4773,4,17,0,1,14,10,16.0,2,512,1,1,28999999.0,2
4774,1,42,1,0,14,9,8.0,2,256,3,1,8900000.0,2
4775,0,3,1,0,14,8,4.0,2,128,3,1,2300000.0,2
4776,4,60,0,9,14,9,16.0,2,512,5,1,11500000.0,2
4777,3,95,1,3,16,9,8.0,2,128,5,1,4200000.0,2
4778,2,0,1,1,16,8,4.0,1,128,3,1,4500000.0,2
4779,9,78,2,1,12,9,8.0,2,256,1,1,6500000.0,2
4780,1,40,1,9,14,1,8.0,2,256,6,1,15990000.0,1
4781,9,73,1,0,14,9,8.0,2,256,1,1,7000000.0,2
4782,1,39,1,0,14,10,4.0,2,128,3,1,4000000.0,2
4783,7,88,1,0,14,9,16.0,2,256,3,1,2600000.0,2
4784,2,94,1,9,16,19,16.0,1,512,1,1,25300000.0,0
4785,14,66,1,0,16,6,2.0,2,250,6,1,700000.0,2
4786,7,88,1,3,14,9,8.0,2,256,2,1,3900000.0,2
4787,3,34,1,0,14,8,4.0,1,250,5,1,1200000.0,2
4788,2,0,1,1,16,8,8.0,2,128,3,1,4500000.0,2
4789,3,36,1,0,14,9,4.0,2,128,1,1,2500000.0,2
4790,3,36,1,3,14,10,8.0,2,256,1,1,5800000.0,2
4791,2,94,1,3,16,9,8.0,1,640,3,1,5200000.0,2
4792,1,41,1,9,14,2,8.0,2,256,3,1,22200000.0,1
4793,4,17,1,3,14,9,8.0,0,640,2,1,2000000.0,2
4794,14,66,1,0,14,9,8.0,2,256,2,1,4450000.0,2
4795,1,42,1,3,14,9,8.0,2,128,3,1,6900000.0,2
4796,3,24,1,1,16,9,8.0,1,512,1,1,9500000.0,2
4797,5,15,1,0,12,9,4.0,2,120,3,1,2300000.0,2
4798,3,95,1,1,16,9,8.0,0,128,3,1,5500000.0,2
4799,4,17,1,3,14,9,8.0,1,256,6,1,1700000.0,2
4800,8,25,1,0,18,10,16.0,1,512,3,1,12800000.0,2
4801,3,36,1,5,14,9,16.0,2,256,1,1,15400000.0,2
4802,3,95,1,1,14,8,8.0,2,640,3,1,4800000.0,2
4803,1,42,1,0,16,10,16.0,0,128,3,1,6000000.0,2
4804,7,88,0,1,16,18,8.0,1,512,1,1,22500000.0,0
4805,3,36,1,1,14,9,8.0,2,128,2,1,3500000.0,2
4806,3,36,1,0,14,10,8.0,2,256,0,1,5500000.0,2
4807,2,24,1,1,14,19,16.0,1,1000,3,1,22990000.0,0
4808,3,36,1,0,12,9,8.0,2,250,3,1,4299999.0,2
4809,9,70,0,1,16,10,32.0,2,1000,1,1,35000000.0,2
4810,7,88,1,1,14,10,8.0,2,512,3,1,5000000.0,2
4811,1,42,1,1,14,10,16.0,2,512,1,1,16800000.0,2
4812,4,17,1,0,14,9,4.0,2,128,3,1,2000000.0,2
4813,0,3,1,1,14,8,4.0,2,128,3,1,1600000.0,2
4814,3,36,1,5,14,10,16.0,2,256,1,1,15500000.0,2
4815,1,42,1,0,14,10,16.0,2,256,3,1,19990000.0,2
4816,2,0,1,1,16,9,4.0,2,128,3,1,3200000.0,2
4817,0,3,1,0,16,5,6.0,2,320,6,1,1500000.0,2
4818,3,34,1,1,16,9,8.0,2,256,1,1,4500000.0,2
4819,7,88,0,9,16,11,32.0,1,512,1,1,21800000.0,2
4820,4,17,1,1,16,9,8.0,2,256,3,1,7700000.0,2
4821,3,57,1,3,16,10,32.0,0,512,1,1,13500000.0,2
4822,5,15,1,0,14,9,8.0,2,256,3,1,3500000.0,2
4823,3,36,1,1,12,10,8.0,2,256,3,1,5400000.0,2
4824,3,34,1,1,16,8,8.0,0,1000,2,1,5500000.0,2
4825,2,0,1,1,16,9,8.0,2,128,3,1,4200000.0,2
4826,3,57,1,3,16,10,8.0,1,128,1,1,3800000.0,2
4827,7,88,1,5,14,9,16.0,2,512,1,1,15500000.0,2
4828,7,88,1,0,14,9,4.0,2,128,3,1,2500000.0,2
4829,3,57,1,12,16,10,16.0,1,512,6,1,14900000.0,2
4830,3,36,1,1,14,9,4.0,2,128,6,1,2399000.0,2
4831,1,47,1,1,14,10,16.0,2,512,3,1,13400000.0,2
4832,3,36,1,0,14,8,4.0,2,256,1,1,3000000.0,2
4833,1,41,0,9,14,2,8.0,2,256,3,1,25400000.0,1
4834,4,60,1,1,14,9,8.0,2,256,2,1,6200000.0,2
4835,3,34,1,0,16,10,8.0,0,1000,1,1,5000000.0,2
4836,14,66,1,0,16,9,8.0,2,256,3,1,6500000.0,2
4837,2,64,1,1,16,9,16.0,1,512,6,1,27900000.0,2
4838,7,33,1,0,14,8,8.0,2,512,3,1,6350000.0,2
4839,7,88,1,1,14,9,8.0,2,256,3,1,6500000.0,2
4840,7,88,1,3,14,9,8.0,2,256,1,1,3700000.0,2
4841,7,88,1,0,12,10,8.0,2,256,3,1,7990000.0,2
4842,2,35,1,3,16,16,4.0,0,512,6,1,5000000.0,0
4843,4,51,1,0,16,8,4.0,2,256,3,1,2800000.0,2
4844,0,3,0,0,14,5,4.0,2,256,5,1,4000000.0,2
4845,7,33,1,5,14,9,8.0,2,512,5,1,9200000.0,2
4846,3,36,1,0,9,8,4.0,2,500,3,1,2500000.0,2
4847,3,95,1,0,16,10,8.0,0,1000,3,1,6500000.0,2
4848,2,94,1,3,16,9,8.0,1,512,6,1,5900000.0,2
4849,2,35,1,0,16,9,8.0,1,256,3,1,1900000.0,2
4850,3,97,1,1,14,9,8.0,2,256,3,1,7490000.0,2
4851,1,44,0,0,14,1,16.0,2,512,3,1,34490000.0,1
4852,3,97,1,0,16,10,16.0,2,512,1,1,14500000.0,2
4853,8,12,1,1,16,9,8.0,1,512,7,1,9000000.0,2
4854,4,17,1,0,16,10,8.0,1,1000,6,1,6800000.0,2
4855,1,42,1,1,16,10,32.0,2,256,3,1,16500000.0,2
4856,9,78,1,1,12,9,8.0,2,256,3,1,6490000.0,2
4857,3,36,1,5,14,10,16.0,2,256,1,1,8200000.0,2
4858,5,15,1,0,14,9,8.0,2,256,3,1,4799999.0,2
4859,7,88,1,3,14,10,16.0,2,256,1,1,13500000.0,2
4860,3,95,2,0,14,9,4.0,2,250,3,1,4300000.0,2
4861,1,46,1,1,14,2,16.0,2,256,6,1,28000000.0,1
4862,7,88,1,5,14,9,16.0,2,256,1,1,7200000.0,2
4863,3,57,1,5,16,11,16.0,1,512,1,1,13990000.0,2
4864,4,17,1,0,14,12,4.0,2,500,5,1,1650000.0,2
4865,3,36,1,3,16,9,8.0,2,256,1,1,5000000.0,2
4866,0,3,2,0,14,8,4.0,1,750,3,1,1600000.0,2
4867,9,70,0,3,16,9,8.0,2,256,6,1,10500000.0,2
4868,4,60,1,0,16,9,8.0,2,256,2,1,3000000.0,2
4869,3,36,1,1,14,9,4.0,2,120,3,1,2190000.0,2
4870,1,40,1,0,14,1,8.0,2,256,3,1,14590000.0,1
4871,1,42,1,1,14,10,8.0,2,128,3,1,3350000.0,2
4872,7,88,2,0,16,5,2.0,2,320,3,1,500000.0,2
4873,3,36,1,3,12,10,8.0,2,256,3,1,4450000.0,2
4874,7,88,1,1,14,9,8.0,2,256,6,1,21000000.0,2
4875,3,97,1,0,14,10,4.0,2,250,3,1,999000.0,2
4876,5,15,1,0,10,4,1.0,2,128,3,1,800000.0,2
4877,3,36,1,0,14,8,8.0,2,128,2,1,4000000.0,2
4878,3,97,1,5,14,9,8.0,2,256,1,1,11990000.0,2
4879,7,88,1,1,16,5,8.0,2,128,1,1,2900000.0,2
4880,3,36,1,3,14,8,8.0,2,128,3,1,4500000.0,2
4881,3,57,1,9,16,11,32.0,1,1000,3,1,18500000.0,2
4882,4,17,1,3,14,9,8.0,2,256,3,1,12000000.0,2
4883,1,42,1,2,16,10,8.0,1,256,3,1,2500000.0,2
4884,4,17,1,0,16,8,8.0,2,120,6,1,3500000.0,2
4885,4,55,1,3,16,10,8.0,2,512,3,1,11000000.0,2
4886,7,88,1,0,14,9,4.0,2,256,3,1,1400000.0,2
4887,1,42,2,1,16,0,4.0,2,500,3,1,2200000.0,0
4888,3,36,0,3,14,10,8.0,2,256,3,1,9600000.0,2
4889,3,97,1,3,14,9,8.0,2,256,3,1,6900000.0,2
4890,7,33,1,3,14,9,16.0,2,512,3,1,7290000.0,2
4891,3,95,1,1,16,8,8.0,2,128,3,1,3200000.0,2
4892,4,17,1,5,14,9,6.0,2,256,2,1,6500000.0,2
4893,3,57,1,0,16,10,16.0,1,256,3,1,3900000.0,2
4894,3,2,1,1,16,10,16.0,1,256,1,1,13700000.0,2
4895,7,88,1,0,14,10,16.0,2,500,3,1,9200000.0,2
4896,7,37,1,3,16,9,16.0,1,128,3,1,11000000.0,2
4897,9,77,1,0,12,9,8.0,2,256,3,1,7000000.0,2
4898,3,36,2,5,14,9,8.0,2,256,2,1,5200000.0,2
4899,3,36,1,0,14,10,8.0,2,256,3,1,3850000.0,2
4900,3,36,1,3,16,9,8.0,2,256,1,1,4800000.0,2
4901,3,36,1,0,14,8,4.0,2,128,6,1,2000000.0,2
4902,0,50,1,3,16,9,8.0,1,512,6,1,8900000.0,2
4903,1,44,1,5,14,1,16.0,2,256,1,1,21490000.0,1
4904,10,10,1,1,12,9,8.0,2,256,2,1,3300000.0,2
4905,1,46,1,5,14,2,8.0,2,256,1,1,22990000.0,1
4906,3,34,1,9,16,9,8.0,1,256,3,1,4300000.0,2
4907,1,42,1,1,14,9,8.0,2,256,3,1,5500000.0,2
4908,1,43,1,5,14,1,32.0,2,512,1,1,33490000.0,1
4909,5,15,1,0,14,9,4.0,2,128,3,1,3990000.0,2
4910,4,17,1,1,12,10,8.0,2,128,1,1,2500000.0,2
4911,3,34,1,1,16,9,8.0,2,256,2,1,3700000.0,2
4912,0,50,1,0,16,18,16.0,1,512,6,1,16300000.0,0
4913,4,17,1,5,14,9,8.0,2,256,1,1,5800000.0,2
4914,3,36,1,3,14,10,16.0,2,256,3,1,9500000.0,2
4915,2,94,1,3,16,9,8.0,2,512,6,1,11490000.0,2
4916,2,85,1,1,16,9,8.0,1,128,3,1,7500000.0,2
4917,1,39,1,1,14,9,8.0,2,128,3,1,6500000.0,2
4918,4,17,1,0,14,9,8.0,2,250,3,1,6000000.0,2
4919,3,34,1,0,16,8,8.0,2,512,6,1,4500000.0,2
4920,1,39,1,0,14,9,8.0,2,128,3,1,4500000.0,2
4921,2,96,1,0,16,9,4.0,2,1000,2,1,3500000.0,2
4922,4,93,1,9,16,10,16.0,1,512,3,1,18500000.0,2
4923,3,36,1,1,14,8,8.0,2,128,3,1,2600000.0,2
4924,7,88,1,3,14,10,16.0,2,256,6,1,13990000.0,2
4925,0,3,1,0,10,8,8.0,2,320,7,1,950000.0,2
4926,4,60,1,3,16,10,16.0,2,256,1,1,8800000.0,2
4927,4,17,1,3,12,9,4.0,2,128,1,1,2400000.0,2
4928,13,65,1,3,16,9,8.0,2,128,2,1,3400000.0,2
4929,7,33,1,0,14,9,8.0,2,128,3,1,5200000.0,2
4930,13,65,1,1,14,9,4.0,2,256,2,1,1300000.0,2
4931,3,36,1,5,12,9,8.0,2,256,3,1,5700000.0,2
4932,1,42,1,0,14,9,16.0,2,512,3,1,32000000.0,2
4933,3,34,1,0,16,9,8.0,2,256,3,1,5999999.0,2
4934,7,87,1,0,14,10,16.0,0,512,2,1,8400000.0,2
4935,7,37,1,1,16,10,16.0,1,512,3,1,7900000.0,2
4936,0,3,1,3,16,8,8.0,2,512,6,1,5900000.0,2
4937,1,39,1,0,14,9,4.0,2,256,3,1,4500000.0,2
4938,7,87,1,9,16,17,8.0,0,512,6,1,9000000.0,0
4939,3,36,1,5,14,9,8.0,2,256,1,1,6700000.0,2
4940,4,17,1,3,14,10,16.0,2,256,1,1,6900000.0,2
4941,2,54,2,0,14,8,4.0,2,320,3,1,1990000.0,2
4942,1,42,1,0,14,10,16.0,2,512,3,1,18600000.0,2
4943,4,18,1,0,14,17,8.0,2,128,3,1,10500000.0,0
4944,4,17,1,0,14,9,8.0,2,256,3,1,7390000.0,2
4945,1,42,1,1,16,10,8.0,2,128,3,1,3000000.0,2
4946,2,5,0,0,16,9,16.0,1,512,3,1,17990000.0,2
4947,3,36,2,5,14,9,8.0,2,256,1,1,5800000.0,2
4948,0,3,1,0,14,9,8.0,2,128,3,1,4000000.0,2
4949,2,94,1,5,16,8,4.0,2,250,3,1,1700000.0,2
4950,3,36,1,1,14,9,4.0,2,128,3,1,5500000.0,2
4951,7,20,1,0,14,9,4.0,2,500,3,1,2450000.0,2
4952,3,57,1,1,16,10,16.0,1,512,6,1,12900000.0,2
4953,7,98,1,12,14,9,16.0,2,512,6,1,13999000.0,2
4954,1,38,1,0,12,9,8.0,2,256,3,1,3333333.0,2
4955,3,36,1,3,14,9,8.0,2,256,1,1,4800000.0,2
4956,7,88,1,0,14,10,16.0,2,256,3,1,9000000.0,2
4957,5,15,0,1,16,9,16.0,1,512,6,1,16500000.0,2
4958,1,39,1,0,14,9,8.0,2,128,3,1,5999999.0,2
4959,1,39,1,1,14,9,8.0,2,256,6,1,3150000.0,2
4960,3,34,0,0,14,9,4.0,2,128,6,1,4500000.0,2
4961,10,10,1,1,12,9,8.0,2,256,3,1,4450000.0,2
4962,1,42,1,1,12,9,8.0,2,120,3,1,5555555.0,2
4963,8,25,1,3,16,10,8.0,1,500,7,1,14500000.0,2
4964,3,57,2,0,16,10,32.0,1,256,1,1,6500000.0,2
4965,0,3,1,0,16,9,8.0,1,512,3,1,5300000.0,2
4966,14,66,1,3,14,9,8.0,2,256,2,1,3900000.0,2
4967,3,36,1,2,14,8,4.0,2,250,3,1,3800000.0,2
4968,0,50,1,3,16,10,8.0,1,512,7,1,15500000.0,2
4969,7,33,1,1,16,9,16.0,1,500,6,1,9500000.0,2
4970,3,36,1,0,14,10,8.0,2,256,1,1,6500000.0,2
4971,8,25,1,0,16,9,8.0,1,512,3,1,8500000.0,2
4972,3,57,2,0,16,10,32.0,1,256,1,1,6600000.0,2
4973,1,39,1,0,14,9,8.0,2,256,3,1,4000000.0,2
4974,1,42,1,0,14,9,8.0,2,128,3,1,6490000.0,2
4975,3,36,1,0,14,9,8.0,2,256,3,1,4999000.0,2
4976,2,94,1,1,16,9,8.0,2,128,6,1,3200000.0,2
4977,0,3,2,0,14,8,1.0,2,256,3,1,400000.0,2
4978,1,47,1,0,14,9,8.0,2,256,6,1,12000000.0,2
4979,4,17,1,3,16,9,8.0,2,256,1,1,7400000.0,2
4980,4,17,1,1,14,10,8.0,2,256,6,1,7800000.0,2
4981,1,42,1,0,14,9,4.0,2,250,1,1,750000.0,2
4982,3,95,1,0,14,9,4.0,1,128,3,1,4000000.0,2
4983,7,88,1,3,14,9,8.0,2,256,1,1,4950000.0,2
4984,9,72,1,0,14,10,16.0,1,1000,1,1,13800000.0,2
4985,7,33,1,1,14,9,4.0,2,128,3,1,3900000.0,2
4986,7,33,1,3,14,8,4.0,2,128,5,1,5900000.0,2
4987,5,15,1,0,12,10,16.0,2,512,3,1,6500000.0,2
4988,2,94,1,0,14,9,8.0,2,256,3,1,6000000.0,2
4989,3,36,1,3,16,9,4.0,2,128,3,1,3700000.0,2
4990,3,13,1,0,10,5,4.0,2,1500,3,1,2250000.0,2
4991,3,57,1,0,16,10,16.0,1,256,3,1,7900000.0,2
4992,1,47,1,1,16,10,16.0,0,256,3,1,14500000.0,2
4993,9,70,0,1,14,9,8.0,2,256,1,1,10990000.0,2
4994,1,47,1,1,14,10,16.0,2,512,3,1,13500000.0,2
4995,5,15,1,1,14,9,16.0,2,512,6,1,7800000.0,2
4996,5,15,0,1,14,17,8.0,2,512,6,1,6990000.0,0
4997,3,36,1,0,14,8,4.0,2,128,1,1,990000.0,2
4998,4,53,0,1,16,11,16.0,1,1000,1,1,26000000.0,2
4999,4,17,1,12,16,10,16.0,2,512,1,1,9700000.0,2
5000,2,96,1,0,16,9,4.0,2,128,3,1,6000000.0,2
5001,3,36,1,1,14,9,8.0,2,512,6,1,5800000.0,2
5002,14,86,1,0,14,8,8.0,2,256,3,1,1200000.0,2
5003,4,55,2,0,14,8,8.0,2,256,3,1,100000.0,2
5004,2,96,1,3,16,9,8.0,1,512,6,1,9600000.0,2
5005,3,36,1,3,16,9,8.0,2,128,2,1,5500000.0,2
5006,3,95,1,1,16,10,8.0,0,1000,6,1,6200000.0,2
5007,1,47,1,0,14,9,8.0,2,256,3,1,114980000.0,2
5008,6,31,0,12,18,10,16.0,2,1000,6,1,29999999.0,2
5009,7,87,1,1,16,10,16.0,1,512,5,1,12800000.0,2
5010,3,36,1,3,14,9,4.0,2,128,1,1,3000000.0,2
5011,2,94,1,3,14,9,8.0,2,120,2,1,5890000.0,2
5012,4,17,1,0,16,6,4.0,1,500,3,1,800000.0,2
5013,1,42,1,3,14,9,8.0,2,256,3,1,6500000.0,2
5014,3,36,1,0,16,9,16.0,2,256,3,1,9500000.0,2
5015,1,47,1,1,14,10,16.0,2,512,1,1,10000000.0,2
5016,2,94,1,3,14,0,4.0,0,500,5,1,1990000.0,0
5017,3,57,1,0,16,14,16.0,1,128,3,1,7500000.0,2
5018,4,17,0,3,14,9,16.0,2,512,1,1,7800000.0,2
5019,4,17,1,3,16,9,4.0,0,128,3,1,2300000.0,2
5020,3,36,1,9,14,9,16.0,2,256,3,1,9300000.0,2
5021,1,44,1,2,14,1,8.0,2,256,1,1,17200000.0,1
5022,0,3,1,0,14,8,2.0,2,500,3,1,1400000.0,2
5023,1,39,1,0,14,9,8.0,2,128,3,1,5800000.0,2
5024,10,10,1,1,14,10,8.0,2,128,2,1,4500000.0,2
5025,1,42,1,0,14,10,16.0,1,500,3,1,3500000.0,2
5026,7,88,1,0,14,8,4.0,2,500,6,1,1900000.0,2
5027,4,18,1,0,16,10,16.0,2,512,1,1,15000000.0,2
5028,7,33,1,12,16,17,8.0,0,512,1,1,7299000.0,0
5029,7,33,1,1,16,9,8.0,1,512,3,1,16000000.0,2
5030,0,3,1,0,12,9,4.0,2,256,3,1,1800000.0,2
5031,13,65,1,0,16,9,8.0,2,128,3,1,1600000.0,2
5032,3,36,1,0,14,10,8.0,2,256,3,1,7500000.0,2
5033,1,42,1,0,14,9,16.0,2,250,3,1,8500000.0,2
5034,1,39,1,0,12,9,8.0,2,120,2,1,4900000.0,2
5035,1,42,1,3,14,9,8.0,2,128,6,1,7900000.0,2
5036,2,94,2,0,14,6,2.0,2,512,3,1,1000000.0,2
5037,3,36,1,0,14,9,8.0,2,256,3,1,2800000.0,2
5038,3,36,1,0,16,9,4.0,1,500,3,1,3300000.0,2
5039,7,88,2,0,14,9,8.0,2,256,3,1,1900000.0,2
5040,7,88,0,9,16,10,32.0,1,512,1,1,17600000.0,2
5041,4,55,1,5,16,9,8.0,1,256,3,1,8490000.0,2
5042,3,36,1,1,14,9,8.0,2,256,1,1,11200000.0,2
5043,7,33,0,12,14,9,8.0,2,512,5,1,6500000.0,2
5044,1,38,1,0,14,9,4.0,2,128,3,1,1700000.0,2
5045,1,40,1,0,14,1,8.0,2,256,6,1,14500000.0,1
5046,2,100,0,1,14,9,8.0,2,512,1,1,16500000.0,2
5047,4,55,1,1,16,8,8.0,2,256,6,1,10000000.0,2
5048,1,42,2,0,16,10,4.0,2,256,3,1,2500000.0,2
5049,4,60,1,3,14,9,8.0,2,128,1,1,3900000.0,2
5050,7,33,1,1,16,9,8.0,2,512,3,1,8200000.0,2
5051,2,0,1,0,16,9,8.0,1,250,3,1,2400000.0,2
5052,4,17,1,5,12,9,4.0,2,128,3,1,3990000.0,2
5053,7,20,1,0,14,8,8.0,2,128,3,1,1800000.0,2
5054,8,26,0,1,16,10,16.0,1,1000,1,1,29990000.0,2
5055,3,57,1,3,16,10,8.0,1,128,3,1,11000000.0,2
5056,1,47,1,1,16,10,16.0,0,256,3,1,11900000.0,2
5057,3,36,1,0,14,9,8.0,2,256,3,1,4000000.0,2
5058,7,88,0,3,14,9,8.0,2,128,3,1,3600000.0,2
5059,3,36,1,5,14,9,4.0,2,250,3,1,3990000.0,2
5060,3,36,1,1,16,10,16.0,2,512,1,1,12600000.0,2
5061,3,36,1,3,16,10,16.0,1,512,3,1,21500000.0,2
5062,1,39,1,0,12,9,64.0,2,120,3,1,3000000.0,2
5063,1,39,1,1,14,9,8.0,2,128,3,1,9800000.0,2
5064,3,2,0,1,18,11,16.0,1,256,1,1,45000000.0,2
5065,7,88,1,5,14,10,16.0,2,512,1,1,17500000.0,2
5066,3,36,1,5,14,9,8.0,2,256,3,1,7490000.0,2
5067,3,97,1,5,16,9,16.0,2,256,1,1,13900000.0,2
5068,2,85,1,1,16,18,16.0,1,512,3,1,12200000.0,0
5069,2,85,1,0,16,17,8.0,1,128,3,1,5800000.0,0
5070,3,97,1,3,14,9,8.0,2,256,3,1,9700000.0,2
5071,12,30,1,1,16,10,8.0,2,512,0,1,12900000.0,2
5072,4,60,1,0,16,9,8.0,2,256,2,1,6200000.0,2
5073,1,47,1,0,16,10,16.0,0,256,3,1,12888000.0,2
5074,0,3,1,1,16,17,8.0,1,256,3,1,8800000.0,0
5075,7,88,1,3,14,10,16.0,2,512,1,1,11500000.0,2
5076,3,36,1,1,14,9,4.0,2,128,1,1,3800000.0,2
5077,1,47,1,3,16,10,16.0,2,512,1,1,14650000.0,2
5078,7,37,0,9,16,10,16.0,1,1000,1,1,31000000.0,2
5079,3,36,1,1,14,10,16.0,2,512,5,1,10300000.0,2
5080,3,36,1,3,14,9,16.0,2,256,2,1,6200000.0,2
5081,7,88,1,0,14,9,16.0,2,256,3,1,6900000.0,2
5082,0,50,0,0,16,10,16.0,1,512,3,1,23000000.0,2
5083,5,15,0,0,14,10,8.0,2,500,6,1,1800000.0,2
5084,2,94,1,5,16,9,4.0,2,120,3,1,3990000.0,2
5085,11,7,1,0,16,10,32.0,1,1000,1,1,9900000.0,2
5086,1,42,1,3,14,9,8.0,2,512,2,1,8400000.0,2
5087,9,80,1,0,14,9,8.0,2,128,1,1,7800000.0,2
5088,11,7,1,1,16,10,16.0,1,512,3,1,19999000.0,2
5089,1,47,1,3,14,9,16.0,2,512,3,1,8500000.0,2
5090,2,96,1,1,14,8,8.0,2,250,6,1,3900000.0,2
5091,3,34,1,0,14,8,4.0,2,128,6,1,3000000.0,2
5092,3,36,1,5,12,9,8.0,2,256,2,1,6700000.0,2
5093,7,33,1,1,14,8,8.0,2,128,3,1,3350000.0,2
5094,2,96,1,3,14,8,8.0,2,128,6,1,3000000.0,2
5095,4,17,1,5,14,9,8.0,2,128,2,1,7300000.0,2
5096,2,96,1,0,14,12,4.0,2,128,7,1,400000.0,2
5097,2,85,1,3,16,18,16.0,1,512,1,1,17650000.0,0
5098,3,36,1,3,14,9,8.0,2,256,3,1,4900000.0,2
5099,4,60,1,3,14,9,16.0,2,256,3,1,4900000.0,2
5100,3,36,1,5,14,9,8.0,2,256,2,1,7800000.0,2
5101,1,42,1,0,16,10,8.0,1,256,3,1,4900000.0,2
5102,9,75,0,0,14,9,8.0,2,512,1,1,14000000.0,2
5103,3,36,1,0,14,9,2.0,2,250,3,1,750000.0,2
5104,7,88,1,0,12,9,8.0,2,256,2,1,5900000.0,2
5105,7,88,1,0,14,9,8.0,1,256,6,1,4200000.0,2
5106,7,88,1,1,14,9,16.0,2,512,1,1,10000000.0,2
5107,7,88,1,0,10,9,4.0,2,128,3,1,4500000.0,2
5108,4,17,1,0,14,9,16.0,2,512,3,1,9800000.0,2
5109,1,40,1,12,14,9,8.0,2,500,3,1,18900000.0,2
5110,5,15,1,0,14,9,8.0,2,256,3,1,5500000.0,2
5111,3,57,1,3,16,14,16.0,1,512,1,1,10500000.0,2
5112,2,85,1,0,16,9,8.0,1,512,3,1,9800000.0,2
5113,2,94,1,9,14,9,8.0,2,256,3,1,9500000.0,2
5114,4,18,1,3,14,10,8.0,2,512,3,1,9000000.0,2
5115,4,55,1,0,16,9,8.0,2,128,6,1,4000000.0,2
5116,9,80,1,0,14,9,16.0,2,256,3,1,10500000.0,2
5117,7,98,1,1,14,8,8.0,2,256,1,1,2900000.0,2
5118,4,99,1,3,16,9,16.0,2,512,1,1,7900000.0,2
5119,2,96,1,3,16,8,4.0,2,128,3,1,3500000.0,2
5120,3,36,1,1,14,10,8.0,2,512,3,1,8600000.0,2
5121,2,94,1,3,16,10,8.0,1,512,6,1,5800000.0,2
5122,3,2,1,0,16,10,16.0,1,256,1,1,8500000.0,2
5123,3,2,1,2,16,10,16.0,1,512,1,1,19500000.0,2
5124,9,72,1,2,14,10,32.0,1,512,1,1,16500000.0,2
5125,3,34,1,3,16,9,8.0,1,256,3,1,7900000.0,2
5126,1,39,1,1,12,9,4.0,2,128,1,1,4000000.0,2
5127,5,15,1,0,16,9,16.0,2,512,3,1,12490000.0,2
5128,2,64,1,9,16,9,4.0,1,128,7,1,5500000.0,2
5129,7,88,1,0,12,9,4.0,2,128,2,1,1300000.0,2
5130,13,65,1,0,14,9,4.0,2,128,6,1,1750000.0,2
5131,3,36,1,1,16,10,8.0,1,128,1,1,2200000.0,2
5132,1,38,1,0,12,9,8.0,2,128,3,1,5400000.0,2
5133,4,17,1,9,14,9,8.0,2,256,1,1,7500000.0,2
5134,3,36,1,0,14,9,4.0,2,500,1,1,2900000.0,2
5135,3,36,1,0,14,9,4.0,2,256,6,1,4200000.0,2
5136,9,77,1,0,14,9,8.0,2,256,3,1,2800000.0,2
5137,2,96,1,1,16,9,8.0,2,512,1,1,4500000.0,2
5138,3,36,0,5,16,9,8.0,2,256,1,1,14500000.0,2
5139,3,36,1,3,12,9,8.0,2,256,3,1,4300000.0,2
5140,3,36,1,3,12,9,8.0,2,256,3,1,4200000.0,2
5141,3,36,1,0,16,9,8.0,2,256,3,1,4400000.0,2
5142,5,15,1,0,14,9,8.0,2,256,3,1,3500000.0,2
5143,4,17,1,1,14,9,4.0,2,128,3,1,2500000.0,2
5144,7,88,1,3,14,10,16.0,2,256,1,1,11500000.0,2
5145,5,15,1,0,12,9,8.0,2,256,2,1,3500000.0,2
5146,3,34,1,0,16,9,8.0,2,500,6,1,3500000.0,2
5147,8,25,1,3,16,9,8.0,1,256,3,1,8990000.0,2
5148,2,94,1,0,14,5,4.0,2,128,3,1,2000000.0,2
5149,7,88,1,0,14,9,8.0,2,256,5,1,4000000.0,2
5150,4,60,1,5,14,10,16.0,2,256,1,1,11900000.0,2
5151,7,33,2,3,16,8,8.0,2,256,5,1,5800000.0,2
5152,3,36,0,0,14,9,16.0,2,256,1,1,13500000.0,2
5153,9,75,1,0,14,9,8.0,2,128,3,1,4500000.0,2
5154,3,34,1,0,14,8,8.0,1,128,3,1,1500000.0,2
5155,1,46,0,1,14,2,8.0,2,512,3,1,31500000.0,1
5156,1,42,0,1,14,9,32.0,2,1000,1,1,50600000.0,2
5157,4,60,1,3,16,10,8.0,2,250,6,1,4600000.0,2
5158,3,36,1,1,14,10,16.0,2,256,3,1,6300000.0,2
5159,4,17,1,3,14,9,8.0,2,256,1,1,6800000.0,2
5160,9,70,1,1,14,9,8.0,2,256,3,1,9800000.0,2
5161,4,60,1,0,14,9,4.0,2,128,3,1,3500000.0,2
5162,3,36,1,0,14,18,16.0,1,256,3,1,7600000.0,0
5163,2,94,1,1,16,8,8.0,2,256,1,1,6900000.0,2
5164,4,17,1,2,14,9,8.0,2,256,3,1,4700000.0,2
5165,2,94,1,1,14,8,8.0,2,128,3,1,3000000.0,2
5166,0,3,0,0,16,9,8.0,2,512,6,1,8500000.0,2
5167,9,70,1,1,14,10,16.0,2,512,3,1,13000000.0,2
5168,3,36,1,1,14,10,16.0,2,256,3,1,8200000.0,2
5169,3,36,1,3,12,10,8.0,2,256,1,1,6400000.0,2
5170,3,36,1,1,16,10,8.0,2,256,3,1,7000000.0,2
5171,4,17,1,3,14,9,8.0,2,256,2,1,6800000.0,2
5172,2,1,1,0,14,9,8.0,2,256,3,1,3900000.0,2
5173,9,70,1,1,14,0,8.0,2,256,1,1,9500000.0,0
5174,3,36,1,1,14,10,16.0,2,256,1,1,9500000.0,2
5175,3,36,1,1,14,10,8.0,2,256,3,1,3700000.0,2
5176,7,88,1,1,14,9,16.0,2,256,3,1,10500000.0,2
5177,4,60,1,0,14,10,8.0,2,256,3,1,5999000.0,2
5178,7,88,1,1,14,10,16.0,2,256,1,1,11000000.0,2
5179,7,88,1,0,14,10,16.0,2,512,3,1,15000000.0,2
5180,4,17,1,0,14,8,8.0,2,512,3,1,4500000.0,2
5181,2,96,1,3,14,8,4.0,2,256,6,1,3700000.0,2
5182,1,42,1,1,16,10,16.0,2,256,1,1,8700000.0,2
5183,8,25,1,1,16,10,16.0,1,1000,3,1,27500000.0,2
5184,4,99,1,5,16,11,64.0,2,1500,1,1,17700000.0,2
5185,9,70,1,1,14,10,16.0,2,512,1,1,4999999.0,2
5186,4,17,1,1,14,9,8.0,2,120,3,1,3500000.0,2
5187,1,47,1,0,16,10,32.0,0,512,3,1,17500000.0,2
5188,0,50,1,0,16,10,16.0,1,1000,3,1,19000000.0,2
5189,4,53,1,1,16,18,32.0,1,512,6,1,12000000.0,0
5190,7,33,1,3,14,8,4.0,2,256,6,1,5200000.0,2
5191,3,57,1,3,18,10,16.0,1,256,1,1,7700000.0,2
5192,2,96,1,1,16,9,8.0,1,256,1,1,4500000.0,2
5193,3,36,1,0,14,10,8.0,2,256,1,1,5000000.0,2
5194,3,36,1,0,14,9,8.0,2,256,3,1,3500000.0,2
5195,8,25,0,0,16,10,16.0,1,1000,6,1,29000000.0,2
5196,14,56,1,0,14,10,8.0,2,256,3,1,2800000.0,2
5197,14,66,2,0,16,9,4.0,2,256,5,1,700000.0,2
5198,3,34,1,1,14,9,8.0,1,256,1,1,11250000.0,2
5199,4,99,1,3,14,9,16.0,2,256,1,1,9700000.0,2
5200,3,36,1,0,14,9,8.0,2,256,3,1,5700000.0,2
5201,1,42,1,0,16,10,8.0,2,256,3,1,5500000.0,2
5202,1,42,1,0,16,10,16.0,2,256,3,1,10500000.0,2
5203,1,39,1,1,14,9,4.0,2,128,1,1,4688000.0,2
5204,2,94,1,0,14,16,8.0,2,512,3,1,5700000.0,0
5205,4,17,0,12,14,9,8.0,2,256,5,1,10700000.0,2
5206,3,36,1,0,12,9,16.0,2,256,3,1,9700000.0,2
5207,3,34,1,0,14,10,8.0,2,256,3,1,7500000.0,2
5208,1,42,1,1,14,10,16.0,2,512,3,1,10300000.0,2
5209,7,33,1,9,14,18,16.0,0,512,3,1,11700000.0,0
5210,1,45,1,9,14,2,16.0,2,512,1,1,39700000.0,1
5211,9,70,1,1,14,10,8.0,2,128,3,1,2500000.0,2
5212,9,79,1,0,14,9,8.0,2,256,3,1,6600000.0,2
5213,3,36,1,3,14,9,8.0,2,256,1,1,4600000.0,2
5214,3,36,1,3,14,9,8.0,2,256,1,1,5300000.0,2
5215,8,25,1,5,14,10,16.0,2,1000,1,1,18600000.0,2
5216,2,64,1,9,16,10,8.0,1,512,5,1,14500000.0,2
5217,3,36,1,1,14,8,8.0,0,480,1,1,3850000.0,2
5218,7,88,1,1,16,0,16.0,1,256,3,1,14500000.0,0
5219,4,14,1,0,14,12,4.0,2,256,3,1,1850000.0,2
5220,3,57,1,0,18,10,16.0,1,500,3,1,6000000.0,2
5221,3,34,1,0,16,8,4.0,2,128,3,1,1300000.0,2
5222,4,17,1,0,16,5,8.0,2,1000,6,1,1700000.0,2
5223,7,88,1,0,20,9,32.0,2,512,2,1,1359000.0,2
5224,3,34,1,0,16,8,4.0,1,500,6,1,3500000.0,2
5225,0,3,1,1,16,9,8.0,1,128,6,1,5200000.0,2
5226,3,36,1,0,9,8,2.0,2,120,6,1,700000.0,2
5227,0,32,1,5,16,10,16.0,1,512,3,1,23300000.0,2
5228,3,36,1,1,14,10,8.0,2,256,3,1,5900000.0,2
5229,2,23,1,5,16,18,16.0,1,512,6,1,12800000.0,0
5230,2,0,1,0,16,8,4.0,2,128,3,1,700000.0,2
5231,9,70,1,0,14,9,8.0,2,256,6,1,4888888.0,2
5232,9,73,1,0,16,9,8.0,2,256,3,1,10000000.0,2
5233,0,3,1,0,14,8,4.0,2,640,3,1,750000.0,2
5234,2,96,1,0,16,8,8.0,2,512,3,1,2300000.0,2
5235,7,88,0,12,16,10,64.0,2,512,6,1,18999000.0,2
5236,3,36,1,3,14,9,8.0,2,256,1,1,7690000.0,2
5237,1,43,1,12,14,1,16.0,2,1000,1,1,29900000.0,1
5238,0,3,1,1,14,8,8.0,2,512,1,1,3200000.0,2
5239,6,31,1,0,14,9,8.0,2,250,6,1,5500000.0,2
5240,7,88,1,1,14,9,8.0,2,256,3,1,5700000.0,2
5241,2,64,1,0,18,9,16.0,1,1000,3,1,6800000.0,2
5242,4,17,0,1,12,9,8.0,2,128,3,1,2650000.0,2
5243,7,88,0,1,14,9,8.0,2,128,1,1,3500000.0,2
5244,2,94,1,0,14,8,8.0,2,512,5,1,10000000.0,2
5245,3,36,1,1,12,9,8.0,2,256,2,1,5500000.0,2
5246,1,42,1,0,16,10,16.0,0,512,3,1,16600000.0,2
5247,0,3,1,1,16,8,8.0,1,128,6,1,2800000.0,2
5248,3,36,1,3,14,10,8.0,2,256,1,1,4800000.0,2
5249,4,55,1,1,14,9,8.0,2,320,3,1,2500000.0,2
5250,3,36,1,1,14,9,4.0,2,320,3,1,1800000.0,2
5251,3,36,0,1,14,9,4.0,2,128,1,1,3000000.0,2
5252,4,17,1,0,14,9,4.0,2,128,3,1,3500000.0,2
5253,3,36,1,3,14,10,8.0,2,256,3,1,4900000.0,2
5254,3,36,1,0,14,10,16.0,2,512,3,1,8500000.0,2
5255,4,17,1,1,14,9,8.0,2,256,1,1,6200000.0,2
5256,3,36,1,0,14,9,8.0,2,256,1,1,3400000.0,2
5257,8,48,1,0,14,8,16.0,2,256,7,1,8000000.0,2
5258,3,34,1,0,16,10,8.0,1,500,3,1,4800000.0,2
5259,7,98,1,1,14,18,16.0,1,512,3,1,12500000.0,0
5260,2,94,1,3,16,9,8.0,1,512,7,1,11500000.0,2
5261,3,97,1,0,14,9,8.0,2,256,1,1,7900000.0,2
5262,7,88,1,3,14,10,16.0,2,512,7,1,14000000.0,2
5263,7,98,1,1,14,17,16.0,0,512,3,1,10200000.0,0
5264,7,87,1,1,14,18,16.0,0,512,3,1,11500000.0,0
5265,7,98,1,1,14,18,16.0,0,512,3,1,16300000.0,0
5266,2,63,1,3,16,18,8.0,1,512,6,1,14900000.0,0
5267,2,94,1,3,16,18,8.0,1,512,6,1,14900000.0,0
5268,1,38,1,0,14,9,8.0,2,256,3,1,4800000.0,2
5269,3,97,0,0,14,9,8.0,2,256,1,1,15000000.0,2
5270,1,41,1,0,14,2,16.0,2,512,3,1,24900000.0,1
5271,1,41,0,1,16,2,8.0,2,256,6,1,28990000.0,1
5272,7,33,2,0,14,9,8.0,2,512,3,1,4000000.0,2
5273,3,36,1,3,16,8,8.0,2,256,2,1,100000.0,2
5274,0,3,1,0,14,8,4.0,2,120,6,1,1500000.0,2
5275,4,17,2,0,16,8,4.0,2,256,3,1,700000.0,2
5276,3,57,1,3,16,14,16.0,1,256,6,1,8800000.0,2
5277,1,42,1,0,16,10,16.0,0,500,3,1,5500000.0,2
5278,7,33,1,0,16,9,16.0,1,512,3,1,8000000.0,2
5279,7,88,1,0,14,9,8.0,2,128,3,1,3500000.0,2
5280,1,46,1,1,14,2,8.0,2,256,1,1,24990000.0,1
5281,7,88,1,3,14,10,16.0,1,512,1,1,13700000.0,2
5282,3,36,1,0,14,9,8.0,2,256,1,1,5200000.0,2
5283,2,85,1,1,16,18,16.0,1,512,3,1,25000000.0,0
5284,7,88,1,1,14,9,4.0,2,320,6,1,1350000.0,2
5285,0,3,1,1,14,9,4.0,2,128,6,1,1850000.0,2
5286,7,88,1,1,14,9,8.0,2,256,3,1,8500000.0,2
5287,7,33,1,1,16,17,8.0,0,256,6,1,7900000.0,0
5288,3,95,1,3,16,9,8.0,0,250,6,1,5750000.0,2
5289,7,88,1,0,16,10,32.0,1,1000,1,1,13500000.0,2
5290,7,88,1,5,16,10,32.0,1,512,1,1,14200000.0,2
5291,8,25,1,5,14,9,8.0,2,256,3,1,8500000.0,2
5292,12,30,2,0,14,10,16.0,2,512,3,1,14990000.0,2
5293,7,33,1,0,14,8,4.0,2,500,3,1,1600000.0,2
5294,7,88,1,0,14,9,16.0,2,256,3,1,7500000.0,2
5295,4,18,1,0,16,10,16.0,2,512,3,1,15500000.0,2
5296,4,60,1,0,16,9,16.0,2,256,3,1,9300000.0,2
5297,2,21,1,0,14,9,8.0,2,512,6,1,10000000.0,2
5298,12,52,1,9,18,9,64.0,2,1500,1,1,400000.0,2
5299,7,88,1,1,14,10,32.0,2,512,3,1,9000000.0,2
5300,3,36,0,3,16,17,8.0,1,512,1,1,16990000.0,0
5301,3,34,1,0,16,9,8.0,2,320,3,1,500000.0,2
5302,3,57,1,0,18,10,64.0,1,1500,1,1,21500000.0,2
5303,3,57,1,1,16,10,32.0,1,512,3,1,8900000.0,2
5304,3,36,0,1,14,10,8.0,2,256,1,1,4699999.0,2
5305,3,36,1,0,14,9,8.0,2,256,3,1,300000.0,2
5306,9,76,1,0,14,9,4.0,2,128,3,1,2000000.0,2
5307,2,94,1,3,16,9,8.0,1,512,3,1,8900000.0,2
5308,7,88,1,3,14,10,32.0,2,512,1,1,29990000.0,2
5309,3,95,1,0,16,8,8.0,2,256,3,1,3199000.0,2
5310,3,34,1,1,14,9,8.0,2,256,3,1,7500000.0,2
5311,2,85,1,9,16,10,8.0,1,512,6,1,17800000.0,2
5312,1,39,1,0,14,9,16.0,2,256,3,1,11500000.0,2
5313,3,36,0,1,14,9,8.0,2,256,1,1,5100000.0,2
5314,3,34,1,0,16,9,8.0,2,256,6,1,11200000.0,2
5315,1,42,1,0,14,9,8.0,2,256,2,1,5500000.0,2
5316,2,100,1,1,12,17,8.0,1,256,3,1,8500000.0,0
5317,3,36,1,3,16,9,16.0,1,512,1,1,12000000.0,2
5318,0,3,1,0,16,8,4.0,2,500,3,1,1100000.0,2
5319,3,36,0,1,14,9,8.0,2,256,1,1,4399999.0,2
5320,7,87,1,0,14,9,8.0,2,512,3,1,9500000.0,2
5321,3,34,0,9,16,10,16.0,2,512,1,1,16300000.0,2
5322,2,85,1,1,16,9,8.0,1,512,5,1,12000000.0,2
5323,0,50,1,3,16,9,16.0,1,512,6,1,18500000.0,2
5324,8,48,0,12,14,8,8.0,2,512,5,1,9000000.0,2
5325,1,42,1,0,14,9,8.0,2,128,3,1,12000000.0,2
5326,3,34,1,0,14,9,4.0,2,120,6,1,1500000.0,2
5327,3,34,1,1,14,9,8.0,2,120,6,1,2000000.0,2
5328,3,95,1,0,14,9,4.0,2,128,2,1,1800000.0,2
5329,7,88,1,0,14,10,4.0,2,128,1,1,5000000.0,2
5330,4,17,1,1,14,9,8.0,2,256,3,1,5890000.0,2
5331,10,10,1,1,12,9,8.0,2,256,3,1,3900000.0,2
5332,2,94,2,0,14,9,4.0,2,256,3,1,2100000.0,2
5333,7,88,1,1,14,9,8.0,2,256,3,1,5500000.0,2
5334,3,34,1,0,14,6,2.0,2,320,2,1,1000000.0,2
5335,8,25,1,5,14,9,8.0,2,256,3,1,8500000.0,2
5336,2,94,1,0,14,8,2.0,2,256,3,1,1100000.0,2
5337,3,34,2,0,14,8,2.0,2,256,3,1,600000.0,2
5338,7,88,1,0,14,9,6.0,2,500,3,1,1700000.0,2
5339,1,42,1,3,14,9,8.0,2,512,1,1,12900000.0,2
5340,5,15,1,0,14,9,8.0,2,128,2,1,3650000.0,2
5341,4,17,1,1,14,9,4.0,2,500,3,1,2600000.0,2
5342,1,42,1,1,14,9,8.0,2,256,2,1,6300000.0,2
5343,1,47,1,0,14,10,16.0,2,512,1,1,16000000.0,2
5344,3,36,1,0,14,9,8.0,2,256,3,1,6100000.0,2
5345,2,23,1,3,16,18,16.0,1,512,6,1,11900000.0,0
5346,3,36,1,1,14,9,4.0,2,500,3,1,2650000.0,2
5347,3,36,1,0,12,9,8.0,2,256,3,1,2300000.0,2
5348,3,36,1,3,12,9,8.0,2,256,1,1,5000000.0,2
5349,3,36,1,3,14,10,16.0,2,512,1,1,11999999.0,2
5350,1,40,1,0,14,1,8.0,2,256,6,1,12300000.0,1
5351,3,57,1,3,16,10,16.0,1,512,3,1,12490000.0,2
5352,7,33,1,3,16,9,8.0,2,512,1,1,10590000.0,2
5353,4,55,1,3,16,9,8.0,2,512,6,1,9000000.0,2
5354,4,17,1,0,12,9,8.0,2,256,2,1,2800000.0,2
5355,3,34,0,0,14,8,8.0,2,256,1,1,5900000.0,2
5356,4,68,1,0,14,9,8.0,2,256,3,1,1200000.0,2
5357,14,66,1,1,14,9,8.0,2,256,3,1,2590000.0,2
5358,4,51,0,3,18,10,16.0,2,512,1,1,10990000.0,2
5359,3,36,1,5,14,10,16.0,2,256,1,1,15900000.0,2
5360,5,15,1,1,14,9,4.0,0,128,3,1,3900000.0,2
5361,3,34,1,0,14,9,8.0,2,128,2,1,3800000.0,2
5362,3,36,1,0,14,10,16.0,2,256,3,1,10990000.0,2
5363,3,36,1,0,14,9,8.0,2,256,3,1,3700000.0,2
5364,7,88,1,1,14,9,8.0,2,256,3,1,3700000.0,2
5365,1,40,1,5,14,1,8.0,2,256,6,1,13986000.0,1
5366,1,42,1,0,14,9,8.0,2,128,3,1,5900000.0,2
5367,9,70,1,0,14,10,16.0,2,512,2,1,5900000.0,2
5368,3,36,1,0,20,8,4.0,1,120,3,1,3200000.0,2
5369,4,17,0,1,14,9,8.0,2,256,1,1,4500000.0,2
5370,12,30,1,0,14,10,8.0,2,512,3,1,15990000.0,2
5371,4,18,1,0,16,10,16.0,2,1000,3,1,3250000.0,2
5372,7,88,1,1,14,10,32.0,2,512,3,1,16999999.0,2
5373,4,55,1,0,14,8,4.0,2,500,3,1,2800000.0,2
5374,3,34,1,0,14,10,16.0,2,512,3,1,16500000.0,2
5375,8,27,1,0,14,10,16.0,1,512,3,1,10500000.0,2
5376,14,56,1,1,14,9,8.0,2,256,2,1,3390000.0,2
5377,3,36,1,0,16,9,4.0,2,500,3,1,1999999.0,2
5378,5,15,1,1,14,9,8.0,2,256,3,1,700000.0,2
5379,7,88,1,0,14,9,4.0,2,128,3,1,1300000.0,2
5380,3,57,1,0,16,10,8.0,1,128,3,1,4000000.0,2
5381,7,88,1,1,14,17,8.0,0,256,3,1,7800000.0,0
5382,1,40,1,1,14,9,8.0,2,256,6,1,15900000.0,2
5383,4,55,1,0,16,9,8.0,2,128,1,1,4600000.0,2
5384,13,92,1,0,14,9,8.0,2,256,2,1,3200000.0,2
5385,3,97,1,1,14,9,8.0,2,512,3,1,19990000.0,2
5386,3,36,1,3,14,9,8.0,2,256,1,1,3900000.0,2
5387,0,3,1,0,16,9,8.0,1,256,6,1,5800000.0,2
5388,3,36,1,0,14,6,2.0,2,320,3,1,1050000.0,2
5389,2,94,1,0,14,9,8.0,2,256,3,1,6500000.0,2
5390,0,3,0,12,10,8,6.0,2,256,0,1,2200000.0,2
5391,3,36,1,1,12,9,8.0,2,128,2,1,4150000.0,2
5392,3,36,1,0,12,9,8.0,2,256,3,1,3600000.0,2
5393,4,17,1,1,12,10,8.0,2,256,3,1,4000000.0,2
5394,3,36,0,3,12,9,8.0,2,256,3,1,4280000.0,2
5395,7,88,1,3,14,9,16.0,2,512,3,1,11490000.0,2
5396,4,60,1,1,16,9,8.0,2,256,2,1,5300000.0,2
5397,3,57,1,0,14,10,8.0,2,256,1,1,7000000.0,2
5398,3,34,1,1,16,8,4.0,2,120,6,1,2200000.0,2
5399,4,17,1,3,14,10,8.0,2,256,1,1,7600000.0,2
5400,1,38,2,1,16,10,8.0,2,256,1,1,6800000.0,2
5401,4,93,0,12,16,17,8.0,1,512,6,1,16300000.0,0
5402,3,36,1,1,14,9,8.0,2,256,5,1,4599000.0,2
5403,4,53,1,3,16,10,16.0,1,256,2,1,8500000.0,2
5404,0,3,1,0,14,0,4.0,0,250,7,1,1500000.0,0
5405,4,17,1,0,16,5,4.0,2,500,1,1,1300000.0,2
5406,4,17,1,0,12,9,8.0,2,640,3,1,2000000.0,2
5407,4,17,1,1,16,9,8.0,2,120,6,1,5300000.0,2
5408,1,42,1,5,14,10,16.0,2,256,3,1,12500000.0,2
5409,1,47,1,0,14,9,16.0,2,512,3,1,15990000.0,2
5410,2,89,1,0,16,8,4.0,0,500,3,1,4500000.0,2
5411,4,60,1,0,16,8,8.0,2,250,3,1,2950000.0,2
5412,0,50,1,3,16,9,16.0,1,512,3,1,15500000.0,2
5413,1,43,1,12,14,1,16.0,2,1000,3,1,27000000.0,1
5414,2,96,1,0,16,9,4.0,1,128,3,1,3500000.0,2
5415,2,94,1,0,14,9,4.0,2,256,3,1,7990000.0,2
5416,3,36,1,3,14,8,8.0,2,128,3,1,4200000.0,2
5417,3,95,1,0,16,9,8.0,2,250,3,1,3800000.0,2
5418,4,60,1,1,16,9,8.0,2,256,3,1,5790000.0,2
5419,1,42,1,0,14,9,8.0,2,256,1,1,3000000.0,2
5420,4,17,1,3,14,9,8.0,2,256,2,1,6500000.0,2
5421,3,57,1,3,16,10,16.0,1,256,1,1,9200000.0,2
5422,3,36,1,0,14,8,4.0,1,128,3,1,3190000.0,2
5423,1,40,0,1,14,1,8.0,2,256,6,1,15800000.0,1
5424,3,36,1,5,14,9,16.0,2,512,1,1,11000000.0,2
5425,4,17,1,3,14,9,8.0,2,256,3,1,6700000.0,2
5426,2,1,1,1,16,9,8.0,1,128,6,1,3500000.0,2
5427,7,88,1,3,14,9,8.0,2,256,1,1,5500000.0,2
5428,9,73,1,0,16,10,16.0,2,1000,6,1,11500000.0,2
5429,3,36,2,0,14,9,8.0,1,120,3,1,1900000.0,2
5430,2,94,1,0,14,9,8.0,2,128,5,1,4500000.0,2
5431,7,98,1,0,16,9,8.0,2,512,1,1,8499000.0,2
5432,3,36,1,3,14,9,16.0,2,256,3,1,6850000.0,2
5433,1,41,0,1,14,2,16.0,2,256,6,1,27200000.0,1
5434,1,39,1,0,14,9,4.0,2,128,3,1,4500000.0,2
5435,4,18,1,3,16,17,16.0,0,512,3,1,9990000.0,0
5436,0,50,0,3,16,10,8.0,1,512,6,1,15999999.0,2
5437,1,42,1,0,16,10,16.0,0,750,3,1,5250000.0,2
5438,3,36,1,0,14,9,8.0,2,256,1,1,6000000.0,2
5439,9,81,1,0,14,9,8.0,2,256,3,1,20500000.0,2
5440,0,3,0,9,16,9,8.0,2,256,5,1,9800000.0,2
5441,7,33,1,0,14,8,2.0,0,320,1,1,560000.0,2
5442,13,92,1,0,16,8,2.0,1,500,3,1,799900.0,2
5443,7,88,1,0,16,8,4.0,2,128,3,1,2000000.0,2
5444,4,17,1,5,12,10,4.0,2,120,3,1,5000000.0,2
5445,1,47,1,1,14,9,16.0,2,256,3,1,12888000.0,2
5446,2,94,1,5,16,8,4.0,2,256,6,1,6500000.0,2
5447,3,34,1,0,14,9,16.0,2,256,1,1,2690000.0,2
5448,1,39,1,0,14,9,8.0,2,256,1,1,6499000.0,2
5449,2,94,1,3,16,9,8.0,1,256,3,1,6800000.0,2
5450,5,15,1,0,14,9,4.0,2,256,3,1,3900000.0,2
5451,8,25,1,3,16,9,16.0,1,512,7,1,13500000.0,2
5452,1,43,1,9,16,1,32.0,2,512,6,1,42500000.0,1
5453,3,36,2,3,14,9,8.0,2,256,3,1,5900000.0,2
5454,0,50,1,9,16,17,8.0,1,512,7,1,21900000.0,0
5455,4,55,1,0,16,8,4.0,2,500,6,1,1500000.0,2
5456,2,94,1,1,16,8,16.0,0,640,3,1,2000000.0,2
5457,1,43,0,1,16,1,64.0,2,256,6,1,72500000.0,1
5458,3,36,0,0,14,9,8.0,2,256,1,1,11500000.0,2
5459,3,2,1,3,16,10,16.0,1,256,2,1,10800000.0,2
5460,3,95,1,1,14,9,8.0,2,256,3,1,2900000.0,2
5461,0,3,1,3,14,8,6.0,0,500,3,1,4500000.0,2
5462,3,2,1,0,14,9,8.0,1,256,1,1,14900000.0,2
5463,4,17,1,1,16,8,8.0,2,256,3,1,6300000.0,2
5464,4,17,1,0,14,10,8.0,2,256,3,1,3200000.0,2
5465,2,96,1,1,16,5,4.0,2,128,3,1,2500000.0,2
5466,3,57,0,3,16,10,16.0,1,512,1,1,14900000.0,2
5467,5,15,1,0,16,10,4.0,2,256,3,1,4700000.0,2
5468,1,39,1,1,14,9,4.0,2,128,3,1,7000000.0,2
5469,14,66,1,9,14,11,4.0,2,256,8,1,2000000.0,2
5470,5,15,1,0,14,9,8.0,1,256,3,1,5700000.0,2
5471,1,40,1,5,14,1,8.0,2,256,6,1,15800000.0,1
5472,4,17,1,0,12,9,8.0,2,256,2,1,5100000.0,2
5473,3,97,1,0,16,10,16.0,1,512,1,1,18000000.0,2
5474,2,94,1,1,14,8,4.0,2,256,3,1,5000000.0,2
5475,4,60,1,0,14,9,8.0,2,500,2,1,5500000.0,2
5476,3,95,1,3,16,9,8.0,1,512,6,1,8500000.0,2
5477,1,39,1,1,14,9,16.0,0,512,1,1,13800000.0,2
5478,2,94,1,1,16,18,8.0,1,512,3,1,8500000.0,0
5479,4,17,1,0,14,10,8.0,2,256,3,1,7000000.0,2
5480,3,34,1,1,14,9,4.0,2,128,6,1,1850000.0,2
5481,2,85,1,1,16,9,8.0,1,512,3,1,13200000.0,2
5482,7,88,0,0,16,18,8.0,1,512,3,1,19900000.0,0
5483,9,71,1,0,14,9,8.0,2,256,1,1,5999000.0,2
5484,9,74,1,0,10,12,8.0,2,128,1,1,3199000.0,2
5485,1,41,1,0,14,2,8.0,2,256,6,1,22000000.0,1
5486,3,34,1,0,14,10,8.0,1,640,3,1,8800000.0,2
5487,3,57,1,0,16,11,16.0,1,700,3,1,20990000.0,2
5488,3,36,1,5,16,10,16.0,1,512,1,1,8500000.0,2
5489,1,47,1,0,14,10,16.0,2,512,3,1,17500000.0,2
5490,1,42,1,0,16,9,16.0,2,256,3,1,13000000.0,2
5491,0,3,1,5,14,8,2.0,0,500,7,1,1650000.0,2
5492,3,36,1,0,14,9,8.0,2,120,3,1,3200000.0,2
5493,3,36,1,3,14,9,4.0,2,128,1,1,2200000.0,2
5494,3,97,1,0,14,10,16.0,2,250,3,1,8999999.0,2
5495,4,55,1,0,16,9,4.0,2,256,6,1,8000000.0,2
5496,0,50,1,0,16,9,8.0,1,512,3,1,14500000.0,2
5497,13,92,1,0,14,9,4.0,2,500,3,1,1400000.0,2
5498,0,3,1,0,16,5,8.0,2,256,3,1,2190000.0,2
5499,4,68,0,3,14,10,16.0,2,512,1,1,24900000.0,2
5500,4,55,1,3,14,12,4.0,2,256,7,1,3300000.0,2
5501,9,73,1,0,14,9,8.0,2,256,2,1,7900000.0,2
5502,2,96,1,3,14,5,4.0,2,128,5,1,2500000.0,2
5503,4,17,1,1,14,9,8.0,2,256,2,1,5000000.0,2
5504,2,94,1,0,14,8,8.0,1,256,3,1,4500000.0,2
5505,2,94,1,0,14,5,4.0,2,128,3,1,1650000.0,2
5506,1,39,1,0,14,9,4.0,2,256,3,1,5500000.0,2
5507,1,39,1,0,14,9,8.0,2,256,3,1,5900000.0,2
5508,7,33,0,12,14,9,8.0,2,512,3,1,6500000.0,2
5509,9,72,1,1,14,10,8.0,1,256,1,1,6500000.0,2
5510,3,34,1,0,16,9,4.0,1,128,6,1,1900000.0,2
5511,4,17,1,1,14,10,16.0,2,512,6,1,12900000.0,2
5512,3,97,1,0,14,10,16.0,2,512,3,1,1050000.0,2
5513,3,36,1,3,16,0,8.0,0,256,3,1,4400000.0,0
5514,2,85,1,0,14,9,16.0,2,512,3,1,12000000.0,2
5515,1,41,1,9,14,2,8.0,2,256,6,1,22500000.0,1
5516,3,95,1,0,16,9,8.0,2,250,3,1,4300000.0,2
5517,1,42,1,0,14,9,4.0,2,320,3,1,2700000.0,2
5518,4,17,1,0,14,9,8.0,2,256,3,1,4300000.0,2
5519,4,17,1,0,21,5,4.0,2,120,3,1,2300000.0,2
5520,2,96,1,0,16,8,8.0,1,500,6,1,3000000.0,2
5521,3,36,1,0,16,10,4.0,2,250,3,1,1450000.0,2
5522,3,36,1,1,12,9,8.0,2,128,2,1,3990000.0,2
5523,3,95,1,0,16,17,16.0,0,512,3,1,9800000.0,0
5524,8,25,1,1,16,9,8.0,1,512,6,1,9500000.0,2
5525,1,42,1,0,14,9,8.0,2,128,3,1,10500000.0,2
5526,3,36,0,1,16,10,16.0,2,1000,1,1,25000000.0,2
5527,3,36,1,0,14,10,16.0,2,256,3,1,17000000.0,2
5528,1,47,1,0,16,10,16.0,2,1000,1,1,10000000.0,2
5529,3,57,1,1,16,10,32.0,1,1000,1,1,24500000.0,2
5530,3,36,1,0,12,9,8.0,2,128,3,1,3800000.0,2
5531,1,40,1,1,14,1,16.0,2,1000,3,1,24000000.0,1
5532,3,36,1,9,14,9,16.0,2,512,1,1,10500000.0,2
5533,10,10,1,3,12,9,8.0,2,256,3,1,3700000.0,2
5534,3,34,1,0,16,9,4.0,2,500,3,1,1850000.0,2
5535,3,58,1,0,16,9,8.0,1,480,1,1,2800000.0,2
5536,3,57,1,0,16,10,16.0,1,250,1,1,10500000.0,2
5537,2,100,1,1,14,17,8.0,1,256,1,1,8300000.0,0
5538,0,3,1,0,16,9,16.0,1,1000,3,1,8900000.0,2
5539,4,55,1,0,16,9,8.0,2,128,6,1,5000000.0,2
5540,3,36,1,3,14,9,8.0,2,256,1,1,7500000.0,2
5541,3,34,1,3,14,10,16.0,2,512,2,1,10500000.0,2
5542,2,94,2,0,14,8,4.0,2,500,3,1,2800000.0,2
5543,3,36,1,3,14,9,8.0,2,256,6,1,6700000.0,2
5544,7,88,1,1,12,9,8.0,2,256,2,1,2900000.0,2
5545,4,60,1,0,14,8,6.0,2,500,3,1,1100000.0,2
5546,3,36,1,1,14,9,8.0,2,256,5,1,5900000.0,2
5547,7,88,1,1,14,9,8.0,2,128,3,1,3800000.0,2
5548,3,57,1,1,18,10,32.0,1,1000,1,1,22000000.0,2
5549,4,60,1,1,14,9,8.0,2,128,3,1,2600000.0,2
5550,7,88,1,1,12,9,8.0,2,128,3,1,3499000.0,2
5551,1,39,1,1,14,9,8.0,2,256,3,1,3199000.0,2
5552,7,88,1,0,14,10,16.0,2,256,3,1,8200000.0,2
5553,3,36,1,1,14,9,8.0,2,256,1,1,6900000.0,2
5554,9,70,1,1,14,10,16.0,0,256,6,1,20900000.0,2
5555,3,95,1,0,16,9,8.0,2,500,3,1,8000000.0,2
5556,1,39,1,0,14,10,8.0,2,256,3,1,6500000.0,2
5557,2,85,1,0,16,0,16.0,1,512,6,1,22000000.0,0
5558,4,17,1,1,12,9,8.0,2,128,1,1,2700000.0,2
5559,2,96,1,1,14,8,8.0,2,250,6,1,1700000.0,2
5560,4,60,1,3,14,9,8.0,2,256,1,1,5000000.0,2
5561,1,42,1,0,16,10,16.0,2,500,2,1,3500000.0,2
5562,7,33,1,1,14,10,4.0,2,256,6,1,6800000.0,2
5563,3,36,1,1,14,10,16.0,2,512,1,1,9200000.0,2
5564,7,33,1,3,16,8,8.0,2,512,6,1,6200000.0,2
5565,3,36,1,1,12,9,8.0,2,256,2,1,4200000.0,2
5566,0,50,1,9,16,9,8.0,1,512,3,1,15490000.0,2
5567,3,95,1,3,14,9,4.0,2,250,3,1,5790000.0,2
5568,1,47,1,3,16,11,16.0,0,512,1,1,19500000.0,2
5569,8,8,1,3,16,18,8.0,0,512,6,1,12200000.0,0
5570,1,42,1,9,14,9,8.0,2,256,1,1,15000000.0,2
5571,8,25,1,3,16,9,16.0,1,512,6,1,13900000.0,2
5572,2,94,1,3,16,9,8.0,1,512,6,1,7700000.0,2
5573,3,36,1,1,14,10,8.0,2,256,3,1,5400000.0,2
5574,3,36,1,1,14,9,8.0,2,256,1,1,6200000.0,2
5575,3,57,1,3,16,10,32.0,1,512,1,1,32900000.0,2
5576,4,17,1,1,14,9,4.0,2,500,3,1,2550000.0,2
5577,2,94,1,0,18,9,4.0,0,512,6,1,5500000.0,2
5578,3,97,1,0,12,9,16.0,2,256,6,1,6500000.0,2
5579,7,88,1,0,14,10,16.0,2,512,1,1,16800000.0,2
5580,4,60,1,3,14,10,16.0,2,512,1,1,10500000.0,2
5581,2,85,1,9,16,17,16.0,0,512,3,1,9900000.0,0
5582,3,97,1,1,14,10,8.0,2,256,1,1,4600000.0,2
5583,4,51,1,3,16,8,4.0,2,128,3,1,2500000.0,2
5584,1,39,1,0,12,9,8.0,2,128,3,1,5900000.0,2
5585,0,3,1,0,16,9,8.0,2,500,3,1,2500000.0,2
5586,2,94,1,3,16,9,8.0,2,512,6,1,12000000.0,2
5587,3,36,1,0,14,9,4.0,2,128,1,1,1600000.0,2
5588,9,78,1,1,12,9,4.0,2,128,2,1,4700000.0,2
5589,4,51,1,5,16,8,4.0,2,256,1,1,3200000.0,2
5590,3,57,0,9,16,11,32.0,1,1000,3,1,81990000.0,2
5591,9,79,1,3,12,10,8.0,2,256,1,1,7999999.0,2
5592,3,57,1,3,16,10,16.0,1,512,3,1,9300000.0,2
5593,7,88,1,0,14,9,16.0,2,512,2,1,5300000.0,2
5594,7,33,1,9,12,12,4.0,2,256,6,1,3500000.0,2
5595,3,36,1,3,14,9,8.0,2,256,1,1,5900000.0,2
5596,1,46,1,0,14,2,8.0,2,512,3,1,26500000.0,1
5597,1,39,1,0,12,9,4.0,2,256,3,1,2900000.0,2
5598,4,14,1,0,16,6,4.0,2,250,1,1,1200000.0,2
5599,4,51,1,0,16,10,8.0,1,512,6,1,9900000.0,2
5600,7,88,1,1,14,10,16.0,2,256,1,1,16500000.0,2
5601,14,66,1,0,14,9,4.0,2,500,2,1,900000.0,2
5602,7,33,1,5,14,10,8.0,2,512,1,1,10500000.0,2
5603,4,55,1,0,16,9,8.0,2,256,1,1,6500000.0,2
5604,3,24,1,3,16,10,8.0,1,512,1,1,13500000.0,2
5605,2,96,1,5,16,9,8.0,2,512,3,1,8500000.0,2
5606,12,30,1,0,14,10,16.0,2,512,3,1,17500000.0,2
5607,4,51,1,0,16,0,4.0,2,128,3,1,1250000.0,0
5608,1,47,1,0,14,9,8.0,2,256,3,1,12500000.0,2
5609,7,88,1,3,14,10,8.0,2,512,6,1,13990000.0,2
5610,4,17,1,0,14,8,4.0,2,500,3,1,3300000.0,2
5611,3,57,1,1,16,10,16.0,1,512,1,1,15000000.0,2
5612,2,21,1,0,14,9,6.0,1,128,7,1,1650000.0,2
5613,3,97,1,0,14,10,16.0,2,256,3,1,10990000.0,2
5614,4,55,1,0,14,8,8.0,2,128,1,1,5000000.0,2
5615,2,35,2,0,16,9,8.0,1,256,3,1,3500000.0,2
5616,4,55,1,3,14,9,8.0,2,256,6,1,7900000.0,2
5617,13,16,1,0,16,9,4.0,1,500,3,1,800000.0,2
5618,9,70,1,0,12,9,8.0,2,256,3,1,9500000.0,2
5619,12,62,1,0,12,8,2.0,2,512,0,1,700000.0,2
5620,4,14,1,1,14,6,8.0,2,256,3,1,1000000.0,2
5621,7,88,1,0,16,8,4.0,1,256,3,1,400000.0,2
5622,3,36,1,3,14,10,16.0,1,256,1,1,7500000.0,2
5623,2,96,1,0,16,9,8.0,1,500,3,1,6000000.0,2
5624,3,36,1,3,14,10,8.0,2,256,1,1,7900000.0,2
5625,3,36,1,0,14,9,8.0,2,128,1,1,3000000.0,2
5626,4,17,1,0,16,10,16.0,1,512,3,1,14500000.0,2
5627,9,75,0,0,16,9,16.0,1,512,1,1,29900000.0,2
5628,4,60,1,5,14,9,16.0,2,512,1,1,7900000.0,2
5629,4,55,1,1,14,9,8.0,2,256,1,1,6200000.0,2
5630,3,36,1,0,12,9,8.0,2,128,1,1,3500000.0,2
5631,3,36,1,0,14,10,16.0,2,512,3,1,6000000.0,2
5632,1,47,1,3,16,11,16.0,1,512,1,1,16500000.0,2
5633,3,57,1,1,18,10,32.0,1,1000,1,1,13000000.0,2
5634,4,17,0,3,14,9,8.0,2,256,1,1,6800000.0,2
5635,1,47,1,1,14,9,16.0,2,256,1,1,9200000.0,2
5636,3,36,1,3,14,9,4.0,2,128,1,1,2400000.0,2
5637,1,39,2,0,14,10,8.0,2,128,3,1,4000000.0,2
5638,5,15,1,0,14,9,8.0,2,512,3,1,6500000.0,2
5639,3,57,1,1,16,14,32.0,1,1500,1,1,28500000.0,2
5640,3,36,0,3,16,10,16.0,2,512,1,1,12900000.0,2
5641,3,36,1,1,14,9,16.0,2,512,1,1,12700000.0,2
5642,3,95,1,0,14,9,8.0,1,256,3,1,3000000.0,2
5643,3,36,1,0,14,9,8.0,2,128,3,1,390000.0,2
5644,3,36,1,1,14,9,8.0,2,256,1,1,13000000.0,2
5645,5,15,1,3,12,9,8.0,2,128,2,1,1000000.0,2
5646,4,17,1,0,16,10,16.0,1,512,3,1,14000000.0,2
5647,3,36,1,0,14,10,8.0,0,480,3,1,3500000.0,2
5648,9,77,1,3,14,9,8.0,2,256,6,1,4500000.0,2
5649,7,88,0,3,16,9,16.0,1,512,1,1,22990000.0,2
5650,1,42,1,3,16,10,8.0,2,128,1,1,4800000.0,2
5651,8,25,1,1,16,10,8.0,1,512,6,1,15450000.0,2
5652,8,25,2,0,16,10,8.0,2,512,6,1,9200000.0,2
5653,3,36,1,0,12,9,8.0,2,128,1,1,3200000.0,2
5654,4,17,1,3,16,10,8.0,2,512,3,1,9800000.0,2
5655,4,13,1,5,16,9,8.0,2,500,1,1,6500000.0,2
5656,1,39,1,1,14,9,8.0,2,128,1,1,6500000.0,2
5657,0,50,1,1,16,9,16.0,1,512,6,1,12950000.0,2
5658,3,34,1,1,16,9,8.0,2,256,6,1,4900000.0,2
5659,14,66,1,0,14,9,8.0,2,128,3,1,3700000.0,2
5660,3,36,1,3,14,9,8.0,2,256,1,1,4300000.0,2
5661,3,36,1,3,14,10,16.0,2,512,1,1,14980000.0,2
5662,0,3,1,0,14,8,4.0,2,500,3,1,1800000.0,2
5663,3,95,1,0,14,8,8.0,2,250,3,1,1000000.0,2
5664,1,43,1,1,14,1,8.0,2,256,3,1,13900000.0,1
5665,2,90,1,3,14,9,8.0,1,750,7,1,7200000.0,2
5666,1,40,1,0,14,1,16.0,2,256,1,1,20000000.0,1
5667,14,66,1,3,14,9,8.0,2,512,2,1,6800000.0,2
5668,0,50,1,1,16,9,16.0,1,256,3,1,7300000.0,2
5669,3,34,1,1,14,9,8.0,2,750,5,1,5199999.0,2
5670,9,73,1,3,14,9,8.0,2,256,6,1,7000000.0,2
5671,4,17,1,0,12,9,8.0,2,256,3,1,4800000.0,2
5672,8,25,1,0,16,10,8.0,1,512,3,1,12500000.0,2
5673,3,34,1,0,14,9,4.0,2,128,3,1,2500000.0,2
5674,3,57,1,3,18,10,16.0,1,512,1,1,28900000.0,2
5675,3,34,0,1,14,10,16.0,2,512,1,1,14000000.0,2
5676,3,24,1,0,16,17,16.0,1,512,6,1,14800000.0,0
5677,3,57,1,3,16,10,16.0,1,512,3,1,12499000.0,2
5678,1,42,1,0,14,10,16.0,2,256,3,1,5000000.0,2
5679,7,88,2,9,14,9,16.0,2,512,3,1,17000000.0,2
5680,3,36,1,1,14,9,4.0,2,128,1,1,2500000.0,2
5681,1,42,1,0,14,8,4.0,2,128,3,1,3000000.0,2
5682,7,33,1,0,14,8,4.0,2,128,3,1,4400000.0,2
5683,4,17,1,1,14,10,16.0,2,1000,3,1,23000000.0,2
5684,0,3,1,0,16,8,4.0,2,500,6,1,1200000.0,2
5685,3,95,1,3,16,9,4.0,1,256,6,1,10999999.0,2
5686,2,94,1,1,14,0,4.0,2,256,3,1,4600000.0,0
5687,1,39,1,0,14,9,8.0,2,128,3,1,6500000.0,2
5688,5,15,1,0,14,10,16.0,2,512,2,1,4500000.0,2
5689,7,88,1,0,14,9,4.0,0,256,8,1,2290000.0,2
5690,4,60,1,3,14,9,8.0,2,256,1,1,7999999.0,2
5691,2,94,1,0,16,5,4.0,2,750,3,1,4100000.0,2
5692,5,15,1,3,16,9,8.0,2,512,7,1,7500000.0,2
5693,3,36,1,0,16,9,4.0,1,128,3,1,1800000.0,2
5694,3,95,1,3,14,9,8.0,2,256,3,1,7800000.0,2
5695,0,50,1,3,16,9,16.0,1,512,6,1,14500000.0,2
5696,1,40,1,0,14,1,8.0,2,256,0,1,15300000.0,1
5697,1,39,1,0,14,9,4.0,0,120,1,1,3200000.0,2
5698,2,0,1,0,16,9,6.0,2,1000,2,1,1250000.0,2
5699,3,97,1,3,16,10,16.0,1,256,1,1,12500000.0,2
5700,4,60,1,0,14,9,8.0,2,700,3,1,200000.0,2
5701,3,57,1,1,16,10,32.0,2,512,3,1,12000000.0,2
5702,4,55,1,1,16,8,8.0,2,256,6,1,6500000.0,2
5703,1,40,1,3,14,1,16.0,2,512,2,1,19000000.0,1
5704,3,36,1,0,12,10,8.0,2,256,3,1,6990000.0,2
5705,3,24,1,0,16,10,16.0,1,1000,3,1,11000000.0,2
5706,4,14,1,0,14,8,4.0,2,256,3,1,1500000.0,2
5707,4,17,1,3,14,9,8.0,2,256,1,1,5900000.0,2
5708,1,47,1,0,16,10,16.0,0,512,3,1,17888000.0,2
5709,7,88,1,1,12,9,8.0,2,256,1,1,1650000.0,2
5710,1,38,1,0,14,9,8.0,2,256,1,1,6200000.0,2
5711,3,95,1,3,14,9,8.0,2,256,3,1,9555555.0,2
5712,7,88,1,0,14,9,4.0,2,120,2,1,1100000.0,2
5713,2,63,1,0,16,10,16.0,1,250,6,1,4300000.0,2
5714,9,78,0,0,14,9,4.0,2,128,2,1,4999000.0,2
5715,1,39,1,0,14,8,8.0,2,256,6,1,8900000.0,2
5716,4,17,1,1,16,12,4.0,2,128,6,1,2550000.0,2
5717,2,94,1,0,14,9,8.0,2,512,3,1,8500000.0,2
5718,1,39,1,0,14,9,8.0,2,128,1,1,4400000.0,2
5719,1,40,1,0,14,1,8.0,2,256,1,1,15500000.0,1
5720,0,50,1,0,16,17,32.0,2,128,3,1,7000000.0,0
5721,3,36,1,3,14,10,16.0,2,256,1,1,9000000.0,2
5722,3,57,1,3,16,10,16.0,1,256,1,1,12500000.0,2
5723,4,17,1,1,16,9,8.0,2,128,6,1,2750000.0,2
5724,2,64,1,1,14,10,8.0,1,256,3,1,12500000.0,2
5725,1,42,1,0,16,11,16.0,0,500,1,1,16000000.0,2
5726,4,17,1,1,16,9,4.0,1,128,6,1,2550000.0,2
5727,14,66,2,0,18,9,8.0,2,480,2,1,150000.0,2
5728,3,36,2,3,16,10,8.0,2,256,6,1,6500000.0,2
5729,3,57,1,3,16,10,16.0,1,512,1,1,30900000.0,2
5730,3,2,0,1,18,11,32.0,1,1000,1,1,83000000.0,2
5731,3,34,1,5,16,9,16.0,2,512,3,1,11000000.0,2
5732,3,95,1,3,14,17,8.0,2,256,6,1,9300000.0,0
5733,1,47,1,1,14,9,16.0,2,512,1,1,14500000.0,2
5734,0,50,1,5,16,9,16.0,1,512,3,1,16500000.0,2
5735,3,34,1,0,14,8,8.0,2,256,3,1,5000000.0,2
5736,14,66,1,0,16,8,4.0,2,500,3,1,1100000.0,2
5737,2,100,0,0,14,9,8.0,2,512,1,1,16500000.0,2
5738,1,38,1,0,12,6,4.0,1,250,3,1,1250000.0,2
5739,2,23,1,3,16,9,8.0,1,256,3,1,6900000.0,2
5740,2,94,1,1,16,0,16.0,1,512,7,1,25000000.0,0
5741,7,37,1,5,16,17,16.0,1,512,3,1,13500000.0,0
5742,3,36,1,0,16,9,4.0,2,128,1,1,3500000.0,2
5743,0,50,1,5,16,9,16.0,1,512,3,1,18600000.0,2
5744,0,50,1,3,16,9,8.0,1,512,7,1,11500000.0,2
5745,2,94,1,3,16,9,16.0,1,128,6,1,6500000.0,2
5746,2,100,1,3,14,9,8.0,1,512,6,1,12700000.0,2
5747,7,33,1,1,14,8,4.0,2,128,6,1,3700000.0,2
5748,3,36,1,0,14,9,8.0,2,256,1,1,4600000.0,2
5749,7,88,1,0,12,9,4.0,2,128,3,1,3100000.0,2
5750,8,25,1,0,16,9,8.0,1,512,3,1,9900000.0,2
5751,4,17,1,1,14,9,8.0,2,256,3,1,7200000.0,2
5752,9,72,1,1,14,9,8.0,2,256,3,1,13900000.0,2
5753,3,36,1,1,14,9,8.0,2,256,1,1,3500000.0,2
5754,4,55,1,3,16,10,8.0,2,512,1,1,10900000.0,2
5755,8,25,1,3,16,9,16.0,1,512,7,1,13900000.0,2
5756,3,2,1,1,16,10,16.0,1,1000,3,1,43490000.0,2
5757,9,70,0,0,14,9,8.0,2,256,3,1,20290000.0,2
5758,0,32,0,3,16,10,16.0,1,1000,1,1,26990000.0,2
5759,2,23,1,1,16,9,8.0,1,512,7,1,15900000.0,2
5760,3,2,1,0,14,10,8.0,1,256,1,1,2000000.0,2
5761,3,57,1,3,16,10,32.0,1,512,3,1,16700000.0,2
5762,2,100,1,3,14,17,8.0,1,256,3,1,9200000.0,0
5763,3,57,1,3,16,14,16.0,1,256,1,1,8700000.0,2
5764,0,32,0,12,16,9,16.0,1,512,3,1,25690000.0,2
5765,3,2,1,1,16,10,16.0,1,1000,3,1,41990000.0,2
5766,3,34,1,1,14,8,8.0,2,128,6,1,2500000.0,2
5767,2,94,1,0,16,9,4.0,2,256,5,1,1000000.0,2
5768,0,50,1,3,16,9,8.0,1,512,3,1,13900000.0,2
5769,3,36,1,3,14,10,8.0,2,256,1,1,7750000.0,2
5770,4,17,1,3,14,9,8.0,2,128,1,1,3200000.0,2
5771,3,34,1,3,16,9,16.0,2,512,1,1,10800000.0,2
5772,0,59,0,3,16,10,16.0,1,1000,1,1,27990000.0,2
5773,4,60,1,1,16,9,8.0,2,250,6,1,3500000.0,2
5774,0,84,1,0,14,9,8.0,2,256,3,1,5000000.0,2
5775,5,15,1,1,12,9,8.0,2,128,2,1,6900000.0,2
5776,0,3,1,0,14,10,8.0,2,128,3,1,5500000.0,2
5777,3,34,1,0,14,9,8.0,2,256,1,1,12000000.0,2
5778,3,95,1,1,16,8,4.0,2,1000,3,1,2990000.0,2
5779,2,94,1,1,16,10,16.0,1,128,3,1,7900000.0,2
5780,12,49,1,1,16,9,4.0,1,500,3,1,1800000.0,2
5781,3,36,1,3,12,10,8.0,2,128,1,1,4600000.0,2
5782,3,34,1,0,14,9,8.0,2,256,1,1,7900000.0,2
5783,2,35,1,0,14,8,4.0,2,500,6,1,1500000.0,2
5784,1,42,1,0,14,9,8.0,2,128,3,1,4500000.0,2
5785,3,97,1,0,14,9,8.0,2,256,3,1,6500000.0,2
5786,4,60,1,0,16,9,4.0,2,128,3,1,4500000.0,2
5787,4,60,1,0,14,8,4.0,2,250,6,1,1500000.0,2
5788,2,65,1,3,14,9,8.0,2,128,6,1,5300000.0,2
5789,0,3,1,0,14,8,4.0,2,320,6,1,1500000.0,2
5790,4,14,1,0,14,9,4.0,2,250,3,1,900000.0,2
5791,1,42,1,1,16,11,32.0,1,512,3,1,19200000.0,2
5792,3,34,1,0,14,9,8.0,1,128,3,1,7000000.0,2
5793,8,25,1,3,16,9,8.0,1,512,6,1,10500000.0,2
5794,2,96,1,0,16,9,8.0,1,500,3,1,5700000.0,2
5795,7,33,1,0,16,9,8.0,2,512,1,1,7500000.0,2
5796,7,33,1,1,16,9,8.0,2,512,6,1,7900000.0,2
5797,3,97,1,3,14,9,8.0,2,256,1,1,11490000.0,2
5798,2,96,1,3,16,5,4.0,2,256,6,1,2500000.0,2
5799,2,94,1,9,16,9,8.0,2,512,6,1,17500000.0,2
5800,1,42,1,0,14,9,8.0,2,128,1,1,8000000.0,2
5801,3,97,1,1,14,9,8.0,2,256,3,1,6600000.0,2
5802,7,37,0,12,16,10,16.0,1,512,0,1,25390000.0,2
5803,3,57,1,3,16,14,16.0,1,512,1,1,12290000.0,2
5804,9,80,1,0,12,9,8.0,2,128,6,1,12000000.0,2
5805,3,36,1,1,14,9,8.0,2,256,1,1,6200000.0,2
5806,5,15,0,12,16,9,16.0,1,512,1,1,23990000.0,2
5807,7,33,1,1,16,10,8.0,1,512,1,1,6500000.0,2
5808,7,98,0,0,14,10,8.0,2,512,6,1,12000000.0,2
5809,0,84,1,3,14,5,4.0,2,250,6,1,3200000.0,2
5810,1,42,1,0,14,10,16.0,2,256,3,1,7500000.0,2
5811,1,41,1,0,14,2,8.0,2,256,3,1,22000000.0,1
5812,9,78,1,0,12,9,4.0,2,128,3,1,5000000.0,2
5813,3,36,1,3,12,9,8.0,2,128,3,1,3500000.0,2
5814,3,36,1,0,14,9,8.0,2,256,3,1,2050000.0,2
5815,13,65,1,0,14,8,8.0,2,128,3,1,1500000.0,2
5816,2,64,1,0,16,18,8.0,1,512,5,1,20000000.0,0
5817,3,97,1,0,14,9,8.0,2,256,1,1,12000000.0,2
5818,4,55,1,0,16,9,8.0,2,512,3,1,7500000.0,2
5819,3,34,2,0,14,8,8.0,2,250,6,1,3500000.0,2
5820,3,57,1,3,16,10,16.0,1,512,1,1,10890000.0,2
5821,1,39,1,1,14,9,8.0,2,128,2,1,3500000.0,2
5822,4,17,0,9,14,9,8.0,2,256,1,1,6200000.0,2
5823,3,57,1,0,16,10,8.0,1,500,1,1,5500000.0,2
5824,3,57,1,3,16,10,16.0,1,512,1,1,13890000.0,2
5825,2,85,0,1,16,9,16.0,1,512,5,1,14500000.0,2
5826,1,43,0,1,16,1,32.0,2,1000,6,1,63990000.0,1
5827,2,64,0,9,18,11,16.0,1,1000,1,1,55000000.0,2
5828,3,57,1,3,16,9,16.0,1,512,1,1,15490000.0,2
5829,3,36,1,1,16,9,8.0,2,128,3,1,3000000.0,2
5830,7,37,0,3,16,10,16.0,1,1000,1,1,18990000.0,2
5831,1,41,1,1,14,2,8.0,2,256,1,1,22400000.0,1
5832,7,88,1,3,14,9,8.0,2,256,1,1,4999999.0,2
5833,7,88,0,9,14,18,16.0,2,512,1,1,19500000.0,0
5834,2,96,1,1,14,5,2.0,2,128,6,1,1300000.0,2
5835,7,33,0,0,14,8,4.0,2,120,6,1,1800000.0,2
5836,0,50,1,1,16,10,8.0,1,512,3,1,14800000.0,2
5837,3,36,1,3,14,10,8.0,2,256,1,1,9190000.0,2
5838,0,3,1,1,14,9,8.0,2,1500,1,1,4100000.0,2
5839,7,37,0,3,16,10,16.0,1,512,1,1,28990000.0,2
5840,2,64,1,12,16,18,16.0,1,512,3,1,16600000.0,0
5841,7,88,0,3,14,9,16.0,2,512,1,1,17990000.0,2
5842,7,33,0,1,16,10,16.0,2,512,6,1,9900000.0,2
5843,0,50,1,0,14,0,8.0,2,256,3,1,17800000.0,0
5844,3,97,1,3,14,9,16.0,2,256,1,1,15890000.0,2
5845,7,88,1,3,14,9,16.0,2,256,1,1,6500000.0,2
5846,7,37,0,12,16,10,16.0,1,512,1,1,25990000.0,2
5847,2,100,1,1,14,9,8.0,2,512,6,1,11500000.0,2
5848,3,36,1,3,16,9,8.0,1,256,1,1,7190000.0,2
5849,10,10,1,3,14,9,8.0,2,128,2,1,4100000.0,2
5850,2,65,1,2,16,8,4.0,2,1000,3,1,3700000.0,2
5851,3,36,0,3,14,9,8.0,2,256,1,1,5500000.0,2
5852,3,36,1,3,14,9,8.0,1,256,1,1,6490000.0,2
5853,0,3,1,0,16,8,16.0,2,250,3,1,4000000.0,2
5854,1,42,1,0,14,9,4.0,2,256,3,1,4000000.0,2
5855,3,34,1,1,16,9,8.0,2,256,3,1,3000000.0,2
5856,4,17,0,9,14,9,8.0,2,256,1,1,6600000.0,2
5857,4,17,0,1,16,8,8.0,2,256,1,1,6888888.0,2
5858,1,42,1,0,14,9,16.0,2,256,3,1,9990000.0,2
5859,3,97,1,1,14,9,8.0,2,500,3,1,17500000.0,2
5860,3,95,1,0,16,6,2.0,2,500,1,1,800000.0,2
5861,3,36,1,3,14,9,8.0,1,256,1,1,5590000.0,2
5862,3,36,1,0,14,9,4.0,2,320,2,1,1800000.0,2
5863,3,36,1,3,12,10,16.0,2,256,3,1,8299000.0,2
5864,3,57,1,3,16,10,32.0,1,512,1,1,16700000.0,2
5865,0,3,1,0,14,5,2.0,2,250,3,1,900000.0,2
5866,4,51,1,1,16,9,8.0,2,128,2,1,1950000.0,2
5867,3,36,1,9,16,9,16.0,2,256,1,1,9500000.0,2
5868,2,94,1,9,14,8,8.0,2,512,3,1,7500000.0,2
5869,3,36,1,0,14,9,4.0,2,128,3,1,2300000.0,2
5870,4,99,1,9,16,10,16.0,1,256,3,1,9900000.0,2
5871,4,60,1,0,16,9,4.0,2,128,3,1,1700000.0,2
5872,7,98,0,3,16,10,32.0,1,1000,1,1,19990000.0,2
5873,3,34,1,0,14,10,16.0,2,1000,3,1,7500000.0,2
5874,9,76,1,0,12,9,8.0,2,256,1,1,4000000.0,2
5875,2,94,1,0,14,8,4.0,2,128,3,1,3300000.0,2
5876,5,15,0,9,9,9,8.0,2,256,5,1,5250000.0,2
5877,4,60,1,0,14,8,4.0,2,320,1,1,1450000.0,2
5878,4,17,1,0,16,10,8.0,2,512,3,1,8999000.0,2
5879,4,17,1,0,14,9,8.0,2,256,3,1,3499999.0,2
5880,3,95,1,0,14,9,8.0,2,250,3,1,1500000.0,2
5881,3,36,1,0,16,10,8.0,2,250,3,1,2500000.0,2
5882,4,60,1,1,16,10,16.0,2,256,2,1,4200000.0,2
5883,1,42,1,0,14,9,8.0,2,256,3,1,6990000.0,2
5884,7,88,2,0,12,9,2.0,2,256,5,1,800000.0,2
5885,2,94,1,0,16,9,8.0,2,128,3,1,2900000.0,2
5886,4,17,1,0,16,9,8.0,1,256,6,1,7500000.0,2
5887,7,88,1,5,14,9,8.0,2,256,3,1,7700000.0,2
5888,4,68,1,1,14,10,16.0,2,1000,3,1,23868000.0,2
5889,3,24,0,1,16,17,8.0,1,512,1,1,16990000.0,0
5890,7,88,1,0,16,10,8.0,1,128,3,1,3000000.0,2
5891,1,42,1,0,14,9,8.0,2,128,3,1,8000000.0,2
5892,2,1,1,1,14,9,8.0,2,128,3,1,4000000.0,2
5893,3,36,1,1,14,9,8.0,2,256,3,1,6700000.0,2
5894,7,88,1,0,16,10,16.0,1,256,1,1,13000000.0,2
5895,1,42,1,1,14,9,16.0,2,512,3,1,14800000.0,2
5896,3,97,1,3,16,10,32.0,1,1000,1,1,20500000.0,2
5897,3,95,1,0,16,9,8.0,0,256,6,1,7000000.0,2
5898,3,36,2,0,14,9,4.0,2,128,3,1,1990000.0,2
5899,3,36,1,1,16,10,8.0,2,256,3,1,7499000.0,2
5900,3,34,1,0,14,10,8.0,1,128,6,1,2500000.0,2
5901,5,15,1,0,12,9,8.0,2,256,2,1,3000000.0,2
5902,3,34,1,0,16,9,8.0,1,1500,3,1,6900000.0,2
5903,0,3,1,0,16,0,16.0,2,512,3,1,5500000.0,0
5904,7,88,1,3,14,9,8.0,2,256,6,1,6900000.0,2
5905,1,40,0,1,14,1,8.0,2,256,1,1,16600000.0,1
5906,1,40,1,0,14,1,8.0,2,256,3,1,14999000.0,1
5907,0,3,1,5,16,8,4.0,1,256,1,1,4200000.0,2
5908,4,60,1,3,14,10,16.0,2,512,1,1,9900000.0,2
5909,1,38,1,0,14,6,4.0,2,256,3,1,1000000.0,2
5910,4,55,1,0,14,9,4.0,2,500,3,1,2500000.0,2
5911,4,99,1,1,16,10,16.0,1,512,3,1,10500000.0,2
5912,1,42,1,1,14,10,16.0,2,512,3,1,9300000.0,2
5913,3,36,0,1,14,9,16.0,1,256,1,1,5500000.0,2
5914,3,36,1,0,14,9,8.0,2,256,3,1,4700000.0,2
5915,0,3,1,1,16,9,16.0,1,512,6,1,9500000.0,2
5916,4,17,1,1,14,10,8.0,0,256,3,1,4500000.0,2
5917,2,94,1,1,16,5,8.0,2,256,6,1,4000000.0,2
5918,2,35,0,0,14,8,4.0,2,250,6,1,1500000.0,2
5919,14,66,1,0,14,10,8.0,2,256,3,1,2500000.0,2
5920,6,31,1,5,16,10,16.0,2,1000,1,1,18600000.0,2
5921,4,55,1,0,14,0,4.0,0,128,1,1,950000.0,0
5922,7,88,1,0,14,9,8.0,2,256,3,1,3200000.0,2
5923,13,16,1,0,14,8,4.0,2,500,3,1,1200000.0,2
5924,3,34,2,0,16,8,8.0,2,256,3,1,3900000.0,2
5925,5,15,1,0,14,8,4.0,2,256,3,1,3500000.0,2
5926,1,42,1,0,14,8,4.0,2,128,6,1,1900000.0,2
5927,5,15,1,0,14,10,8.0,2,256,3,1,6500000.0,2
5928,5,15,1,0,16,8,4.0,2,256,3,1,3500000.0,2
5929,7,88,1,1,14,10,16.0,2,512,1,1,6000000.0,2
5930,3,36,1,1,14,9,4.0,2,128,3,1,2500000.0,2
5931,4,60,1,1,14,9,8.0,2,256,3,1,4800000.0,2
5932,3,95,1,3,14,9,8.0,2,256,3,1,5400000.0,2
5933,3,36,1,1,14,9,16.0,2,256,3,1,5200000.0,2
5934,2,94,1,12,14,9,8.0,2,512,3,1,5000000.0,2
5935,3,36,1,0,14,8,4.0,0,320,3,1,1250000.0,2
5936,1,40,0,9,14,1,8.0,2,256,6,1,18800000.0,1
5937,9,70,1,0,14,10,16.0,2,512,3,1,10500000.0,2
5938,3,36,1,1,12,10,8.0,2,256,1,1,5500000.0,2
5939,7,88,1,0,14,10,16.0,2,512,3,1,8500000.0,2
5940,2,94,1,0,14,8,16.0,2,1000,7,1,1300000.0,2
5941,7,88,1,3,12,10,16.0,2,512,1,1,7500000.0,2
5942,3,36,1,3,16,10,8.0,0,250,2,1,5200000.0,2
5943,1,44,1,5,14,1,8.0,2,512,1,1,20500000.0,1
5944,4,17,1,1,14,9,8.0,2,256,1,1,6900000.0,2
5945,3,36,1,1,14,9,8.0,2,256,1,1,5900000.0,2
5946,1,41,1,0,14,2,8.0,2,256,1,1,21990000.0,1
5947,3,36,1,1,14,9,8.0,2,512,3,1,6900000.0,2
5948,1,40,1,5,14,1,8.0,2,256,3,1,16000000.0,1
5949,4,17,1,1,14,9,16.0,2,512,3,1,8900000.0,2
5950,3,36,2,0,14,9,8.0,2,256,3,1,3000000.0,2
5951,0,50,1,3,16,17,8.0,1,512,6,1,10900000.0,0
5952,7,88,1,3,14,9,8.0,2,256,1,1,6600000.0,2
5953,3,97,0,5,14,9,8.0,2,512,1,1,14190000.0,2
5954,7,33,1,0,14,0,4.0,0,128,3,1,2200000.0,0
5955,4,17,1,0,14,9,8.0,2,256,3,1,3100000.0,2
5956,0,59,1,3,16,10,8.0,1,512,6,1,20000000.0,2
5957,3,36,1,5,14,10,8.0,2,256,1,1,5700000.0,2
5958,2,94,1,0,14,0,8.0,2,256,3,1,6200000.0,0
5959,4,17,1,5,14,10,8.0,2,256,1,1,9570000.0,2
5960,4,18,1,0,14,8,4.0,2,128,3,1,2300000.0,2
5961,3,95,1,1,16,9,4.0,2,120,5,1,1600000.0,2
5962,3,57,1,12,16,11,32.0,1,512,1,1,16200000.0,2
5963,9,70,1,5,14,10,16.0,2,256,1,1,16800000.0,2
5964,7,88,1,0,16,9,4.0,2,512,2,1,1200000.0,2
5965,3,36,1,0,14,10,8.0,2,256,3,1,5659000.0,2
5966,7,88,1,0,14,9,8.0,2,256,3,1,5400000.0,2
5967,7,33,1,1,16,8,4.0,2,120,5,1,2300000.0,2
5968,2,94,1,0,14,8,4.0,2,128,3,1,2700000.0,2
5969,7,88,1,0,12,9,8.0,2,256,2,1,4200000.0,2
5970,3,34,0,12,16,9,8.0,2,512,5,1,11900000.0,2
5971,4,14,1,0,14,6,2.0,2,120,3,1,400000.0,2
5972,4,55,1,0,14,9,4.0,2,320,3,1,4900000.0,2
5973,3,57,1,3,16,10,8.0,1,256,1,1,7200000.0,2
5974,3,36,1,0,14,9,8.0,2,128,2,1,3900000.0,2
5975,1,42,1,0,14,9,8.0,2,128,1,1,2500000.0,2
5976,1,41,1,1,14,2,16.0,2,256,6,1,28499000.0,1
5977,0,3,1,1,16,18,8.0,1,512,6,1,9500000.0,0
5978,2,94,1,0,14,18,16.0,2,256,3,1,16400000.0,0
5979,0,50,1,5,16,9,16.0,1,512,3,1,14500000.0,2
5980,0,50,1,0,16,10,16.0,1,512,6,1,13000000.0,2
5981,3,36,1,3,16,10,16.0,2,512,6,1,8800000.0,2
5982,1,40,1,0,14,9,8.0,2,128,1,1,7500000.0,2
5983,2,100,1,9,14,9,8.0,2,512,6,1,13990000.0,2
5984,0,3,1,1,16,17,8.0,1,256,6,1,11000000.0,0
5985,0,50,1,1,16,10,8.0,1,512,6,1,17900000.0,2
5986,0,3,1,1,12,5,4.0,2,128,6,1,3990000.0,2
5987,3,36,1,1,16,9,8.0,1,256,6,1,16900000.0,2
5988,0,3,1,1,16,17,8.0,1,512,6,1,7800000.0,0
5989,9,70,0,1,14,10,16.0,2,512,1,1,10900000.0,2
5990,8,25,0,9,16,10,16.0,1,1000,1,1,31900000.0,2
5991,1,42,1,0,14,10,8.0,2,256,3,1,4200000.0,2
5992,1,39,1,0,14,9,4.0,2,128,3,1,2500000.0,2
5993,2,64,1,0,16,10,8.0,1,512,3,1,9789789.0,2
5994,1,42,1,0,12,9,8.0,2,256,3,1,7500000.0,2
5995,1,39,1,0,12,9,4.0,2,128,3,1,2500000.0,2
5996,4,18,1,0,16,10,8.0,2,256,3,1,9990000.0,2
5997,3,36,0,1,14,9,8.0,2,256,1,1,5650000.0,2
5998,3,36,1,1,14,9,8.0,2,256,1,1,5699999.0,2
5999,2,23,1,0,16,9,8.0,1,640,3,1,8400000.0,2
6000,1,47,1,1,16,11,32.0,0,512,1,1,21800000.0,2
6001,2,85,1,0,16,9,16.0,1,1500,3,1,7000000.0,2
6002,13,92,1,1,14,8,4.0,1,500,6,1,2180000.0,2
6003,4,68,1,0,16,10,16.0,2,512,3,1,23500000.0,2
6004,12,49,1,0,16,12,4.0,2,128,0,1,1600000.0,2
6005,3,95,1,1,14,9,8.0,2,256,5,1,6399000.0,2
6006,9,70,0,12,14,0,8.0,2,256,1,1,12800000.0,0
6007,3,36,1,1,14,10,8.0,2,256,3,1,7500000.0,2
6008,3,34,1,0,16,10,8.0,2,512,3,1,20000000.0,2
6009,3,97,1,0,16,10,16.0,1,512,3,1,8900000.0,2
6010,1,42,1,5,14,9,16.0,2,512,1,1,32800000.0,2
6011,4,51,1,0,14,9,8.0,2,256,5,1,6000000.0,2
6012,1,42,1,0,16,10,16.0,2,128,6,1,11000000.0,2
6013,3,34,1,0,14,9,8.0,2,128,5,1,1800000.0,2
6014,7,88,1,0,14,10,8.0,2,512,3,1,8990000.0,2
6015,3,36,1,3,14,10,16.0,2,256,1,1,8900000.0,2
6016,4,17,1,3,14,9,4.0,2,128,1,1,2900000.0,2
6017,1,40,1,5,14,1,16.0,2,256,1,1,18800000.0,1
6018,3,36,1,0,14,9,8.0,2,256,1,1,15500000.0,2
6019,4,18,1,0,16,10,8.0,2,512,3,1,10500000.0,2
6020,7,88,1,0,12,9,4.0,1,128,3,1,1000000.0,2
6021,12,13,1,0,14,9,8.0,2,256,3,1,10990000.0,2
6022,2,96,1,3,16,10,8.0,1,256,6,1,8500000.0,2
6023,12,30,1,0,14,10,16.0,2,512,3,1,16800000.0,2
6024,3,97,1,0,14,10,32.0,1,512,1,1,17000000.0,2
6025,1,39,1,0,12,9,4.0,2,256,2,1,4300000.0,2
6026,7,88,1,0,14,12,4.0,2,128,3,1,2000000.0,2
6027,12,30,0,0,14,10,8.0,1,256,3,1,13590000.0,2
6028,7,88,0,3,14,9,8.0,2,256,1,1,4900000.0,2
6029,3,36,1,0,14,9,8.0,2,128,3,1,2200000.0,2
6030,3,34,1,0,14,9,8.0,2,500,3,1,4100000.0,2
6031,1,39,1,0,14,9,8.0,2,256,3,1,11000000.0,2
6032,9,70,1,1,14,9,8.0,2,256,3,1,10500000.0,2
6033,13,92,1,0,14,9,4.0,2,128,3,1,800000.0,2
6034,5,15,1,0,14,10,8.0,2,256,3,1,6500000.0,2
6035,2,96,1,0,14,9,8.0,2,128,3,1,4800000.0,2
6036,7,88,1,1,14,9,8.0,2,256,3,1,9500000.0,2
6037,4,60,1,0,16,9,8.0,2,250,5,1,3950000.0,2
6038,7,88,1,0,16,18,16.0,1,512,0,1,21699000.0,0
6039,3,34,1,1,14,10,8.0,1,512,6,1,7900000.0,2
6040,1,47,1,5,16,10,16.0,0,512,1,1,20500000.0,2
6041,0,50,1,0,16,0,16.0,0,512,3,1,5000000.0,0
6042,2,94,1,0,14,8,4.0,2,1000,5,1,3800000.0,2
6043,3,34,1,0,14,9,4.0,2,256,3,1,1950000.0,2
6044,3,36,0,1,16,10,8.0,2,256,1,1,4000000.0,2
6045,2,94,1,0,16,10,16.0,1,512,3,1,4700000.0,2
6046,4,60,1,0,14,10,8.0,2,128,2,1,4000000.0,2
6047,7,98,1,0,14,10,16.0,2,1000,1,1,23500000.0,2
6048,0,3,1,1,14,9,4.0,2,500,3,1,1700000.0,2
6049,3,36,0,1,12,9,8.0,2,256,1,1,3500000.0,2
6050,1,39,1,0,12,10,8.0,2,256,3,1,5800000.0,2
6051,4,99,1,0,14,10,8.0,1,256,3,1,4000000.0,2
6052,12,30,1,0,14,8,4.0,2,120,3,1,1200000.0,2
6053,4,60,1,3,16,9,8.0,2,256,2,1,5900000.0,2
6054,3,57,1,0,16,10,16.0,1,512,3,1,11000000.0,2
6055,3,34,1,0,14,9,4.0,2,120,3,1,2890000.0,2
6056,7,33,1,12,16,18,16.0,0,512,3,1,19850000.0,0
6057,2,94,1,3,14,9,8.0,1,256,3,1,5990000.0,2
6058,3,36,1,0,16,9,8.0,2,128,6,1,4700000.0,2
6059,1,39,2,0,14,9,8.0,2,128,5,1,8000000.0,2
6060,3,36,1,3,14,9,4.0,2,128,1,1,2500000.0,2
6061,3,34,1,0,14,8,4.0,2,500,3,1,1400000.0,2
6062,4,17,2,0,9,9,64.0,2,1000,6,1,700000.0,2
6063,3,36,1,1,14,9,8.0,2,256,3,1,4590000.0,2
6064,1,40,1,5,14,1,8.0,2,256,1,1,14600000.0,1
6065,3,36,1,0,16,9,16.0,2,256,3,1,7400000.0,2
6066,7,88,1,0,21,12,4.0,2,128,5,1,2000000.0,2
6067,0,3,1,0,14,12,4.0,2,320,5,1,1500000.0,2
6068,2,35,1,0,16,9,8.0,2,512,6,1,9900000.0,2
6069,9,70,1,0,14,10,16.0,2,512,3,1,9900000.0,2
6070,2,94,1,12,16,10,16.0,1,512,3,1,25200000.0,2
6071,3,36,1,0,14,9,8.0,2,256,3,1,5800000.0,2
6072,3,57,1,1,18,10,32.0,1,512,3,1,20700000.0,2
6073,4,55,1,0,16,9,16.0,2,1500,1,1,6900000.0,2
6074,14,66,1,0,14,6,4.0,2,500,3,1,500000.0,2
6075,3,97,1,0,14,10,16.0,2,256,3,1,12500000.0,2
6076,3,57,1,1,16,10,16.0,0,256,1,1,4300000.0,2
6077,4,13,0,0,14,12,4.0,2,256,5,1,3600000.0,2
6078,7,37,0,5,16,10,16.0,1,512,1,1,24990000.0,2
6079,2,94,1,0,14,8,4.0,2,256,3,1,1250000.0,2
6080,7,88,1,3,14,9,8.0,2,128,3,1,1800000.0,2
6081,4,60,1,1,16,9,8.0,2,256,3,1,4990000.0,2
6082,1,39,1,5,14,9,8.0,2,256,3,1,6500000.0,2
6083,1,38,1,1,12,9,8.0,2,256,3,1,6200000.0,2
6084,3,97,1,0,16,10,8.0,1,256,3,1,4990000.0,2
6085,7,88,1,3,14,9,8.0,2,256,3,1,5000000.0,2
6086,7,33,1,3,16,9,8.0,2,512,3,1,10200000.0,2
6087,3,34,1,9,14,17,16.0,0,512,3,1,11000000.0,0
6088,7,88,1,3,14,10,16.0,0,512,1,1,7200000.0,2
6089,8,27,1,1,16,10,16.0,1,512,3,1,12600000.0,2
6090,4,18,1,1,14,9,4.0,2,512,6,1,5200000.0,2
6091,1,47,1,0,16,10,16.0,0,512,1,1,18000000.0,2
6092,7,33,1,3,16,18,16.0,1,512,6,1,17300000.0,0
6093,3,36,1,5,14,9,16.0,2,256,1,1,11500000.0,2
6094,3,57,1,0,18,10,16.0,1,256,6,1,16000000.0,2
6095,4,60,1,0,12,9,4.0,2,128,3,1,1700000.0,2
6096,4,18,1,0,14,9,8.0,2,256,5,1,6000000.0,2
6097,3,36,1,5,14,9,16.0,2,512,1,1,6200000.0,2
6098,2,35,1,0,14,8,4.0,1,128,3,1,2990000.0,2
6099,7,37,0,3,16,17,8.0,1,512,1,1,15200000.0,0
6100,1,42,1,0,16,6,4.0,2,250,1,1,2300000.0,2
6101,8,48,1,0,14,17,8.0,2,512,3,1,8000000.0,0
6102,7,88,1,0,14,9,8.0,2,256,3,1,5900000.0,2
6103,5,15,1,0,9,9,16.0,2,1000,5,1,8500000.0,2
6104,4,93,1,1,16,17,8.0,1,500,3,1,13000000.0,0
6105,7,88,1,0,14,8,2.0,2,500,3,1,400000.0,2
6106,1,39,1,0,14,9,8.0,2,128,6,1,6500000.0,2
6107,9,70,0,3,16,18,8.0,0,256,1,1,13900000.0,0
6108,3,97,1,1,16,10,16.0,1,512,1,1,12000000.0,2
6109,7,88,1,3,14,9,16.0,2,256,3,1,7500000.0,2
6110,3,2,1,3,16,10,16.0,1,256,3,1,11000000.0,2
6111,3,34,1,3,16,10,16.0,2,512,1,1,13900000.0,2
6112,3,34,1,3,16,10,16.0,1,512,1,1,16300000.0,2
6113,3,95,1,0,16,8,8.0,2,500,3,1,3800000.0,2
6114,3,36,1,0,14,10,8.0,2,128,3,1,2500000.0,2
6115,4,17,1,0,14,18,16.0,2,1000,3,1,21990000.0,0
6116,3,36,1,1,14,10,8.0,2,256,3,1,7500000.0,2
6117,3,97,1,1,16,10,16.0,1,512,6,1,18500000.0,2
6118,7,33,1,3,16,9,8.0,2,512,3,1,9800000.0,2
6119,0,50,1,0,14,9,8.0,2,512,3,1,12990000.0,2
6120,9,79,1,0,14,9,8.0,2,128,3,1,6800000.0,2
6121,3,36,1,3,14,10,8.0,2,256,1,1,4500000.0,2
6122,9,78,1,3,12,9,8.0,2,256,1,1,7000000.0,2
6123,7,88,1,3,14,10,16.0,2,512,1,1,12200000.0,2
6124,7,37,1,3,16,10,16.0,1,512,1,1,21800000.0,2
6125,1,39,1,0,14,0,8.0,0,128,3,1,5200000.0,0
6126,3,36,1,0,12,9,8.0,2,256,3,1,4100000.0,2
6127,3,36,0,0,14,9,8.0,2,256,6,1,3300000.0,2
6128,7,88,0,1,16,10,16.0,2,512,6,1,26900000.0,2
6129,2,64,0,5,16,9,16.0,1,512,6,1,11500000.0,2
6130,3,36,1,1,14,9,8.0,2,256,2,1,6200000.0,2
6131,4,51,0,9,18,9,8.0,2,256,1,1,12500000.0,2
6132,7,88,0,1,16,10,16.0,2,256,6,1,26500000.0,2
6133,9,70,1,0,10,4,4.0,2,128,2,1,3737000.0,2
6134,4,60,1,3,14,9,8.0,2,128,3,1,4600000.0,2
6135,3,36,1,0,14,9,8.0,2,256,3,1,5990000.0,2
6136,2,100,1,1,14,9,8.0,2,256,6,1,5500000.0,2
6137,3,57,1,1,16,10,16.0,2,512,6,1,12900000.0,2
6138,0,3,1,1,16,12,4.0,2,128,6,1,2500000.0,2
6139,3,95,1,0,14,8,8.0,2,128,3,1,4800000.0,2
6140,4,17,1,0,14,9,8.0,2,256,3,1,7900000.0,2
6141,7,88,1,0,14,8,2.0,2,1000,5,1,2200000.0,2
6142,3,57,1,1,16,14,32.0,1,512,6,1,23900000.0,2
6143,0,3,1,1,16,12,4.0,2,256,6,1,2900000.0,2
6144,4,55,1,1,16,9,8.0,2,128,6,1,4500000.0,2
6145,4,60,1,3,14,9,16.0,2,256,6,1,7000000.0,2
6146,3,95,1,0,14,10,8.0,2,128,3,1,3900000.0,2
6147,8,29,2,0,16,10,16.0,1,1000,6,1,5500000.0,2
6148,3,36,1,1,14,9,8.0,2,128,1,1,3200000.0,2
6149,3,36,1,3,16,10,16.0,2,256,3,1,9600000.0,2
6150,8,25,0,9,16,9,8.0,1,512,6,1,10500000.0,2
6151,5,15,1,0,14,9,8.0,2,256,3,1,4800000.0,2
6152,0,3,1,0,16,8,8.0,2,256,3,1,7000000.0,2
6153,9,72,1,0,14,9,8.0,1,256,3,1,5200000.0,2
6154,3,58,1,3,16,10,16.0,1,512,1,1,22500000.0,2
6155,2,96,1,3,14,9,8.0,2,512,6,1,8100000.0,2
6156,3,36,1,0,14,9,8.0,2,256,1,1,3200000.0,2
6157,7,88,1,0,14,9,4.0,2,320,5,1,1800000.0,2
6158,3,36,1,3,14,10,16.0,2,256,1,1,7200000.0,2
6159,0,3,1,0,16,12,4.0,2,128,3,1,4500000.0,2
6160,5,15,1,3,16,17,16.0,2,500,3,1,9600000.0,0
6161,0,3,1,0,9,4,2.0,2,320,3,1,950000.0,2
6162,7,88,1,1,14,10,16.0,2,512,2,1,14500000.0,2
6163,7,37,0,1,16,10,64.0,1,1000,1,1,32000000.0,2
6164,1,39,1,0,14,10,4.0,2,256,3,1,3900000.0,2
6165,1,39,1,0,14,9,4.0,2,256,3,1,3150000.0,2
6166,4,17,1,3,12,10,8.0,2,256,3,1,8500000.0,2
6167,4,18,1,3,16,10,16.0,2,512,1,1,16500000.0,2
6168,4,51,1,3,16,9,8.0,2,250,3,1,8000000.0,2
6169,8,48,1,0,14,8,16.0,2,256,6,1,7000000.0,2
6170,1,42,2,0,14,10,16.0,2,256,3,1,6500000.0,2
6171,1,38,1,1,14,9,8.0,2,256,3,1,5100000.0,2
6172,3,57,1,3,16,10,32.0,1,512,1,1,22000000.0,2
6173,3,36,1,1,14,9,4.0,2,250,1,1,1999000.0,2
6174,3,57,1,9,16,10,16.0,1,512,1,1,13500000.0,2
6175,0,3,1,0,16,9,8.0,1,512,3,1,8890000.0,2
6176,1,43,1,0,14,1,8.0,2,256,3,1,21000000.0,1
6177,3,95,1,0,16,10,16.0,2,512,3,1,12800000.0,2
6178,3,36,1,3,16,9,8.0,1,256,1,1,5400000.0,2
6179,1,42,1,1,16,10,16.0,0,512,3,1,12500000.0,2
6180,2,96,1,0,14,5,4.0,2,128,3,1,2000000.0,2
6181,1,42,1,3,14,9,8.0,2,480,3,1,6900000.0,2
6182,1,47,1,1,16,9,16.0,0,256,3,1,12990000.0,2
6183,3,95,1,3,14,9,8.0,2,1500,3,1,8900000.0,2
6184,1,40,0,1,14,1,8.0,2,128,6,1,14500000.0,1
6185,7,33,1,0,16,9,8.0,2,512,3,1,7190000.0,2
6186,7,88,1,0,14,9,16.0,2,512,1,1,17000000.0,2
6187,7,33,1,3,16,9,8.0,1,512,6,1,8700000.0,2
6188,3,36,0,3,16,10,16.0,1,512,1,1,8900000.0,2
6189,3,36,1,0,12,9,8.0,2,128,3,1,3899999.0,2
6190,11,7,1,3,16,10,32.0,1,512,6,1,20800000.0,2
6191,3,34,1,0,16,18,16.0,0,512,3,1,13500000.0,0
6192,1,39,1,1,12,9,4.0,2,128,2,1,3100000.0,2
6193,3,34,1,1,16,10,16.0,1,128,3,1,7500000.0,2
6194,3,97,1,3,16,10,32.0,1,1000,1,1,27800000.0,2
6195,14,66,1,0,14,9,4.0,2,128,3,1,2490000.0,2
6196,1,39,1,0,14,9,8.0,2,128,3,1,6790000.0,2
6197,3,36,0,1,14,10,8.0,2,256,1,1,4000000.0,2
6198,3,95,1,0,16,10,8.0,0,256,3,1,6900000.0,2
6199,5,15,1,3,14,9,16.0,1,512,3,1,9500000.0,2
6200,13,16,1,0,14,8,4.0,2,128,2,1,1590000.0,2
6201,1,39,1,0,14,9,8.0,2,128,1,1,7000000.0,2
6202,2,96,1,0,16,8,4.0,2,512,3,1,6290000.0,2
6203,0,32,0,1,16,10,16.0,1,1000,1,1,31500000.0,2
6204,1,39,1,0,14,9,8.0,2,128,2,1,5800000.0,2
6205,2,94,0,12,14,9,8.0,2,512,2,1,6500000.0,2
6206,0,3,1,1,16,8,8.0,2,128,6,1,2800000.0,2
6207,3,36,1,1,16,9,8.0,2,128,6,1,3500000.0,2
6208,2,94,1,0,16,12,4.0,2,256,3,1,750000.0,2
6209,8,25,0,12,16,10,8.0,2,512,2,1,13500000.0,2
6210,4,17,0,9,16,0,8.0,1,512,5,1,17000000.0,0
6211,1,42,1,0,14,9,6.0,2,128,1,1,2900000.0,2
6212,7,88,1,0,14,8,4.0,2,128,3,1,4900000.0,2
6213,1,38,1,0,12,9,8.0,2,250,3,1,5500000.0,2
6214,4,17,1,0,14,10,8.0,2,256,3,1,3500000.0,2
6215,9,83,1,0,14,15,8.0,2,128,3,1,6950000.0,3
6216,2,94,1,0,14,5,4.0,2,500,7,1,1300000.0,2
6217,3,34,1,1,16,9,8.0,1,128,6,1,5500000.0,2
6218,2,96,1,0,16,9,8.0,2,1500,6,1,4500000.0,2
6219,2,96,1,1,16,8,4.0,2,256,6,1,2500000.0,2
6220,3,36,0,12,14,9,8.0,2,256,2,1,4500000.0,2
6221,13,9,1,0,14,9,4.0,2,128,3,1,3200000.0,2
6222,1,42,1,0,16,10,16.0,1,256,1,1,5500000.0,2
6223,1,39,1,1,12,9,4.0,2,128,3,1,3650000.0,2
6224,2,94,1,0,16,9,8.0,1,500,5,1,4500000.0,2
6225,2,0,1,1,14,8,6.0,2,500,3,1,2500000.0,2
6226,1,47,1,0,16,10,16.0,0,512,3,1,11000000.0,2
6227,1,39,1,0,14,9,8.0,2,128,6,1,4600000.0,2
6228,7,88,1,1,16,0,4.0,0,500,2,1,2400000.0,0
6229,2,64,0,1,16,9,8.0,1,256,3,1,5500000.0,2
6230,9,80,1,0,14,10,16.0,2,256,3,1,9900000.0,2
6231,7,88,1,3,12,9,8.0,2,256,3,1,4400000.0,2
6232,3,36,1,3,16,9,8.0,2,256,3,1,5100000.0,2
6233,5,15,1,0,12,8,8.0,2,256,3,1,5300000.0,2
6234,0,3,1,3,14,9,4.0,2,500,7,1,3800000.0,2
6235,2,94,1,1,14,9,8.0,2,256,6,1,7500000.0,2
6236,5,15,1,0,16,8,8.0,2,256,3,1,2300000.0,2
6237,1,42,1,0,14,9,8.0,2,256,3,1,4200000.0,2
6238,4,17,1,0,14,9,4.0,2,128,3,1,4300000.0,2
6239,4,17,1,3,14,9,4.0,2,128,1,1,3200000.0,2
6240,8,48,1,1,14,10,8.0,2,512,6,1,9000000.0,2
6241,2,94,1,0,16,9,8.0,2,256,3,1,10500000.0,2
6242,3,2,1,1,16,9,8.0,1,128,1,1,8900000.0,2
6243,4,17,1,0,14,10,8.0,2,256,3,1,4800000.0,2
6244,7,88,1,0,14,10,16.0,2,512,3,1,9199999.0,2
6245,2,85,1,1,16,17,8.0,1,512,6,1,11500000.0,0
6246,3,34,1,1,16,8,8.0,1,128,3,1,2950000.0,2
6247,1,39,1,0,14,9,8.0,2,256,3,1,4000000.0,2
6248,1,42,1,1,14,9,8.0,2,256,2,1,6990000.0,2
6249,3,34,1,1,14,12,4.0,2,128,9,1,1900000.0,2
6250,3,36,1,5,16,10,16.0,2,512,3,1,12500000.0,2
6251,2,96,2,0,14,12,2.0,2,128,6,1,1200000.0,2
6252,14,66,1,3,14,8,4.0,2,128,2,1,3000000.0,2
6253,3,36,0,9,14,9,8.0,2,256,1,1,6200000.0,2
6254,1,42,1,1,14,9,8.0,2,128,3,1,5900000.0,2
6255,4,51,1,1,16,9,8.0,2,128,2,1,2000000.0,2
6256,2,94,0,12,14,18,16.0,1,512,6,1,12666666.0,0
6257,1,42,1,3,12,9,8.0,2,256,1,1,5000000.0,2
6258,0,3,1,3,16,18,8.0,1,512,6,1,7300000.0,0
6259,3,36,1,0,14,10,16.0,2,512,3,1,18990000.0,2
6260,8,25,1,3,16,9,16.0,1,512,6,1,13890000.0,2
6261,3,36,1,1,14,9,8.0,1,128,3,1,2300000.0,2
6262,3,97,1,3,14,9,8.0,2,256,1,1,11500000.0,2
6263,3,36,1,3,14,10,8.0,2,250,1,1,4000000.0,2
6264,7,88,1,1,16,5,8.0,2,128,1,1,2500000.0,2
6265,0,32,0,0,16,10,16.0,1,1000,1,1,23800000.0,2
6266,7,88,1,1,14,9,8.0,2,256,1,1,3800000.0,2
6267,9,70,1,9,14,9,8.0,2,128,3,1,6800000.0,2
6268,0,50,1,3,16,9,8.0,1,512,6,1,10900000.0,2
6269,7,88,1,1,14,9,8.0,2,256,1,1,3000000.0,2
6270,2,94,1,9,14,9,8.0,2,512,3,1,14990000.0,2
6271,3,36,1,5,14,9,8.0,2,128,3,1,2700000.0,2
6272,1,42,1,0,16,11,16.0,0,512,1,1,17800000.0,2
6273,0,3,1,0,16,9,8.0,2,1000,3,1,6500000.0,2
6274,2,94,1,0,14,9,4.0,2,500,3,1,2600000.0,2
6275,3,34,1,0,14,8,4.0,2,128,3,1,2700000.0,2
6276,1,39,1,0,12,9,4.0,2,128,1,1,3000000.0,2
6277,3,36,1,9,14,10,16.0,2,256,1,1,9500000.0,2
6278,4,55,1,3,16,9,8.0,2,512,6,1,8300000.0,2
6279,3,36,1,3,14,9,8.0,2,256,1,1,6000000.0,2
6280,0,50,1,1,16,10,8.0,1,512,3,1,15900000.0,2
6281,3,36,1,1,14,9,8.0,2,256,2,1,4300000.0,2
6282,0,84,1,0,14,10,8.0,2,512,3,1,13400000.0,2
6283,7,88,0,9,14,9,8.0,2,256,2,1,7200000.0,2
6284,4,51,1,1,16,9,8.0,2,128,3,1,6799000.0,2
6285,7,33,0,0,16,17,8.0,1,512,1,1,14500000.0,0
6286,9,80,1,0,12,8,4.0,2,128,1,1,7700000.0,2
6287,9,75,0,9,14,17,8.0,2,256,6,1,14500000.0,0
6288,9,70,1,1,14,9,8.0,2,256,3,1,9500000.0,2
6289,3,36,1,3,14,9,16.0,2,256,3,1,8700000.0,2
6290,13,16,1,0,16,9,4.0,2,128,3,1,1600000.0,2
6291,3,36,1,3,16,9,16.0,2,256,1,1,13900000.0,2
6292,3,36,1,0,14,9,8.0,2,256,1,1,6900000.0,2
6293,0,59,1,1,16,10,16.0,1,256,6,1,10500000.0,2
6294,4,55,1,0,14,9,8.0,1,256,3,1,6500000.0,2
6295,7,88,0,9,14,9,16.0,2,512,1,1,17990000.0,2
6296,2,94,0,0,14,8,16.0,2,1000,3,1,8000000.0,2
6297,4,60,1,1,14,9,8.0,2,128,3,1,4200000.0,2
6298,4,68,1,1,14,10,16.0,2,256,3,1,7500000.0,2
6299,2,85,1,12,16,9,16.0,1,512,3,1,15500000.0,2
6300,1,38,1,0,14,6,4.0,2,256,3,1,1500000.0,2
6301,3,34,1,0,16,8,6.0,2,256,3,1,2650000.0,2
6302,5,15,0,9,14,9,8.0,1,120,6,1,4500000.0,2
6303,12,30,1,0,14,8,4.0,2,256,5,1,900000.0,2
6304,0,50,1,3,16,10,8.0,1,512,6,1,14000000.0,2
6305,1,42,1,5,14,9,16.0,2,1000,1,1,46500000.0,2
6306,0,50,1,3,16,9,8.0,1,512,6,1,12800000.0,2
6307,7,33,1,0,16,9,8.0,2,256,3,1,5550000.0,2
6308,12,67,1,0,14,9,4.0,2,500,3,1,1600000.0,2
6309,1,42,1,0,16,9,16.0,1,256,1,1,8200000.0,2
6310,3,36,1,1,14,9,8.0,2,256,1,1,4000000.0,2
6311,1,39,1,1,14,9,8.0,2,128,1,1,4900000.0,2
6312,3,36,1,0,16,10,16.0,2,256,3,1,3500000.0,2
6313,3,34,1,0,14,8,8.0,0,256,3,1,2999000.0,2
6314,3,95,1,3,16,9,8.0,1,256,3,1,12000000.0,2
6315,2,96,1,0,16,8,4.0,2,128,5,1,1900000.0,2
6316,7,88,1,0,12,8,4.0,1,128,5,1,2900000.0,2
6317,1,40,1,5,14,1,8.0,2,256,6,1,13700000.0,1
6318,7,98,1,1,14,10,8.0,2,256,1,1,6000000.0,2
6319,7,88,1,0,14,8,4.0,1,128,5,1,3000000.0,2
6320,0,50,1,9,16,9,16.0,1,512,3,1,13500000.0,2
6321,4,60,1,3,16,9,8.0,2,256,1,1,8600000.0,2
6322,4,17,1,0,16,10,8.0,0,250,1,1,2500000.0,2
6323,3,36,1,5,16,10,16.0,2,512,1,1,9500000.0,2
6324,7,88,1,1,12,9,8.0,2,250,1,1,3800000.0,2
6325,9,82,1,1,14,9,8.0,2,256,6,1,19500000.0,2
6326,1,47,1,1,14,9,16.0,2,512,3,1,9500000.0,2
6327,3,36,1,0,12,9,8.0,2,256,3,1,5490000.0,2
6328,4,60,1,5,16,9,8.0,2,256,2,1,5800000.0,2
6329,2,35,1,0,14,9,4.0,2,500,6,1,2200000.0,2
6330,3,95,1,3,14,9,16.0,1,512,6,1,12450000.0,2
6331,7,33,1,3,16,17,16.0,1,512,7,1,13900000.0,0
6332,4,55,1,0,16,9,8.0,2,512,3,1,12900000.0,2
6333,3,36,1,5,14,9,8.0,2,256,3,1,9800000.0,2
6334,2,21,1,3,14,8,8.0,2,256,3,1,5900000.0,2
6335,2,96,1,0,14,8,8.0,1,128,3,1,1200000.0,2
6336,0,3,1,1,16,12,4.0,2,120,6,1,2500000.0,2
6337,1,47,1,0,16,11,32.0,0,1500,3,1,40000000.0,2
6338,3,36,1,3,14,10,16.0,2,512,3,1,12000000.0,2
6339,3,34,1,0,14,9,8.0,2,256,3,1,7990000.0,2
6340,3,34,1,3,16,9,8.0,0,128,3,1,6300000.0,2
6341,4,18,1,0,16,10,4.0,2,500,1,1,600000.0,2
6342,3,36,1,0,14,8,4.0,2,640,3,1,2000000.0,2
6343,5,15,0,0,16,8,8.0,2,256,5,1,7500000.0,2
6344,0,50,1,3,16,10,8.0,1,512,1,1,16900000.0,2
6345,4,17,1,0,14,9,4.0,2,128,1,1,3599000.0,2
6346,1,39,1,0,14,9,8.0,2,128,3,1,6700000.0,2
6347,0,3,1,1,14,9,4.0,2,256,3,1,6500000.0,2
6348,3,97,1,3,14,9,8.0,2,256,1,1,9999000.0,2
6349,3,36,1,3,14,10,8.0,2,256,1,1,5900000.0,2
6350,3,57,1,3,16,10,16.0,1,512,1,1,11600000.0,2
6351,4,17,1,3,14,9,8.0,2,256,3,1,3300000.0,2
6352,2,85,2,0,18,0,16.0,1,256,3,1,16000000.0,0
6353,3,2,1,1,18,11,32.0,1,1000,1,1,38800000.0,2
6354,1,39,1,3,14,10,8.0,2,512,2,1,6490000.0,2
6355,1,41,0,1,16,2,8.0,2,512,1,1,31990000.0,1
6356,3,36,1,0,14,9,8.0,2,128,1,1,3800000.0,2
6357,0,3,0,0,14,9,8.0,2,256,6,1,8500000.0,2
6358,3,2,0,9,16,11,32.0,1,1000,1,1,68000000.0,2
6359,9,80,1,1,14,9,8.0,2,256,3,1,8900000.0,2
6360,3,36,1,3,12,9,8.0,2,256,2,1,3600000.0,2
6361,3,58,1,5,16,10,32.0,1,1000,6,1,10000000.0,2
6362,2,0,1,0,14,8,6.0,2,250,2,1,1500000.0,2
6363,3,36,1,0,12,9,8.0,2,256,2,1,5400000.0,2
6364,2,35,1,0,14,12,8.0,2,256,3,1,390000.0,2
6365,4,17,2,0,14,9,0.5,2,120,6,1,500000.0,2
6366,3,57,1,0,16,10,32.0,1,512,1,1,10500000.0,2
6367,4,55,1,0,16,8,8.0,2,500,3,1,4600000.0,2
6368,5,15,1,3,16,9,16.0,1,512,7,1,14500000.0,2
6369,3,36,1,0,12,10,8.0,2,256,3,1,3500000.0,2
6370,0,3,2,0,16,5,4.0,2,320,6,1,1200000.0,2
6371,3,57,0,5,14,11,32.0,2,1000,1,1,43500000.0,2
6372,0,3,1,0,16,9,8.0,2,512,3,1,6800000.0,2
6373,3,36,1,3,14,10,8.0,2,256,1,1,5700000.0,2
6374,7,88,1,1,14,9,8.0,2,256,3,1,4590000.0,2
6375,3,36,1,3,12,8,8.0,2,120,2,1,3350000.0,2
6376,2,64,1,9,16,10,16.0,1,512,3,1,9999000.0,2
6377,3,34,1,3,16,9,8.0,1,256,6,1,4900000.0,2
6378,3,36,1,0,14,10,16.0,2,512,1,1,6500000.0,2
6379,1,42,1,0,14,9,16.0,2,500,3,1,15900000.0,2
6380,3,36,1,9,12,9,4.0,1,120,6,1,3700000.0,2
6381,13,92,2,0,14,9,4.0,2,256,3,1,1200000.0,2
6382,1,42,1,0,16,10,8.0,2,256,1,1,3899999.0,2
6383,3,95,1,3,14,9,8.0,2,128,2,1,2800000.0,2
6384,3,97,1,0,14,9,8.0,2,512,3,1,15500000.0,2
6385,1,44,1,0,16,1,16.0,2,1000,3,1,39990000.0,1
6386,2,96,1,1,14,9,4.0,2,128,2,1,3950000.0,2
6387,7,88,1,3,16,10,32.0,1,512,1,1,19500000.0,2
6388,5,15,1,1,12,9,4.0,2,128,2,1,2400000.0,2
6389,2,24,1,0,16,10,32.0,1,1000,6,1,6200000.0,2
6390,5,15,1,0,9,0,32.0,0,1000,5,1,21000000.0,0
6391,3,36,1,3,16,10,16.0,1,512,1,1,13600000.0,2
6392,7,88,1,9,16,10,16.0,1,512,1,1,14500000.0,2
6393,2,94,1,0,14,9,8.0,2,500,3,1,4500000.0,2
6394,3,95,1,5,16,17,8.0,0,256,5,1,12200000.0,0
6395,3,95,2,0,14,10,8.0,0,256,3,1,4000000.0,2
6396,7,88,1,5,14,10,16.0,2,512,3,1,13500000.0,2
6397,4,17,2,0,12,9,4.0,2,128,2,1,1950000.0,2
6398,3,36,1,0,14,10,8.0,2,256,1,1,5500000.0,2
6399,8,12,1,1,16,9,8.0,1,512,3,1,9800000.0,2
6400,0,50,1,9,16,9,8.0,1,512,6,1,13500000.0,2
6401,12,30,1,0,14,10,4.0,2,128,3,1,7500000.0,2
6402,2,94,1,1,14,12,4.0,2,128,3,1,2000000.0,2
6403,3,57,1,3,16,10,16.0,1,1000,3,1,9900000.0,2
6404,1,39,1,3,14,9,64.0,2,256,1,1,12000000.0,2
6405,1,43,1,9,14,1,8.0,2,256,6,1,18900000.0,1
6406,2,94,1,0,16,10,32.0,1,512,3,1,20000000.0,2
6407,3,36,1,1,14,9,8.0,2,256,5,1,2700000.0,2
6408,1,42,1,0,16,10,16.0,2,512,3,1,12000000.0,2
6409,2,85,1,0,16,9,8.0,1,128,6,1,6200000.0,2
6410,3,97,1,0,14,10,8.0,2,256,3,1,9500000.0,2
6411,3,36,1,3,14,9,8.0,2,128,1,1,3000000.0,2
6412,7,88,1,0,16,8,4.0,1,512,5,1,2900000.0,2
6413,9,70,0,3,14,9,16.0,2,256,1,1,11500000.0,2
6414,2,96,1,0,14,8,4.0,2,120,3,1,2500000.0,2
6415,7,20,1,0,14,9,6.0,2,256,6,1,2000000.0,2
6416,2,64,1,1,16,18,32.0,1,1000,6,1,27000000.0,0
6417,2,94,0,9,14,9,8.0,2,512,6,1,9800000.0,2
6418,7,33,0,1,16,18,8.0,1,512,6,1,17500000.0,0
6419,3,36,1,1,16,9,8.0,2,256,3,1,8500000.0,2
6420,3,24,2,5,16,9,16.0,1,512,6,1,16000000.0,2
6421,1,42,1,0,14,9,8.0,2,256,3,1,10200000.0,2
6422,7,37,1,0,16,18,16.0,1,512,3,1,17200000.0,0
6423,3,36,2,0,14,9,8.0,2,128,3,1,3500000.0,2
6424,3,36,1,0,14,10,16.0,2,256,3,1,12300000.0,2
6425,3,36,1,0,14,9,8.0,2,128,1,1,5500000.0,2
6426,3,36,1,2,12,9,8.0,2,256,6,1,5200000.0,2
6427,4,17,1,0,14,9,16.0,1,512,3,1,7500000.0,2
6428,2,23,1,3,16,9,8.0,1,256,3,1,11600000.0,2
6429,11,6,1,0,16,10,16.0,1,512,3,1,15678000.0,2
6430,3,36,1,1,14,9,8.0,2,256,3,1,4600000.0,2
6431,0,3,1,0,14,8,4.0,2,128,3,1,1200000.0,2
6432,2,85,1,1,18,9,8.0,1,512,6,1,14000000.0,2
6433,5,15,1,9,12,4,4.0,1,120,1,1,2000000.0,2
6434,8,26,1,0,16,10,16.0,1,512,6,1,13000000.0,2
6435,0,59,1,9,14,8,4.0,1,128,4,1,2000000.0,2
6436,7,88,1,0,14,9,8.0,1,256,1,1,3570000.0,2
6437,3,36,1,0,14,10,8.0,2,256,3,1,8900000.0,2
6438,1,44,1,3,14,1,8.0,2,512,3,1,20444000.0,1
6439,3,36,1,3,12,10,8.0,2,128,1,1,2999000.0,2
6440,3,34,1,0,14,8,4.0,2,128,3,1,2000000.0,2
6441,7,33,1,3,14,18,16.0,2,512,3,1,14000000.0,0
6442,3,36,1,0,14,10,4.0,2,256,3,1,1400000.0,2
6443,7,88,1,3,14,9,8.0,2,256,2,1,5999999.0,2
6444,4,17,1,1,14,9,8.0,2,128,6,1,3500000.0,2
6445,4,99,1,0,16,10,8.0,1,256,3,1,4500000.0,2
6446,3,57,1,3,16,10,32.0,1,128,1,1,10999999.0,2
6447,3,34,0,3,14,10,16.0,2,512,1,1,11900000.0,2
6448,1,40,1,9,14,1,16.0,2,256,6,1,21000000.0,1
6449,0,32,1,0,16,10,16.0,1,512,6,1,13500000.0,2
6450,1,42,1,0,14,10,8.0,2,256,3,1,6400000.0,2
6451,7,33,1,0,16,9,8.0,2,128,3,1,3000000.0,2
6452,3,95,1,0,14,8,4.0,2,500,3,1,1200000.0,2
6453,4,17,0,3,14,9,16.0,2,256,3,1,13900000.0,2
6454,1,42,1,1,16,0,16.0,0,512,1,1,14000000.0,0
6455,3,36,1,3,14,9,16.0,2,256,1,1,8800000.0,2
6456,2,1,1,5,16,10,16.0,1,512,6,1,20500000.0,2
6457,3,2,1,1,14,10,32.0,1,1500,1,1,31500000.0,2
6458,4,93,1,0,16,17,8.0,1,512,6,1,13600000.0,0
6459,1,42,1,1,14,9,8.0,2,256,3,1,6499000.0,2
6460,9,82,1,1,14,9,8.0,2,256,1,1,23990000.0,2
6461,3,36,1,1,14,9,16.0,2,256,1,1,6500000.0,2
6462,7,88,1,3,14,10,16.0,2,256,3,1,6900000.0,2
6463,5,15,0,12,14,8,8.0,2,256,2,1,7900000.0,2
6464,3,34,1,0,14,10,8.0,2,256,3,1,8900000.0,2
6465,3,36,2,0,14,9,8.0,2,128,3,1,999000.0,2
6466,4,17,1,0,14,9,8.0,2,256,2,1,6500000.0,2
6467,4,60,2,0,16,9,4.0,0,250,3,1,900000.0,2
6468,7,20,1,0,16,8,4.0,2,128,3,1,2199000.0,2
6469,5,15,1,0,14,9,4.0,2,256,3,1,2999000.0,2
6470,7,33,1,5,16,10,16.0,1,1000,1,1,17900000.0,2
6471,7,88,1,0,12,9,4.0,2,128,3,1,1650000.0,2
6472,2,96,1,0,14,9,8.0,2,640,3,1,2600000.0,2
6473,14,56,0,3,14,9,16.0,2,256,2,1,9800000.0,2
6474,7,33,1,3,14,9,8.0,2,512,7,1,7000000.0,2
6475,2,94,1,0,14,8,4.0,2,128,3,1,2999000.0,2
6476,1,40,1,0,14,1,8.0,2,256,6,1,13300000.0,1
6477,1,42,1,0,14,9,8.0,2,128,3,1,5600000.0,2
6478,3,2,1,0,18,10,16.0,1,1000,3,1,26000000.0,2
6479,3,34,1,0,16,9,8.0,2,120,3,1,6000000.0,2
6480,3,36,2,0,12,10,16.0,2,256,3,1,5990000.0,2
6481,3,34,1,0,14,10,8.0,1,512,3,1,4999000.0,2
6482,9,80,1,3,12,10,16.0,2,256,1,1,11000000.0,2
6483,3,34,1,0,14,8,6.0,2,512,3,1,1100000.0,2
6484,7,88,1,3,14,10,8.0,2,256,1,1,7400000.0,2
6485,4,55,1,0,14,8,4.0,0,120,3,1,1200000.0,2
6486,3,57,1,3,16,10,16.0,1,256,3,1,12700000.0,2
6487,5,15,1,0,16,8,4.0,2,256,3,1,4300000.0,2
6488,3,34,1,0,14,10,16.0,1,512,3,1,7000000.0,2
6489,7,88,1,1,14,10,16.0,2,256,1,1,8900000.0,2
6490,2,96,1,1,16,8,4.0,2,256,3,1,3300000.0,2
6491,3,95,1,0,14,9,8.0,1,128,6,1,3300000.0,2
6492,1,45,0,1,14,2,32.0,2,1000,1,1,68500000.0,1
6493,7,88,1,9,14,9,8.0,2,256,3,1,6900000.0,2
6494,4,55,1,3,16,9,8.0,2,512,3,1,13500000.0,2
6495,1,47,1,0,16,10,16.0,0,512,3,1,18500000.0,2
6496,4,18,1,3,14,17,8.0,0,256,6,1,5200000.0,0
6497,3,34,1,3,14,8,8.0,2,128,6,1,3000000.0,2
6498,4,55,1,0,16,9,16.0,2,250,1,1,3200000.0,2
6499,13,92,1,1,14,9,4.0,2,128,0,1,3500000.0,2
6500,0,3,1,5,16,10,16.0,1,128,2,1,6000000.0,2
6501,1,39,1,0,14,9,4.0,2,128,3,1,3000000.0,2
6502,3,36,1,0,16,10,8.0,1,250,1,1,2950000.0,2
6503,1,42,1,0,14,9,16.0,2,256,3,1,8900000.0,2
6504,3,36,1,3,14,9,8.0,2,256,1,1,7800000.0,2
6505,2,94,1,0,14,9,4.0,2,500,3,1,2500000.0,2
6506,1,47,1,0,14,10,16.0,2,512,3,1,11800000.0,2
6507,4,55,1,1,14,9,8.0,2,512,3,1,13000000.0,2
6508,4,60,1,3,14,10,8.0,2,256,2,1,7680000.0,2
6509,3,36,1,3,14,10,16.0,2,256,1,1,7000000.0,2
6510,3,36,1,0,14,9,8.0,2,256,3,1,9800000.0,2
6511,1,42,1,0,14,10,16.0,0,512,3,1,15900000.0,2
6512,0,3,1,0,16,5,4.0,2,500,7,1,1600000.0,2
6513,3,97,1,0,16,10,16.0,1,512,3,1,9000000.0,2
6514,4,55,1,3,16,10,16.0,1,512,2,1,9500000.0,2
6515,4,17,1,1,14,9,8.0,2,256,3,1,6500000.0,2
6516,14,66,1,1,14,6,4.0,2,320,6,1,850000.0,2
6517,2,96,1,12,14,8,4.0,2,512,7,1,7300000.0,2
6518,13,92,1,1,14,10,8.0,2,128,2,1,3800000.0,2
6519,5,15,1,0,14,10,8.0,2,256,3,1,10700000.0,2
6520,3,97,1,0,14,10,16.0,2,512,3,1,26500000.0,2
6521,4,51,2,0,14,8,4.0,2,250,6,1,4500000.0,2
6522,5,15,1,0,16,9,8.0,2,256,3,1,4700000.0,2
6523,0,50,1,5,16,9,8.0,1,256,6,1,9500000.0,2
6524,1,40,1,5,14,1,16.0,2,256,3,1,19500000.0,1
6525,5,15,1,1,14,10,8.0,2,256,2,1,5800000.0,2
6526,3,34,1,3,16,9,8.0,0,128,6,1,4500000.0,2
6527,0,50,0,0,14,9,8.0,1,512,3,1,11200000.0,2
6528,9,75,1,0,14,9,8.0,2,128,2,1,6800000.0,2
6529,0,3,1,9,16,17,8.0,1,512,7,1,22000000.0,0
6530,2,94,1,0,16,9,8.0,2,256,3,1,2190000.0,2
6531,4,17,1,0,14,9,16.0,2,256,1,1,11500000.0,2
6532,2,100,0,12,14,9,8.0,2,512,7,1,15700000.0,2
6533,5,15,1,0,14,9,4.0,2,128,2,1,1400000.0,2
6534,1,47,1,3,14,10,16.0,2,1000,2,1,25700000.0,2
6535,3,95,1,0,16,9,4.0,2,128,6,1,3100000.0,2
6536,0,59,1,0,16,10,16.0,1,1000,6,1,7500000.0,2
6537,1,39,1,0,14,9,8.0,2,128,3,1,8500000.0,2
6538,7,88,1,1,14,9,4.0,2,320,3,1,2400000.0,2
6539,4,17,1,3,14,10,16.0,2,256,1,1,11000000.0,2
6540,3,36,1,3,14,8,4.0,2,128,3,1,2900000.0,2
6541,7,88,1,5,14,9,8.0,2,256,6,1,3300000.0,2
6542,2,94,1,5,16,9,8.0,2,512,3,1,11500000.0,2
6543,1,40,1,3,14,1,8.0,2,256,6,1,13500000.0,1
6544,3,97,1,3,16,10,16.0,1,512,1,1,20990000.0,2
6545,3,36,1,3,14,9,8.0,2,256,1,1,4700000.0,2
6546,3,36,1,1,14,9,4.0,1,320,2,1,1690000.0,2
6547,5,15,1,0,16,8,6.0,2,500,3,1,1500000.0,2
6548,7,33,0,1,16,17,16.0,1,512,5,1,15000000.0,0
6549,4,17,1,0,14,9,8.0,2,256,1,1,2000000.0,2
6550,3,34,1,1,16,17,8.0,2,256,6,1,8999000.0,0
6551,1,42,1,1,16,10,16.0,0,1000,3,1,13300000.0,2
6552,4,17,1,0,16,9,8.0,2,320,3,1,3200000.0,2
6553,0,3,1,1,16,9,8.0,1,512,1,1,4500000.0,2
6554,4,17,1,0,14,9,4.0,2,250,1,1,1680000.0,2
6555,14,66,1,0,16,10,8.0,0,250,3,1,4800000.0,2
6556,1,40,0,1,14,1,8.0,2,256,1,1,15890000.0,1
6557,7,37,1,1,16,10,8.0,1,1500,1,1,13500000.0,2
6558,0,84,1,0,16,8,4.0,2,1000,3,1,6500000.0,2
6559,3,2,1,3,18,10,16.0,1,1000,1,1,29990000.0,2
6560,9,70,1,5,14,10,16.0,2,512,3,1,23600000.0,2
6561,0,3,1,1,16,8,8.0,2,256,3,1,7200000.0,2
6562,3,36,1,3,14,10,16.0,2,256,3,1,8500000.0,2
6563,0,3,1,0,10,4,2.0,2,320,3,1,1200000.0,2
6564,2,94,1,1,16,9,16.0,1,512,6,1,14900000.0,2
6565,2,1,1,1,16,9,4.0,1,480,6,1,3500000.0,2
6566,4,18,1,3,16,10,8.0,2,256,2,1,6000000.0,2
6567,3,2,1,3,16,10,16.0,1,512,1,1,13900000.0,2
6568,7,33,1,3,14,8,8.0,2,128,3,1,3800000.0,2
6569,2,35,0,0,14,8,4.0,2,500,6,1,1650000.0,2
6570,3,97,1,0,16,11,8.0,2,1000,3,1,29000000.0,2
6571,3,58,1,3,16,10,16.0,1,256,3,1,7900000.0,2
6572,3,57,1,0,16,10,16.0,1,512,1,1,14300000.0,2
6573,3,36,1,3,14,9,8.0,2,250,3,1,4600000.0,2
6574,7,88,1,1,14,9,16.0,2,256,1,1,7800000.0,2
6575,7,88,1,0,14,9,4.0,2,128,3,1,3990000.0,2
6576,4,93,1,0,16,0,16.0,1,512,3,1,13200000.0,0
6577,3,36,1,0,14,10,16.0,2,256,1,1,10300000.0,2
6578,4,99,1,3,14,10,32.0,0,512,2,1,8390000.0,2
6579,3,36,1,3,14,9,8.0,2,256,2,1,4500000.0,2
6580,7,88,1,0,14,8,4.0,2,500,3,1,2990000.0,2
6581,8,25,1,0,16,9,8.0,1,512,3,1,9000000.0,2
6582,13,92,0,3,14,9,8.0,2,512,1,1,11500000.0,2
6583,4,17,1,0,14,10,32.0,2,120,1,1,1400000.0,2
6584,3,36,1,1,12,9,8.0,2,256,1,1,3000000.0,2
6585,4,99,1,0,16,10,16.0,1,1000,2,1,11500000.0,2
6586,4,17,1,0,12,8,8.0,2,256,6,1,5500000.0,2
6587,7,88,1,1,14,9,8.0,2,256,1,1,3500000.0,2
6588,7,98,1,0,14,10,16.0,2,1000,3,1,7500000.0,2
6589,3,36,1,0,16,9,4.0,1,128,3,1,3200000.0,2
6590,5,15,1,3,14,9,8.0,2,512,3,1,4900000.0,2
6591,3,36,1,3,12,10,8.0,2,256,3,1,5100000.0,2
6592,2,94,1,0,16,12,4.0,1,500,3,1,1400000.0,2
6593,7,88,1,0,12,10,16.0,2,256,1,1,8500000.0,2
6594,3,36,1,1,14,10,8.0,2,256,3,1,4500000.0,2
6595,4,99,1,3,16,10,8.0,1,256,3,1,4900000.0,2
6596,3,69,1,1,14,9,4.0,2,500,1,1,1500000.0,2
6597,3,36,1,1,14,9,8.0,2,256,1,1,5600000.0,2
6598,9,79,1,0,12,9,8.0,2,128,3,1,8500000.0,2
6599,3,36,1,1,14,9,8.0,2,256,1,1,5800000.0,2
6600,14,66,1,0,14,8,4.0,2,128,3,1,1200000.0,2
6601,2,94,1,0,14,8,4.0,2,128,3,1,1900000.0,2
6602,3,97,1,1,14,10,16.0,2,256,1,1,17500000.0,2
6603,4,17,1,1,14,8,4.0,2,256,3,1,4800000.0,2
6604,14,66,1,9,14,11,4.0,2,320,2,1,2000000.0,2
6605,3,36,1,0,12,9,8.0,0,128,3,1,4200000.0,2
6606,7,88,1,3,14,9,8.0,2,512,1,1,11000000.0,2
6607,2,94,1,1,14,9,4.0,2,128,3,1,2000000.0,2
6608,3,36,1,0,14,10,8.0,1,256,1,1,5899000.0,2
6609,2,94,1,0,14,8,4.0,2,128,5,1,1200000.0,2
6610,3,36,1,1,14,10,8.0,2,256,1,1,8000000.0,2
6611,4,55,1,0,16,8,4.0,2,1000,3,1,3000000.0,2
6612,3,36,1,1,16,9,8.0,2,256,1,1,4300000.0,2
6613,3,34,0,0,14,9,8.0,2,256,3,1,14500000.0,2
6614,7,88,1,1,14,9,16.0,2,256,1,1,6400000.0,2
6615,9,73,2,0,16,10,16.0,1,256,1,1,9500000.0,2
6616,8,25,1,3,16,9,16.0,1,512,6,1,15500000.0,2
6617,1,42,1,0,14,9,8.0,2,256,3,1,19999999.0,2
6618,4,17,0,3,14,17,8.0,0,256,5,1,6700000.0,0
6619,3,34,1,1,14,9,4.0,2,128,3,1,4599000.0,2
6620,1,40,1,0,14,1,16.0,2,1000,2,1,20500000.0,1
6621,2,1,1,0,14,9,4.0,2,256,6,1,2000000.0,2
6622,4,17,1,0,14,10,16.0,2,512,3,1,7500000.0,2
6623,2,100,1,0,14,17,8.0,0,256,3,1,9000000.0,0
6624,14,66,2,0,16,9,4.0,2,500,3,1,1800000.0,2
6625,13,92,1,0,14,8,4.0,2,500,3,1,2200000.0,2
6626,2,85,1,1,16,9,8.0,1,512,3,1,14000000.0,2
6627,3,97,1,1,14,9,8.0,2,512,3,1,16800000.0,2
6628,2,94,1,3,16,17,16.0,1,256,7,1,7500000.0,0
6629,1,39,1,0,14,9,8.0,2,120,6,1,7500000.0,2
6630,3,36,1,0,14,10,16.0,2,256,3,1,6500000.0,2
6631,9,83,1,0,14,9,8.0,2,256,3,1,8900000.0,2
6632,4,60,1,0,14,9,8.0,2,256,3,1,5200000.0,2
6633,3,36,1,3,14,10,8.0,1,256,1,1,7500000.0,2
6634,3,95,1,1,14,9,4.0,2,1000,3,1,3600000.0,2
6635,3,36,1,0,14,9,16.0,2,256,3,1,5500000.0,2
