Tình trạng,Hãng,Bộ vi xử lý,RAM,Ổ cứng,Loại ổ cứng,Card màn hình,Kích cỡ màn hình,Chính sách bảo hành,Xuất xứ,Giá
Đã sử dụng (chưa sửa chữa),Dell,Intel Core i3,8 GB,640 GB,,Onboard,13 - 14.9 inch,1 tháng,Đang cập nhật,4.800.000 đ
Đã sử dụng (chưa sửa chữa),Asus,Intel Core i5,8 GB,512 GB,,NVIDIA,15 - 16.9 inch,3 tháng,Đang cập nhật,8.900.000 đ
Đã sử dụng (chưa sửa chữa),Asus,Intel Core i5,8 GB,640 GB,,NVIDIA,15 - 16.9 inch,3 tháng,Đang cập nhật,5.200.000 đ
Đã sử dụng (chưa sửa chữa),Dell,Intel Core i7,16 GB,1 TB,,NVIDIA,15 - 16.9 inch,3 tháng,Đang cập nhật,9.900.000 đ
Đã sử dụng (chưa sửa chữa),Sony,Intel Core i7,8 GB,640 GB,,Onboard,15 - 16.9 inch,3 tháng,Nhật Bản,2.900.000 đ
Đã sử dụng (chưa sửa chữa),Panasonic,Intel Core i3,8 GB,250 GB,,Onboard,13 - 14.9 inch,Hết bảo hành,Đang cập nhật,2.300.000 đ
Đã sử dụng (chưa sửa chữa),Apple,Intel Core i7,8 GB,250 GB,,Khác,13 - 14.9 inch,Bảo hành hãng,Việt Nam,3.500.000 đ
Đã sử dụng (chưa sửa chữa),Asus,Intel Core i5,4 GB,< 128 GB,,Khác,13 - 14.9 inch,Hết bảo hành,Nhật Bản,1.000.000 đ
Đã sử dụng (chưa sửa chữa),Dell,Khác,4 GB,250 GB,,Khác,13 - 14.9 inch,Hết bảo hành,Nước khác,1.000.000 đ
Đã sử dụng (chưa sửa chữa),Dell,Intel Core i5,8 GB,256 GB,,Onboard,15 - 16.9 inch,Bảo hành hãng,Đang cập nhật,6.990.000 đ
Đã sử dụng (chưa sửa chữa),Apple,,8 GB,256 GB,,,13 - 14.9 inch,Bảo hành hãng,Đang cập nhật,27.990.000 đ
Đã sử dụng (chưa sửa chữa),Asus,Intel Core i5,8 GB,512 GB,,,13 - 14.9 inch,Hết bảo hành,Nước khác,9.000.000 đ
Đã sử dụng (chưa sửa chữa),HP,Intel Core i3,8 GB,256 GB,,Onboard,15 - 16.9 inch,1 tháng,Đang cập nhật,4.500.000 đ
Đã sử dụng (chưa sửa chữa),Hãng Khác,Intel Core i7,8 GB,256 GB,,Khác,15 - 16.9 inch,2 tháng,Đang cập nhật,16.000.000 đ
Đã sử dụng (chưa sửa chữa),Apple,,,,,,,Bảo hành hãng,Đang cập nhật,650.000 đ
Đã sử dụng (chưa sửa chữa),Acer,Intel Core i3,8 GB,256 GB,,Onboard,15 - 16.9 inch,Còn bảo hành,Mỹ,6.890.000 đ
Mới,Dell,Intel Core i7,8 GB,128 GB,,AMD,13 - 14.9 inch,2 tháng,Trung Quốc,7.000.000 đ
Đã sử dụng (chưa sửa chữa),HP,Intel Core i5,8 GB,256 GB,,,,Bảo hành hãng,Nhật Bản,6.800.000 đ
Đã sử dụng (chưa sửa chữa),Dell,Intel Core i3,8 GB,128 GB,,Onboard,15 - 16.9 inch,Hết bảo hành,Đang cập nhật,3.000.000 đ
Mới,Acer,Ryzen 5,8 GB,512 GB,,NVIDIA,15 - 16.9 inch,7-12 tháng,Việt Nam,13.333.333 đ
Đã sử dụng (chưa sửa chữa),Lenovo,Intel Core i3,8 GB,128 GB,,Onboard,13 - 14.9 inch,Bảo hành hãng,Đang cập nhật,2.850.000 đ
Đã sử dụng (chưa sửa chữa),Sony,Intel Core i5,8 GB,256 GB,,Onboard,13 - 14.9 inch,4-6 tháng,Nhật Bản,6.900.000 đ
Mới,Lenovo,Khác,8 GB,512 GB,,Onboard,13 - 14.9 inch,>12 tháng,Trung Quốc,6.500.000 đ
Đã sử dụng (chưa sửa chữa),Asus,Intel Core i5,8 GB,512 GB,,Onboard,15 - 16.9 inch,Còn bảo hành,Đài Loan,9.300.000 đ
Đã sử dụng (chưa sửa chữa),Apple,Intel Core i9,32 GB,1 TB,,AMD,15 - 16.9 inch,Hết bảo hành,Mỹ,27.000.000 đ
Đã sử dụng (chưa sửa chữa),Dell,Intel Core i7,8 GB,256 GB,,Onboard,13 - 14.9 inch,Còn bảo hành,Mỹ,4.000.000 đ
Mới,Asus,Intel Core i7,16 GB,512 GB,,NVIDIA,15 - 16.9 inch,>12 tháng,Việt Nam,17.999.999 đ
Mới,Dell,Intel Core i5,8 GB,256 GB,,Onboard,13 - 14.9 inch,Còn bảo hành,Mỹ,6.399.999 đ
Đã sử dụng (chưa sửa chữa),Dell,Intel Core i5,4 GB,128 GB,,,13 - 14.9 inch,Bảo hành hãng,Đang cập nhật,2.900.000 đ
Đã sử dụng (chưa sửa chữa),Acer,Ryzen 5,8 GB,512 GB,,AMD,15 - 16.9 inch,2 tháng,Đang cập nhật,9.200.000 đ
Đã sử dụng (chưa sửa chữa),Dell,Intel Core i5,16 GB,256 GB,,Onboard,15 - 16.9 inch,Bảo hành hãng,Đang cập nhật,4.900.000 đ
Đã sử dụng (chưa sửa chữa),Asus,Intel Core i5,8 GB,128 GB,,NVIDIA,15 - 16.9 inch,Hết bảo hành,Đang cập nhật,3.500.000 đ
Đã sử dụng (qua sửa chữa),HP,Intel Core i5,4 GB,128 GB,,Onboard,15 - 16.9 inch,Bảo hành hãng,Đang cập nhật,999.999 đ
Đã sử dụng (chưa sửa chữa),Dell,Intel Core i5,8 GB,256 GB,,Onboard,15 - 16.9 inch,1 tháng,Mỹ,4.850.000 đ
Mới,Dell,Intel Core i5,16 GB,256 GB,,Onboard,13 - 14.9 inch,Còn bảo hành,Mỹ,5.000.000 đ
Đã sử dụng (chưa sửa chữa),Apple,Intel Core i5,8 GB,256 GB,,Onboard,13 - 14.9 inch,Hết bảo hành,Mỹ,5.000.000 đ
Đã sử dụng (chưa sửa chữa),Apple,,,,,,,Bảo hành hãng,Đang cập nhật,12.999.000 đ
Đã sử dụng (chưa sửa chữa),Acer,,,,,,,Bảo hành hãng,Đang cập nhật,24.500.000 đ
Đã sử dụng (chưa sửa chữa),Asus,,,,,,,Bảo hành hãng,Đang cập nhật,14.500.000 đ
Đã sử dụng (chưa sửa chữa),Dell,Intel Core i7,8 GB,256 GB,,Onboard,13 - 14.9 inch,Hết bảo hành,Việt Nam,7.450.000 đ
Đã sử dụng (chưa sửa chữa),Apple,Intel Core i5,4 GB,128 GB,,Onboard,13 - 14.9 inch,4-6 tháng,Nhật Bản,4.900.000 đ
Đã sử dụng (chưa sửa chữa),HP,Intel Core i7,8 GB,256 GB,,Onboard,13 - 14.9 inch,Còn bảo hành,Mỹ,4.000.000 đ
Đã sử dụng (chưa sửa chữa),Apple,Khác,16 GB,512 GB,,Onboard,13 - 14.9 inch,4-6 tháng,Đang cập nhật,22.200.000 đ
Đã sử dụng (chưa sửa chữa),Lenovo,Intel Core i3,8 GB,512 GB,,Onboard,13 - 14.9 inch,3 tháng,Việt Nam,4.500.000 đ
Đã sử dụng (qua sửa chữa),Sony,Intel Core i3,6 GB,,,,,Bảo hành hãng,Nhật Bản,1.700.000 đ
Đã sử dụng (chưa sửa chữa),Dell,Intel Core i5,8 GB,128 GB,,AMD,13 - 14.9 inch,Hết bảo hành,Việt Nam,1.200.000 đ
Đã sử dụng (chưa sửa chữa),Dell,Intel Core i7,16 GB,> 1 TB,,NVIDIA,15 - 16.9 inch,Hết bảo hành,Việt Nam,9.900.000 đ
Đã sử dụng (chưa sửa chữa),Hãng Khác,Khác,1 GB,< 128 GB,,Onboard,11 - 12.9 inch,Hết bảo hành,Việt Nam,150.000 đ
Đã sử dụng (chưa sửa chữa),HP,Intel Core i5,4 GB,500 GB,,Onboard,13 - 14.9 inch,Còn bảo hành,Nước khác,1.800.000 đ
Đã sử dụng (chưa sửa chữa),HP,Intel Core i5,8 GB,512 GB,,Onboard,15 - 16.9 inch,3 tháng,Việt Nam,7.999.000 đ
Đã sử dụng (chưa sửa chữa),HP,Intel Core i5,8 GB,,,,,1 tháng,Đang cập nhật,5.650.000 đ
Đã sử dụng (chưa sửa chữa),HP,Intel Core i7,8 GB,256 GB,,AMD,15 - 16.9 inch,1 tháng,Việt Nam,5.900.000 đ
Đã sử dụng (chưa sửa chữa),Dell,Intel Core i3,8 GB,256 GB,,Onboard,15 - 16.9 inch,Còn bảo hành,Việt Nam,6.500.000 đ
Đã sử dụng (chưa sửa chữa),Dell,Intel Core i5,8 GB,256 GB,,Onboard,13 - 14.9 inch,1 tháng,Mỹ,5.200.000 đ
Đã sử dụng (chưa sửa chữa),Dell,Intel Core i7,8 GB,256 GB,,Onboard,11 - 12.9 inch,Còn bảo hành,Đang cập nhật,4.890.000 đ
Đã sử dụng (chưa sửa chữa),Dell,Intel Core i7,8 GB,256 GB,,Onboard,11 - 12.9 inch,3 tháng,Đang cập nhật,5.900.000 đ
Đã sử dụng (chưa sửa chữa),Lenovo,,,,,,,Bảo hành hãng,Đang cập nhật,1.500.000 đ
Đã sử dụng (chưa sửa chữa),Dell,Intel Core i7,8 GB,256 GB,,NVIDIA,13 - 14.9 inch,Hết bảo hành,Mỹ,4.100.000 đ
Đã sử dụng (chưa sửa chữa),Asus,,,,,,,Bảo hành hãng,Đang cập nhật,1.300.000 đ
Đã sử dụng (chưa sửa chữa),Apple,,,,,,,Bảo hành hãng,Đang cập nhật,26.500.000 đ
Đã sử dụng (chưa sửa chữa),Dell,,,,,,,Bảo hành hãng,Đang cập nhật,15.000.000 đ
Đã sử dụng (chưa sửa chữa),Dell,Intel Core i7,8 GB,256 GB,,,13 - 14.9 inch,Hết bảo hành,Đang cập nhật,6.290.000 đ
Đã sử dụng (chưa sửa chữa),Dell,Intel Core i5,8 GB,256 GB,,Onboard,13 - 14.9 inch,Hết bảo hành,Mỹ,5.300.000 đ
Đã sử dụng (chưa sửa chữa),Dell,,,,,,,Bảo hành hãng,Đang cập nhật,4.990.000 đ
Mới,Asus,Ryzen 5,16 GB,512 GB,,NVIDIA,15 - 16.9 inch,Còn bảo hành,Việt Nam,18.200.000 đ
Đã sử dụng (chưa sửa chữa),Apple,Intel Core i5,8 GB,128 GB,,Onboard,13 - 14.9 inch,4-6 tháng,Đang cập nhật,7.500.000 đ
Mới,Hãng Khác,Intel Core i5,16 GB,512 GB,,NVIDIA,15 - 16.9 inch,Còn bảo hành,Đang cập nhật,13.500.000 đ
Đã sử dụng (chưa sửa chữa),Apple,Intel Core i5,8 GB,128 GB,,,,Bảo hành hãng,Đang cập nhật,6.900.000 đ
Mới,MSI,Ryzen 7,8 GB,512 GB,,AMD,15 - 16.9 inch,Còn bảo hành,Đang cập nhật,13.800.000 đ
Đã sử dụng (chưa sửa chữa),Dell,Intel Core i7,8 GB,128 GB,,NVIDIA,17 - 18.9 inch,Hết bảo hành,Đang cập nhật,6.800.000 đ
Đã sử dụng (chưa sửa chữa),Apple,,,,,,,Bảo hành hãng,Đang cập nhật,14.500.000 đ
Đã sử dụng (chưa sửa chữa),Lenovo,Intel Core i5,8 GB,128 GB,,Onboard,11 - 12.9 inch,Bảo hành hãng,Việt Nam,3.300.000 đ
Mới,HP,Intel Core i5,8 GB,256 GB,,Onboard,13 - 14.9 inch,3 tháng,Đang cập nhật,2.900.000 đ
Đã sử dụng (chưa sửa chữa),HP,Intel Core i3,8 GB,256 GB,,Onboard,19 - 20.9 inch,Bảo hành hãng,Nhật Bản,2.050.000 đ
Đã sử dụng (chưa sửa chữa),Dell,Intel Core i5,4 GB,128 GB,,,,Bảo hành hãng,Đang cập nhật,3.500.000 đ
Mới,Dell,,,,,,,Bảo hành hãng,Mỹ,10.300.000 đ
Mới,Apple,Khác,8 GB,256 GB,,Khác,13 - 14.9 inch,Hết bảo hành,Đang cập nhật,17.900.000 đ
Đã sử dụng (chưa sửa chữa),Lenovo,,,,,,,Bảo hành hãng,Đang cập nhật,4.100.000 đ
Đã sử dụng (chưa sửa chữa),Lenovo,Intel Pentium,4 GB,500 GB,,Onboard,13 - 14.9 inch,Bảo hành hãng,Đang cập nhật,1.300.000 đ
Mới,Dell,Intel Core i7,,512 GB,,Onboard,13 - 14.9 inch,3 tháng,Mỹ,24.500.000 đ
Đã sử dụng (chưa sửa chữa),Dell,Intel Core i7,16 GB,512 GB,,Onboard,13 - 14.9 inch,3 tháng,Việt Nam,23.700.000 đ
Đã sử dụng (chưa sửa chữa),HP,Intel Core i5,8 GB,256 GB,,NVIDIA,15 - 16.9 inch,3 tháng,Đang cập nhật,7.500.000 đ
Mới,Dell,Intel Core i7,> 32GB,1 TB,,Onboard,15 - 16.9 inch,7-12 tháng,Mỹ,18.900.000 đ
Đã sử dụng (chưa sửa chữa),Dell,,,,,,,Bảo hành hãng,Đang cập nhật,6.800.000 đ
Đã sử dụng (chưa sửa chữa),Dell,Intel Core i7,16 GB,256 GB,,NVIDIA,17 - 18.9 inch,3 tháng,Đang cập nhật,8.400.000 đ
Đã sử dụng (chưa sửa chữa),Asus,Intel Core i9,16 GB,1 TB,,NVIDIA,15 - 16.9 inch,Còn bảo hành,Đang cập nhật,31.600.000 đ
Đã sử dụng (chưa sửa chữa),Apple,Intel Core i5,8 GB,128 GB,,,,Bảo hành hãng,Đang cập nhật,12.000.000 đ
Đã sử dụng (chưa sửa chữa),Dell,Intel Core i5,16 GB,512 GB,,Onboard,15 - 16.9 inch,Bảo hành hãng,Mỹ,10.500.000 đ
Đã sử dụng (chưa sửa chữa),Dell,Intel Core i5,8 GB,128 GB,,Onboard,13 - 14.9 inch,Hết bảo hành,Đang cập nhật,2.500.000 đ
Đã sử dụng (chưa sửa chữa),Apple,Intel Core i5,4 GB,256 GB,,Onboard,13 - 14.9 inch,Hết bảo hành,Việt Nam,2.500.000 đ
Đã sử dụng (chưa sửa chữa),Asus,AMD,16 GB,512 GB,,NVIDIA,15 - 16.9 inch,Còn bảo hành,Đang cập nhật,16.000.000 đ
Đã sử dụng (chưa sửa chữa),Apple,,8 GB,256 GB,,,,Bảo hành hãng,Đang cập nhật,15.000.000 đ
Đã sử dụng (chưa sửa chữa),Asus,Intel Core i5,8 GB,512 GB,,,13 - 14.9 inch,Bảo hành hãng,Đang cập nhật,8.500.000 đ
Đã sử dụng (chưa sửa chữa),Dell,Intel Core i5,8 GB,256 GB,,Onboard,11 - 12.9 inch,Còn bảo hành,Đang cập nhật,4.290.000 đ
Đã sử dụng (chưa sửa chữa),Asus,Intel Core i5,8 GB,512 GB,,Onboard,13 - 14.9 inch,Hết bảo hành,Trung Quốc,8.990.000 đ
Đã sử dụng (chưa sửa chữa),Apple,Intel Core i5,8 GB,128 GB,,Onboard,13 - 14.9 inch,Hết bảo hành,Mỹ,5.400.000 đ
Đã sử dụng (chưa sửa chữa),Dell,Intel Core i7,16 GB,512 GB,,NVIDIA,15 - 16.9 inch,4-6 tháng,Mỹ,8.900.000 đ
Đã sử dụng (chưa sửa chữa),Lenovo,Intel Core i5,8 GB,256 GB,,Khác,11 - 12.9 inch,Còn bảo hành,Đang cập nhật,5.000.000 đ
Đã sử dụng (chưa sửa chữa),Acer,Intel Core i3,4 GB,500 GB,,Khác,15 - 16.9 inch,Hết bảo hành,Trung Quốc,123.456 đ
Đã sử dụng (chưa sửa chữa),HP,Intel Core 2 Quad,4 GB,< 128 GB,,Onboard,13 - 14.9 inch,1 tháng,Việt Nam,750.000 đ
Đã sử dụng (chưa sửa chữa),Samsung,AMD,8 GB,128 GB,,Onboard,13 - 14.9 inch,Hết bảo hành,Đang cập nhật,1.600.000 đ
Đã sử dụng (chưa sửa chữa),HP,Intel Core i3,4 GB,128 GB,,Onboard,13 - 14.9 inch,3 tháng,Việt Nam,1.300.000 đ
Đã sử dụng (chưa sửa chữa),Dell,Intel Core i7,8 GB,256 GB,,NVIDIA,15 - 16.9 inch,3 tháng,Việt Nam,6.500.000 đ
Đã sử dụng (chưa sửa chữa),Lenovo,AMD,8 GB,512 GB,,,15 - 16.9 inch,>12 tháng,Đang cập nhật,8.000.000 đ
Đã sử dụng (chưa sửa chữa),Dell,Intel Core i5,16 GB,512 GB,,NVIDIA,15 - 16.9 inch,Còn bảo hành,Đang cập nhật,15.500.000 đ
Đã sử dụng (chưa sửa chữa),Dell,Intel Core i7,8 GB,256 GB,,Onboard,15 - 16.9 inch,3 tháng,Mỹ,7.000.000 đ
Mới,Lenovo,Khác,8 GB,512 GB,,Onboard,13 - 14.9 inch,Bảo hành hãng,Trung Quốc,7.500.000 đ
Đã sử dụng (chưa sửa chữa),Asus,Intel Core i3,4 GB,128 GB,,,13 - 14.9 inch,Bảo hành hãng,Đang cập nhật,1.800.000 đ
Đã sử dụng (chưa sửa chữa),Acer,Intel Core i5,8 GB,256 GB,,NVIDIA,15 - 16.9 inch,3 tháng,Việt Nam,6.500.000 đ
Đã sử dụng (chưa sửa chữa),Asus,Intel Core i3,4 GB,512 GB,,Onboard,15 - 16.9 inch,1 tháng,Việt Nam,5.700.000 đ
Đã sử dụng (chưa sửa chữa),MSI,Intel Core i7,8 GB,512 GB,,NVIDIA,15 - 16.9 inch,3 tháng,Việt Nam,10.500.000 đ
Đã sử dụng (chưa sửa chữa),Lenovo,Intel Core i5,8 GB,256 GB,,Onboard,13 - 14.9 inch,Bảo hành hãng,Đang cập nhật,3.800.000 đ
Đã sử dụng (chưa sửa chữa),Dell,Intel Core i7,16 GB,512 GB,,NVIDIA,15 - 16.9 inch,Bảo hành hãng,Đang cập nhật,11.500.000 đ
Đã sử dụng (chưa sửa chữa),HP,Intel Core i5,8 GB,256 GB,,Onboard,13 - 14.9 inch,3 tháng,Việt Nam,5.500.000 đ
Đã sử dụng (chưa sửa chữa),Apple,,,,,,,Bảo hành hãng,Đang cập nhật,10.490.000 đ
Đã sử dụng (chưa sửa chữa),Dell,Intel Core i5,8 GB,256 GB,,NVIDIA,15 - 16.9 inch,Bảo hành hãng,Đang cập nhật,3.800.000 đ
Đã sử dụng (chưa sửa chữa),Lenovo,Intel Core i7,16 GB,512 GB,,NVIDIA,15 - 16.9 inch,Bảo hành hãng,Đang cập nhật,20.999.999 đ
Đã sử dụng (chưa sửa chữa),Lenovo,Intel Core i7,16 GB,512 GB,,Onboard,13 - 14.9 inch,Bảo hành hãng,Đang cập nhật,10.990.000 đ
Đã sử dụng (chưa sửa chữa),Dell,Intel Core i7,8 GB,256 GB,,NVIDIA,15 - 16.9 inch,1 tháng,Mỹ,6.900.000 đ
Đã sử dụng (chưa sửa chữa),Asus,Intel Core i7,16 GB,512 GB,,NVIDIA,15 - 16.9 inch,Còn bảo hành,Đang cập nhật,24.600.000 đ
Đã sử dụng (chưa sửa chữa),Dell,Intel Core i7,16 GB,256 GB,,Onboard,11 - 12.9 inch,Bảo hành hãng,Đang cập nhật,9.990.000 đ
Đã sử dụng (chưa sửa chữa),Dell,Intel Core 2 Duo,4 GB,320 GB,,Onboard,13 - 14.9 inch,Hết bảo hành,Đang cập nhật,1.000.000 đ
Đã sử dụng (chưa sửa chữa),Dell,Intel Core i5,8 GB,256 GB,,Onboard,,Bảo hành hãng,Đang cập nhật,3.600.000 đ
Đã sử dụng (chưa sửa chữa),Dell,Intel Core i7,8 GB,256 GB,,Onboard,13 - 14.9 inch,1 tháng,Mỹ,6.900.000 đ
Đã sử dụng (chưa sửa chữa),Apple,Intel Core i7,32 GB,1 TB,,AMD,15 - 16.9 inch,3 tháng,Mỹ,14.500.000 đ
Đã sử dụng (chưa sửa chữa),Dell,,,,,,,Còn bảo hành,Đang cập nhật,4.799.000 đ
Đã sử dụng (chưa sửa chữa),HP,Intel Core i5,8 GB,256 GB,,Onboard,13 - 14.9 inch,Còn bảo hành,Mỹ,3.000.000 đ
Đã sử dụng (chưa sửa chữa),Lenovo,Intel Core i5,8 GB,128 GB,,Onboard,11 - 12.9 inch,Hết bảo hành,Nhật Bản,1.750.000 đ
Đã sử dụng (chưa sửa chữa),Lenovo,Intel Core i5,8 GB,256 GB,,Onboard,13 - 14.9 inch,Còn bảo hành,Đang cập nhật,7.590.000 đ
Đã sử dụng (chưa sửa chữa),Asus,Ryzen 9,16 GB,512 GB,,NVIDIA,15 - 16.9 inch,>12 tháng,Nước khác,22.999.999 đ
Đã sử dụng (chưa sửa chữa),Dell,Intel Core i7,8 GB,256 GB,,Onboard,13 - 14.9 inch,Còn bảo hành,Mỹ,4.500.000 đ
Đã sử dụng (chưa sửa chữa),Dell,Intel Core i7,16 GB,250 GB,,Onboard,13 - 14.9 inch,Bảo hành hãng,Mỹ,4.600.000 đ
Đã sử dụng (chưa sửa chữa),Dell,Intel Core i3,4 GB,128 GB,,Onboard,13 - 14.9 inch,Bảo hành hãng,Đang cập nhật,2.200.000 đ
Đã sử dụng (chưa sửa chữa),MSI,,,,,,,Bảo hành hãng,Đang cập nhật,15.990.000 đ
Đã sử dụng (chưa sửa chữa),Lenovo,Intel Core i5,8 GB,256 GB,,NVIDIA,13 - 14.9 inch,Hết bảo hành,Mỹ,9.000.000 đ
Đã sử dụng (chưa sửa chữa),Dell,Intel Core i7,32 GB,256 GB,,Onboard,13 - 14.9 inch,Còn bảo hành,Mỹ,7.000.000 đ
Đã sử dụng (chưa sửa chữa),Hãng Khác,Intel Core i5,8 GB,256 GB,,Onboard,13 - 14.9 inch,3 tháng,Nhật Bản,3.800.000 đ
Đã sử dụng (chưa sửa chữa),Dell,,,,,,,Bảo hành hãng,Đang cập nhật,4.990.000 đ
Đã sử dụng (chưa sửa chữa),HP,,,,,,,Bảo hành hãng,Đang cập nhật,6.490.000 đ
Đã sử dụng (chưa sửa chữa),Asus,Intel Core i3,8 GB,128 GB,,Onboard,13 - 14.9 inch,1 tháng,Việt Nam,2.200.000 đ
Đã sử dụng (chưa sửa chữa),Apple,Intel Core 2 Duo,4 GB,128 GB,,Onboard,13 - 14.9 inch,Hết bảo hành,Mỹ,800.000 đ
Đã sử dụng (chưa sửa chữa),HP,Intel Core 2 Duo,4 GB,,,,,Bảo hành hãng,Mỹ,750.000 đ
Đã sử dụng (chưa sửa chữa),Microsoft,Intel Core i7,16 GB,256 GB,,Onboard,11 - 12.9 inch,1 tháng,Mỹ,17.500.000 đ
Đã sử dụng (chưa sửa chữa),Apple,Khác,16 GB,1 TB,,Onboard,13 - 14.9 inch,4-6 tháng,Đang cập nhật,26.800.000 đ
Đã sử dụng (chưa sửa chữa),HP,Khác,,,,,,Bảo hành hãng,Đang cập nhật,1.390.000 đ
Đã sử dụng (chưa sửa chữa),Apple,Intel Core i5,8 GB,256 GB,,Onboard,13 - 14.9 inch,Hết bảo hành,Mỹ,5.650.000 đ
Đã sử dụng (chưa sửa chữa),Microsoft,Intel Core i7,16 GB,256 GB,,,,Hết bảo hành,Trung Quốc,12.000.000 đ
Đã sử dụng (chưa sửa chữa),Acer,Intel Core i3,4 GB,,,,13 - 14.9 inch,Hết bảo hành,Đang cập nhật,6.000.000 đ
Đã sử dụng (chưa sửa chữa),Apple,Intel Core i7,16 GB,256 GB,,AMD,15 - 16.9 inch,Bảo hành hãng,Đang cập nhật,8.600.000 đ
Đã sử dụng (chưa sửa chữa),Sony,,,,,,,Bảo hành hãng,Đang cập nhật,2.700.000 đ
Đã sử dụng (chưa sửa chữa),Lenovo,Intel Core i5,8 GB,256 GB,,,13 - 14.9 inch,Bảo hành hãng,Nước khác,5.800.000 đ
Đã sử dụng (chưa sửa chữa),Dell,Intel Core i7,8 GB,256 GB,,NVIDIA,15 - 16.9 inch,3 tháng,Mỹ,6.000.000 đ
Đã sử dụng (chưa sửa chữa),Apple,,4 GB,128 GB,,,,Bảo hành hãng,Đang cập nhật,2.400.000 đ
Đã sử dụng (chưa sửa chữa),Apple,,8 GB,256 GB,,Onboard,13 - 14.9 inch,3 tháng,Việt Nam,15.500.000 đ
Đã sử dụng (chưa sửa chữa),Apple,Intel Core i5,8 GB,128 GB,,Onboard,13 - 14.9 inch,1 tháng,Việt Nam,9.500.000 đ
Đã sử dụng (chưa sửa chữa),HP,Intel Core i7,8 GB,256 GB,,Onboard,11 - 12.9 inch,1 tháng,Việt Nam,3.500.000 đ
Đã sử dụng (chưa sửa chữa),Apple,Intel Core i5,8 GB,250 GB,,,,Bảo hành hãng,Đang cập nhật,2.500.000 đ
Đã sử dụng (chưa sửa chữa),HP,Intel Core i5,8 GB,256 GB,,Onboard,11 - 12.9 inch,Còn bảo hành,Nhật Bản,3.690.000 đ
Đã sử dụng (chưa sửa chữa),Apple,,,,,,,Bảo hành hãng,Đang cập nhật,14.490.000 đ
Đã sử dụng (chưa sửa chữa),Dell,Intel Core i5,8 GB,256 GB,,Onboard,13 - 14.9 inch,Còn bảo hành,Đang cập nhật,5.390.000 đ
Đã sử dụng (chưa sửa chữa),Lenovo,Intel Core i3,4 GB,320 GB,,Onboard,13 - 14.9 inch,Còn bảo hành,Mỹ,580.000 đ
Đã sử dụng (chưa sửa chữa),Dell,Intel Core i5,6 GB,250 GB,,Onboard,13 - 14.9 inch,Hết bảo hành,Nước khác,1.699.000 đ
Đã sử dụng (chưa sửa chữa),Dell,Intel Core i5,8 GB,256 GB,,Onboard,13 - 14.9 inch,Hết bảo hành,Trung Quốc,1.000.000 đ
Đã sử dụng (qua sửa chữa),Lenovo,Intel Core i5,16 GB,250 GB,,Onboard,13 - 14.9 inch,Hết bảo hành,Đài Loan,4.300.000 đ
Đã sử dụng (chưa sửa chữa),Sony,Intel Core i5,4 GB,250 GB,,Onboard,13 - 14.9 inch,1 tháng,Nhật Bản,3.900.000 đ
Đã sử dụng (chưa sửa chữa),Acer,Ryzen 5,8 GB,256 GB,,NVIDIA,15 - 16.9 inch,Còn bảo hành,Việt Nam,8.500.000 đ
Đã sử dụng (chưa sửa chữa),Acer,Intel Celeron,2 GB,500 GB,,Onboard,17 - 18.9 inch,Hết bảo hành,Nhật Bản,2.000.000 đ
Đã sử dụng (chưa sửa chữa),Dell,Intel Atom,16 GB,512 GB,,Onboard,,Bảo hành hãng,Đang cập nhật,6.789.100 đ
Đã sử dụng (chưa sửa chữa),Apple,Intel Core i5,8 GB,128 GB,,Onboard,13 - 14.9 inch,Hết bảo hành,Mỹ,4.500.000 đ
Đã sử dụng (chưa sửa chữa),Acer,Intel Core i5,16 GB,256 GB,,NVIDIA,,Bảo hành hãng,Đang cập nhật,9.000.000 đ
Mới,Lenovo,Intel Core i7,16 GB,256 GB,,Onboard,13 - 14.9 inch,1 tháng,Mỹ,5.500.000 đ
Đã sử dụng (chưa sửa chữa),Lenovo,Intel Core i5,8 GB,512 GB,,Onboard,15 - 16.9 inch,3 tháng,Việt Nam,7.500.000 đ
Đã sử dụng (chưa sửa chữa),Dell,Intel Core i7,16 GB,1 TB,,Khác,13 - 14.9 inch,Hết bảo hành,Mỹ,24.000.000 đ
Đã sử dụng (chưa sửa chữa),Dell,Intel Xeon,32 GB,512 GB,,NVIDIA,15 - 16.9 inch,Bảo hành hãng,Mỹ,17.000.000 đ
Mới,Acer,Ryzen 5,8 GB,512 GB,,NVIDIA,15 - 16.9 inch,Còn bảo hành,Việt Nam,11.500.000 đ
Đã sử dụng (chưa sửa chữa),HP,Intel Core i5,8 GB,256 GB,,NVIDIA,13 - 14.9 inch,1 tháng,Nhật Bản,4.900.000 đ
Đã sử dụng (chưa sửa chữa),Apple,Intel Core i5,8 GB,128 GB,,Onboard,13 - 14.9 inch,3 tháng,Nước khác,7.500.000 đ
Đã sử dụng (chưa sửa chữa),Dell,Intel Core i3,4 GB,128 GB,,Onboard,13 - 14.9 inch,Hết bảo hành,Việt Nam,2.400.000 đ
Đã sử dụng (chưa sửa chữa),Acer,Intel Core i3,8 GB,256 GB,,Onboard,13 - 14.9 inch,Hết bảo hành,Việt Nam,1.300.000 đ
Đã sử dụng (chưa sửa chữa),HP,Intel Core i7,8 GB,256 GB,,Onboard,13 - 14.9 inch,3 tháng,Mỹ,4.790.000 đ
Đã sử dụng (chưa sửa chữa),Dell,,4 GB,128 GB,,,,Bảo hành hãng,Đang cập nhật,2.600.000 đ
Mới,HP,Intel Core i5,8 GB,256 GB,,,,Bảo hành hãng,Mỹ,7.500.000 đ
Đã sử dụng (chưa sửa chữa),Lenovo,Intel Core i5,8 GB,128 GB,,Onboard,11 - 12.9 inch,Hết bảo hành,Việt Nam,2.950.000 đ
Đã sử dụng (chưa sửa chữa),Apple,Intel Core i5,8 GB,256 GB,,Khác,13 - 14.9 inch,Hết bảo hành,Mỹ,11.200.000 đ
Đã sử dụng (chưa sửa chữa),Lenovo,Intel Core i7,8 GB,256 GB,,Onboard,13 - 14.9 inch,1 tháng,Mỹ,7.300.000 đ
Đã sử dụng (chưa sửa chữa),Dell,Intel Core i7,8 GB,256 GB,,Onboard,13 - 14.9 inch,3 tháng,Nhật Bản,5.900.000 đ
Đã sử dụng (chưa sửa chữa),Dell,Intel Core i7,16 GB,512 GB,,Onboard,13 - 14.9 inch,4-6 tháng,Mỹ,10.900.000 đ
Đã sử dụng (chưa sửa chữa),Lenovo,Intel Core i7,8 GB,512 GB,,Onboard,13 - 14.9 inch,3 tháng,Mỹ,7.900.000 đ
Đã sử dụng (chưa sửa chữa),HP,Intel Core i7,8 GB,256 GB,,Onboard,15 - 16.9 inch,3 tháng,Mỹ,6.900.000 đ
Đã sử dụng (chưa sửa chữa),Asus,Intel Core i5,16 GB,500 GB,,,,Bảo hành hãng,Đang cập nhật,17.990.000 đ
Đã sử dụng (chưa sửa chữa),MSI,Intel Core i7,8 GB,512 GB,,NVIDIA,15 - 16.9 inch,Hết bảo hành,Việt Nam,14.700.000 đ
Đã sử dụng (chưa sửa chữa),Apple,Intel Core i7,32 GB,512 GB,,AMD,15 - 16.9 inch,1 tháng,Đang cập nhật,16.700.000 đ
Đã sử dụng (chưa sửa chữa),HP,Intel Core i5,8 GB,256 GB,,Onboard,15 - 16.9 inch,3 tháng,Mỹ,4.790.000 đ
Đã sử dụng (chưa sửa chữa),Lenovo,Intel Core i5,8 GB,256 GB,,Onboard,13 - 14.9 inch,3 tháng,Mỹ,10.500.000 đ
Đã sử dụng (chưa sửa chữa),Asus,Intel Core i3,4 GB,512 GB,,Onboard,15 - 16.9 inch,Hết bảo hành,Việt Nam,4.600.000 đ
Đã sử dụng (chưa sửa chữa),MSI,Intel Core i5,8 GB,500 GB,,,,4-6 tháng,Đang cập nhật,10.800.000 đ
Đã sử dụng (chưa sửa chữa),Dell,Intel Core i5,8 GB,256 GB,,Onboard,13 - 14.9 inch,1 tháng,Việt Nam,5.800.000 đ
Đã sử dụng (chưa sửa chữa),Asus,Intel Core i7,8 GB,128 GB,,AMD,13 - 14.9 inch,Hết bảo hành,Đang cập nhật,2.600.000 đ
Đã sử dụng (chưa sửa chữa),Dell,Intel Core i5,8 GB,256 GB,,Onboard,15 - 16.9 inch,3 tháng,Mỹ,5.490.000 đ
Đã sử dụng (chưa sửa chữa),HP,Intel Core i5,8 GB,256 GB,,Onboard,11 - 12.9 inch,Còn bảo hành,Đang cập nhật,4.290.000 đ
Đã sử dụng (chưa sửa chữa),HP,Intel Core i5,4 GB,128 GB,,Onboard,15 - 16.9 inch,3 tháng,Mỹ,2.500.000 đ
Đã sử dụng (chưa sửa chữa),Microsoft,Intel Core i7,16 GB,256 GB,,Onboard,11 - 12.9 inch,4-6 tháng,Đang cập nhật,15.200.000 đ
Đã sử dụng (chưa sửa chữa),Apple,Intel Core i7,16 GB,512 GB,,AMD,15 - 16.9 inch,3 tháng,Mỹ,15.000.000 đ
Đã sử dụng (chưa sửa chữa),Asus,Ryzen 7,16 GB,1 TB,,NVIDIA,15 - 16.9 inch,4-6 tháng,Đang cập nhật,13.800.000 đ
Đã sử dụng (chưa sửa chữa),Sony,Intel Core i5,4 GB,500 GB,,AMD,15 - 16.9 inch,Hết bảo hành,Nhật Bản,2.200.000 đ
Đã sử dụng (chưa sửa chữa),Asus,Intel Core i5,8 GB,256 GB,,Onboard,13 - 14.9 inch,3 tháng,Mỹ,6.900.000 đ
Đã sử dụng (qua sửa chữa),Acer,Intel Core i3,6 GB,256 GB,,NVIDIA,13 - 14.9 inch,Hết bảo hành,Nước khác,800.000 đ
Đã sử dụng (chưa sửa chữa),Dell,,,,,,,Bảo hành hãng,Đang cập nhật,6.900.000 đ
Đã sử dụng (chưa sửa chữa),Asus,Ryzen 7,16 GB,512 GB,,NVIDIA,15 - 16.9 inch,Hết bảo hành,Đang cập nhật,12.000.000 đ
Đã sử dụng (chưa sửa chữa),Apple,Intel Core i5,8 GB,256 GB,,,13 - 14.9 inch,Bảo hành hãng,Đang cập nhật,8.700.000 đ
Đã sử dụng (qua sửa chữa),Hãng Khác,,,,,,,Bảo hành hãng,Đang cập nhật,555.555 đ
Mới,Dell,Ryzen 7,16 GB,512 GB,,NVIDIA,17 - 18.9 inch,1 tháng,Mỹ,29.700.000 đ
Đã sử dụng (chưa sửa chữa),Asus,Intel Core i3,4 GB,< 128 GB,,,13 - 14.9 inch,Bảo hành hãng,Đang cập nhật,1.600.000 đ
Đã sử dụng (chưa sửa chữa),Asus,Intel Celeron,4 GB,250 GB,,,,Bảo hành hãng,Đang cập nhật,1.000.000 đ
Đã sử dụng (chưa sửa chữa),Microsoft,Intel Core i7,16 GB,512 GB,,Onboard,11 - 12.9 inch,1 tháng,Mỹ,19.300.000 đ
Đã sử dụng (chưa sửa chữa),Dell,Intel Core i7,16 GB,256 GB,,Onboard,13 - 14.9 inch,3 tháng,Mỹ,15.400.000 đ
Đã sử dụng (chưa sửa chữa),HP,Intel Core i3,4 GB,256 GB,,,,Bảo hành hãng,Đang cập nhật,4.500.000 đ
Đã sử dụng (chưa sửa chữa),Asus,Ryzen 7,16 GB,512 GB,,NVIDIA,15 - 16.9 inch,4-6 tháng,Việt Nam,18.800.000 đ
Đã sử dụng (chưa sửa chữa),Dell,Intel Core i3,8 GB,< 128 GB,,,13 - 14.9 inch,Bảo hành hãng,Đang cập nhật,2.500.000 đ
Đã sử dụng (chưa sửa chữa),Microsoft,Khác,4 GB,128 GB,,Onboard,11 - 12.9 inch,Hết bảo hành,Mỹ,4.000.000 đ
Đã sử dụng (chưa sửa chữa),Dell,Intel Core i5,16 GB,256 GB,,Onboard,13 - 14.9 inch,1 tháng,Mỹ,7.300.000 đ
Đã sử dụng (chưa sửa chữa),Apple,,,1 TB,,,,Bảo hành hãng,Đang cập nhật,1.800.000 đ
Đã sử dụng (chưa sửa chữa),Dell,,,,,,,Bảo hành hãng,Đang cập nhật,6.990.000 đ
Đã sử dụng (chưa sửa chữa),Apple,Intel Core i7,16 GB,256 GB,,,15 - 16.9 inch,Bảo hành hãng,Đang cập nhật,4.800.000 đ
Mới,Apple,,8 GB,256 GB,,Onboard,13 - 14.9 inch,4-6 tháng,Nhật Bản,22.500.000 đ
Mới,Hãng Khác,Intel Core i5,8 GB,512 GB,,Khác,15 - 16.9 inch,Hết bảo hành,Đang cập nhật,13.500.000 đ
Đã sử dụng (chưa sửa chữa),HP,Intel Core i7,8 GB,512 GB,,Onboard,13 - 14.9 inch,1 tháng,Đang cập nhật,8.500.000 đ
Đã sử dụng (qua sửa chữa),Dell,Intel Core i5,4 GB,256 GB,,NVIDIA,13 - 14.9 inch,Hết bảo hành,Đang cập nhật,1.800.000 đ
Đã sử dụng (chưa sửa chữa),Dell,Intel Core i5,8 GB,128 GB,,AMD,,Bảo hành hãng,Đang cập nhật,4.700.000 đ
Đã sử dụng (chưa sửa chữa),HP,Intel Core i3,4 GB,256 GB,,Khác,15 - 16.9 inch,Bảo hành hãng,Đang cập nhật,8.200.000 đ
Đã sử dụng (chưa sửa chữa),HP,Intel Core i7,8 GB,128 GB,,NVIDIA,15 - 16.9 inch,1 tháng,Nhật Bản,6.800.000 đ
Đã sử dụng (chưa sửa chữa),Dell,Intel Core i5,8 GB,256 GB,,Onboard,15 - 16.9 inch,Bảo hành hãng,Mỹ,3.950.000 đ
Đã sử dụng (chưa sửa chữa),Dell,Intel Core i5,8 GB,512 GB,,Khác,13 - 14.9 inch,Hết bảo hành,Đang cập nhật,2.500.000 đ
Đã sử dụng (chưa sửa chữa),Asus,,,,,,,Bảo hành hãng,Đang cập nhật,3.000.000 đ
Đã sử dụng (chưa sửa chữa),Dell,Intel Core i7,16 GB,512 GB,,Onboard,13 - 14.9 inch,3 tháng,Mỹ,9.990.000 đ
Đã sử dụng (chưa sửa chữa),Lenovo,Intel Core i5,16 GB,512 GB,,AMD,13 - 14.9 inch,1 tháng,Đang cập nhật,13.900.000 đ
Đã sử dụng (chưa sửa chữa),Apple,Intel Core i5,4 GB,500 GB,,,13 - 14.9 inch,Hết bảo hành,Đang cập nhật,2.000.000 đ
Đã sử dụng (chưa sửa chữa),Apple,Khác,16 GB,512 GB,,Onboard,13 - 14.9 inch,4-6 tháng,Mỹ,32.800.000 đ
Đã sử dụng (chưa sửa chữa),Dell,,,,,,,Bảo hành hãng,Đang cập nhật,9.500.000 đ
Đã sử dụng (chưa sửa chữa),Dell,Intel Core i5,4 GB,128 GB,,Onboard,,Bảo hành hãng,Đang cập nhật,2.500.000 đ
Đã sử dụng (chưa sửa chữa),Hãng Khác,Intel Core 2 Duo,,,,,,Bảo hành hãng,Đang cập nhật,500.000 đ
Đã sử dụng (chưa sửa chữa),Dell,Intel Core i5,8 GB,256 GB,,Khác,17 - 18.9 inch,Hết bảo hành,Mỹ,7.000.000 đ
Đã sử dụng (chưa sửa chữa),Lenovo,Ryzen 5,16 GB,256 GB,,AMD,13 - 14.9 inch,3 tháng,Mỹ,10.590.000 đ
Đã sử dụng (chưa sửa chữa),Dell,Intel Xeon,16 GB,512 GB,,NVIDIA,15 - 16.9 inch,4-6 tháng,Mỹ,8.900.000 đ
Đã sử dụng (chưa sửa chữa),Asus,,,,,,,Bảo hành hãng,Đang cập nhật,14.000.000 đ
Đã sử dụng (chưa sửa chữa),Acer,Intel Core i3,8 GB,128 GB,,Onboard,13 - 14.9 inch,Bảo hành hãng,Đang cập nhật,2.800.000 đ
Đã sử dụng (chưa sửa chữa),Apple,Intel Core i7,8 GB,512 GB,,Onboard,13 - 14.9 inch,Bảo hành hãng,Đang cập nhật,6.990.000 đ
Đã sử dụng (chưa sửa chữa),Dell,Intel Core i5,16 GB,512 GB,,Onboard,13 - 14.9 inch,3 tháng,Mỹ,11.200.000 đ
Đã sử dụng (chưa sửa chữa),HP,Ryzen 5,16 GB,256 GB,,Onboard,13 - 14.9 inch,3 tháng,Mỹ,8.900.000 đ
Đã sử dụng (chưa sửa chữa),Razer,Intel Core i7,16 GB,1 TB,,NVIDIA,15 - 16.9 inch,3 tháng,Mỹ,18.500.000 đ
Đã sử dụng (chưa sửa chữa),Lenovo,Intel Core i7,8 GB,256 GB,,Onboard,13 - 14.9 inch,Còn bảo hành,Đang cập nhật,5.500.000 đ
Đã sử dụng (chưa sửa chữa),Dell,Intel Core i7,32 GB,512 GB,,NVIDIA,15 - 16.9 inch,4-6 tháng,Mỹ,7.900.000 đ
Đã sử dụng (chưa sửa chữa),HP,Intel Core i7,16 GB,512 GB,,Onboard,13 - 14.9 inch,Còn bảo hành,Đang cập nhật,20.000.000 đ
Đã sử dụng (chưa sửa chữa),Dell,Intel Core i5,4 GB,500 GB,,Onboard,13 - 14.9 inch,Bảo hành hãng,Mỹ,1.550.000 đ
Đã sử dụng (chưa sửa chữa),Dell,Intel Core i7,16 GB,250 GB,,NVIDIA,17 - 18.9 inch,Bảo hành hãng,Đang cập nhật,3.800.000 đ
Đã sử dụng (chưa sửa chữa),Asus,Intel Core i5,4 GB,128 GB,,NVIDIA,13 - 14.9 inch,Bảo hành hãng,Đài Loan,2.500.000 đ
Đã sử dụng (chưa sửa chữa),Dell,Intel Core i5,4 GB,128 GB,,NVIDIA,15 - 16.9 inch,Hết bảo hành,Mỹ,4.500.000 đ
Đã sử dụng (chưa sửa chữa),HP,Intel Core i7,8 GB,128 GB,,Onboard,11 - 12.9 inch,3 tháng,Đang cập nhật,5.900.000 đ
Đã sử dụng (chưa sửa chữa),Dell,,,,,,,Bảo hành hãng,Đang cập nhật,3.800.000 đ
Đã sử dụng (chưa sửa chữa),HP,Intel Core i5,16 GB,512 GB,,Onboard,15 - 16.9 inch,3 tháng,Mỹ,7.790.000 đ
Đã sử dụng (chưa sửa chữa),Apple,Intel Core i5,16 GB,256 GB,,Onboard,11 - 12.9 inch,Hết bảo hành,Nhật Bản,12.500.000 đ
Đã sử dụng (chưa sửa chữa),Lenovo,Intel Pentium,8 GB,256 GB,,Onboard,11 - 12.9 inch,Hết bảo hành,Việt Nam,3.500.000 đ
Đã sử dụng (chưa sửa chữa),Hãng Khác,Intel Core i7,16 GB,1 TB,,NVIDIA,15 - 16.9 inch,1 tháng,Mỹ,19.500.000 đ
Mới,Apple,Khác,8 GB,256 GB,,Onboard,13 - 14.9 inch,7-12 tháng,Đang cập nhật,28.400.000 đ
Mới,Apple,Khác,8 GB,256 GB,,Onboard,13 - 14.9 inch,7-12 tháng,Đang cập nhật,18.600.000 đ
Đã sử dụng (chưa sửa chữa),Acer,Intel Core i5,8 GB,256 GB,,Onboard,15 - 16.9 inch,3 tháng,Mỹ,6.900.000 đ
Đã sử dụng (chưa sửa chữa),Lenovo,Intel Core i5,8 GB,256 GB,,Khác,13 - 14.9 inch,Còn bảo hành,Đang cập nhật,5.500.000 đ
Đã sử dụng (chưa sửa chữa),Apple,Intel Core i7,16 GB,256 GB,,Onboard,13 - 14.9 inch,1 tháng,Đang cập nhật,13.900.000 đ
Đã sử dụng (chưa sửa chữa),Asus,Intel Celeron,2 GB,,,Onboard,11 - 12.9 inch,1 tháng,Đài Loan,850.000 đ
Đã sử dụng (chưa sửa chữa),Acer,Intel Core i5,16 GB,512 GB,,NVIDIA,15 - 16.9 inch,3 tháng,Đang cập nhật,14.500.000 đ
Đã sử dụng (chưa sửa chữa),Asus,Ryzen 7,8 GB,512 GB,,AMD,15 - 16.9 inch,7-12 tháng,Việt Nam,8.800.000 đ
Đã sử dụng (chưa sửa chữa),Microsoft,Intel Core i5,8 GB,256 GB,,Onboard,11 - 12.9 inch,Còn bảo hành,Mỹ,10.800.000 đ
Đã sử dụng (chưa sửa chữa),Asus,Intel Core i5,8 GB,> 1 TB,,,13 - 14.9 inch,Hết bảo hành,Trung Quốc,3.500.000 đ
Đã sử dụng (chưa sửa chữa),Dell,Intel Core i7,8 GB,256 GB,,Onboard,13 - 14.9 inch,2 tháng,Trung Quốc,6.350.000 đ
Đã sử dụng (chưa sửa chữa),Hãng Khác,Intel Core i3,4 GB,128 GB,,,,Bảo hành hãng,Đang cập nhật,2.800.000 đ
Đã sử dụng (chưa sửa chữa),HP,,,,,,,Bảo hành hãng,Đang cập nhật,3.600.000 đ
Đã sử dụng (chưa sửa chữa),Microsoft,Intel Core i7,16 GB,512 GB,,Onboard,13 - 14.9 inch,3 tháng,Mỹ,12.900.000 đ
Đã sử dụng (qua sửa chữa),Lenovo,Intel Core i7,16 GB,640 GB,,NVIDIA,13 - 14.9 inch,Hết bảo hành,Việt Nam,10.000.000 đ
Đã sử dụng (chưa sửa chữa),Razer,Intel Core i7,16 GB,256 GB,,NVIDIA,15 - 16.9 inch,4-6 tháng,Đang cập nhật,15.800.000 đ
Đã sử dụng (chưa sửa chữa),Asus,Intel Core i7,16 GB,512 GB,,Onboard,13 - 14.9 inch,3 tháng,Việt Nam,14.800.000 đ
Đã sử dụng (chưa sửa chữa),Apple,Intel Core i5,8 GB,128 GB,,Onboard,13 - 14.9 inch,Bảo hành hãng,Đang cập nhật,7.000.000 đ
Đã sử dụng (chưa sửa chữa),Dell,Intel Core i7,8 GB,256 GB,,Onboard,11 - 12.9 inch,2 tháng,Trung Quốc,5.350.000 đ
Đã sử dụng (chưa sửa chữa),Apple,Khác,8 GB,256 GB,,,13 - 14.9 inch,Bảo hành hãng,Đang cập nhật,14.950.000 đ
Đã sử dụng (chưa sửa chữa),Apple,Intel Core i7,8 GB,512 GB,,Khác,13 - 14.9 inch,>12 tháng,Đang cập nhật,17.500.000 đ
Đã sử dụng (chưa sửa chữa),Dell,Intel Core i5,8 GB,256 GB,,Onboard,15 - 16.9 inch,3 tháng,Việt Nam,8.500.000 đ
Đã sử dụng (chưa sửa chữa),Dell,,,,,,,Bảo hành hãng,Đang cập nhật,25.900.000 đ
Đã sử dụng (chưa sửa chữa),Apple,Intel Core i7,16 GB,256 GB,,Khác,15 - 16.9 inch,Bảo hành hãng,Đang cập nhật,7.555.000 đ
Đã sử dụng (chưa sửa chữa),Apple,Khác,8 GB,512 GB,,Onboard,13 - 14.9 inch,2 tháng,Việt Nam,15.500.000 đ
Đã sử dụng (chưa sửa chữa),Dell,Intel Core i7,8 GB,256 GB,,Onboard,11 - 12.9 inch,1 tháng,Mỹ,5.000.000 đ
Đã sử dụng (chưa sửa chữa),HP,Intel Core i5,16 GB,256 GB,,Onboard,15 - 16.9 inch,3 tháng,Đang cập nhật,8.500.000 đ
Đã sử dụng (chưa sửa chữa),Lenovo,AMD,8 GB,256 GB,,AMD,15 - 16.9 inch,Hết bảo hành,Trung Quốc,10.000.000 đ
Đã sử dụng (chưa sửa chữa),Dell,Intel Core i5,8 GB,256 GB,,Onboard,,Bảo hành hãng,Đang cập nhật,4.400.000 đ
Đã sử dụng (chưa sửa chữa),Hãng Khác,Intel Core i5,4 GB,< 128 GB,,Khác,15 - 16.9 inch,Hết bảo hành,Nước khác,1.650.000 đ
Đã sử dụng (chưa sửa chữa),Acer,Intel Core i5,8 GB,256 GB,,Onboard,13 - 14.9 inch,Bảo hành hãng,Đang cập nhật,8.000.000 đ
Đã sử dụng (chưa sửa chữa),Dell,,,,,,,Bảo hành hãng,Đang cập nhật,100.000 đ
Đã sử dụng (chưa sửa chữa),Hãng Khác,Intel Pentium,4 GB,128 GB,,Onboard,15 - 16.9 inch,Hết bảo hành,Đang cập nhật,1.300.000 đ
Đã sử dụng (chưa sửa chữa),Apple,,,,,,,Bảo hành hãng,Đang cập nhật,13.800.000 đ
Đã sử dụng (chưa sửa chữa),Microsoft,Intel Core i5,8 GB,256 GB,,,11 - 12.9 inch,Bảo hành hãng,Đang cập nhật,6.500.000 đ
Đã sử dụng (chưa sửa chữa),HP,Intel Core i5,8 GB,256 GB,,Onboard,11 - 12.9 inch,3 tháng,Mỹ,3.900.000 đ
Mới,Hãng Khác,Intel Core i3,4 GB,128 GB,,Onboard,11 - 12.9 inch,Còn bảo hành,Việt Nam,2.390.000 đ
Đã sử dụng (chưa sửa chữa),Dell,Intel Core i5,8 GB,128 GB,,,13 - 14.9 inch,Bảo hành hãng,Đang cập nhật,2.700.000 đ
Đã sử dụng (chưa sửa chữa),HP,Intel Core i3,8 GB,256 GB,,Onboard,13 - 14.9 inch,3 tháng,Đang cập nhật,5.900.000 đ
Đã sử dụng (chưa sửa chữa),MSI,Intel Core i3,8 GB,256 GB,,Onboard,13 - 14.9 inch,7-12 tháng,Việt Nam,6.890.000 đ
Đã sử dụng (chưa sửa chữa),Dell,Intel Core i7,16 GB,512 GB,,NVIDIA,13 - 14.9 inch,4-6 tháng,Mỹ,6.300.000 đ
Đã sử dụng (chưa sửa chữa),Hãng Khác,Intel Celeron,4 GB,256 GB,,Onboard,13 - 14.9 inch,Còn bảo hành,Đang cập nhật,3.000.000 đ
Đã sử dụng (chưa sửa chữa),Hãng Khác,,,,,,,Bảo hành hãng,Đang cập nhật,15.990.000 đ
Đã sử dụng (chưa sửa chữa),Asus,Intel Core i3,6 GB,128 GB,,,15 - 16.9 inch,Bảo hành hãng,Đang cập nhật,2.200.000 đ
Đã sử dụng (chưa sửa chữa),Dell,Intel Core i5,8 GB,128 GB,,Onboard,13 - 14.9 inch,1 tháng,Đang cập nhật,2.400.000 đ
Đã sử dụng (chưa sửa chữa),Dell,Intel Core i7,8 GB,256 GB,,Onboard,13 - 14.9 inch,Bảo hành hãng,Đang cập nhật,5.600.000 đ
Đã sử dụng (chưa sửa chữa),MSI,,,,,,,Bảo hành hãng,Đang cập nhật,12.000.000 đ
Đã sử dụng (chưa sửa chữa),Dell,Intel Core i7,8 GB,256 GB,,Onboard,15 - 16.9 inch,1 tháng,Mỹ,8.500.000 đ
Đã sử dụng (chưa sửa chữa),Samsung,Intel Core i3,4 GB,,,,,Bảo hành hãng,Hàn Quốc,4.000.000 đ
Mới,HP,,,,,,,Hết bảo hành,Mỹ,550.000 đ
Đã sử dụng (chưa sửa chữa),Dell,,,,,,,Bảo hành hãng,Đang cập nhật,9.990.000 đ
Đã sử dụng (chưa sửa chữa),Apple,Intel Core i5,8 GB,128 GB,,,,Bảo hành hãng,Đang cập nhật,2.500.000 đ
Đã sử dụng (chưa sửa chữa),Sony,Intel Core i5,8 GB,128 GB,,Onboard,15 - 16.9 inch,Hết bảo hành,Việt Nam,2.200.000 đ
Đã sử dụng (chưa sửa chữa),Apple,Khác,8 GB,256 GB,,Khác,13 - 14.9 inch,Hết bảo hành,Việt Nam,17.000.000 đ
Đã sử dụng (chưa sửa chữa),Asus,,,,,,,Bảo hành hãng,Đang cập nhật,1.000.000 đ
Đã sử dụng (chưa sửa chữa),HP,Intel Core 2 Duo,2 GB,320 GB,,,,Bảo hành hãng,Đang cập nhật,400.000 đ
Đã sử dụng (chưa sửa chữa),Apple,Intel Core i7,16 GB,256 GB,,Onboard,13 - 14.9 inch,Hết bảo hành,Đang cập nhật,12.500.000 đ
Đã sử dụng (chưa sửa chữa),Asus,Intel Core i3,4 GB,128 GB,,,13 - 14.9 inch,Bảo hành hãng,Đang cập nhật,1.700.000 đ
Đã sử dụng (chưa sửa chữa),Asus,Ryzen 7,16 GB,512 GB,,NVIDIA,17 - 18.9 inch,3 tháng,Việt Nam,14.900.000 đ
Đã sử dụng (chưa sửa chữa),Dell,Intel Core i7,8 GB,128 GB,,Onboard,13 - 14.9 inch,3 tháng,Đang cập nhật,4.600.000 đ
Đã sử dụng (chưa sửa chữa),Dell,Intel Core i3,8 GB,128 GB,,Onboard,13 - 14.9 inch,1 tháng,Đang cập nhật,2.800.000 đ
Đã sử dụng (chưa sửa chữa),Dell,Intel Xeon,> 32GB,1 TB,,NVIDIA,17 - 18.9 inch,1 tháng,Mỹ,17.500.000 đ
Đã sử dụng (chưa sửa chữa),Dell,Intel Core i5,8 GB,512 GB,,Onboard,13 - 14.9 inch,Hết bảo hành,Đang cập nhật,7.000.000 đ
Mới,HP,Intel Core i3,8 GB,128 GB,,Onboard,13 - 14.9 inch,1 tháng,Đang cập nhật,2.900.000 đ
Đã sử dụng (chưa sửa chữa),Lenovo,Intel Core i5,16 GB,256 GB,,NVIDIA,13 - 14.9 inch,Hết bảo hành,Mỹ,5.600.000 đ
Đã sử dụng (chưa sửa chữa),Apple,,8 GB,256 GB,,,,7-12 tháng,Việt Nam,21.500.000 đ
Đã sử dụng (chưa sửa chữa),Dell,Intel Core i5,8 GB,128 GB,,Onboard,13 - 14.9 inch,1 tháng,Đang cập nhật,2.800.000 đ
Đã sử dụng (chưa sửa chữa),Dell,Ryzen 7,16 GB,256 GB,,AMD,15 - 16.9 inch,1 tháng,Nhật Bản,11.000.000 đ
Đã sử dụng (chưa sửa chữa),Acer,,,,,,,Bảo hành hãng,Đang cập nhật,12.990.000 đ
Đã sử dụng (chưa sửa chữa),Dell,Intel Core i7,32 GB,512 GB,,Khác,13 - 14.9 inch,Bảo hành hãng,Đang cập nhật,26.000.000 đ
Mới,Acer,Intel Core i5,16 GB,512 GB,,NVIDIA,13 - 14.9 inch,Hết bảo hành,Đang cập nhật,15.500.000 đ
Đã sử dụng (chưa sửa chữa),Dell,Intel Core i7,8 GB,256 GB,,Khác,11 - 12.9 inch,Hết bảo hành,Nhật Bản,4.000.000 đ
Đã sử dụng (chưa sửa chữa),Apple,,8 GB,256 GB,,,,Hết bảo hành,Đang cập nhật,20.000.000 đ
Đã sử dụng (chưa sửa chữa),HP,Intel Core i7,8 GB,256 GB,,Onboard,15 - 16.9 inch,Hết bảo hành,Mỹ,3.000.000 đ
Đã sử dụng (chưa sửa chữa),Asus,Intel Core i7,16 GB,512 GB,,Onboard,13 - 14.9 inch,4-6 tháng,Việt Nam,14.900.000 đ
Đã sử dụng (chưa sửa chữa),HP,Intel Core i5,16 GB,256 GB,,Onboard,13 - 14.9 inch,Bảo hành hãng,Mỹ,8.900.000 đ
Mới,Dell,Intel Core i5,16 GB,256 GB,,Onboard,13 - 14.9 inch,3 tháng,Mỹ,7.900.000 đ
Đã sử dụng (chưa sửa chữa),Apple,Intel Core i5,4 GB,,,Khác,11 - 12.9 inch,Hết bảo hành,Mỹ,3.500.000 đ
Đã sử dụng (chưa sửa chữa),HP,Intel Core i5,8 GB,128 GB,,Onboard,15 - 16.9 inch,Bảo hành hãng,Đang cập nhật,2.000.000 đ
Đã sử dụng (chưa sửa chữa),Acer,,,,,,,Bảo hành hãng,Đang cập nhật,13.990.000 đ
Đã sử dụng (chưa sửa chữa),Apple,Khác,8 GB,256 GB,,Onboard,13 - 14.9 inch,3 tháng,Mỹ,15.200.000 đ
Đã sử dụng (chưa sửa chữa),Microsoft,,,,,,,Bảo hành hãng,Đang cập nhật,1.500.000 đ
Đã sử dụng (chưa sửa chữa),Apple,Intel Core i7,16 GB,256 GB,,,,Bảo hành hãng,Đang cập nhật,13.000.000 đ
Đã sử dụng (chưa sửa chữa),Apple,Khác,8 GB,256 GB,,Onboard,13 - 14.9 inch,3 tháng,Nhật Bản,13.900.000 đ
Đã sử dụng (chưa sửa chữa),Apple,Intel Core i5,8 GB,256 GB,,Onboard,13 - 14.9 inch,1 tháng,Việt Nam,13.900.000 đ
Đã sử dụng (chưa sửa chữa),Dell,Intel Core i7,8 GB,256 GB,,AMD,15 - 16.9 inch,3 tháng,Mỹ,5.600.000 đ
Đã sử dụng (chưa sửa chữa),Dell,,,,,,,Bảo hành hãng,Đang cập nhật,1.600.000 đ
Đã sử dụng (chưa sửa chữa),HP,Intel Core i7,6 GB,256 GB,,AMD,13 - 14.9 inch,Hết bảo hành,Đang cập nhật,5.000.000 đ
Đã sử dụng (chưa sửa chữa),Asus,Intel Core i3,8 GB,256 GB,,Onboard,13 - 14.9 inch,Bảo hành hãng,Việt Nam,2.500.000 đ
Đã sử dụng (chưa sửa chữa),Lenovo,Intel Core i5,16 GB,256 GB,,,13 - 14.9 inch,4-6 tháng,Việt Nam,16.500.000 đ
Đã sử dụng (chưa sửa chữa),Apple,Intel Core i7,32 GB,512 GB,,,15 - 16.9 inch,Bảo hành hãng,Đang cập nhật,19.500.000 đ
Mới,Lenovo,Intel Core i9,32 GB,1 TB,,NVIDIA,15 - 16.9 inch,Còn bảo hành,Mỹ,58.990.000 đ
Đã sử dụng (chưa sửa chữa),Dell,Intel Core i5,8 GB,,,NVIDIA,15 - 16.9 inch,Hết bảo hành,Đang cập nhật,4.450.000 đ
Đã sử dụng (chưa sửa chữa),Apple,Intel Core i9,16 GB,1 TB,,AMD,15 - 16.9 inch,Hết bảo hành,Mỹ,17.900.000 đ
Đã sử dụng (chưa sửa chữa),HP,Intel Core i7,16 GB,128 GB,,AMD,15 - 16.9 inch,Bảo hành hãng,Nhật Bản,7.300.000 đ
Đã sử dụng (chưa sửa chữa),MSI,,,,,,,Bảo hành hãng,Đang cập nhật,11.490.000 đ
Đã sử dụng (chưa sửa chữa),Dell,Intel Core i7,32 GB,512 GB,,Onboard,15 - 16.9 inch,Còn bảo hành,Đang cập nhật,25.000.000 đ
Đã sử dụng (chưa sửa chữa),HP,Intel Core i5,8 GB,128 GB,,,15 - 16.9 inch,Bảo hành hãng,Đang cập nhật,3.500.000 đ
Đã sử dụng (chưa sửa chữa),Asus,,8 GB,512 GB,,,,Bảo hành hãng,Đang cập nhật,8.490.000 đ
Đã sử dụng (chưa sửa chữa),Apple,Intel Core i5,8 GB,256 GB,,,,Bảo hành hãng,Đang cập nhật,7.700.000 đ
Mới,Acer,,,,,,,Bảo hành hãng,Việt Nam,23.600.000 đ
Đã sử dụng (chưa sửa chữa),Apple,Intel Core i5,8 GB,256 GB,,Khác,13 - 14.9 inch,3 tháng,Mỹ,9.990.000 đ
Đã sử dụng (chưa sửa chữa),Dell,Intel Core i5,4 GB,128 GB,,Onboard,13 - 14.9 inch,3 tháng,Đang cập nhật,4.200.000 đ
Đã sử dụng (chưa sửa chữa),Asus,Intel Core i7,8 GB,512 GB,,NVIDIA,15 - 16.9 inch,Hết bảo hành,Việt Nam,12.900.000 đ
Đã sử dụng (chưa sửa chữa),MSI,,,,,,,Bảo hành hãng,Đang cập nhật,8.500.000 đ
Đã sử dụng (chưa sửa chữa),HP,Intel Core i3,6 GB,500 GB,,Khác,13 - 14.9 inch,Hết bảo hành,Nhật Bản,1.200.000 đ
Đã sử dụng (chưa sửa chữa),Apple,Intel Core i9,> 32GB,1 TB,,Khác,15 - 16.9 inch,1 tháng,Đang cập nhật,25.000.000 đ
Đã sử dụng (chưa sửa chữa),Microsoft,Intel Core i5,8 GB,128 GB,,Khác,11 - 12.9 inch,Còn bảo hành,Đang cập nhật,3.499.000 đ
Đã sử dụng (chưa sửa chữa),Apple,,8 GB,256 GB,,,,Bảo hành hãng,Đang cập nhật,16.700.000 đ
Đã sử dụng (chưa sửa chữa),Dell,Intel Core i5,8 GB,256 GB,,Onboard,15 - 16.9 inch,3 tháng,Mỹ,5.300.000 đ
Đã sử dụng (chưa sửa chữa),Dell,Intel Core i7,16 GB,256 GB,,NVIDIA,13 - 14.9 inch,3 tháng,Đang cập nhật,9.500.000 đ
Đã sử dụng (chưa sửa chữa),Dell,Intel Core i5,8 GB,256 GB,,Onboard,15 - 16.9 inch,Bảo hành hãng,Mỹ,3.900.000 đ
Đã sử dụng (chưa sửa chữa),Dell,Intel Core i7,8 GB,128 GB,,AMD,17 - 18.9 inch,1 tháng,Đang cập nhật,5.000.000 đ
Đã sử dụng (chưa sửa chữa),HP,Intel Core i5,8 GB,256 GB,,Onboard,13 - 14.9 inch,1 tháng,Việt Nam,6.500.000 đ
Đã sử dụng (chưa sửa chữa),HP,Intel Core i5,8 GB,256 GB,,Onboard,13 - 14.9 inch,Hết bảo hành,Trung Quốc,9.000.000 đ
Đã sử dụng (chưa sửa chữa),Samsung,,,,,,,Bảo hành hãng,Đang cập nhật,3.500.000 đ
Đã sử dụng (chưa sửa chữa),Dell,Intel Xeon,8 GB,256 GB,,NVIDIA,15 - 16.9 inch,3 tháng,Đang cập nhật,8.900.000 đ
Đã sử dụng (chưa sửa chữa),Apple,Intel Core i5,4 GB,128 GB,,,,Bảo hành hãng,Đang cập nhật,1.900.000 đ
Đã sử dụng (chưa sửa chữa),Acer,Intel Core i3,32 GB,512 GB,,AMD,15 - 16.9 inch,Bảo hành hãng,Đang cập nhật,4.000.000 đ
Đã sử dụng (chưa sửa chữa),Samsung,Intel Core i5,4 GB,320 GB,,Onboard,13 - 14.9 inch,Bảo hành hãng,Việt Nam,1.400.000 đ
Đã sử dụng (chưa sửa chữa),Apple,,8 GB,256 GB,,,,Bảo hành hãng,Đang cập nhật,13.700.000 đ
Đã sử dụng (chưa sửa chữa),Acer,Intel Core i3,2 GB,128 GB,,Khác,13 - 14.9 inch,Hết bảo hành,Việt Nam,1.200.000 đ
Đã sử dụng (chưa sửa chữa),Apple,Intel Core i7,16 GB,512 GB,,Onboard,13 - 14.9 inch,3 tháng,Mỹ,16.900.000 đ
Đã sử dụng (chưa sửa chữa),Microsoft,,,,,,,Bảo hành hãng,Đang cập nhật,4.000.000 đ
Đã sử dụng (chưa sửa chữa),Apple,Khác,2 GB,< 128 GB,,Khác,,Bảo hành hãng,Đang cập nhật,3.100.000 đ
Đã sử dụng (chưa sửa chữa),Apple,Intel Core i5,8 GB,512 GB,,Khác,13 - 14.9 inch,3 tháng,Nước khác,12.000.000 đ
Đã sử dụng (chưa sửa chữa),Asus,Intel Core i5,6 GB,256 GB,,NVIDIA,15 - 16.9 inch,Bảo hành hãng,Đang cập nhật,3.500.000 đ
Mới,Microsoft,AMD,8 GB,256 GB,,AMD,13 - 14.9 inch,>12 tháng,Mỹ,15.500.000 đ
Đã sử dụng (chưa sửa chữa),Dell,Intel Core 2 Duo,4 GB,320 GB,,,13 - 14.9 inch,Bảo hành hãng,Đang cập nhật,1.200.000 đ
Đã sử dụng (chưa sửa chữa),Dell,Intel Core i5,8 GB,256 GB,,Onboard,13 - 14.9 inch,Bảo hành hãng,Đang cập nhật,6.499.000 đ
Đã sử dụng (chưa sửa chữa),Apple,Intel Core i7,16 GB,256 GB,,AMD,15 - 16.9 inch,3 tháng,Mỹ,14.500.000 đ
Mới,Acer,Intel Core i7,8 GB,512 GB,,Onboard,13 - 14.9 inch,7-12 tháng,Mỹ,12.500.000 đ
Mới,Microsoft,Intel Core i7,16 GB,512 GB,,Onboard,13 - 14.9 inch,Bảo hành hãng,Mỹ,31.000.000 đ
Đã sử dụng (chưa sửa chữa),Apple,,8 GB,256 GB,,,,Bảo hành hãng,Đang cập nhật,22.000.000 đ
Đã sử dụng (chưa sửa chữa),Dell,,,,,,11 - 12.9 inch,Bảo hành hãng,Mỹ,600.000 đ
Đã sử dụng (chưa sửa chữa),Apple,Intel Core i7,8 GB,1 TB,,Khác,13 - 14.9 inch,Còn bảo hành,Đang cập nhật,2.899.000 đ
Đã sử dụng (chưa sửa chữa),Sony,Intel Core i5,16 GB,512 GB,,Onboard,13 - 14.9 inch,3 tháng,Mỹ,11.800.000 đ
Đã sử dụng (chưa sửa chữa),Dell,Intel Core i3,4 GB,256 GB,,Onboard,13 - 14.9 inch,Bảo hành hãng,Mỹ,9.500.000 đ
Mới,Dell,Intel Xeon,16 GB,512 GB,,NVIDIA,15 - 16.9 inch,3 tháng,Mỹ,10.900.000 đ
Đã sử dụng (chưa sửa chữa),Dell,Intel Core i5,8 GB,256 GB,,NVIDIA,13 - 14.9 inch,>12 tháng,Nước khác,8.500.000 đ
Đã sử dụng (chưa sửa chữa),Apple,,16 GB,512 GB,,,,Bảo hành hãng,Đang cập nhật,17.990.000 đ
Đã sử dụng (chưa sửa chữa),Acer,,,,,,,Bảo hành hãng,Đang cập nhật,950.000 đ
Đã sử dụng (chưa sửa chữa),Apple,Intel Core i5,8 GB,256 GB,,Khác,13 - 14.9 inch,Hết bảo hành,Việt Nam,19.000.000 đ
Đã sử dụng (chưa sửa chữa),Asus,Intel Core i5,16 GB,256 GB,,Onboard,13 - 14.9 inch,Còn bảo hành,Đang cập nhật,11.500.000 đ
Đã sử dụng (chưa sửa chữa),Lenovo,Intel Core i5,16 GB,256 GB,,Onboard,13 - 14.9 inch,1 tháng,Mỹ,5.600.000 đ
Đã sử dụng (chưa sửa chữa),HP,Intel Core i5,8 GB,128 GB,,Onboard,15 - 16.9 inch,3 tháng,Việt Nam,4.200.000 đ
Đã sử dụng (chưa sửa chữa),Apple,Khác,16 GB,512 GB,,,13 - 14.9 inch,Hết bảo hành,Việt Nam,26.000.000 đ
Đã sử dụng (chưa sửa chữa),Dell,Intel Core i7,16 GB,512 GB,,Khác,13 - 14.9 inch,7-12 tháng,Đang cập nhật,25.000.000 đ
Đã sử dụng (chưa sửa chữa),Apple,Intel Core i5,16 GB,256 GB,,Onboard,13 - 14.9 inch,Hết bảo hành,Mỹ,13.500.000 đ
Đã sử dụng (chưa sửa chữa),Lenovo,,,,,,,Bảo hành hãng,Đang cập nhật,13.000.000 đ
Đã sử dụng (chưa sửa chữa),Asus,,,,,,,Bảo hành hãng,Đang cập nhật,12.990.000 đ
Mới,Asus,Intel Core i3,8 GB,256 GB,,NVIDIA,13 - 14.9 inch,Còn bảo hành,Trung Quốc,7.500.000 đ
Đã sử dụng (chưa sửa chữa),HP,Intel Core i5,8 GB,512 GB,,Onboard,17 - 18.9 inch,Hết bảo hành,Mỹ,1.800.000 đ
Đã sử dụng (chưa sửa chữa),Dell,Intel Core i5,8 GB,256 GB,,Onboard,13 - 14.9 inch,3 tháng,Mỹ,5.200.000 đ
Đã sử dụng (chưa sửa chữa),Toshiba,Intel Core i3,8 GB,500 GB,,Khác,15 - 16.9 inch,Hết bảo hành,Nhật Bản,2.150.000 đ
Đã sử dụng (chưa sửa chữa),HP,Intel Core i5,8 GB,256 GB,,Onboard,13 - 14.9 inch,3 tháng,Việt Nam,6.900.000 đ
Đã sử dụng (chưa sửa chữa),Hãng Khác,Ryzen 5,8 GB,> 1 TB,,AMD,15 - 16.9 inch,1 tháng,Trung Quốc,6.500.000 đ
Mới,Asus,Intel Core i5,16 GB,512 GB,,NVIDIA,15 - 16.9 inch,Còn bảo hành,Việt Nam,15.500.000 đ
Đã sử dụng (chưa sửa chữa),Hãng Khác,Intel Core i3,8 GB,256 GB,,Onboard,15 - 16.9 inch,Hết bảo hành,Việt Nam,3.590.000 đ
Mới,Hãng Khác,Intel Core i7,,256 GB,,,13 - 14.9 inch,1 tháng,Trung Quốc,10.500.000 đ
Đã sử dụng (chưa sửa chữa),Apple,Intel Core i7,8 GB,1 TB,,Khác,11 - 12.9 inch,Còn bảo hành,Đang cập nhật,2.799.000 đ
Đã sử dụng (chưa sửa chữa),Dell,Intel Core i5,8 GB,256 GB,,NVIDIA,15 - 16.9 inch,7-12 tháng,Đang cập nhật,9.300.000 đ
Đã sử dụng (chưa sửa chữa),HP,Intel Core i5,8 GB,256 GB,,Onboard,13 - 14.9 inch,3 tháng,Mỹ,4.900.000 đ
Đã sử dụng (chưa sửa chữa),HP,Intel Core i3,4 GB,500 GB,,,13 - 14.9 inch,Bảo hành hãng,Đang cập nhật,1.600.000 đ
Đã sử dụng (chưa sửa chữa),Dell,Intel Core i5,8 GB,256 GB,,Onboard,11 - 12.9 inch,3 tháng,Nhật Bản,4.200.000 đ
Đã sử dụng (chưa sửa chữa),Asus,,,,,,,Bảo hành hãng,Đang cập nhật,3.200.000 đ
Đã sử dụng (chưa sửa chữa),Asus,Intel Core i7,8 GB,512 GB,,NVIDIA,15 - 16.9 inch,3 tháng,Việt Nam,7.900.000 đ
Đã sử dụng (chưa sửa chữa),Asus,Intel Core i5,8 GB,< 128 GB,,NVIDIA,15 - 16.9 inch,Bảo hành hãng,Đang cập nhật,3.900.000 đ
Đã sử dụng (chưa sửa chữa),Microsoft,Intel Core i7,32 GB,1 TB,,NVIDIA,15 - 16.9 inch,Còn bảo hành,Mỹ,20.999.999 đ
Đã sử dụng (chưa sửa chữa),Apple,Intel Core i5,8 GB,256 GB,,,13 - 14.9 inch,Bảo hành hãng,Nhật Bản,6.500.000 đ
Đã sử dụng (chưa sửa chữa),Lenovo,Intel Core i7,16 GB,256 GB,,NVIDIA,15 - 16.9 inch,1 tháng,Nhật Bản,9.268.000 đ
Đã sử dụng (chưa sửa chữa),Dell,Intel Core i5,8 GB,256 GB,,Onboard,13 - 14.9 inch,1 tháng,Đang cập nhật,4.800.000 đ
Đã sử dụng (chưa sửa chữa),Dell,Intel Core i5,8 GB,256 GB,,Onboard,11 - 12.9 inch,3 tháng,Mỹ,5.900.000 đ
Mới,Dell,Intel Core i7,16 GB,512 GB,,Onboard,13 - 14.9 inch,7-12 tháng,Mỹ,11.300.000 đ
Đã sử dụng (chưa sửa chữa),Dell,,,,,,,Bảo hành hãng,Đang cập nhật,3.600.000 đ
Mới,Apple,Intel Core i5,8 GB,512 GB,,,13 - 14.9 inch,Bảo hành hãng,Nhật Bản,14.500.000 đ
Đã sử dụng (chưa sửa chữa),Dell,Intel Core i5,16 GB,128 GB,,NVIDIA,15 - 16.9 inch,Bảo hành hãng,Trung Quốc,7.000.000 đ
Đã sử dụng (chưa sửa chữa),HP,Intel Core i5,8 GB,128 GB,,Onboard,15 - 16.9 inch,3 tháng,Đang cập nhật,8.000.000 đ
Đã sử dụng (qua sửa chữa),Dell,Intel Core i5,4 GB,320 GB,,,13 - 14.9 inch,Bảo hành hãng,Đang cập nhật,1.450.000 đ
Đã sử dụng (chưa sửa chữa),Microsoft,Intel Core i7,8 GB,256 GB,,,13 - 14.9 inch,Bảo hành hãng,Đang cập nhật,7.000.000 đ
Đã sử dụng (chưa sửa chữa),Hãng Khác,Intel Core i3,4 GB,128 GB,,,13 - 14.9 inch,Bảo hành hãng,Đang cập nhật,3.700.000 đ
Mới,Microsoft,,,,,,,Còn bảo hành,Đang cập nhật,250.000 đ
Đã sử dụng (chưa sửa chữa),Dell,Intel Core i5,16 GB,256 GB,,NVIDIA,15 - 16.9 inch,Bảo hành hãng,Đang cập nhật,7.000.000 đ
Đã sử dụng (chưa sửa chữa),Lenovo,Intel Core i5,8 GB,256 GB,,Onboard,15 - 16.9 inch,3 tháng,Đang cập nhật,10.900.000 đ
Mới,HP,Khác,8 GB,640 GB,,Khác,11 - 12.9 inch,>12 tháng,Đang cập nhật,8.000.000 đ
Đã sử dụng (chưa sửa chữa),Dell,Intel Core i5,8 GB,256 GB,,Khác,13 - 14.9 inch,Hết bảo hành,Đang cập nhật,11.000.000 đ
Đã sử dụng (chưa sửa chữa),HP,Intel Core i7,16 GB,512 GB,,NVIDIA,15 - 16.9 inch,Còn bảo hành,Đang cập nhật,17.000.000 đ
Đã sử dụng (chưa sửa chữa),Dell,Intel Core i7,16 GB,256 GB,,NVIDIA,15 - 16.9 inch,Bảo hành hãng,Mỹ,8.900.000 đ
Đã sử dụng (chưa sửa chữa),Hãng Khác,AMD,4 GB,128 GB,,AMD,13 - 14.9 inch,Còn bảo hành,Trung Quốc,3.500.000 đ
Đã sử dụng (chưa sửa chữa),Asus,,,,,,,Bảo hành hãng,Đang cập nhật,7.500.000 đ
Đã sử dụng (chưa sửa chữa),Acer,Intel Core i3,8 GB,128 GB,,Onboard,15 - 16.9 inch,3 tháng,Đang cập nhật,6.000.000 đ
Đã sử dụng (chưa sửa chữa),Dell,Intel Core i3,8 GB,128 GB,,,13 - 14.9 inch,Còn bảo hành,Đang cập nhật,3.200.000 đ
Đã sử dụng (chưa sửa chữa),Apple,Intel Core i5,4 GB,500 GB,,Onboard,15 - 16.9 inch,Bảo hành hãng,Đang cập nhật,2.000.000 đ
Đã sử dụng (chưa sửa chữa),HP,Intel Core i5,8 GB,128 GB,,Onboard,15 - 16.9 inch,3 tháng,Trung Quốc,3.200.000 đ
Đã sử dụng (chưa sửa chữa),Microsoft,Intel Core i5,8 GB,256 GB,,,,Bảo hành hãng,Đang cập nhật,5.000.000 đ
Đã sử dụng (chưa sửa chữa),Lenovo,Intel Pentium,4 GB,128 GB,,Onboard,13 - 14.9 inch,Hết bảo hành,Trung Quốc,1.950.000 đ
Đã sử dụng (chưa sửa chữa),Dell,,,,,,,Bảo hành hãng,Đang cập nhật,1.000.000 đ
Đã sử dụng (chưa sửa chữa),Apple,,8 GB,512 GB,,,,Bảo hành hãng,Đang cập nhật,18.800.000 đ
Đã sử dụng (chưa sửa chữa),Dell,Intel Core i5,8 GB,256 GB,,Onboard,13 - 14.9 inch,3 tháng,Mỹ,7.200.000 đ
Mới,Dell,Intel Core i9,> 32GB,> 1 TB,,NVIDIA,15 - 16.9 inch,Còn bảo hành,Mỹ,71.000.000 đ
Đã sử dụng (qua sửa chữa),Dell,Intel Core i7,32 GB,1 TB,,NVIDIA,15 - 16.9 inch,3 tháng,Nhật Bản,17.000.000 đ
Đã sử dụng (chưa sửa chữa),Lenovo,,,,,,,Bảo hành hãng,Đang cập nhật,7.300.000 đ
Đã sử dụng (chưa sửa chữa),Dell,,,,,,,Bảo hành hãng,Đang cập nhật,5.300.000 đ
Mới,Dell,Intel Core i7,16 GB,512 GB,,NVIDIA,15 - 16.9 inch,3 tháng,Mỹ,12.900.000 đ
Đã sử dụng (chưa sửa chữa),Dell,Intel Core i5,8 GB,250 GB,,Onboard,11 - 12.9 inch,1 tháng,Đang cập nhật,6.700.000 đ
Mới,Asus,Intel Core i5,16 GB,512 GB,,Onboard,15 - 16.9 inch,Còn bảo hành,Việt Nam,15.700.000 đ
Đã sử dụng (chưa sửa chữa),Lenovo,AMD,16 GB,512 GB,,NVIDIA,15 - 16.9 inch,Còn bảo hành,Đang cập nhật,19.000.000 đ
Đã sử dụng (chưa sửa chữa),Apple,Intel Core i7,16 GB,256 GB,,AMD,15 - 16.9 inch,1 tháng,Đang cập nhật,14.700.000 đ
Đã sử dụng (chưa sửa chữa),Lenovo,Intel Core i5,8 GB,256 GB,,Onboard,13 - 14.9 inch,1 tháng,Mỹ,4.300.000 đ
Mới,Asus,Intel Core i5,16 GB,512 GB,,Onboard,15 - 16.9 inch,Còn bảo hành,Việt Nam,13.800.000 đ
Đã sử dụng (chưa sửa chữa),Asus,,,,,,,Bảo hành hãng,Đang cập nhật,23.900.000 đ
Đã sử dụng (chưa sửa chữa),Asus,Intel Core i5,8 GB,512 GB,,,15 - 16.9 inch,7-12 tháng,Nước khác,11.900.000 đ
Đã sử dụng (chưa sửa chữa),Lenovo,Intel Core i5,,,,Onboard,13 - 14.9 inch,1 tháng,Đang cập nhật,3.650.000 đ
Đã sử dụng (chưa sửa chữa),Apple,,16 GB,,,,,Bảo hành hãng,Đang cập nhật,21.490.000 đ
Đã sử dụng (chưa sửa chữa),Apple,,8 GB,,,,,Bảo hành hãng,Đang cập nhật,15.000.000 đ
Đã sử dụng (chưa sửa chữa),Asus,Intel Core i3,4 GB,1 TB,,Onboard,13 - 14.9 inch,Hết bảo hành,Đang cập nhật,2.550.000 đ
Đã sử dụng (chưa sửa chữa),Dell,Intel Core i5,4 GB,128 GB,,Onboard,13 - 14.9 inch,1 tháng,Đang cập nhật,1.600.000 đ
Đã sử dụng (chưa sửa chữa),Asus,,,,,,,Bảo hành hãng,Đang cập nhật,14.000.000 đ
Đã sử dụng (chưa sửa chữa),HP,Intel Core i7,8 GB,256 GB,,Onboard,11 - 12.9 inch,Bảo hành hãng,Đang cập nhật,7.990.000 đ
Đã sử dụng (chưa sửa chữa),HP,Intel Core i7,16 GB,512 GB,,Onboard,15 - 16.9 inch,Bảo hành hãng,Đang cập nhật,13.990.000 đ
Đã sử dụng (chưa sửa chữa),Lenovo,Intel Core i3,4 GB,256 GB,,Onboard,15 - 16.9 inch,Hết bảo hành,Việt Nam,1.999.999 đ
Đã sử dụng (chưa sửa chữa),Dell,Intel Core i7,32 GB,512 GB,,NVIDIA,15 - 16.9 inch,Bảo hành hãng,Đang cập nhật,10.500.000 đ
Đã sử dụng (chưa sửa chữa),Dell,Intel Core i7,16 GB,512 GB,,Onboard,13 - 14.9 inch,Bảo hành hãng,Đang cập nhật,10.500.000 đ
Đã sử dụng (chưa sửa chữa),Acer,Intel Core i5,8 GB,128 GB,,,,Bảo hành hãng,Đang cập nhật,1.800.000 đ
Đã sử dụng (chưa sửa chữa),HP,Intel Core i5,8 GB,256 GB,,Onboard,13 - 14.9 inch,Bảo hành hãng,Đang cập nhật,9.500.000 đ
Đã sử dụng (chưa sửa chữa),Dell,Intel Core i7,16 GB,256 GB,,NVIDIA,15 - 16.9 inch,3 tháng,Mỹ,8.300.000 đ
Đã sử dụng (chưa sửa chữa),Apple,Intel Core i7,16 GB,500 GB,,AMD,15 - 16.9 inch,3 tháng,Nhật Bản,18.000.000 đ
Mới,Lenovo,Intel Core i5,8 GB,128 GB,,Onboard,13 - 14.9 inch,Còn bảo hành,Mỹ,3.400.000 đ
Đã sử dụng (chưa sửa chữa),Apple,Khác,8 GB,256 GB,,Onboard,13 - 14.9 inch,Còn bảo hành,Đang cập nhật,15.500.000 đ
Đã sử dụng (chưa sửa chữa),Lenovo,Intel Core i5,8 GB,256 GB,,Onboard,13 - 14.9 inch,3 tháng,Đang cập nhật,5.300.000 đ
Đã sử dụng (chưa sửa chữa),Microsoft,Intel Core i7,8 GB,256 GB,,Khác,11 - 12.9 inch,Còn bảo hành,Nước khác,4.900.000 đ
Đã sử dụng (chưa sửa chữa),Apple,,8 GB,256 GB,,,,4-6 tháng,Đang cập nhật,12.500.000 đ
Đã sử dụng (chưa sửa chữa),HP,Intel Core i5,8 GB,256 GB,,Onboard,13 - 14.9 inch,Bảo hành hãng,Nhật Bản,4.600.000 đ
Đã sử dụng (chưa sửa chữa),Apple,,,,,,,Bảo hành hãng,Đang cập nhật,6.000.000 đ
Đã sử dụng (chưa sửa chữa),HP,Intel Core i5,4 GB,128 GB,,,,Bảo hành hãng,Đang cập nhật,2.400.000 đ
Đã sử dụng (chưa sửa chữa),Lenovo,Intel Core i5,16 GB,512 GB,,Onboard,11 - 12.9 inch,Hết bảo hành,Trung Quốc,5.400.000 đ
Đã sử dụng (chưa sửa chữa),Dell,Intel Core i5,6 GB,128 GB,,Onboard,15 - 16.9 inch,Hết bảo hành,Đang cập nhật,1.750.000 đ
Đã sử dụng (chưa sửa chữa),Dell,Intel Core i7,16 GB,1 TB,,Onboard,13 - 14.9 inch,3 tháng,Đang cập nhật,14.700.000 đ
Đã sử dụng (chưa sửa chữa),Lenovo,Intel Core i7,16 GB,512 GB,,Onboard,13 - 14.9 inch,3 tháng,Nhật Bản,10.500.000 đ
Đã sử dụng (chưa sửa chữa),Dell,Intel Core i7,8 GB,256 GB,,Onboard,13 - 14.9 inch,Còn bảo hành,Mỹ,6.200.000 đ
Đã sử dụng (chưa sửa chữa),Lenovo,Intel Core i5,8 GB,128 GB,,NVIDIA,15 - 16.9 inch,1 tháng,Đang cập nhật,3.500.000 đ
Đã sử dụng (chưa sửa chữa),Apple,Intel Core i5,8 GB,128 GB,,,,Bảo hành hãng,Đang cập nhật,6.000.000 đ
Đã sử dụng (chưa sửa chữa),Hãng Khác,Intel Core i5,8 GB,256 GB,,Onboard,13 - 14.9 inch,3 tháng,Nhật Bản,7.500.000 đ
Đã sử dụng (chưa sửa chữa),Dell,,,,,,,Bảo hành hãng,Đang cập nhật,15.500.000 đ
Mới,Dell,Intel Core i5,8 GB,250 GB,,Onboard,13 - 14.9 inch,3 tháng,Mỹ,4.600.000 đ
Đã sử dụng (chưa sửa chữa),Dell,Intel Core i7,16 GB,256 GB,,Onboard,,7-12 tháng,Đang cập nhật,15.900.000 đ
Đã sử dụng (chưa sửa chữa),Dell,Intel Core i5,4 GB,128 GB,,Onboard,13 - 14.9 inch,Hết bảo hành,Việt Nam,2.200.000 đ
Mới,Dell,Intel Core i5,8 GB,128 GB,,Onboard,15 - 16.9 inch,3 tháng,Đang cập nhật,5.300.000 đ
Đã sử dụng (qua sửa chữa),Acer,Intel Core i3,6 GB,128 GB,,Onboard,17 - 18.9 inch,Hết bảo hành,Đang cập nhật,2.200.000 đ
Đã sử dụng (chưa sửa chữa),Asus,Intel Core i3,4 GB,128 GB,,Onboard,13 - 14.9 inch,1 tháng,Đang cập nhật,4.500.000 đ
Đã sử dụng (chưa sửa chữa),Dell,Intel Core i7,16 GB,512 GB,,NVIDIA,15 - 16.9 inch,4-6 tháng,Mỹ,17.500.000 đ
Đã sử dụng (chưa sửa chữa),HP,Intel Xeon,32 GB,512 GB,,NVIDIA,15 - 16.9 inch,3 tháng,Mỹ,19.500.000 đ
Đã sử dụng (chưa sửa chữa),Dell,Intel Core i5,8 GB,512 GB,,,13 - 14.9 inch,Bảo hành hãng,Mỹ,4.250.000 đ
Đã sử dụng (chưa sửa chữa),Dell,Intel Core i7,32 GB,512 GB,,NVIDIA,17 - 18.9 inch,3 tháng,Mỹ,14.500.000 đ
Đã sử dụng (chưa sửa chữa),Lenovo,Intel Core i7,16 GB,256 GB,,,13 - 14.9 inch,3 tháng,Mỹ,8.888.888 đ
Đã sử dụng (chưa sửa chữa),Asus,Intel Core i5,8 GB,250 GB,,NVIDIA,15 - 16.9 inch,1 tháng,Đang cập nhật,5.000.000 đ
Đã sử dụng (chưa sửa chữa),Lenovo,Ryzen 5,8 GB,256 GB,,Onboard,13 - 14.9 inch,Hết bảo hành,Đang cập nhật,7.000.000 đ
Đã sử dụng (chưa sửa chữa),Dell,Intel Core i7,32 GB,1 TB,,Khác,17 - 18.9 inch,Hết bảo hành,Mỹ,16.000.000 đ
Đã sử dụng (chưa sửa chữa),Asus,Intel Celeron,2 GB,128 GB,,Onboard,13 - 14.9 inch,1 tháng,Việt Nam,2.200.000 đ
Đã sử dụng (chưa sửa chữa),HP,Intel Core i5,4 GB,128 GB,,,11 - 12.9 inch,1 tháng,Nhật Bản,2.700.000 đ
Đã sử dụng (chưa sửa chữa),Asus,Intel Core i5,,128 GB,,NVIDIA,13 - 14.9 inch,Hết bảo hành,Đang cập nhật,2.600.000 đ
Đã sử dụng (chưa sửa chữa),Lenovo,Intel Core i7,8 GB,256 GB,,Onboard,13 - 14.9 inch,1 tháng,Mỹ,6.500.000 đ
Đã sử dụng (chưa sửa chữa),Apple,Intel Core i5,8 GB,256 GB,,Onboard,13 - 14.9 inch,Hết bảo hành,Việt Nam,13.500.000 đ
Đã sử dụng (qua sửa chữa),Dell,Intel Core i7,8 GB,256 GB,,NVIDIA,15 - 16.9 inch,3 tháng,Mỹ,9.000.000 đ
Đã sử dụng (chưa sửa chữa),Lenovo,Intel Core i5,8 GB,500 GB,,Onboard,11 - 12.9 inch,Còn bảo hành,Đang cập nhật,3.800.000 đ
Đã sử dụng (chưa sửa chữa),Dell,,,,,,,Bảo hành hãng,Đang cập nhật,4.000.000 đ
Đã sử dụng (chưa sửa chữa),Acer,Intel Core i5,8 GB,128 GB,,NVIDIA,15 - 16.9 inch,1 tháng,Việt Nam,6.300.000 đ
Đã sử dụng (chưa sửa chữa),Acer,Ryzen 5,32 GB,512 GB,,AMD,15 - 16.9 inch,Bảo hành hãng,Đang cập nhật,12.500.000 đ
Đã sử dụng (chưa sửa chữa),Lenovo,Intel Core i5,8 GB,256 GB,,Onboard,13 - 14.9 inch,1 tháng,Mỹ,3.900.000 đ
Mới,Lenovo,Intel Core i7,32 GB,256 GB,,Onboard,13 - 14.9 inch,4-6 tháng,Mỹ,24.500.000 đ
Đã sử dụng (chưa sửa chữa),Apple,Intel Core i5,8 GB,256 GB,,Onboard,13 - 14.9 inch,Hết bảo hành,Đang cập nhật,4.000.000 đ
Đã sử dụng (chưa sửa chữa),Dell,Intel Core i5,4 GB,250 GB,,Onboard,15 - 16.9 inch,Hết bảo hành,Việt Nam,1.500.000 đ
Đã sử dụng (chưa sửa chữa),Samsung,Intel Core i7,8 GB,128 GB,,Khác,15 - 16.9 inch,Bảo hành hãng,Việt Nam,5.000.000 đ
Đã sử dụng (chưa sửa chữa),Apple,Khác,16 GB,512 GB,,Onboard,15 - 16.9 inch,3 tháng,Đang cập nhật,33.500.000 đ
Đã sử dụng (chưa sửa chữa),Apple,Intel Core i7,16 GB,1 TB,,AMD,15 - 16.9 inch,1 tháng,Mỹ,11.490.000 đ
Đã sử dụng (chưa sửa chữa),Dell,Intel Core i7,16 GB,256 GB,,NVIDIA,15 - 16.9 inch,3 tháng,Mỹ,6.900.000 đ
Đã sử dụng (chưa sửa chữa),Dell,Intel Core i5,8 GB,256 GB,,Onboard,13 - 14.9 inch,3 tháng,Mỹ,12.700.000 đ
Đã sử dụng (chưa sửa chữa),HP,Intel Core i7,8 GB,256 GB,,NVIDIA,15 - 16.9 inch,3 tháng,Mỹ,5.500.000 đ
Đã sử dụng (chưa sửa chữa),Lenovo,Intel Core i5,8 GB,256 GB,,Onboard,13 - 14.9 inch,7-12 tháng,Mỹ,8.500.000 đ
Đã sử dụng (chưa sửa chữa),Apple,,,,,,,Bảo hành hãng,Đang cập nhật,33.990.000 đ
Đã sử dụng (chưa sửa chữa),Apple,Khác,8 GB,256 GB,,,13 - 14.9 inch,Bảo hành hãng,Đang cập nhật,18.400.000 đ
Đã sử dụng (chưa sửa chữa),Dell,Intel Core i5,8 GB,256 GB,,Onboard,13 - 14.9 inch,Còn bảo hành,Đang cập nhật,6.200.000 đ
Đã sử dụng (chưa sửa chữa),Lenovo,Intel Core i7,16 GB,512 GB,,Onboard,13 - 14.9 inch,3 tháng,Nhật Bản,10.200.000 đ
Đã sử dụng (chưa sửa chữa),HP,Intel Core i5,4 GB,640 GB,,Onboard,13 - 14.9 inch,3 tháng,Việt Nam,1.250.000 đ
Đã sử dụng (chưa sửa chữa),HP,Intel Core i5,4 GB,128 GB,,Onboard,13 - 14.9 inch,Bảo hành hãng,Đang cập nhật,1.400.000 đ
Đã sử dụng (qua sửa chữa),Dell,Intel Core i5,4 GB,< 128 GB,,,,Bảo hành hãng,Đang cập nhật,1.650.000 đ
Đã sử dụng (chưa sửa chữa),Dell,Intel Core i7,8 GB,128 GB,,Onboard,15 - 16.9 inch,1 tháng,Việt Nam,3.000.000 đ
Đã sử dụng (qua sửa chữa),Asus,Intel Core i3,8 GB,128 GB,,Khác,,Bảo hành hãng,Đang cập nhật,1.000.000 đ
Đã sử dụng (chưa sửa chữa),Dell,Intel Xeon,16 GB,500 GB,,NVIDIA,,Bảo hành hãng,Đang cập nhật,7.700.000 đ
Đã sử dụng (chưa sửa chữa),Lenovo,Intel Core i5,8 GB,256 GB,,Onboard,13 - 14.9 inch,3 tháng,Mỹ,4.950.000 đ
Đã sử dụng (chưa sửa chữa),Dell,Intel Core i7,8 GB,,,Onboard,11 - 12.9 inch,Bảo hành hãng,Đang cập nhật,4.700.000 đ
Đã sử dụng (chưa sửa chữa),Dell,Intel Core i7,16 GB,512 GB,,NVIDIA,15 - 16.9 inch,3 tháng,Mỹ,16.800.000 đ
Đã sử dụng (chưa sửa chữa),Asus,Intel Core i5,8 GB,256 GB,,Onboard,13 - 14.9 inch,Bảo hành hãng,Đang cập nhật,1.500.000 đ
Đã sử dụng (chưa sửa chữa),Dell,,,,,,,Bảo hành hãng,Đang cập nhật,5.000.000 đ
Đã sử dụng (chưa sửa chữa),HP,,,,,,,Bảo hành hãng,Đang cập nhật,2.400.000 đ
Đã sử dụng (chưa sửa chữa),Acer,,,,,,,Bảo hành hãng,Đang cập nhật,8.200.000 đ
Đã sử dụng (chưa sửa chữa),Dell,Intel Core i7,8 GB,256 GB,,Onboard,13 - 14.9 inch,3 tháng,Mỹ,7.890.000 đ
Đã sử dụng (chưa sửa chữa),Dell,Intel Core i5,,256 GB,,Onboard,11 - 12.9 inch,Bảo hành hãng,Đang cập nhật,3.800.000 đ
Đã sử dụng (chưa sửa chữa),Lenovo,Intel Core i7,16 GB,512 GB,,NVIDIA,15 - 16.9 inch,4-6 tháng,Đang cập nhật,13.800.000 đ
Đã sử dụng (chưa sửa chữa),HP,,,,,,,Bảo hành hãng,Đang cập nhật,11.999.000 đ
Đã sử dụng (chưa sửa chữa),Dell,Intel Core i7,8 GB,128 GB,,,13 - 14.9 inch,Còn bảo hành,Đang cập nhật,3.200.000 đ
Đã sử dụng (chưa sửa chữa),Dell,Intel Core i5,4 GB,500 GB,,NVIDIA,13 - 14.9 inch,Bảo hành hãng,Đang cập nhật,1.100.000 đ
Đã sử dụng (chưa sửa chữa),Asus,Ryzen 7,16 GB,512 GB,,NVIDIA,15 - 16.9 inch,Còn bảo hành,Việt Nam,16.999.000 đ
Đã sử dụng (chưa sửa chữa),Acer,Intel Core i5,4 GB,512 GB,,Khác,13 - 14.9 inch,Bảo hành hãng,Đang cập nhật,1.500.000 đ
Đã sử dụng (chưa sửa chữa),HP,Intel Core i7,8 GB,750 GB,,NVIDIA,15 - 16.9 inch,Bảo hành hãng,Đang cập nhật,3.200.000 đ
Đã sử dụng (chưa sửa chữa),Dell,Intel Core i7,8 GB,256 GB,,Onboard,13 - 14.9 inch,4-6 tháng,Việt Nam,7.900.000 đ
Đã sử dụng (chưa sửa chữa),Lenovo,Intel Core i7,8 GB,256 GB,,NVIDIA,15 - 16.9 inch,Còn bảo hành,Đang cập nhật,7.800.000 đ
Đã sử dụng (qua sửa chữa),Dell,,,,,,,Bảo hành hãng,Đang cập nhật,1.000.000 đ
Đã sử dụng (chưa sửa chữa),Dell,Intel Core i5,8 GB,512 GB,,Khác,13 - 14.9 inch,3 tháng,Việt Nam,8.900.000 đ
Đã sử dụng (chưa sửa chữa),Dell,Intel Core i5,8 GB,128 GB,,NVIDIA,15 - 16.9 inch,1 tháng,Việt Nam,5.900.000 đ
Đã sử dụng (chưa sửa chữa),Lenovo,Ryzen 7,16 GB,512 GB,,NVIDIA,15 - 16.9 inch,Còn bảo hành,Đang cập nhật,17.999.000 đ
Đã sử dụng (chưa sửa chữa),Asus,Intel Core i5,16 GB,512 GB,,NVIDIA,15 - 16.9 inch,>12 tháng,Việt Nam,13.900.000 đ
Đã sử dụng (chưa sửa chữa),Dell,Intel Xeon,32 GB,512 GB,,NVIDIA,17 - 18.9 inch,3 tháng,Đang cập nhật,15.700.000 đ
Đã sử dụng (chưa sửa chữa),Dell,Intel Core i5,4 GB,250 GB,,Onboard,13 - 14.9 inch,Còn bảo hành,Đang cập nhật,999.000 đ
Đã sử dụng (chưa sửa chữa),HP,Intel Core i7,16 GB,512 GB,,Onboard,,Bảo hành hãng,Đang cập nhật,12.500.000 đ
Mới,Acer,Ryzen 5,16 GB,512 GB,,NVIDIA,,Bảo hành hãng,Trung Quốc,12.800.000 đ
Đã sử dụng (chưa sửa chữa),Apple,Intel Core i7,16 GB,256 GB,,AMD,15 - 16.9 inch,Hết bảo hành,Đang cập nhật,11.500.000 đ
Đã sử dụng (chưa sửa chữa),Asus,Intel Core i7,8 GB,256 GB,,Onboard,15 - 16.9 inch,1 tháng,Nhật Bản,6.999.000 đ
Đã sử dụng (chưa sửa chữa),Toshiba,Intel Core i5,8 GB,256 GB,,Onboard,11 - 12.9 inch,1 tháng,Nhật Bản,3.500.000 đ
Đã sử dụng (chưa sửa chữa),Dell,Intel Core i7,8 GB,256 GB,,AMD,17 - 18.9 inch,Bảo hành hãng,Đang cập nhật,4.800.000 đ
Đã sử dụng (chưa sửa chữa),Asus,AMD,4 GB,1 TB,,Onboard,13 - 14.9 inch,Còn bảo hành,Đang cập nhật,3.000.000 đ
Đã sử dụng (chưa sửa chữa),Dell,,,,,,,Bảo hành hãng,Đang cập nhật,1.000.000 đ
Mới,Asus,Intel Core i3,4 GB,< 128 GB,,Khác,13 - 14.9 inch,1 tháng,Nước khác,1.290.000 đ
Đã sử dụng (chưa sửa chữa),Sony,Intel Core i7,8 GB,256 GB,,Onboard,13 - 14.9 inch,Bảo hành hãng,Đang cập nhật,5.000.000 đ
Đã sử dụng (chưa sửa chữa),Dell,Intel Core i5,4 GB,128 GB,,Onboard,13 - 14.9 inch,3 tháng,Mỹ,3.300.000 đ
Đã sử dụng (chưa sửa chữa),HP,Intel Core i5,8 GB,256 GB,,Onboard,17 - 18.9 inch,3 tháng,Mỹ,6.200.000 đ
Đã sử dụng (chưa sửa chữa),Apple,,8 GB,256 GB,,,13 - 14.9 inch,Bảo hành hãng,Việt Nam,13.500.000 đ
Đã sử dụng (chưa sửa chữa),Lenovo,,,,,,,Bảo hành hãng,Đang cập nhật,11.500.000 đ
Mới,Dell,Intel Xeon,16 GB,256 GB,,NVIDIA,15 - 16.9 inch,3 tháng,Mỹ,9.800.000 đ
Đã sử dụng (chưa sửa chữa),Dell,,,,,,,Bảo hành hãng,Đang cập nhật,3.490.000 đ
Đã sử dụng (chưa sửa chữa),Asus,,,,,,,Bảo hành hãng,Đang cập nhật,43.800.000 đ
Đã sử dụng (chưa sửa chữa),Microsoft,Intel Core i5,4 GB,500 GB,,Onboard,13 - 14.9 inch,Hết bảo hành,Mỹ,5.000.000 đ
Đã sử dụng (chưa sửa chữa),Apple,Intel Core i7,16 GB,256 GB,,AMD,15 - 16.9 inch,3 tháng,Mỹ,13.800.000 đ
Đã sử dụng (chưa sửa chữa),Lenovo,Ryzen 5,8 GB,256 GB,,AMD,13 - 14.9 inch,4-6 tháng,Đang cập nhật,7.900.000 đ
Đã sử dụng (chưa sửa chữa),Asus,Ryzen 9,16 GB,512 GB,,NVIDIA,15 - 16.9 inch,>12 tháng,Đang cập nhật,23.000.000 đ
Đã sử dụng (chưa sửa chữa),Toshiba,Intel Core i5,4 GB,500 GB,,Onboard,13 - 14.9 inch,Hết bảo hành,Nước khác,1.250.000 đ
Đã sử dụng (chưa sửa chữa),Lenovo,Intel Core i5,8 GB,256 GB,,Onboard,13 - 14.9 inch,Hết bảo hành,Việt Nam,3.500.000 đ
Đã sử dụng (chưa sửa chữa),HP,Intel Core i5,8 GB,128 GB,,Onboard,15 - 16.9 inch,1 tháng,Đang cập nhật,4.500.000 đ
Đã sử dụng (chưa sửa chữa),Dell,Intel Core i7,16 GB,500 GB,,NVIDIA,15 - 16.9 inch,3 tháng,Đang cập nhật,13.000.000 đ
Đã sử dụng (chưa sửa chữa),Dell,Intel Core i7,16 GB,512 GB,,NVIDIA,13 - 14.9 inch,3 tháng,Việt Nam,23.888.888 đ
Đã sử dụng (chưa sửa chữa),Apple,Intel Core i7,4 GB,128 GB,,Khác,17 - 18.9 inch,Hết bảo hành,Mỹ,3.399.999 đ
Đã sử dụng (chưa sửa chữa),Asus,Intel Celeron,4 GB,,,,,Bảo hành hãng,Đang cập nhật,1.300.000 đ
Đã sử dụng (chưa sửa chữa),Apple,Intel Core i5,8 GB,128 GB,,Onboard,13 - 14.9 inch,Hết bảo hành,Mỹ,4.800.000 đ
Đã sử dụng (chưa sửa chữa),Dell,Intel Core i5,8 GB,128 GB,,Onboard,13 - 14.9 inch,1 tháng,Việt Nam,2.400.000 đ
Đã sử dụng (chưa sửa chữa),Dell,Intel Core i5,8 GB,256 GB,,Onboard,13 - 14.9 inch,1 tháng,Trung Quốc,3.600.000 đ
Đã sử dụng (chưa sửa chữa),HP,Intel Core i5,,128 GB,,,13 - 14.9 inch,Bảo hành hãng,Đang cập nhật,3.800.000 đ
Đã sử dụng (chưa sửa chữa),Dell,Intel Core i5,8 GB,256 GB,,,,Bảo hành hãng,Đang cập nhật,2.000.000 đ
Đã sử dụng (chưa sửa chữa),Apple,Intel Core i7,4 GB,128 GB,,,15 - 16.9 inch,Bảo hành hãng,Mỹ,1.800.000 đ
Đã sử dụng (chưa sửa chữa),Apple,Intel Core i5,8 GB,256 GB,,Onboard,13 - 14.9 inch,Hết bảo hành,Mỹ,4.500.000 đ
Đã sử dụng (chưa sửa chữa),Acer,,,,,,,Bảo hành hãng,Đang cập nhật,8.700.000 đ
Mới,Lenovo,Ryzen 5,16 GB,512 GB,,NVIDIA,15 - 16.9 inch,Còn bảo hành,Việt Nam,15.000.000 đ
Đã sử dụng (chưa sửa chữa),Dell,Intel Core i5,16 GB,256 GB,,Onboard,11 - 12.9 inch,1 tháng,Nhật Bản,3.700.000 đ
Đã sử dụng (chưa sửa chữa),Asus,Intel Core i5,16 GB,512 GB,,NVIDIA,15 - 16.9 inch,>12 tháng,Việt Nam,12.800.000 đ
Đã sử dụng (chưa sửa chữa),Apple,,,,,,,Bảo hành hãng,Đang cập nhật,5.700.000 đ
Đã sử dụng (chưa sửa chữa),Dell,Intel Core i5,8 GB,256 GB,,Onboard,13 - 14.9 inch,3 tháng,Việt Nam,4.500.000 đ
Đã sử dụng (chưa sửa chữa),Apple,Khác,> 32GB,1 TB,,Khác,15 - 16.9 inch,4-6 tháng,Mỹ,40.990.000 đ
Đã sử dụng (chưa sửa chữa),Sony,Intel Core i5,4 GB,128 GB,,Onboard,15 - 16.9 inch,Hết bảo hành,Nước khác,700.000 đ
Đã sử dụng (chưa sửa chữa),Lenovo,Intel Core i5,4 GB,250 GB,,NVIDIA,13 - 14.9 inch,Bảo hành hãng,Đang cập nhật,890.000 đ
Đã sử dụng (chưa sửa chữa),Dell,,,,,,,Bảo hành hãng,Đang cập nhật,16.500.000 đ
Đã sử dụng (chưa sửa chữa),Acer,Ryzen 5,8 GB,512 GB,,NVIDIA,17 - 18.9 inch,Còn bảo hành,Việt Nam,11.500.000 đ
Đã sử dụng (chưa sửa chữa),Apple,Intel Core i7,8 GB,250 GB,,Khác,,1 tháng,Việt Nam,4.200.000 đ
Đã sử dụng (chưa sửa chữa),HP,Athlon,8 GB,256 GB,,AMD,13 - 14.9 inch,Bảo hành hãng,Đang cập nhật,6.500.000 đ
Đã sử dụng (chưa sửa chữa),Acer,,,,,,,Bảo hành hãng,Đang cập nhật,8.400.000 đ
Đã sử dụng (chưa sửa chữa),HP,Intel Core i5,16 GB,512 GB,,Onboard,15 - 16.9 inch,3 tháng,Mỹ,9.600.000 đ
Đã sử dụng (chưa sửa chữa),Dell,Intel Core i5,4 GB,250 GB,,Onboard,13 - 14.9 inch,Còn bảo hành,Đang cập nhật,3.799.000 đ
Đã sử dụng (chưa sửa chữa),Asus,Intel Core i3,8 GB,256 GB,,Onboard,15 - 16.9 inch,3 tháng,Việt Nam,6.600.000 đ
Đã sử dụng (chưa sửa chữa),Dell,,,,,,,Bảo hành hãng,Đang cập nhật,6.900.000 đ
Đã sử dụng (chưa sửa chữa),MSI,Intel Core i7,8 GB,,,NVIDIA,15 - 16.9 inch,Bảo hành hãng,Đang cập nhật,10.000.000 đ
Đã sử dụng (chưa sửa chữa),Dell,Intel Core i5,8 GB,128 GB,,Onboard,13 - 14.9 inch,1 tháng,Mỹ,3.550.000 đ
Đã sử dụng (chưa sửa chữa),Dell,Intel Core i5,4 GB,500 GB,,Khác,13 - 14.9 inch,Hết bảo hành,Nước khác,2.900.000 đ
Đã sử dụng (chưa sửa chữa),Asus,Intel Core i5,8 GB,512 GB,,NVIDIA,15 - 16.9 inch,7-12 tháng,Việt Nam,13.400.000 đ
Mới,Microsoft,Ryzen 5,8 GB,256 GB,,NVIDIA,13 - 14.9 inch,>12 tháng,Mỹ,13.900.000 đ
Đã sử dụng (chưa sửa chữa),Dell,Intel Core i5,8 GB,256 GB,,Onboard,11 - 12.9 inch,1 tháng,Việt Nam,3.200.000 đ
Đã sử dụng (chưa sửa chữa),HP,Intel Core i3,6 GB,320 GB,,Onboard,,Bảo hành hãng,Mỹ,1.400.000 đ
Đã sử dụng (chưa sửa chữa),Lenovo,Intel Core i5,16 GB,512 GB,,NVIDIA,15 - 16.9 inch,4-6 tháng,Đang cập nhật,12.900.000 đ
Mới,HP,Intel Core i7,8 GB,1 TB,,NVIDIA,17 - 18.9 inch,3 tháng,Đang cập nhật,7.500.000 đ
Đã sử dụng (chưa sửa chữa),Dell,Intel Core i7,4 GB,1 TB,,,,Bảo hành hãng,Đang cập nhật,1.500.000 đ
Đã sử dụng (chưa sửa chữa),Acer,Intel Core i3,4 GB,256 GB,,NVIDIA,13 - 14.9 inch,3 tháng,Việt Nam,4.500.000 đ
Đã sử dụng (chưa sửa chữa),Dell,Intel Core i5,4 GB,500 GB,,Khác,15 - 16.9 inch,Còn bảo hành,Việt Nam,1.010.000 đ
Đã sử dụng (chưa sửa chữa),Dell,Intel Core i7,8 GB,128 GB,,Onboard,13 - 14.9 inch,3 tháng,Việt Nam,4.900.000 đ
Đã sử dụng (chưa sửa chữa),Dell,Intel Core i7,8 GB,256 GB,,NVIDIA,13 - 14.9 inch,2 tháng,Đang cập nhật,6.500.000 đ
Đã sử dụng (chưa sửa chữa),HP,Intel Core i5,8 GB,256 GB,,Onboard,13 - 14.9 inch,Hết bảo hành,Việt Nam,3.850.000 đ
Đã sử dụng (chưa sửa chữa),HP,Intel Core i5,4 GB,128 GB,,Khác,13 - 14.9 inch,1 tháng,Nước khác,3.000.000 đ
Đã sử dụng (chưa sửa chữa),Apple,Intel Core i5,8 GB,256 GB,,Onboard,13 - 14.9 inch,Hết bảo hành,Đang cập nhật,9.999.000 đ
Đã sử dụng (qua sửa chữa),Apple,,8 GB,128 GB,,Onboard,15 - 16.9 inch,Hết bảo hành,Việt Nam,5.200.000 đ
Đã sử dụng (chưa sửa chữa),Asus,Intel Core i5,16 GB,512 GB,,NVIDIA,15 - 16.9 inch,Còn bảo hành,Đài Loan,12.900.000 đ
Đã sử dụng (chưa sửa chữa),Dell,Intel Core i7,8 GB,256 GB,,Onboard,13 - 14.9 inch,4-6 tháng,Đang cập nhật,5.800.000 đ
Đã sử dụng (chưa sửa chữa),Lenovo,Intel Core i5,8 GB,256 GB,,Khác,13 - 14.9 inch,3 tháng,Nhật Bản,6.999.999 đ
Đã sử dụng (chưa sửa chữa),HP,Intel Core i5,4 GB,480 GB,,Khác,13 - 14.9 inch,Hết bảo hành,Việt Nam,1.500.000 đ
Mới,MSI,Intel Core i7,32 GB,1 TB,,NVIDIA,15 - 16.9 inch,1 tháng,Mỹ,23.800.000 đ
Đã sử dụng (chưa sửa chữa),Lenovo,,,,,,,Bảo hành hãng,Đang cập nhật,999.000 đ
Đã sử dụng (chưa sửa chữa),Apple,Khác,8 GB,256 GB,,Khác,13 - 14.9 inch,Còn bảo hành,Việt Nam,21.800.000 đ
Đã sử dụng (chưa sửa chữa),HP,Intel Celeron,4 GB,< 128 GB,,Onboard,13 - 14.9 inch,3 tháng,Mỹ,2.800.000 đ
Đã sử dụng (chưa sửa chữa),Apple,Intel Core i5,16 GB,256 GB,,,,Bảo hành hãng,Việt Nam,8.200.000 đ
Đã sử dụng (chưa sửa chữa),Dell,Intel Core i5,8 GB,256 GB,,Onboard,15 - 16.9 inch,3 tháng,Đang cập nhật,5.700.000 đ
Đã sử dụng (chưa sửa chữa),Dell,Intel Core i5,4 GB,500 GB,,Onboard,13 - 14.9 inch,Còn bảo hành,Đang cập nhật,1.600.000 đ
Mới,Dell,Intel Core i7,8 GB,512 GB,,NVIDIA,15 - 16.9 inch,>12 tháng,Mỹ,7.300.000 đ
Đã sử dụng (chưa sửa chữa),Dell,Intel Core i7,8 GB,256 GB,,Onboard,13 - 14.9 inch,3 tháng,Đang cập nhật,6.500.000 đ
Đã sử dụng (chưa sửa chữa),Dell,Intel Core i5,4 GB,,,,15 - 16.9 inch,Bảo hành hãng,Đang cập nhật,3.900.000 đ
Đã sử dụng (chưa sửa chữa),Apple,Intel Core i5,8 GB,1 TB,,Onboard,13 - 14.9 inch,Hết bảo hành,Đang cập nhật,6.500.000 đ
Đã sử dụng (chưa sửa chữa),Apple,Intel Core i5,8 GB,128 GB,,Onboard,13 - 14.9 inch,Hết bảo hành,Mỹ,10.999.000 đ
Đã sử dụng (chưa sửa chữa),Dell,Intel Core i5,8 GB,128 GB,,,13 - 14.9 inch,Bảo hành hãng,Đang cập nhật,2.500.000 đ
Đã sử dụng (chưa sửa chữa),Apple,,,,,,,Bảo hành hãng,Đang cập nhật,8.300.000 đ
Đã sử dụng (chưa sửa chữa),Apple,,,,,,,Bảo hành hãng,Đang cập nhật,8.200.000 đ
Đã sử dụng (chưa sửa chữa),Lenovo,Intel Core i5,8 GB,256 GB,,Onboard,13 - 14.9 inch,3 tháng,Đang cập nhật,5.800.000 đ
Đã sử dụng (chưa sửa chữa),Apple,,,,,,,Bảo hành hãng,Đang cập nhật,6.500.000 đ
Đã sử dụng (chưa sửa chữa),Apple,Intel Core i7,16 GB,256 GB,,Onboard,15 - 16.9 inch,1 tháng,Đang cập nhật,6.800.000 đ
Đã sử dụng (chưa sửa chữa),Apple,Intel Core i5,8 GB,256 GB,,Onboard,13 - 14.9 inch,Hết bảo hành,Đang cập nhật,5.495.000 đ
Đã sử dụng (chưa sửa chữa),Apple,,,,,,,Bảo hành hãng,Mỹ,27.999.999 đ
Đã sử dụng (chưa sửa chữa),Dell,Intel Core i5,4 GB,128 GB,,Onboard,11 - 12.9 inch,3 tháng,Mỹ,2.900.000 đ
Đã sử dụng (chưa sửa chữa),Asus,Intel Core i5,4 GB,128 GB,,Onboard,13 - 14.9 inch,Bảo hành hãng,Đang cập nhật,1.700.000 đ
Đã sử dụng (chưa sửa chữa),Apple,,,,,,,Bảo hành hãng,Đang cập nhật,31.500.000 đ
Đã sử dụng (chưa sửa chữa),Apple,Intel Core i5,8 GB,256 GB,,Onboard,13 - 14.9 inch,Hết bảo hành,Nhật Bản,9.299.000 đ
Đã sử dụng (chưa sửa chữa),Dell,Intel Core i5,8 GB,1 TB,,Onboard,15 - 16.9 inch,Bảo hành hãng,Đang cập nhật,4.300.000 đ
Mới,Dell,Intel Core i9,32 GB,512 GB,,NVIDIA,15 - 16.9 inch,7-12 tháng,Mỹ,21.200.000 đ
Đã sử dụng (chưa sửa chữa),Apple,,,,,,,Bảo hành hãng,Mỹ,23.999.999 đ
Mới,Asus,Intel Core i5,16 GB,512 GB,,Onboard,13 - 14.9 inch,7-12 tháng,Trung Quốc,15.900.000 đ
Đã sử dụng (chưa sửa chữa),Apple,Khác,8 GB,256 GB,,,13 - 14.9 inch,Hết bảo hành,Đang cập nhật,6.000.000 đ
Đã sử dụng (chưa sửa chữa),Apple,,,,,,,Bảo hành hãng,Đang cập nhật,16.999.999 đ
Đã sử dụng (chưa sửa chữa),Samsung,AMD,4 GB,500 GB,,,,Bảo hành hãng,Đang cập nhật,1.000.000 đ
Đã sử dụng (chưa sửa chữa),Dell,Intel Core i5,8 GB,256 GB,,,13 - 14.9 inch,1 tháng,Việt Nam,5.500.000 đ
Đã sử dụng (chưa sửa chữa),Apple,,,,,,,Bảo hành hãng,Đang cập nhật,16.500.000 đ
Đã sử dụng (chưa sửa chữa),Apple,,,,,,,Bảo hành hãng,Đang cập nhật,21.200.000 đ
Đã sử dụng (chưa sửa chữa),Acer,Intel Core i5,8 GB,500 GB,,NVIDIA,15 - 16.9 inch,Hết bảo hành,Nước khác,4.500.000 đ
Mới,Lenovo,Intel Core i9,16 GB,1 TB,,NVIDIA,15 - 16.9 inch,>12 tháng,Trung Quốc,45.000.000 đ
Đã sử dụng (chưa sửa chữa),Apple,,,,,,,Bảo hành hãng,Đang cập nhật,23.999.999 đ
Đã sử dụng (chưa sửa chữa),Apple,Intel Core i5,4 GB,256 GB,,,13 - 14.9 inch,Bảo hành hãng,Đang cập nhật,2.100.000 đ
Đã sử dụng (chưa sửa chữa),Toshiba,Intel Core i3,8 GB,128 GB,,Onboard,15 - 16.9 inch,Còn bảo hành,Nhật Bản,2.350.000 đ
Mới,Lenovo,Intel Core i7,16 GB,512 GB,,NVIDIA,13 - 14.9 inch,>12 tháng,Trung Quốc,32.000.000 đ
Đã sử dụng (chưa sửa chữa),Lenovo,Intel Core i3,4 GB,256 GB,,Onboard,13 - 14.9 inch,1 tháng,Nhật Bản,3.700.000 đ
Đã sử dụng (chưa sửa chữa),Dell,Intel Core i5,4 GB,128 GB,,Onboard,11 - 12.9 inch,Bảo hành hãng,Mỹ,3.200.000 đ
Đã sử dụng (chưa sửa chữa),Acer,Intel Core i5,8 GB,256 GB,,NVIDIA,15 - 16.9 inch,Hết bảo hành,Đang cập nhật,4.800.000 đ
Đã sử dụng (chưa sửa chữa),Asus,Intel Core i5,2 GB,< 128 GB,,Khác,15 - 16.9 inch,Hết bảo hành,Nước khác,1.500.000 đ
Đã sử dụng (chưa sửa chữa),Asus,,4 GB,256 GB,,,,Bảo hành hãng,Đang cập nhật,4.200.000 đ
Đã sử dụng (chưa sửa chữa),Apple,,,,,,,7-12 tháng,Đang cập nhật,42.000.000 đ
Đã sử dụng (chưa sửa chữa),Dell,Intel Core i5,4 GB,128 GB,,Onboard,13 - 14.9 inch,Hết bảo hành,Mỹ,1.450.000 đ
Đã sử dụng (chưa sửa chữa),Dell,Intel Core i7,16 GB,512 GB,,Onboard,13 - 14.9 inch,3 tháng,Đang cập nhật,13.700.000 đ
Đã sử dụng (chưa sửa chữa),Apple,Intel Core i5,8 GB,128 GB,,Onboard,13 - 14.9 inch,Hết bảo hành,Mỹ,10.000.000 đ
Đã sử dụng (chưa sửa chữa),Lenovo,Khác,> 32GB,> 1 TB,,Khác,13 - 14.9 inch,Hết bảo hành,Đang cập nhật,300.000 đ
Đã sử dụng (chưa sửa chữa),Apple,Intel Core i5,8 GB,640 GB,,Khác,15 - 16.9 inch,Hết bảo hành,Mỹ,8.000.000 đ
Mới,Asus,Intel Core i5,8 GB,512 GB,,NVIDIA,15 - 16.9 inch,Còn bảo hành,Việt Nam,14.500.000 đ
Đã sử dụng (chưa sửa chữa),Apple,Intel Core 2 Duo,2 GB,> 1 TB,,NVIDIA,13 - 14.9 inch,Hết bảo hành,Đang cập nhật,800.000 đ
Đã sử dụng (chưa sửa chữa),HP,Intel Core i5,8 GB,,,Khác,11 - 12.9 inch,Hết bảo hành,Nhật Bản,4.550.000 đ
Mới,Asus,Intel Core i5,16 GB,512 GB,,,13 - 14.9 inch,Bảo hành hãng,Việt Nam,13.190.000 đ
Đã sử dụng (chưa sửa chữa),Asus,Intel Core i3,4 GB,500 GB,,,,Bảo hành hãng,Đang cập nhật,1.000.000 đ
Đã sử dụng (chưa sửa chữa),Microsoft,,,,,,,Bảo hành hãng,Đang cập nhật,8.500.000 đ
Đã sử dụng (chưa sửa chữa),Asus,Intel Core i5,8 GB,> 1 TB,,Onboard,13 - 14.9 inch,Hết bảo hành,Việt Nam,5.000.000 đ
Đã sử dụng (chưa sửa chữa),Asus,Intel Core i5,8 GB,512 GB,,NVIDIA,15 - 16.9 inch,Còn bảo hành,Việt Nam,15.900.000 đ
Đã sử dụng (qua sửa chữa),Apple,Intel Core i5,8 GB,256 GB,,Khác,15 - 16.9 inch,Hết bảo hành,Mỹ,2.500.000 đ
Đã sử dụng (chưa sửa chữa),Dell,Intel Core i7,16 GB,512 GB,,NVIDIA,15 - 16.9 inch,3 tháng,Mỹ,11.500.000 đ
Đã sử dụng (chưa sửa chữa),Microsoft,Intel Core i5,8 GB,128 GB,,Onboard,11 - 12.9 inch,Bảo hành hãng,Nước khác,4.500.000 đ
Đã sử dụng (chưa sửa chữa),Dell,Intel Core i7,16 GB,256 GB,,NVIDIA,15 - 16.9 inch,1 tháng,Mỹ,6.500.000 đ
Đã sử dụng (chưa sửa chữa),Toshiba,Intel Core 2 Duo,2 GB,128 GB,,Onboard,13 - 14.9 inch,Hết bảo hành,Đang cập nhật,800.000 đ
Mới,HP,Intel Core i5,8 GB,256 GB,,Onboard,13 - 14.9 inch,3 tháng,Mỹ,6.500.000 đ
Đã sử dụng (chưa sửa chữa),Asus,Intel Core i3,8 GB,500 GB,,,13 - 14.9 inch,Bảo hành hãng,Đang cập nhật,1.500.000 đ
Mới,Dell,Intel Xeon,> 32GB,1 TB,,NVIDIA,17 - 18.9 inch,7-12 tháng,Mỹ,35.000.000 đ
Đã sử dụng (chưa sửa chữa),Dell,Intel Core i7,8 GB,500 GB,,AMD,15 - 16.9 inch,Bảo hành hãng,Mỹ,5.500.000 đ
Mới,Dell,Intel Core i5,8 GB,256 GB,,Onboard,13 - 14.9 inch,3 tháng,Mỹ,5.900.000 đ
Đã sử dụng (chưa sửa chữa),Hãng Khác,Intel Core i3,8 GB,500 GB,,NVIDIA,15 - 16.9 inch,1 tháng,Đang cập nhật,2.700.000 đ
Đã sử dụng (chưa sửa chữa),Apple,Intel Core i5,8 GB,128 GB,,,,Bảo hành hãng,Đang cập nhật,6.950.000 đ
Đã sử dụng (chưa sửa chữa),Dell,Intel Core i5,16 GB,256 GB,,,13 - 14.9 inch,Bảo hành hãng,Mỹ,8.990.000 đ
Đã sử dụng (chưa sửa chữa),Lenovo,Intel Core i7,16 GB,512 GB,,NVIDIA,15 - 16.9 inch,4-6 tháng,Đang cập nhật,20.800.000 đ
Đã sử dụng (chưa sửa chữa),Apple,Intel Core i5,8 GB,,,,,Bảo hành hãng,Đang cập nhật,7.000.000 đ
Đã sử dụng (chưa sửa chữa),Asus,Intel Core i5,8 GB,500 GB,,Onboard,13 - 14.9 inch,Bảo hành hãng,Đang cập nhật,4.900.000 đ
Đã sử dụng (chưa sửa chữa),Hãng Khác,Intel Core i3,4 GB,128 GB,,,,Bảo hành hãng,Đang cập nhật,3.450.000 đ
Đã sử dụng (chưa sửa chữa),Dell,Intel Core i5,8 GB,256 GB,,Onboard,13 - 14.9 inch,Bảo hành hãng,Đang cập nhật,7.900.000 đ
Đã sử dụng (chưa sửa chữa),Dell,Intel Core i5,,,,,,Bảo hành hãng,Đang cập nhật,4.200.000 đ
Đã sử dụng (chưa sửa chữa),Lenovo,Intel Core i7,16 GB,256 GB,,Onboard,13 - 14.9 inch,3 tháng,Mỹ,9.900.000 đ
Đã sử dụng (chưa sửa chữa),Lenovo,Intel Core i5,8 GB,128 GB,,Khác,13 - 14.9 inch,Bảo hành hãng,Đang cập nhật,4.800.000 đ
Đã sử dụng (chưa sửa chữa),Acer,Intel Core i7,16 GB,512 GB,,NVIDIA,15 - 16.9 inch,3 tháng,Đang cập nhật,13.800.000 đ
Mới,Dell,Intel Core i7,8 GB,256 GB,,Onboard,11 - 12.9 inch,Còn bảo hành,Mỹ,4.500.000 đ
Đã sử dụng (chưa sửa chữa),HP,Intel Core i5,8 GB,256 GB,,Onboard,13 - 14.9 inch,Bảo hành hãng,Đang cập nhật,5.500.000 đ
Mới,HP,Intel Core i3,8 GB,256 GB,,,15 - 16.9 inch,Còn bảo hành,Đang cập nhật,8.000.000 đ
Đã sử dụng (chưa sửa chữa),HP,Intel Core i5,8 GB,256 GB,,,,Bảo hành hãng,Đang cập nhật,6.900.000 đ
Đã sử dụng (chưa sửa chữa),Apple,,,,,,,Còn bảo hành,Đang cập nhật,21.500.000 đ
Đã sử dụng (chưa sửa chữa),Asus,Intel Core i7,16 GB,512 GB,,,,Bảo hành hãng,Việt Nam,20.900.000 đ
Đã sử dụng (chưa sửa chữa),Dell,Intel Core i7,4 GB,250 GB,,,13 - 14.9 inch,Bảo hành hãng,Đang cập nhật,4.490.000 đ
Đã sử dụng (chưa sửa chữa),Toshiba,,,,,,,Bảo hành hãng,Đang cập nhật,3.500.000 đ
Mới,Dell,Intel Core i7,32 GB,256 GB,,Onboard,13 - 14.9 inch,Còn bảo hành,Mỹ,6.000.000 đ
Mới,Asus,Intel Core i9,16 GB,1 TB,,NVIDIA,15 - 16.9 inch,7-12 tháng,Mỹ,47.900.000 đ
Đã sử dụng (chưa sửa chữa),Toshiba,,,,,,,Bảo hành hãng,Đang cập nhật,2.000.000 đ
Đã sử dụng (chưa sửa chữa),Apple,Intel Core i5,8 GB,256 GB,,Onboard,13 - 14.9 inch,1 tháng,Đang cập nhật,6.800.000 đ
Đã sử dụng (chưa sửa chữa),Apple,Intel Core i5,8 GB,256 GB,,Onboard,13 - 14.9 inch,1 tháng,Đang cập nhật,8.700.000 đ
Đã sử dụng (chưa sửa chữa),Apple,Khác,16 GB,512 GB,,Khác,13 - 14.9 inch,Hết bảo hành,Nước khác,9.500.000 đ
Đã sử dụng (chưa sửa chữa),Hãng Khác,Intel Celeron,6 GB,128 GB,,,9 - 10.9 inch,Bảo hành hãng,Trung Quốc,2.300.000 đ
Đã sử dụng (chưa sửa chữa),HP,Intel Core i5,4 GB,500 GB,,Khác,15 - 16.9 inch,Hết bảo hành,Nhật Bản,1.500.000 đ
Đã sử dụng (chưa sửa chữa),Dell,Intel Core i7,16 GB,256 GB,,Onboard,13 - 14.9 inch,Bảo hành hãng,Đang cập nhật,9.500.000 đ
Đã sử dụng (chưa sửa chữa),Apple,Intel Core i5,4 GB,256 GB,,Onboard,13 - 14.9 inch,Hết bảo hành,Mỹ,2.700.000 đ
Đã sử dụng (chưa sửa chữa),Dell,Intel Core i3,4 GB,500 GB,,Onboard,13 - 14.9 inch,Hết bảo hành,Nhật Bản,1.600.000 đ
Đã sử dụng (chưa sửa chữa),Lenovo,Intel Core i5,8 GB,256 GB,,NVIDIA,13 - 14.9 inch,Hết bảo hành,Mỹ,9.000.000 đ
Đã sử dụng (chưa sửa chữa),Dell,Intel Core i5,8 GB,256 GB,,Onboard,15 - 16.9 inch,3 tháng,Mỹ,4.500.000 đ
Đã sử dụng (chưa sửa chữa),Toshiba,Intel Core i3,6 GB,< 128 GB,,Onboard,13 - 14.9 inch,1 tháng,Việt Nam,1.400.000 đ
Đã sử dụng (chưa sửa chữa),Apple,Intel Core i5,4 GB,,,,,Bảo hành hãng,Đang cập nhật,2.600.000 đ
Đã sử dụng (chưa sửa chữa),Dell,Intel Core i5,16 GB,512 GB,,NVIDIA,15 - 16.9 inch,Còn bảo hành,Đang cập nhật,21.000.000 đ
Đã sử dụng (chưa sửa chữa),Lenovo,Intel Core i5,16 GB,500 GB,,NVIDIA,15 - 16.9 inch,Hết bảo hành,Nước khác,8.000.000 đ
Đã sử dụng (chưa sửa chữa),Dell,Intel Core i5,8 GB,128 GB,,Onboard,11 - 12.9 inch,1 tháng,Mỹ,2.500.000 đ
Đã sử dụng (chưa sửa chữa),Microsoft,Intel Core i5,8 GB,256 GB,,Onboard,13 - 14.9 inch,Bảo hành hãng,Đang cập nhật,6.000.000 đ
Đã sử dụng (qua sửa chữa),Acer,Intel Core i3,4 GB,256 GB,,NVIDIA,15 - 16.9 inch,Hết bảo hành,Việt Nam,3.000.000 đ
Đã sử dụng (chưa sửa chữa),Lenovo,,,,,,,Bảo hành hãng,Đang cập nhật,6.500.000 đ
Đã sử dụng (chưa sửa chữa),HP,,,,,,,Bảo hành hãng,Đang cập nhật,2.500.000 đ
Đã sử dụng (chưa sửa chữa),Dell,AMD,> 32GB,640 GB,,Khác,13 - 14.9 inch,Hết bảo hành,Mỹ,1.000.000 đ
Mới,HP,Intel Core i3,8 GB,128 GB,,Onboard,15 - 16.9 inch,3 tháng,Nhật Bản,3.700.000 đ
Đã sử dụng (chưa sửa chữa),Dell,Intel Core i5,8 GB,256 GB,,Khác,11 - 12.9 inch,2 tháng,Đang cập nhật,4.000.000 đ
Đã sử dụng (chưa sửa chữa),MSI,Intel Core i5,16 GB,512 GB,,NVIDIA,15 - 16.9 inch,Hết bảo hành,Trung Quốc,13.500.000 đ
Đã sử dụng (chưa sửa chữa),HP,Intel Core i5,8 GB,256 GB,,NVIDIA,15 - 16.9 inch,7-12 tháng,Đang cập nhật,5.500.000 đ
Đã sử dụng (chưa sửa chữa),Asus,Intel Core i5,8 GB,128 GB,,Onboard,15 - 16.9 inch,Bảo hành hãng,Trung Quốc,2.700.000 đ
Đã sử dụng (chưa sửa chữa),Lenovo,Khác,8 GB,256 GB,,Onboard,13 - 14.9 inch,Bảo hành hãng,Mỹ,6.800.000 đ
Đã sử dụng (chưa sửa chữa),Apple,Intel Core i5,8 GB,128 GB,,,,Bảo hành hãng,Đang cập nhật,5.700.000 đ
Đã sử dụng (chưa sửa chữa),Toshiba,Intel Core i7,8 GB,128 GB,,Onboard,15 - 16.9 inch,Hết bảo hành,Nhật Bản,2.600.000 đ
Đã sử dụng (chưa sửa chữa),Sony,Intel Core i7,4 GB,128 GB,,NVIDIA,17 - 18.9 inch,Bảo hành hãng,Đang cập nhật,2.300.000 đ
Đã sử dụng (chưa sửa chữa),HP,Intel Core i5,16 GB,256 GB,,Onboard,13 - 14.9 inch,Bảo hành hãng,Đang cập nhật,8.300.000 đ
Đã sử dụng (chưa sửa chữa),Microsoft,Intel Core i5,8 GB,128 GB,,Onboard,13 - 14.9 inch,3 tháng,Đang cập nhật,4.500.000 đ
Đã sử dụng (chưa sửa chữa),Dell,Intel Core i5,8 GB,256 GB,,Onboard,11 - 12.9 inch,4-6 tháng,Nhật Bản,4.900.000 đ
Đã sử dụng (chưa sửa chữa),Apple,,,,,,,Bảo hành hãng,Đang cập nhật,9.000.000 đ
Đã sử dụng (chưa sửa chữa),Sony,Intel Core i3,4 GB,500 GB,,Onboard,13 - 14.9 inch,Hết bảo hành,Nhật Bản,999.999 đ
Đã sử dụng (chưa sửa chữa),HP,Intel Core i5,8 GB,128 GB,,Onboard,13 - 14.9 inch,Bảo hành hãng,Đang cập nhật,2.600.000 đ
Đã sử dụng (chưa sửa chữa),HP,AMD,4 GB,250 GB,,Onboard,15 - 16.9 inch,Hết bảo hành,Việt Nam,450.000 đ
Đã sử dụng (chưa sửa chữa),Apple,Khác,8 GB,256 GB,,,13 - 14.9 inch,Bảo hành hãng,Đang cập nhật,14.200.000 đ
Đã sử dụng (chưa sửa chữa),Dell,Intel Core i9,32 GB,1 TB,,NVIDIA,15 - 16.9 inch,4-6 tháng,Đang cập nhật,29.700.000 đ
Đã sử dụng (chưa sửa chữa),Lenovo,Intel Core i5,4 GB,128 GB,,,,Bảo hành hãng,Đang cập nhật,2.100.000 đ
Đã sử dụng (chưa sửa chữa),Lenovo,,,,,,,Bảo hành hãng,Đang cập nhật,2.000.000 đ
Đã sử dụng (chưa sửa chữa),Hãng Khác,Intel Core i7,8 GB,,,NVIDIA,17 - 18.9 inch,Bảo hành hãng,Đang cập nhật,8.900.000 đ
Đã sử dụng (chưa sửa chữa),Hãng Khác,Intel Core i5,4 GB,,,,13 - 14.9 inch,Bảo hành hãng,Đang cập nhật,4.500.000 đ
Đã sử dụng (chưa sửa chữa),HP,Intel Core i7,16 GB,512 GB,,Onboard,13 - 14.9 inch,>12 tháng,Mỹ,14.500.000 đ
Đã sử dụng (chưa sửa chữa),Apple,,,,,,,Bảo hành hãng,Đang cập nhật,11.000.000 đ
Đã sử dụng (chưa sửa chữa),Dell,Intel Core i5,,,,,15 - 16.9 inch,Bảo hành hãng,Đang cập nhật,1.500.000 đ
Đã sử dụng (chưa sửa chữa),Asus,Intel Core i5,8 GB,512 GB,,Onboard,13 - 14.9 inch,4-6 tháng,Đang cập nhật,9.800.000 đ
Đã sử dụng (chưa sửa chữa),Apple,,16 GB,512 GB,,,,Bảo hành hãng,Đang cập nhật,24.500.000 đ
Đã sử dụng (chưa sửa chữa),HP,Ryzen 3,8 GB,256 GB,,Onboard,13 - 14.9 inch,Hết bảo hành,Nước khác,5.200.000 đ
Đã sử dụng (chưa sửa chữa),Asus,,,,,,,Bảo hành hãng,Đang cập nhật,14.800.000 đ
Đã sử dụng (chưa sửa chữa),Apple,Intel Core i5,8 GB,128 GB,,Onboard,13 - 14.9 inch,Hết bảo hành,Việt Nam,9.800.000 đ
Đã sử dụng (chưa sửa chữa),Dell,Intel Core i7,16 GB,512 GB,,NVIDIA,15 - 16.9 inch,1 tháng,Mỹ,11.300.000 đ
Đã sử dụng (chưa sửa chữa),Apple,Khác,8 GB,256 GB,,Khác,15 - 16.9 inch,4-6 tháng,Mỹ,23.500.000 đ
Đã sử dụng (chưa sửa chữa),Microsoft,Intel Core i3,4 GB,128 GB,,Onboard,9 - 10.9 inch,Hết bảo hành,Việt Nam,3.300.000 đ
Đã sử dụng (chưa sửa chữa),Acer,Ryzen 7,16 GB,512 GB,,NVIDIA,15 - 16.9 inch,3 tháng,Việt Nam,10.900.000 đ
Đã sử dụng (chưa sửa chữa),Dell,Khác,32 GB,500 GB,,Khác,15 - 16.9 inch,Hết bảo hành,Đang cập nhật,12.500.000 đ
Đã sử dụng (chưa sửa chữa),Apple,,,,,,,Bảo hành hãng,Đang cập nhật,15.000.000 đ
Đã sử dụng (chưa sửa chữa),Dell,Intel Core i5,8 GB,256 GB,,Onboard,13 - 14.9 inch,3 tháng,Mỹ,5.500.000 đ
Đã sử dụng (chưa sửa chữa),Hãng Khác,Intel Atom,2 GB,< 128 GB,,Onboard,19 - 20.9 inch,Hết bảo hành,Mỹ,1.500.000 đ
Đã sử dụng (chưa sửa chữa),Dell,Intel Core i9,16 GB,512 GB,,NVIDIA,15 - 16.9 inch,1 tháng,Mỹ,18.000.000 đ
Đã sử dụng (chưa sửa chữa),Apple,Khác,16 GB,512 GB,,Khác,13 - 14.9 inch,4-6 tháng,Đang cập nhật,21.000.000 đ
Đã sử dụng (chưa sửa chữa),Dell,Intel Core i7,8 GB,256 GB,,Onboard,11 - 12.9 inch,3 tháng,Mỹ,4.800.000 đ
Mới,Dell,Intel Core i7,32 GB,1 TB,,Onboard,13 - 14.9 inch,7-12 tháng,Mỹ,25.990.000 đ
Đã sử dụng (chưa sửa chữa),HP,Intel Core i7,4 GB,128 GB,,Onboard,13 - 14.9 inch,1 tháng,Nhật Bản,3.350.000 đ
Đã sử dụng (chưa sửa chữa),HP,Ryzen 5,32 GB,512 GB,,NVIDIA,15 - 16.9 inch,Hết bảo hành,Việt Nam,13.000.000 đ
Đã sử dụng (chưa sửa chữa),HP,AMD,8 GB,256 GB,,Onboard,13 - 14.9 inch,7-12 tháng,Việt Nam,6.999.999 đ
Đã sử dụng (chưa sửa chữa),Dell,Intel Core i7,16 GB,512 GB,,Onboard,13 - 14.9 inch,1 tháng,Mỹ,8.700.000 đ
Đã sử dụng (chưa sửa chữa),Apple,Intel Core i3,8 GB,256 GB,,Khác,13 - 14.9 inch,4-6 tháng,Mỹ,12.000.000 đ
Đã sử dụng (chưa sửa chữa),Dell,Intel Core i5,8 GB,128 GB,,AMD,13 - 14.9 inch,Hết bảo hành,Nước khác,4.150.000 đ
Đã sử dụng (qua sửa chữa),Apple,Intel Core i5,8 GB,250 GB,,NVIDIA,15 - 16.9 inch,Hết bảo hành,Đang cập nhật,1.500.000 đ
Mới,Dell,Intel Core i7,16 GB,512 GB,,Onboard,13 - 14.9 inch,7-12 tháng,Mỹ,23.990.000 đ
Đã sử dụng (chưa sửa chữa),Dell,Intel Core i5,4 GB,256 GB,,Onboard,13 - 14.9 inch,Bảo hành hãng,Việt Nam,2.800.000 đ
Đã sử dụng (chưa sửa chữa),Dell,Intel Core i5,8 GB,256 GB,,Onboard,13 - 14.9 inch,Bảo hành hãng,Mỹ,7.500.000 đ
Đã sử dụng (chưa sửa chữa),HP,Intel Core i5,8 GB,512 GB,,Onboard,17 - 18.9 inch,3 tháng,Việt Nam,8.200.000 đ
Đã sử dụng (chưa sửa chữa),Dell,Intel Core i7,16 GB,512 GB,,Onboard,13 - 14.9 inch,1 tháng,Mỹ,11.300.000 đ
Đã sử dụng (chưa sửa chữa),Apple,Intel Core i5,8 GB,256 GB,,Khác,13 - 14.9 inch,4-6 tháng,Hàn Quốc,11.500.000 đ
Đã sử dụng (chưa sửa chữa),Dell,Intel Core i3,8 GB,256 GB,,Onboard,13 - 14.9 inch,3 tháng,Việt Nam,6.200.000 đ
Đã sử dụng (chưa sửa chữa),Asus,,,,,,,Bảo hành hãng,Đang cập nhật,18.890.000 đ
Mới,Apple,Khác,8 GB,256 GB,,Onboard,13 - 14.9 inch,7-12 tháng,Mỹ,22.500.000 đ
Đã sử dụng (chưa sửa chữa),HP,Intel Core i7,8 GB,128 GB,,Onboard,15 - 16.9 inch,Bảo hành hãng,Nhật Bản,6.000.000 đ
Đã sử dụng (chưa sửa chữa),Asus,Intel Core i5,8 GB,128 GB,,Onboard,13 - 14.9 inch,Bảo hành hãng,Đang cập nhật,2.300.000 đ
Đã sử dụng (chưa sửa chữa),Asus,Intel Core i3,8 GB,128 GB,,Onboard,15 - 16.9 inch,1 tháng,Việt Nam,2.600.000 đ
Đã sử dụng (chưa sửa chữa),Toshiba,Intel Core i5,8 GB,128 GB,,Onboard,13 - 14.9 inch,Hết bảo hành,Nước khác,1.600.000 đ
Đã sử dụng (chưa sửa chữa),Dell,Intel Core i5,8 GB,256 GB,,,,Còn bảo hành,Đang cập nhật,6.900.000 đ
Mới,Apple,Khác,32 GB,512 GB,,Khác,13 - 14.9 inch,Còn bảo hành,Mỹ,43.000.000 đ
Đã sử dụng (chưa sửa chữa),Lenovo,,,,,,,Bảo hành hãng,Đang cập nhật,13.500.000 đ
Đã sử dụng (chưa sửa chữa),Asus,Intel Core i3,4 GB,128 GB,,Onboard,11 - 12.9 inch,Hết bảo hành,Việt Nam,2.400.000 đ
Đã sử dụng (chưa sửa chữa),Dell,Intel Core i5,8 GB,256 GB,,Onboard,15 - 16.9 inch,1 tháng,Nhật Bản,5.250.000 đ
Đã sử dụng (chưa sửa chữa),Acer,,,,,,,Bảo hành hãng,Đang cập nhật,11.300.000 đ
Đã sử dụng (chưa sửa chữa),Apple,Intel Core i7,16 GB,> 1 TB,,Khác,15 - 16.9 inch,4-6 tháng,Mỹ,12.000.000 đ
Đã sử dụng (chưa sửa chữa),Lenovo,Ryzen 5,8 GB,512 GB,,,15 - 16.9 inch,Còn bảo hành,Nước khác,8.990.000 đ
Đã sử dụng (chưa sửa chữa),Dell,Intel Core i7,16 GB,128 GB,,NVIDIA,15 - 16.9 inch,Bảo hành hãng,Đang cập nhật,10.500.000 đ
Đã sử dụng (chưa sửa chữa),MSI,Intel Core i5,8 GB,512 GB,,NVIDIA,15 - 16.9 inch,7-12 tháng,Việt Nam,12.490.000 đ
Đã sử dụng (chưa sửa chữa),Asus,Intel Core i5,8 GB,128 GB,,NVIDIA,15 - 16.9 inch,Hết bảo hành,Đang cập nhật,1.900.000 đ
Đã sử dụng (chưa sửa chữa),Dell,Intel Core i7,16 GB,256 GB,,Onboard,11 - 12.9 inch,3 tháng,Nhật Bản,5.800.000 đ
Đã sử dụng (chưa sửa chữa),Acer,,,,,,,Bảo hành hãng,Đang cập nhật,1.500.000 đ
Đã sử dụng (chưa sửa chữa),Apple,Intel Core i5,8 GB,256 GB,,,13 - 14.9 inch,Hết bảo hành,Đang cập nhật,6.500.000 đ
Đã sử dụng (chưa sửa chữa),Apple,Intel Core i5,16 GB,512 GB,,Khác,13 - 14.9 inch,4-6 tháng,Mỹ,9.000.000 đ
Đã sử dụng (chưa sửa chữa),Lenovo,Intel Core i5,4 GB,500 GB,,Onboard,13 - 14.9 inch,Còn bảo hành,Nước khác,2.300.000 đ
Đã sử dụng (chưa sửa chữa),HP,Ryzen 7,16 GB,512 GB,,Onboard,15 - 16.9 inch,Còn bảo hành,Đang cập nhật,12.000.000 đ
Đã sử dụng (chưa sửa chữa),Asus,Intel Core i5,8 GB,512 GB,,NVIDIA,15 - 16.9 inch,4-6 tháng,Đang cập nhật,12.899.000 đ
Đã sử dụng (chưa sửa chữa),Dell,Intel Core i5,8 GB,256 GB,,Onboard,13 - 14.9 inch,3 tháng,Đang cập nhật,4.500.000 đ
Đã sử dụng (chưa sửa chữa),HP,AMD,8 GB,256 GB,,AMD,13 - 14.9 inch,Bảo hành hãng,Nhật Bản,3.300.000 đ
Đã sử dụng (chưa sửa chữa),Apple,Khác,8 GB,256 GB,,Khác,13 - 14.9 inch,4-6 tháng,Đang cập nhật,18.500.000 đ
Đã sử dụng (chưa sửa chữa),Dell,,,128 GB,,,13 - 14.9 inch,Bảo hành hãng,Việt Nam,3.200.000 đ
Đã sử dụng (chưa sửa chữa),HP,,,,,,,Bảo hành hãng,Đang cập nhật,7.000.000 đ
Mới,Acer,,,,,,,Bảo hành hãng,Việt Nam,20.900.000 đ
Đã sử dụng (chưa sửa chữa),Lenovo,Ryzen 7,16 GB,512 GB,,Onboard,13 - 14.9 inch,3 tháng,Đang cập nhật,14.000.000 đ
Đã sử dụng (chưa sửa chữa),Apple,,,,,,,Bảo hành hãng,Đang cập nhật,19.000.000 đ
Đã sử dụng (chưa sửa chữa),Apple,Khác,16 GB,512 GB,,Khác,13 - 14.9 inch,4-6 tháng,Đang cập nhật,20.000.000 đ
Đã sử dụng (chưa sửa chữa),Apple,Khác,> 32GB,1 TB,,Khác,13 - 14.9 inch,Bảo hành hãng,Mỹ,60.990.000 đ
Đã sử dụng (chưa sửa chữa),Dell,Intel Core i7,8 GB,256 GB,,NVIDIA,15 - 16.9 inch,3 tháng,Mỹ,7.100.000 đ
Đã sử dụng (chưa sửa chữa),Lenovo,Intel Core i5,8 GB,256 GB,,Onboard,13 - 14.9 inch,1 tháng,Việt Nam,4.800.000 đ
Đã sử dụng (chưa sửa chữa),Dell,Intel Core i7,16 GB,256 GB,,,13 - 14.9 inch,3 tháng,Mỹ,8.900.000 đ
Đã sử dụng (chưa sửa chữa),Apple,Intel Core i7,16 GB,512 GB,,,,Bảo hành hãng,Đang cập nhật,5.300.000 đ
Đã sử dụng (chưa sửa chữa),Apple,,,,,,,Bảo hành hãng,Đang cập nhật,8.500.000 đ
Đã sử dụng (chưa sửa chữa),Microsoft,Intel Core i7,16 GB,512 GB,,NVIDIA,,Bảo hành hãng,Đang cập nhật,10.800.000 đ
Đã sử dụng (chưa sửa chữa),Apple,Intel Core i5,16 GB,512 GB,,Khác,13 - 14.9 inch,4-6 tháng,Mỹ,15.500.000 đ
Đã sử dụng (chưa sửa chữa),Apple,Intel Core i7,16 GB,512 GB,,AMD,15 - 16.9 inch,Bảo hành hãng,Mỹ,21.990.000 đ
Đã sử dụng (chưa sửa chữa),Dell,Intel Core i5,8 GB,256 GB,,NVIDIA,15 - 16.9 inch,4-6 tháng,Đang cập nhật,7.899.000 đ
Đã sử dụng (chưa sửa chữa),HP,Intel Core i5,4 GB,256 GB,,Onboard,13 - 14.9 inch,3 tháng,Đang cập nhật,5.000.000 đ
Đã sử dụng (chưa sửa chữa),Apple,Intel Core i9,16 GB,500 GB,,AMD,15 - 16.9 inch,1 tháng,Mỹ,16.500.000 đ
Đã sử dụng (chưa sửa chữa),Apple,,,,,,,Bảo hành hãng,Đang cập nhật,13.500.000 đ
Đã sử dụng (chưa sửa chữa),Microsoft,Intel Core i7,16 GB,256 GB,,NVIDIA,,Bảo hành hãng,Đang cập nhật,10.000.000 đ
Đã sử dụng (chưa sửa chữa),Dell,Intel Core i7,16 GB,512 GB,,NVIDIA,13 - 14.9 inch,3 tháng,Đang cập nhật,11.000.000 đ
Đã sử dụng (chưa sửa chữa),Dell,Intel Core i7,16 GB,512 GB,,Onboard,13 - 14.9 inch,1 tháng,Nước khác,11.500.000 đ
Đã sử dụng (chưa sửa chữa),HP,Intel Core i3,4 GB,128 GB,,Onboard,15 - 16.9 inch,4-6 tháng,Đang cập nhật,4.500.000 đ
Mới,Apple,Khác,16 GB,512 GB,,Khác,15 - 16.9 inch,Còn bảo hành,Mỹ,39.000.000 đ
Đã sử dụng (chưa sửa chữa),Microsoft,Intel Atom,4 GB,128 GB,,,,Bảo hành hãng,Đang cập nhật,1.899.999 đ
Đã sử dụng (chưa sửa chữa),Dell,Intel Core i5,4 GB,320 GB,,,13 - 14.9 inch,Bảo hành hãng,Đang cập nhật,3.500.000 đ
Đã sử dụng (chưa sửa chữa),Acer,Intel Core i5,4 GB,128 GB,,Khác,15 - 16.9 inch,3 tháng,Việt Nam,3.800.000 đ
Đã sử dụng (chưa sửa chữa),Apple,Intel Core i7,16 GB,512 GB,,,13 - 14.9 inch,Bảo hành hãng,Việt Nam,7.800.000 đ
Đã sử dụng (chưa sửa chữa),Hãng Khác,Intel Core i5,16 GB,256 GB,,Onboard,13 - 14.9 inch,3 tháng,Mỹ,7.500.000 đ
Đã sử dụng (chưa sửa chữa),Apple,Intel Core i7,16 GB,500 GB,,NVIDIA,15 - 16.9 inch,1 tháng,Việt Nam,7.900.000 đ
Đã sử dụng (chưa sửa chữa),Dell,Intel Core i5,8 GB,256 GB,,Onboard,13 - 14.9 inch,3 tháng,Đang cập nhật,6.200.000 đ
Mới,Lenovo,Intel Pentium,4 GB,256 GB,,Onboard,11 - 12.9 inch,Còn bảo hành,Việt Nam,2.900.000 đ
Đã sử dụng (chưa sửa chữa),Microsoft,Intel Core i7,8 GB,256 GB,,,,Bảo hành hãng,Đang cập nhật,9.000.000 đ
Đã sử dụng (chưa sửa chữa),HP,AMD,4 GB,250 GB,,Onboard,15 - 16.9 inch,Hết bảo hành,Mỹ,500.000 đ
Đã sử dụng (chưa sửa chữa),Apple,Intel Core i5,8 GB,256 GB,,Khác,13 - 14.9 inch,Hết bảo hành,Việt Nam,7.100.000 đ
Đã sử dụng (chưa sửa chữa),Apple,Intel Core i5,8 GB,256 GB,,Khác,13 - 14.9 inch,4-6 tháng,Mỹ,10.500.000 đ
Đã sử dụng (chưa sửa chữa),Dell,Intel Core i5,8 GB,128 GB,,Onboard,13 - 14.9 inch,Bảo hành hãng,Đang cập nhật,1.600.000 đ
Đã sử dụng (chưa sửa chữa),Dell,Intel Core i5,8 GB,256 GB,,AMD,15 - 16.9 inch,Bảo hành hãng,Nhật Bản,5.000.000 đ
Đã sử dụng (qua sửa chữa),Apple,Intel Core i5,8 GB,128 GB,,Onboard,13 - 14.9 inch,Bảo hành hãng,Đang cập nhật,6.500.000 đ
Đã sử dụng (chưa sửa chữa),Apple,Intel Core i9,16 GB,512 GB,,AMD,15 - 16.9 inch,Hết bảo hành,Đang cập nhật,15.800.000 đ
Đã sử dụng (chưa sửa chữa),Apple,Intel Core i5,4 GB,128 GB,,Onboard,13 - 14.9 inch,1 tháng,Việt Nam,4.600.000 đ
Đã sử dụng (chưa sửa chữa),Lenovo,,,,,,,Bảo hành hãng,Đang cập nhật,2.400.000 đ
Đã sử dụng (chưa sửa chữa),Sony,Intel Core i3,4 GB,< 128 GB,,AMD,13 - 14.9 inch,Hết bảo hành,Trung Quốc,1.499.000 đ
Đã sử dụng (chưa sửa chữa),HP,Intel Core i5,8 GB,256 GB,,,,Bảo hành hãng,Đang cập nhật,6.700.000 đ
Đã sử dụng (chưa sửa chữa),Dell,Intel Core i7,16 GB,512 GB,,NVIDIA,15 - 16.9 inch,1 tháng,Mỹ,16.800.000 đ
Đã sử dụng (chưa sửa chữa),Dell,,,,,,,Bảo hành hãng,Đang cập nhật,3.500.000 đ
Đã sử dụng (chưa sửa chữa),Apple,Intel Core i5,8 GB,256 GB,,Khác,13 - 14.9 inch,4-6 tháng,Mỹ,8.500.000 đ
Đã sử dụng (chưa sửa chữa),Lenovo,Intel Core i5,8 GB,256 GB,,Onboard,13 - 14.9 inch,>12 tháng,Việt Nam,9.999.000 đ
Đã sử dụng (chưa sửa chữa),HP,Intel Core i7,16 GB,512 GB,,Onboard,15 - 16.9 inch,Bảo hành hãng,Đang cập nhật,17.500.000 đ
Đã sử dụng (chưa sửa chữa),Dell,Intel Core i5,8 GB,256 GB,,Onboard,13 - 14.9 inch,3 tháng,Việt Nam,7.800.000 đ
Đã sử dụng (chưa sửa chữa),Microsoft,Intel Core i7,16 GB,512 GB,,NVIDIA,,Bảo hành hãng,Đang cập nhật,6.500.000 đ
Mới,Apple,Khác,16 GB,256 GB,,Khác,13 - 14.9 inch,Còn bảo hành,Mỹ,25.500.000 đ
Đã sử dụng (chưa sửa chữa),Apple,Khác,8 GB,256 GB,,Khác,15 - 16.9 inch,Còn bảo hành,Mỹ,25.300.000 đ
Mới,Acer,,,,,,,Bảo hành hãng,Việt Nam,22.900.000 đ
Đã sử dụng (chưa sửa chữa),Acer,Intel Core i5,4 GB,128 GB,,Khác,>= 21 inch,>12 tháng,Đang cập nhật,3.800.000 đ
Đã sử dụng (chưa sửa chữa),Dell,Intel Core i7,8 GB,128 GB,,Onboard,15 - 16.9 inch,Bảo hành hãng,Đang cập nhật,3.200.000 đ
Đã sử dụng (chưa sửa chữa),HP,Intel Core i7,16 GB,256 GB,,Onboard,13 - 14.9 inch,2 tháng,Việt Nam,8.200.000 đ
Đã sử dụng (chưa sửa chữa),Dell,Intel Core i7,16 GB,512 GB,,NVIDIA,15 - 16.9 inch,Bảo hành hãng,Đang cập nhật,12.990.000 đ
Đã sử dụng (chưa sửa chữa),Lenovo,Intel Core i7,16 GB,256 GB,,Onboard,13 - 14.9 inch,7-12 tháng,Đang cập nhật,11.500.000 đ
Đã sử dụng (chưa sửa chữa),Asus,Ryzen 7,8 GB,512 GB,,NVIDIA,15 - 16.9 inch,4-6 tháng,Đang cập nhật,13.499.000 đ
Đã sử dụng (chưa sửa chữa),HP,Intel Core i5,8 GB,256 GB,,Onboard,15 - 16.9 inch,3 tháng,Việt Nam,8.500.000 đ
Đã sử dụng (chưa sửa chữa),Microsoft,Intel Core i5,8 GB,256 GB,,,,Bảo hành hãng,Đang cập nhật,4.300.000 đ
Đã sử dụng (chưa sửa chữa),Apple,Khác,8 GB,512 GB,,Khác,13 - 14.9 inch,4-6 tháng,Đang cập nhật,14.500.000 đ
Đã sử dụng (chưa sửa chữa),HP,Ryzen 3,8 GB,256 GB,,Onboard,13 - 14.9 inch,Hết bảo hành,Mỹ,4.250.000 đ
Đã sử dụng (qua sửa chữa),Dell,Intel Core i3,4 GB,< 128 GB,,Khác,13 - 14.9 inch,Hết bảo hành,Nhật Bản,1.500.000 đ
Đã sử dụng (chưa sửa chữa),Asus,Intel Core i3,4 GB,128 GB,,Onboard,15 - 16.9 inch,Bảo hành hãng,Đang cập nhật,3.000.000 đ
Đã sử dụng (chưa sửa chữa),Toshiba,Intel Core i5,4 GB,128 GB,,Onboard,13 - 14.9 inch,Bảo hành hãng,Nhật Bản,4.999.999 đ
Mới,MSI,Intel Core i5,8 GB,256 GB,,Khác,15 - 16.9 inch,Hết bảo hành,Việt Nam,9.500.000 đ
Đã sử dụng (chưa sửa chữa),Dell,Intel Core i5,8 GB,128 GB,,Onboard,11 - 12.9 inch,Còn bảo hành,Đang cập nhật,3.900.000 đ
Đã sử dụng (chưa sửa chữa),Microsoft,Intel Core i5,8 GB,256 GB,,Onboard,,Bảo hành hãng,Đang cập nhật,6.500.000 đ
Đã sử dụng (chưa sửa chữa),Lenovo,Intel Core i5,4 GB,320 GB,,Onboard,13 - 14.9 inch,Hết bảo hành,Nước khác,950.000 đ
Đã sử dụng (chưa sửa chữa),Dell,Intel Core i7,16 GB,512 GB,,NVIDIA,15 - 16.9 inch,3 tháng,Mỹ,9.500.000 đ
Đã sử dụng (chưa sửa chữa),Hãng Khác,,16 GB,> 1 TB,,,,Bảo hành hãng,Đang cập nhật,15.990.000 đ
Đã sử dụng (chưa sửa chữa),HP,Intel Core i5,8 GB,< 128 GB,,,13 - 14.9 inch,Bảo hành hãng,Đang cập nhật,1.650.000 đ
Đã sử dụng (chưa sửa chữa),Asus,Intel Core i5,8 GB,128 GB,,NVIDIA,15 - 16.9 inch,Còn bảo hành,Nước khác,3.650.000 đ
Đã sử dụng (chưa sửa chữa),Apple,Intel Core i5,8 GB,128 GB,,,,7-12 tháng,Đang cập nhật,6.990.000 đ
Đã sử dụng (chưa sửa chữa),Lenovo,,,,,,,Bảo hành hãng,Đang cập nhật,2.900.000 đ
Mới,Dell,Intel Core i5,8 GB,256 GB,,,15 - 16.9 inch,Hết bảo hành,Nhật Bản,4.500.000 đ
Đã sử dụng (chưa sửa chữa),Dell,,,,,,,Bảo hành hãng,Đang cập nhật,4.600.000 đ
Đã sử dụng (chưa sửa chữa),Lenovo,,,,,,,Bảo hành hãng,Đang cập nhật,8.200.000 đ
Đã sử dụng (chưa sửa chữa),HP,,,,,,,Bảo hành hãng,Đang cập nhật,29.900.000 đ
Đã sử dụng (chưa sửa chữa),Apple,,8 GB,256 GB,,,,Bảo hành hãng,Đang cập nhật,7.000.000 đ
Đã sử dụng (chưa sửa chữa),Apple,Intel Core i5,4 GB,128 GB,,Onboard,11 - 12.9 inch,Hết bảo hành,Mỹ,4.500.000 đ
Đã sử dụng (chưa sửa chữa),Dell,Intel Core i5,8 GB,128 GB,,,,Bảo hành hãng,Đang cập nhật,3.900.000 đ
Đã sử dụng (chưa sửa chữa),HP,Intel Core i5,8 GB,256 GB,,Onboard,13 - 14.9 inch,3 tháng,Đang cập nhật,5.000.000 đ
Đã sử dụng (chưa sửa chữa),Dell,Intel Core i7,16 GB,256 GB,,NVIDIA,15 - 16.9 inch,3 tháng,Đang cập nhật,10.900.000 đ
Đã sử dụng (chưa sửa chữa),Dell,,,,,,,Bảo hành hãng,Đang cập nhật,5.300.000 đ
Đã sử dụng (chưa sửa chữa),HP,Intel Core i3,4 GB,256 GB,,Khác,15 - 16.9 inch,Hết bảo hành,Mỹ,4.000.000 đ
Đã sử dụng (chưa sửa chữa),Dell,Intel Core i5,8 GB,< 128 GB,,NVIDIA,15 - 16.9 inch,Còn bảo hành,Đang cập nhật,4.000.000 đ
Đã sử dụng (chưa sửa chữa),Microsoft,Intel Core i7,16 GB,256 GB,,,,Bảo hành hãng,Đang cập nhật,12.500.000 đ
Đã sử dụng (chưa sửa chữa),Dell,,,,,,,Bảo hành hãng,Đang cập nhật,9.500.000 đ
Đã sử dụng (chưa sửa chữa),Dell,Intel Core i5,4 GB,128 GB,,Onboard,13 - 14.9 inch,3 tháng,Việt Nam,1.750.000 đ
Đã sử dụng (chưa sửa chữa),MSI,Ryzen 5,8 GB,256 GB,,AMD,15 - 16.9 inch,Hết bảo hành,Việt Nam,9.000.000 đ
Đã sử dụng (chưa sửa chữa),Panasonic,,,,,,,Hết bảo hành,Đang cập nhật,1.899.000 đ
Đã sử dụng (chưa sửa chữa),Apple,,,,,,,Bảo hành hãng,Đang cập nhật,2.800.000 đ
Đã sử dụng (chưa sửa chữa),Apple,,,,,,,Bảo hành hãng,Đang cập nhật,14.990.000 đ
Đã sử dụng (chưa sửa chữa),Dell,Intel Core i5,4 GB,,,,,Bảo hành hãng,Đang cập nhật,750.000 đ
Đã sử dụng (chưa sửa chữa),Dell,Intel Core i7,8 GB,256 GB,,Onboard,13 - 14.9 inch,Bảo hành hãng,Đang cập nhật,6.500.000 đ
Đã sử dụng (chưa sửa chữa),HP,Intel Core i5,4 GB,500 GB,,Onboard,13 - 14.9 inch,Còn bảo hành,Đang cập nhật,1.600.000 đ
Đã sử dụng (chưa sửa chữa),Lenovo,Intel Core i7,8 GB,128 GB,,NVIDIA,15 - 16.9 inch,3 tháng,Đang cập nhật,3.700.000 đ
Đã sử dụng (chưa sửa chữa),HP,Intel Core i7,8 GB,256 GB,,Onboard,13 - 14.9 inch,Bảo hành hãng,Đang cập nhật,6.500.000 đ
Đã sử dụng (chưa sửa chữa),HP,,,,,,,Bảo hành hãng,Đang cập nhật,3.100.000 đ
Đã sử dụng (qua sửa chữa),HP,Intel Core i3,8 GB,640 GB,,,13 - 14.9 inch,Bảo hành hãng,Đang cập nhật,2.400.000 đ
Đã sử dụng (chưa sửa chữa),HP,Intel Core i3,8 GB,512 GB,,,15 - 16.9 inch,Bảo hành hãng,Mỹ,4.300.000 đ
Đã sử dụng (chưa sửa chữa),Dell,Intel Core i5,4 GB,< 128 GB,,NVIDIA,13 - 14.9 inch,1 tháng,Việt Nam,2.300.000 đ
Mới,Lenovo,Ryzen 5,8 GB,256 GB,,AMD,15 - 16.9 inch,7-12 tháng,Mỹ,11.500.000 đ
Đã sử dụng (chưa sửa chữa),HP,Intel Core i7,16 GB,500 GB,,NVIDIA,15 - 16.9 inch,Bảo hành hãng,Đang cập nhật,7.500.000 đ
Đã sử dụng (chưa sửa chữa),Lenovo,Intel Core i7,16 GB,256 GB,,Onboard,13 - 14.9 inch,3 tháng,Mỹ,8.500.000 đ
Đã sử dụng (chưa sửa chữa),Apple,,,,,,,Bảo hành hãng,Đang cập nhật,24.490.000 đ
Đã sử dụng (chưa sửa chữa),Asus,,,,,,,Bảo hành hãng,Đang cập nhật,1.000.000 đ
Đã sử dụng (chưa sửa chữa),Microsoft,,,,,,9 - 10.9 inch,Bảo hành hãng,Đang cập nhật,3.900.000 đ
Đã sử dụng (qua sửa chữa),Apple,AMD,16 GB,256 GB,,AMD,15 - 16.9 inch,Hết bảo hành,Mỹ,5.500.000 đ
Mới,MSI,Intel Core i5,16 GB,1 TB,,NVIDIA,15 - 16.9 inch,Hết bảo hành,Việt Nam,10.300.000 đ
Đã sử dụng (chưa sửa chữa),Apple,Intel Core i5,4 GB,128 GB,,,13 - 14.9 inch,Bảo hành hãng,Đang cập nhật,2.100.000 đ
Đã sử dụng (chưa sửa chữa),Lenovo,Intel Core i5,8 GB,500 GB,,Onboard,13 - 14.9 inch,3 tháng,Đang cập nhật,7.500.000 đ
Đã sử dụng (chưa sửa chữa),Lenovo,Intel Xeon,> 32GB,> 1 TB,,NVIDIA,15 - 16.9 inch,3 tháng,Nước khác,33.500.000 đ
Đã sử dụng (chưa sửa chữa),HP,Intel Core i5,8 GB,256 GB,,NVIDIA,15 - 16.9 inch,1 tháng,Nhật Bản,2.000.000 đ
Mới,Dell,Intel Core i5,4 GB,128 GB,,Khác,9 - 10.9 inch,>12 tháng,Việt Nam,3.290.000 đ
Đã sử dụng (chưa sửa chữa),Apple,Khác,16 GB,512 GB,,Onboard,13 - 14.9 inch,3 tháng,Đang cập nhật,33.000.000 đ
Đã sử dụng (chưa sửa chữa),Apple,Intel Core i7,16 GB,256 GB,,,,Bảo hành hãng,Đang cập nhật,8.700.000 đ
Đã sử dụng (chưa sửa chữa),Apple,Intel Core 2 Duo,2 GB,< 128 GB,,,,Bảo hành hãng,Đang cập nhật,1.950.000 đ
Đã sử dụng (chưa sửa chữa),HP,Intel Core i5,8 GB,256 GB,,Onboard,13 - 14.9 inch,3 tháng,Đang cập nhật,9.300.000 đ
Đã sử dụng (chưa sửa chữa),Apple,Intel Core i5,4 GB,128 GB,,Onboard,,Bảo hành hãng,Đang cập nhật,3.000.000 đ
Mới,Microsoft,Intel Core i5,8 GB,256 GB,,Onboard,13 - 14.9 inch,Còn bảo hành,Mỹ,16.500.000 đ
Đã sử dụng (chưa sửa chữa),HP,Intel Core i5,4 GB,500 GB,,Onboard,13 - 14.9 inch,Bảo hành hãng,Đang cập nhật,1.600.000 đ
Đã sử dụng (chưa sửa chữa),Apple,Intel Core i5,8 GB,128 GB,,,,Bảo hành hãng,Đang cập nhật,3.400.000 đ
Đã sử dụng (chưa sửa chữa),Dell,Intel Core i7,8 GB,256 GB,,Khác,15 - 16.9 inch,Hết bảo hành,Việt Nam,5.800.000 đ
Đã sử dụng (chưa sửa chữa),Apple,Khác,8 GB,512 GB,,,,Còn bảo hành,Đang cập nhật,18.900.000 đ
Mới,HP,,,,,,,1 tháng,Mỹ,4.200.000 đ
Mới,Lenovo,Ryzen 7,16 GB,1 TB,,NVIDIA,15 - 16.9 inch,1 tháng,Mỹ,30.800.000 đ
Đã sử dụng (chưa sửa chữa),Acer,Intel Atom,2 GB,250 GB,,,11 - 12.9 inch,Bảo hành hãng,Đang cập nhật,650.000 đ
Đã sử dụng (chưa sửa chữa),Microsoft,Intel Atom,4 GB,128 GB,,,,Bảo hành hãng,Đang cập nhật,1.900.000 đ
Mới,Apple,,,,,,,Bảo hành hãng,Mỹ,21.900.000 đ
Đã sử dụng (chưa sửa chữa),HP,Intel Core i5,8 GB,256 GB,,Onboard,,Bảo hành hãng,Đang cập nhật,2.250.000 đ
Đã sử dụng (chưa sửa chữa),Lenovo,Intel Core i5,8 GB,512 GB,,Onboard,13 - 14.9 inch,>12 tháng,Việt Nam,8.999.000 đ
Đã sử dụng (chưa sửa chữa),HP,Intel Core i5,8 GB,256 GB,,NVIDIA,15 - 16.9 inch,1 tháng,Nhật Bản,2.000.000 đ
Đã sử dụng (chưa sửa chữa),Apple,Khác,16 GB,256 GB,,,,Hết bảo hành,Đang cập nhật,18.500.000 đ
Đã sử dụng (chưa sửa chữa),Apple,Intel Core i5,16 GB,256 GB,,,13 - 14.9 inch,1 tháng,Đang cập nhật,9.500.000 đ
Đã sử dụng (chưa sửa chữa),HP,Intel Core 2 Duo,2 GB,128 GB,,Onboard,13 - 14.9 inch,Hết bảo hành,Việt Nam,450.000 đ
Đã sử dụng (chưa sửa chữa),Dell,Intel Core i5,4 GB,512 GB,,,,Bảo hành hãng,Đang cập nhật,1.900.000 đ
Đã sử dụng (chưa sửa chữa),Dell,Intel Core i5,8 GB,256 GB,,Onboard,13 - 14.9 inch,3 tháng,Mỹ,5.000.000 đ
Đã sử dụng (chưa sửa chữa),Apple,Intel Core i5,8 GB,128 GB,,Onboard,13 - 14.9 inch,1 tháng,Mỹ,6.800.000 đ
Đã sử dụng (chưa sửa chữa),Dell,,,,,,,Bảo hành hãng,Đang cập nhật,3.000.000 đ
Đã sử dụng (chưa sửa chữa),Lenovo,Intel Core i7,> 32GB,512 GB,,NVIDIA,15 - 16.9 inch,Còn bảo hành,Đang cập nhật,25.500.000 đ
Đã sử dụng (chưa sửa chữa),HP,Ryzen 5,8 GB,256 GB,,AMD,15 - 16.9 inch,>12 tháng,Trung Quốc,5.800.000 đ
Đã sử dụng (chưa sửa chữa),Dell,Intel Core i5,4 GB,< 128 GB,,Onboard,13 - 14.9 inch,1 tháng,Việt Nam,2.800.000 đ
Đã sử dụng (chưa sửa chữa),Dell,Intel Core i7,8 GB,256 GB,,Onboard,13 - 14.9 inch,1 tháng,Mỹ,5.900.000 đ
Đã sử dụng (chưa sửa chữa),Apple,Intel Core i7,16 GB,512 GB,,AMD,15 - 16.9 inch,1 tháng,Mỹ,10.800.000 đ
Đã sử dụng (chưa sửa chữa),Microsoft,Khác,16 GB,256 GB,,Khác,13 - 14.9 inch,1 tháng,Mỹ,11.500.000 đ
Đã sử dụng (chưa sửa chữa),Dell,Intel Core i3,4 GB,256 GB,,Onboard,15 - 16.9 inch,Hết bảo hành,Việt Nam,4.500.000 đ
Đã sử dụng (chưa sửa chữa),Dell,Intel Core i5,8 GB,128 GB,,Onboard,13 - 14.9 inch,3 tháng,Nhật Bản,2.999.000 đ
Mới,Lenovo,Intel Core i7,8 GB,128 GB,,Khác,13 - 14.9 inch,Còn bảo hành,Đang cập nhật,2.900.000 đ
Mới,HP,Intel Core i5,8 GB,128 GB,,Onboard,11 - 12.9 inch,Còn bảo hành,Đang cập nhật,2.800.000 đ
Mới,HP,Intel Core i3,8 GB,128 GB,,Onboard,15 - 16.9 inch,4-6 tháng,Đang cập nhật,3.333.000 đ
Mới,Sony,Intel Core i5,8 GB,512 GB,,Onboard,13 - 14.9 inch,1 tháng,Mỹ,15.600.000 đ
Đã sử dụng (chưa sửa chữa),HP,Intel Core i7,8 GB,512 GB,,Onboard,13 - 14.9 inch,Còn bảo hành,Đang cập nhật,9.900.000 đ
Đã sử dụng (chưa sửa chữa),Asus,Khác,4 GB,128 GB,,Onboard,11 - 12.9 inch,Hết bảo hành,Mỹ,1.500.000 đ
Đã sử dụng (chưa sửa chữa),Dell,,,,,,,Bảo hành hãng,Đang cập nhật,3.000.000 đ
Đã sử dụng (chưa sửa chữa),Microsoft,Intel Core i5,8 GB,256 GB,,,,Bảo hành hãng,Đang cập nhật,4.199.000 đ
Đã sử dụng (chưa sửa chữa),Dell,Intel Core i7,8 GB,256 GB,,Onboard,13 - 14.9 inch,1 tháng,Mỹ,7.300.000 đ
Đã sử dụng (chưa sửa chữa),Asus,Intel Core i3,4 GB,128 GB,,Khác,13 - 14.9 inch,1 tháng,Đài Loan,3.500.000 đ
Đã sử dụng (chưa sửa chữa),HP,Intel Core i5,16 GB,512 GB,,Onboard,13 - 14.9 inch,Còn bảo hành,Nhật Bản,10.700.000 đ
Mới,Lenovo,Intel Core i5,16 GB,512 GB,,Onboard,13 - 14.9 inch,3 tháng,Trung Quốc,15.500.000 đ
Đã sử dụng (chưa sửa chữa),Apple,Khác,16 GB,512 GB,,Onboard,13 - 14.9 inch,3 tháng,Việt Nam,32.999.999 đ
Đã sử dụng (chưa sửa chữa),Dell,Intel Core i5,8 GB,128 GB,,Khác,15 - 16.9 inch,1 tháng,Đang cập nhật,4.700.000 đ
Mới,Dell,Intel Core i7,8 GB,256 GB,,Onboard,13 - 14.9 inch,1 tháng,Nhật Bản,5.900.000 đ
Đã sử dụng (chưa sửa chữa),Dell,Intel Core i7,16 GB,128 GB,,NVIDIA,17 - 18.9 inch,Hết bảo hành,Việt Nam,6.000.000 đ
Đã sử dụng (chưa sửa chữa),Acer,Khác,4 GB,128 GB,,,13 - 14.9 inch,Hết bảo hành,Đài Loan,3.200.000 đ
Đã sử dụng (chưa sửa chữa),Apple,Khác,8 GB,256 GB,,Onboard,13 - 14.9 inch,3 tháng,Việt Nam,14.999.999 đ
Đã sử dụng (chưa sửa chữa),Lenovo,Intel Core i5,8 GB,128 GB,,Onboard,13 - 14.9 inch,Hết bảo hành,Mỹ,6.299.000 đ
Đã sử dụng (chưa sửa chữa),Lenovo,Intel Core i7,16 GB,256 GB,,NVIDIA,13 - 14.9 inch,Bảo hành hãng,Đang cập nhật,5.800.000 đ
Đã sử dụng (chưa sửa chữa),Lenovo,,16 GB,256 GB,,,,Bảo hành hãng,Đang cập nhật,6.900.000 đ
Đã sử dụng (chưa sửa chữa),Asus,Intel Core i9,32 GB,1 TB,,NVIDIA,15 - 16.9 inch,>12 tháng,Đang cập nhật,39.990.000 đ
Đã sử dụng (chưa sửa chữa),Dell,,4 GB,128 GB,,Khác,13 - 14.9 inch,4-6 tháng,Đang cập nhật,3.200.000 đ
Đã sử dụng (chưa sửa chữa),Dell,Intel Core i7,,,,AMD,15 - 16.9 inch,Bảo hành hãng,Đang cập nhật,5.900.000 đ
Đã sử dụng (chưa sửa chữa),Lenovo,Intel Core i3,4 GB,500 GB,,,13 - 14.9 inch,Hết bảo hành,Nước khác,2.500.000 đ
Đã sử dụng (chưa sửa chữa),Dell,Intel Core i7,16 GB,512 GB,,NVIDIA,15 - 16.9 inch,Hết bảo hành,Đang cập nhật,10.300.000 đ
Đã sử dụng (chưa sửa chữa),HP,AMD,8 GB,256 GB,,Khác,15 - 16.9 inch,Hết bảo hành,Việt Nam,6.800.000 đ
Mới,Dell,Intel Core i5,8 GB,256 GB,,NVIDIA,13 - 14.9 inch,>12 tháng,Nước khác,13.700.000 đ
Đã sử dụng (chưa sửa chữa),Dell,Intel Pentium,2 GB,500 GB,,AMD,13 - 14.9 inch,3 tháng,Đài Loan,2.500.000 đ
Đã sử dụng (chưa sửa chữa),Apple,,,,,,,Còn bảo hành,Đang cập nhật,13.000.000 đ
Đã sử dụng (chưa sửa chữa),Apple,Intel Core i7,16 GB,512 GB,,AMD,15 - 16.9 inch,1 tháng,Đang cập nhật,11.900.000 đ
Đã sử dụng (chưa sửa chữa),Dell,Intel Xeon,32 GB,256 GB,,NVIDIA,15 - 16.9 inch,7-12 tháng,Đang cập nhật,10.500.000 đ
Đã sử dụng (chưa sửa chữa),Dell,Intel Core i5,8 GB,512 GB,,Onboard,13 - 14.9 inch,3 tháng,Việt Nam,11.200.000 đ
Đã sử dụng (chưa sửa chữa),Dell,Intel Core i7,,,,,,Bảo hành hãng,Đang cập nhật,5.800.000 đ
Đã sử dụng (chưa sửa chữa),Dell,Intel Core i5,16 GB,512 GB,,NVIDIA,13 - 14.9 inch,3 tháng,Mỹ,10.900.000 đ
Đã sử dụng (chưa sửa chữa),Dell,Intel Core i7,8 GB,256 GB,,Onboard,13 - 14.9 inch,3 tháng,Mỹ,7.500.000 đ
Đã sử dụng (chưa sửa chữa),Lenovo,Intel Core i5,8 GB,256 GB,,Onboard,11 - 12.9 inch,1 tháng,Nhật Bản,3.990.000 đ
Đã sử dụng (chưa sửa chữa),Dell,Intel Core i5,8 GB,256 GB,,Onboard,13 - 14.9 inch,3 tháng,Việt Nam,4.800.000 đ
Đã sử dụng (chưa sửa chữa),Dell,Intel Core i5,8 GB,128 GB,,Onboard,13 - 14.9 inch,2 tháng,Việt Nam,3.200.000 đ
Đã sử dụng (chưa sửa chữa),Lenovo,Intel Core i5,8 GB,256 GB,,Onboard,13 - 14.9 inch,4-6 tháng,Việt Nam,3.000.000 đ
Đã sử dụng (chưa sửa chữa),Asus,Intel Core i3,4 GB,128 GB,,NVIDIA,15 - 16.9 inch,Bảo hành hãng,Đang cập nhật,1.500.000 đ
Đã sử dụng (chưa sửa chữa),Hãng Khác,Intel Core i7,16 GB,512 GB,,NVIDIA,17 - 18.9 inch,3 tháng,Việt Nam,16.500.000 đ
Mới,Lenovo,Ryzen 5,16 GB,512 GB,,NVIDIA,15 - 16.9 inch,>12 tháng,Việt Nam,23.999.999 đ
Đã sử dụng (chưa sửa chữa),Dell,,,,,,,Bảo hành hãng,Đang cập nhật,16.200.000 đ
Đã sử dụng (chưa sửa chữa),HP,Intel Core i3,8 GB,256 GB,,Onboard,13 - 14.9 inch,1 tháng,Việt Nam,6.000.000 đ
Đã sử dụng (chưa sửa chữa),HP,Intel Core i5,16 GB,256 GB,,Onboard,13 - 14.9 inch,Hết bảo hành,Đang cập nhật,2.900.000 đ
Đã sử dụng (chưa sửa chữa),Dell,Khác,4 GB,128 GB,,Khác,11 - 12.9 inch,Bảo hành hãng,Đang cập nhật,3.000.000 đ
Mới,Dell,Intel Core i5,8 GB,512 GB,,Onboard,15 - 16.9 inch,3 tháng,Mỹ,11.000.000 đ
Đã sử dụng (chưa sửa chữa),Asus,Intel Core i3,4 GB,128 GB,,,,Bảo hành hãng,Đang cập nhật,1.500.000 đ
Đã sử dụng (qua sửa chữa),Dell,Intel Core i5,4 GB,128 GB,,Onboard,15 - 16.9 inch,3 tháng,Việt Nam,4.500.000 đ
Đã sử dụng (qua sửa chữa),Acer,Intel Core i3,4 GB,250 GB,,,,Bảo hành hãng,Đang cập nhật,1.100.000 đ
Đã sử dụng (chưa sửa chữa),Microsoft,Intel Core i5,8 GB,256 GB,,Onboard,13 - 14.9 inch,Hết bảo hành,Mỹ,11.999.999 đ
Đã sử dụng (chưa sửa chữa),Lenovo,Intel Core i5,8 GB,256 GB,,Onboard,13 - 14.9 inch,3 tháng,Đang cập nhật,5.500.000 đ
Đã sử dụng (chưa sửa chữa),HP,Intel Core i5,4 GB,128 GB,,,13 - 14.9 inch,Bảo hành hãng,Đang cập nhật,1.999.000 đ
Đã sử dụng (chưa sửa chữa),Dell,Intel Core i7,8 GB,256 GB,,Onboard,13 - 14.9 inch,3 tháng,Mỹ,5.600.000 đ
Đã sử dụng (chưa sửa chữa),Lenovo,Intel Core i5,8 GB,128 GB,,Onboard,13 - 14.9 inch,Bảo hành hãng,Đang cập nhật,3.000.000 đ
Đã sử dụng (chưa sửa chữa),HP,AMD,8 GB,512 GB,,Khác,13 - 14.9 inch,Bảo hành hãng,Đang cập nhật,8.290.000 đ
Đã sử dụng (chưa sửa chữa),Dell,Intel Core i5,4 GB,128 GB,,,13 - 14.9 inch,Bảo hành hãng,Đang cập nhật,3.099.000 đ
Đã sử dụng (chưa sửa chữa),Dell,Intel Core i5,16 GB,256 GB,,NVIDIA,13 - 14.9 inch,Bảo hành hãng,Đang cập nhật,4.900.000 đ
Đã sử dụng (chưa sửa chữa),Asus,Intel Core i5,8 GB,256 GB,,Onboard,13 - 14.9 inch,3 tháng,Đài Loan,3.500.000 đ
Đã sử dụng (chưa sửa chữa),HP,Intel Core i5,8 GB,512 GB,,Onboard,15 - 16.9 inch,Còn bảo hành,Việt Nam,10.500.000 đ
Mới,Dell,,,,,,,Bảo hành hãng,Việt Nam,6.990.000 đ
Đã sử dụng (chưa sửa chữa),Dell,Ryzen 3,8 GB,256 GB,,Onboard,13 - 14.9 inch,3 tháng,Đang cập nhật,4.500.000 đ
Đã sử dụng (chưa sửa chữa),Acer,,,,,,,Bảo hành hãng,Đang cập nhật,12.500.000 đ
Đã sử dụng (chưa sửa chữa),Dell,Intel Core i5,4 GB,,,Khác,13 - 14.9 inch,Bảo hành hãng,Đang cập nhật,1.050.000 đ
Đã sử dụng (chưa sửa chữa),Apple,Intel Core i5,4 GB,256 GB,,Onboard,13 - 14.9 inch,Hết bảo hành,Mỹ,3.500.000 đ
Đã sử dụng (chưa sửa chữa),Dell,Intel Core i7,8 GB,256 GB,,,,Bảo hành hãng,Đang cập nhật,4.999.999 đ
Đã sử dụng (chưa sửa chữa),HP,Intel Core i5,8 GB,256 GB,,Onboard,13 - 14.9 inch,Hết bảo hành,Việt Nam,4.700.000 đ
Đã sử dụng (chưa sửa chữa),Hãng Khác,Intel Core i7,16 GB,> 1 TB,,NVIDIA,17 - 18.9 inch,Bảo hành hãng,Nhật Bản,9.490.000 đ
Đã sử dụng (chưa sửa chữa),Acer,Intel Core i5,8 GB,512 GB,,Onboard,13 - 14.9 inch,Bảo hành hãng,Đang cập nhật,6.790.000 đ
Đã sử dụng (chưa sửa chữa),HP,Intel Core i3,8 GB,256 GB,,Onboard,13 - 14.9 inch,3 tháng,Đang cập nhật,5.500.000 đ
Đã sử dụng (chưa sửa chữa),Dell,Intel Core i5,8 GB,256 GB,,Onboard,13 - 14.9 inch,Hết bảo hành,Đang cập nhật,4.567.891 đ
Đã sử dụng (chưa sửa chữa),Asus,Intel Core i5,8 GB,700 GB,,,15 - 16.9 inch,Bảo hành hãng,Đang cập nhật,3.900.000 đ
Đã sử dụng (chưa sửa chữa),Apple,Intel Core i5,8 GB,256 GB,,Onboard,13 - 14.9 inch,Bảo hành hãng,Đang cập nhật,5.100.000 đ
Đã sử dụng (chưa sửa chữa),Dell,,,,,,,Bảo hành hãng,Đang cập nhật,11.500.000 đ
Mới,Dell,,,,,,,Bảo hành hãng,Mỹ,26.500.000 đ
Đã sử dụng (chưa sửa chữa),Acer,Intel Core i5,8 GB,256 GB,,,15 - 16.9 inch,Hết bảo hành,Nước khác,2.800.000 đ
Đã sử dụng (chưa sửa chữa),Lenovo,Intel Core i5,8 GB,256 GB,,Onboard,13 - 14.9 inch,3 tháng,Đang cập nhật,5.200.000 đ
Đã sử dụng (chưa sửa chữa),Acer,Intel Core i3,6 GB,128 GB,,Onboard,13 - 14.9 inch,Hết bảo hành,Trung Quốc,650.000 đ
Đã sử dụng (chưa sửa chữa),Asus,Ryzen 9,16 GB,512 GB,,NVIDIA,15 - 16.9 inch,1 tháng,Mỹ,19.800.000 đ
Đã sử dụng (chưa sửa chữa),Dell,Intel Core i5,8 GB,256 GB,,NVIDIA,13 - 14.9 inch,Bảo hành hãng,Đang cập nhật,3.000.000 đ
Đã sử dụng (chưa sửa chữa),Dell,Intel Core i7,8 GB,1 TB,,AMD,15 - 16.9 inch,Hết bảo hành,Đang cập nhật,5.800.000 đ
Đã sử dụng (qua sửa chữa),Apple,Intel Core i7,16 GB,512 GB,,NVIDIA,15 - 16.9 inch,Bảo hành hãng,Đang cập nhật,7.000.000 đ
Đã sử dụng (chưa sửa chữa),HP,Intel Core i5,8 GB,,,,,1 tháng,Mỹ,2.800.000 đ
Đã sử dụng (chưa sửa chữa),Samsung,Intel Atom,2 GB,320 GB,,,9 - 10.9 inch,Bảo hành hãng,Hàn Quốc,600.000 đ
Đã sử dụng (chưa sửa chữa),HP,Intel Core i7,8 GB,128 GB,,NVIDIA,15 - 16.9 inch,3 tháng,Mỹ,4.400.000 đ
Đã sử dụng (chưa sửa chữa),Hãng Khác,Intel Core i5,8 GB,,,,15 - 16.9 inch,Bảo hành hãng,Đang cập nhật,5.500.000 đ
Đã sử dụng (chưa sửa chữa),HP,Intel Core i5,8 GB,,,,13 - 14.9 inch,1 tháng,Mỹ,2.800.000 đ
Đã sử dụng (chưa sửa chữa),Acer,Intel Core i7,8 GB,512 GB,,Onboard,15 - 16.9 inch,4-6 tháng,Việt Nam,10.900.000 đ
Đã sử dụng (chưa sửa chữa),Lenovo,Intel Core i5,16 GB,1 TB,,Khác,15 - 16.9 inch,Bảo hành hãng,Đang cập nhật,14.500.000 đ
Đã sử dụng (chưa sửa chữa),Dell,Intel Core i7,16 GB,512 GB,,NVIDIA,17 - 18.9 inch,3 tháng,Mỹ,15.999.999 đ
Đã sử dụng (chưa sửa chữa),Hãng Khác,Intel Celeron,8 GB,256 GB,,Onboard,11 - 12.9 inch,Còn bảo hành,Trung Quốc,3.500.000 đ
Đã sử dụng (chưa sửa chữa),Apple,Khác,8 GB,256 GB,,NVIDIA,13 - 14.9 inch,Hết bảo hành,Việt Nam,14.800.000 đ
Đã sử dụng (chưa sửa chữa),Apple,Intel Core i7,16 GB,256 GB,,Onboard,13 - 14.9 inch,1 tháng,Đang cập nhật,11.800.000 đ
Đã sử dụng (chưa sửa chữa),Lenovo,Intel Core i7,16 GB,512 GB,,Onboard,13 - 14.9 inch,Còn bảo hành,Mỹ,14.800.000 đ
Đã sử dụng (chưa sửa chữa),MSI,Intel Core i7,16 GB,512 GB,,NVIDIA,13 - 14.9 inch,4-6 tháng,Mỹ,17.500.000 đ
Đã sử dụng (chưa sửa chữa),Asus,Intel Core i3,8 GB,256 GB,,,,Bảo hành hãng,Đang cập nhật,6.800.000 đ
Mới,HP,Khác,8 GB,128 GB,,Khác,11 - 12.9 inch,3 tháng,Nhật Bản,2.800.000 đ
Đã sử dụng (chưa sửa chữa),Dell,Intel Core i5,4 GB,128 GB,,NVIDIA,13 - 14.9 inch,Còn bảo hành,Việt Nam,4.200.000 đ
Đã sử dụng (chưa sửa chữa),Asus,Intel Core i5,8 GB,250 GB,,NVIDIA,15 - 16.9 inch,Hết bảo hành,Việt Nam,3.500.000 đ
Đã sử dụng (chưa sửa chữa),HP,Ryzen 5,8 GB,256 GB,,AMD,15 - 16.9 inch,Còn bảo hành,Đang cập nhật,7.500.000 đ
Đã sử dụng (chưa sửa chữa),Lenovo,Intel Core i7,8 GB,250 GB,,,,Bảo hành hãng,Đang cập nhật,3.000.000 đ
Đã sử dụng (chưa sửa chữa),Asus,Intel Core i5,8 GB,512 GB,,NVIDIA,15 - 16.9 inch,Bảo hành hãng,Đang cập nhật,6.500.000 đ
Đã sử dụng (chưa sửa chữa),Toshiba,Intel Core i5,4 GB,,,,,Bảo hành hãng,Đang cập nhật,1.350.000 đ
Đã sử dụng (chưa sửa chữa),HP,Intel Core i5,8 GB,256 GB,,,15 - 16.9 inch,Bảo hành hãng,Đang cập nhật,7.200.000 đ
Đã sử dụng (chưa sửa chữa),Dell,Intel Core i5,8 GB,256 GB,,,15 - 16.9 inch,Hết bảo hành,Đang cập nhật,4.500.000 đ
Đã sử dụng (chưa sửa chữa),Toshiba,Intel Core i5,8 GB,256 GB,,Onboard,13 - 14.9 inch,4-6 tháng,Nhật Bản,4.200.000 đ
Đã sử dụng (chưa sửa chữa),MSI,Intel Core i7,8 GB,512 GB,,NVIDIA,15 - 16.9 inch,Còn bảo hành,Đang cập nhật,22.300.000 đ
Đã sử dụng (chưa sửa chữa),Dell,Intel Core i7,8 GB,256 GB,,NVIDIA,17 - 18.9 inch,1 tháng,Mỹ,3.400.000 đ
Đã sử dụng (chưa sửa chữa),Asus,Intel Core i3,8 GB,256 GB,,Khác,13 - 14.9 inch,3 tháng,Nước khác,6.500.000 đ
Mới,Lenovo,Intel Core i7,16 GB,1 TB,,NVIDIA,15 - 16.9 inch,1 tháng,Mỹ,29.500.000 đ
Đã sử dụng (chưa sửa chữa),HP,Intel Core i3,8 GB,128 GB,,,15 - 16.9 inch,Hết bảo hành,Nhật Bản,3.000.000 đ
Đã sử dụng (chưa sửa chữa),Microsoft,Intel Core i7,8 GB,256 GB,,Onboard,13 - 14.9 inch,Hết bảo hành,Mỹ,5.500.000 đ
Đã sử dụng (chưa sửa chữa),Lenovo,Intel Core i5,4 GB,128 GB,,Onboard,11 - 12.9 inch,Hết bảo hành,Việt Nam,1.499.900 đ
Đã sử dụng (chưa sửa chữa),HP,Intel Core i5,8 GB,512 GB,,,,Bảo hành hãng,Đang cập nhật,8.800.000 đ
Đã sử dụng (chưa sửa chữa),Acer,Intel Core i5,16 GB,512 GB,,NVIDIA,15 - 16.9 inch,Còn bảo hành,Đang cập nhật,24.200.000 đ
Đã sử dụng (chưa sửa chữa),Toshiba,AMD,4 GB,256 GB,,AMD,15 - 16.9 inch,Hết bảo hành,Đang cập nhật,1.690.000 đ
Đã sử dụng (chưa sửa chữa),HP,Intel Core i5,8 GB,256 GB,,Onboard,13 - 14.9 inch,3 tháng,Mỹ,4.100.000 đ
Đã sử dụng (chưa sửa chữa),Asus,Intel Core i3,4 GB,128 GB,,,,Bảo hành hãng,Đang cập nhật,3.200.000 đ
Đã sử dụng (chưa sửa chữa),Dell,Intel Core i7,16 GB,256 GB,,NVIDIA,15 - 16.9 inch,1 tháng,Mỹ,10.000.000 đ
Đã sử dụng (qua sửa chữa),Asus,Intel Core i5,8 GB,1 TB,,NVIDIA,15 - 16.9 inch,Bảo hành hãng,Đang cập nhật,2.700.000 đ
Đã sử dụng (chưa sửa chữa),MSI,Ryzen 7,8 GB,512 GB,,AMD,15 - 16.9 inch,7-12 tháng,Việt Nam,10.490.000 đ
Đã sử dụng (chưa sửa chữa),Apple,Intel Core i5,,256 GB,,Onboard,13 - 14.9 inch,Hết bảo hành,Mỹ,6.500.000 đ
Đã sử dụng (chưa sửa chữa),Dell,Intel Core i5,8 GB,256 GB,,NVIDIA,13 - 14.9 inch,1 tháng,Mỹ,3.000.000 đ
Đã sử dụng (chưa sửa chữa),Dell,Intel Core i3,4 GB,128 GB,,,13 - 14.9 inch,Hết bảo hành,Đang cập nhật,2.700.000 đ
Đã sử dụng (chưa sửa chữa),Lenovo,Intel Core i5,16 GB,256 GB,,Khác,13 - 14.9 inch,Còn bảo hành,Đang cập nhật,6.000.000 đ
Đã sử dụng (chưa sửa chữa),HP,Intel Core i3,8 GB,128 GB,,Onboard,13 - 14.9 inch,1 tháng,Đang cập nhật,1.900.000 đ
Đã sử dụng (chưa sửa chữa),Hãng Khác,,,,,,,Bảo hành hãng,Đang cập nhật,4.500.000 đ
Đã sử dụng (chưa sửa chữa),Dell,Intel Core i7,16 GB,256 GB,,NVIDIA,15 - 16.9 inch,1 tháng,Mỹ,12.500.000 đ
Đã sử dụng (chưa sửa chữa),Dell,Intel Core i7,16 GB,256 GB,,NVIDIA,15 - 16.9 inch,3 tháng,Mỹ,7.900.000 đ
Đã sử dụng (chưa sửa chữa),Lenovo,Intel Core i5,8 GB,256 GB,,Onboard,11 - 12.9 inch,1 tháng,Việt Nam,5.500.000 đ
Đã sử dụng (chưa sửa chữa),Toshiba,Intel Core i5,8 GB,256 GB,,Onboard,13 - 14.9 inch,3 tháng,Nhật Bản,5.800.000 đ
Đã sử dụng (chưa sửa chữa),Panasonic,,,,,,,Bảo hành hãng,Đang cập nhật,4.400.000 đ
Đã sử dụng (chưa sửa chữa),Dell,Intel Core i7,8 GB,256 GB,,Onboard,13 - 14.9 inch,Hết bảo hành,Đang cập nhật,4.500.000 đ
Đã sử dụng (chưa sửa chữa),Dell,Intel Core i7,8 GB,1 TB,,NVIDIA,17 - 18.9 inch,Hết bảo hành,Nhật Bản,5.600.000 đ
Đã sử dụng (chưa sửa chữa),Sony,Intel Core i7,16 GB,256 GB,,Onboard,13 - 14.9 inch,Hết bảo hành,Nhật Bản,4.900.000 đ
Đã sử dụng (chưa sửa chữa),HP,Intel Core i5,8 GB,256 GB,,Onboard,13 - 14.9 inch,Còn bảo hành,Mỹ,10.800.000 đ
Đã sử dụng (chưa sửa chữa),HP,,,,,,,Bảo hành hãng,Đang cập nhật,5.400.000 đ
Đã sử dụng (chưa sửa chữa),Dell,Intel Core i5,4 GB,256 GB,,Onboard,13 - 14.9 inch,1 tháng,Mỹ,1.500.000 đ
Đã sử dụng (chưa sửa chữa),Lenovo,Intel Core i5,8 GB,< 128 GB,,NVIDIA,13 - 14.9 inch,Hết bảo hành,Nhật Bản,3.990.000 đ
Đã sử dụng (chưa sửa chữa),Apple,Intel Core i5,8 GB,256 GB,,Onboard,13 - 14.9 inch,Còn bảo hành,Đang cập nhật,6.500.000 đ
Đã sử dụng (chưa sửa chữa),HP,Intel Core i3,4 GB,128 GB,,Onboard,15 - 16.9 inch,1 tháng,Nhật Bản,1.550.000 đ
Đã sử dụng (chưa sửa chữa),Dell,Intel Core i3,8 GB,512 GB,,Onboard,13 - 14.9 inch,Hết bảo hành,Nhật Bản,3.700.000 đ
Mới,Asus,Intel Core i5,8 GB,512 GB,,NVIDIA,13 - 14.9 inch,7-12 tháng,Việt Nam,14.000.000 đ
Mới,Apple,Khác,8 GB,256 GB,,Khác,13 - 14.9 inch,Còn bảo hành,Đang cập nhật,16.990.000 đ
Đã sử dụng (chưa sửa chữa),Microsoft,Intel Core i7,16 GB,512 GB,,Khác,13 - 14.9 inch,Còn bảo hành,Mỹ,13.800.000 đ
Đã sử dụng (chưa sửa chữa),Asus,,,,,,,Bảo hành hãng,Đang cập nhật,14.500.000 đ
Đã sử dụng (chưa sửa chữa),Lenovo,Intel Core i5,8 GB,256 GB,,Khác,13 - 14.9 inch,Bảo hành hãng,Đang cập nhật,6.500.000 đ
Đã sử dụng (chưa sửa chữa),Microsoft,Intel Core i5,4 GB,128 GB,,,,Bảo hành hãng,Đang cập nhật,3.500.000 đ
Mới,Lenovo,Khác,8 GB,512 GB,,Khác,13 - 14.9 inch,>12 tháng,Mỹ,8.200.000 đ
Đã sử dụng (chưa sửa chữa),Dell,Intel Core i5,8 GB,256 GB,,Onboard,13 - 14.9 inch,3 tháng,Mỹ,6.300.000 đ
Đã sử dụng (chưa sửa chữa),Apple,Intel Core i5,8 GB,128 GB,,Onboard,13 - 14.9 inch,3 tháng,Mỹ,9.500.000 đ
Đã sử dụng (chưa sửa chữa),HP,Intel Core i5,8 GB,256 GB,,Onboard,13 - 14.9 inch,1 tháng,Việt Nam,3.650.000 đ
Đã sử dụng (chưa sửa chữa),Dell,Intel Core i5,8 GB,< 128 GB,,Onboard,13 - 14.9 inch,Bảo hành hãng,Đang cập nhật,1.800.000 đ
Đã sử dụng (chưa sửa chữa),MSI,Intel Core i7,8 GB,512 GB,,NVIDIA,15 - 16.9 inch,Bảo hành hãng,Đang cập nhật,11.000.000 đ
Đã sử dụng (chưa sửa chữa),Dell,Intel Core i5,16 GB,256 GB,,,,Bảo hành hãng,Đang cập nhật,7.300.000 đ
Đã sử dụng (chưa sửa chữa),Dell,Intel Core i3,8 GB,128 GB,,NVIDIA,13 - 14.9 inch,Hết bảo hành,Đang cập nhật,1.300.000 đ
Đã sử dụng (chưa sửa chữa),Apple,Intel Core i5,8 GB,256 GB,,,,Bảo hành hãng,Việt Nam,8.300.000 đ
Đã sử dụng (chưa sửa chữa),Dell,Intel Core i5,8 GB,256 GB,,Onboard,11 - 12.9 inch,1 tháng,Mỹ,4.200.000 đ
Đã sử dụng (chưa sửa chữa),HP,Intel Core i3,4 GB,128 GB,,Khác,13 - 14.9 inch,Bảo hành hãng,Đang cập nhật,1.200.000 đ
Đã sử dụng (chưa sửa chữa),Apple,Intel Core i5,,,,,13 - 14.9 inch,Bảo hành hãng,Đang cập nhật,4.300.000 đ
Đã sử dụng (chưa sửa chữa),Dell,Intel Core i7,8 GB,256 GB,,NVIDIA,,1 tháng,Đang cập nhật,6.800.000 đ
Đã sử dụng (chưa sửa chữa),Lenovo,Intel Core i3,8 GB,256 GB,,Onboard,13 - 14.9 inch,3 tháng,Đang cập nhật,4.500.000 đ
Đã sử dụng (chưa sửa chữa),Dell,Intel Core i5,8 GB,256 GB,,NVIDIA,13 - 14.9 inch,1 tháng,Đang cập nhật,5.300.000 đ
Đã sử dụng (chưa sửa chữa),HP,Intel Core i5,8 GB,128 GB,,Onboard,15 - 16.9 inch,3 tháng,Mỹ,3.300.000 đ
Đã sử dụng (chưa sửa chữa),HP,Intel Pentium,4 GB,128 GB,,Onboard,15 - 16.9 inch,1 tháng,Nhật Bản,2.000.000 đ
Đã sử dụng (chưa sửa chữa),Dell,Intel Core i5,16 GB,640 GB,,NVIDIA,15 - 16.9 inch,Bảo hành hãng,Mỹ,7.500.000 đ
Đã sử dụng (chưa sửa chữa),Dell,Intel Celeron,4 GB,128 GB,,,13 - 14.9 inch,Bảo hành hãng,Đang cập nhật,1.800.000 đ
Đã sử dụng (chưa sửa chữa),Dell,Intel Core i3,4 GB,128 GB,,Khác,15 - 16.9 inch,Hết bảo hành,Việt Nam,1.450.000 đ
Đã sử dụng (chưa sửa chữa),Apple,Intel Core i5,4 GB,256 GB,,,11 - 12.9 inch,Bảo hành hãng,Nhật Bản,4.050.000 đ
Đã sử dụng (chưa sửa chữa),HP,Intel Core i5,4 GB,500 GB,,Onboard,13 - 14.9 inch,Bảo hành hãng,Mỹ,1.900.000 đ
Đã sử dụng (chưa sửa chữa),Lenovo,Intel Core i5,8 GB,128 GB,,Onboard,13 - 14.9 inch,Còn bảo hành,Việt Nam,3.199.999 đ
Đã sử dụng (chưa sửa chữa),Dell,Intel Core i7,32 GB,512 GB,,NVIDIA,15 - 16.9 inch,4-6 tháng,Mỹ,15.300.000 đ
Đã sử dụng (chưa sửa chữa),Dell,Intel Core i7,32 GB,512 GB,,NVIDIA,15 - 16.9 inch,4-6 tháng,Mỹ,20.200.000 đ
Đã sử dụng (chưa sửa chữa),Dell,Intel Core i7,32 GB,512 GB,,NVIDIA,15 - 16.9 inch,4-6 tháng,Mỹ,19.550.000 đ
Đã sử dụng (chưa sửa chữa),Dell,Intel Core i5,8 GB,256 GB,,,13 - 14.9 inch,Bảo hành hãng,Mỹ,4.700.000 đ
Đã sử dụng (chưa sửa chữa),Dell,Intel Core i5,8 GB,256 GB,,,11 - 12.9 inch,Bảo hành hãng,Mỹ,3.600.000 đ
Mới,Lenovo,Intel Core i7,16 GB,1 TB,,NVIDIA,15 - 16.9 inch,1 tháng,Mỹ,35.800.000 đ
Đã sử dụng (chưa sửa chữa),Asus,Ryzen 7,16 GB,512 GB,,NVIDIA,15 - 16.9 inch,Còn bảo hành,Việt Nam,16.500.000 đ
Đã sử dụng (chưa sửa chữa),Apple,Intel Core i5,8 GB,128 GB,,,13 - 14.9 inch,Bảo hành hãng,Đang cập nhật,3.990.000 đ
Đã sử dụng (chưa sửa chữa),HP,Intel Core i5,,256 GB,,NVIDIA,13 - 14.9 inch,3 tháng,Việt Nam,1.700.000 đ
Đã sử dụng (chưa sửa chữa),Dell,Intel Core i5,8 GB,256 GB,,NVIDIA,15 - 16.9 inch,3 tháng,Việt Nam,1.600.000 đ
Đã sử dụng (chưa sửa chữa),Dell,Intel Core i5,8 GB,,,NVIDIA,15 - 16.9 inch,3 tháng,Việt Nam,1.800.000 đ
Đã sử dụng (chưa sửa chữa),Hãng Khác,Intel Core i5,8 GB,256 GB,,NVIDIA,15 - 16.9 inch,3 tháng,Việt Nam,1.700.000 đ
Đã sử dụng (chưa sửa chữa),HP,Intel Core i5,8 GB,256 GB,,Onboard,13 - 14.9 inch,Còn bảo hành,Đang cập nhật,3.990.000 đ
Đã sử dụng (chưa sửa chữa),HP,Intel Core i5,8 GB,256 GB,,NVIDIA,13 - 14.9 inch,3 tháng,Việt Nam,1.900.000 đ
Đã sử dụng (chưa sửa chữa),Apple,Intel Core i5,8 GB,512 GB,,,13 - 14.9 inch,Hết bảo hành,Đang cập nhật,5.400.000 đ
Đã sử dụng (chưa sửa chữa),Dell,Ryzen 7,16 GB,512 GB,,NVIDIA,15 - 16.9 inch,3 tháng,Đang cập nhật,17.800.000 đ
Đã sử dụng (chưa sửa chữa),Asus,Intel Core i5,8 GB,256 GB,,NVIDIA,13 - 14.9 inch,Còn bảo hành,Đang cập nhật,13.500.000 đ
Đã sử dụng (chưa sửa chữa),Lenovo,Ryzen 5,16 GB,512 GB,,NVIDIA,15 - 16.9 inch,Còn bảo hành,Đang cập nhật,16.500.000 đ
Đã sử dụng (chưa sửa chữa),Hãng Khác,Intel Core i5,16 GB,512 GB,,NVIDIA,15 - 16.9 inch,3 tháng,Đang cập nhật,14.500.000 đ
Đã sử dụng (qua sửa chữa),HP,,,,,,,Bảo hành hãng,Đang cập nhật,600.000 đ
Đã sử dụng (chưa sửa chữa),Dell,,8 GB,128 GB,,,,Bảo hành hãng,Mỹ,5.500.000 đ
Đã sử dụng (chưa sửa chữa),HP,Intel Core i5,8 GB,512 GB,,Onboard,13 - 14.9 inch,7-12 tháng,Việt Nam,10.900.000 đ
Đã sử dụng (chưa sửa chữa),Lenovo,Intel Core i7,8 GB,256 GB,,Onboard,13 - 14.9 inch,3 tháng,Đang cập nhật,7.300.000 đ
Đã sử dụng (chưa sửa chữa),Dell,,4 GB,,,,,Bảo hành hãng,Đang cập nhật,1.200.000 đ
Đã sử dụng (chưa sửa chữa),Dell,Intel Core i5,4 GB,500 GB,,Onboard,15 - 16.9 inch,Bảo hành hãng,Việt Nam,1.400.000 đ
Mới,Lenovo,Intel Core i5,8 GB,128 GB,,Onboard,13 - 14.9 inch,3 tháng,Nhật Bản,6.300.000 đ
Đã sử dụng (chưa sửa chữa),Dell,Intel Core i7,8 GB,128 GB,,NVIDIA,15 - 16.9 inch,Hết bảo hành,Việt Nam,4.800.000 đ
Đã sử dụng (chưa sửa chữa),HP,,4 GB,,,,,Bảo hành hãng,Đang cập nhật,2.500.000 đ
Đã sử dụng (chưa sửa chữa),MSI,Intel Core i7,16 GB,> 1 TB,,NVIDIA,15 - 16.9 inch,Bảo hành hãng,Đang cập nhật,12.000.000 đ
Đã sử dụng (chưa sửa chữa),Dell,,,,,,,Bảo hành hãng,Đang cập nhật,10.500.000 đ
Đã sử dụng (chưa sửa chữa),HP,Intel Core i5,8 GB,256 GB,,Khác,11 - 12.9 inch,Bảo hành hãng,Đang cập nhật,4.500.000 đ
Đã sử dụng (chưa sửa chữa),Hãng Khác,Intel Celeron,8 GB,256 GB,,Onboard,13 - 14.9 inch,Hết bảo hành,Trung Quốc,3.490.000 đ
Đã sử dụng (chưa sửa chữa),Acer,,16 GB,256 GB,,,15 - 16.9 inch,1 tháng,Việt Nam,2.500.000 đ
Đã sử dụng (chưa sửa chữa),Dell,Intel Core i5,8 GB,500 GB,,,15 - 16.9 inch,Hết bảo hành,Trung Quốc,10.000.000 đ
Mới,Dell,Intel Core i7,16 GB,512 GB,,NVIDIA,15 - 16.9 inch,Còn bảo hành,Mỹ,17.000.000 đ
Đã sử dụng (qua sửa chữa),Asus,Intel Celeron,2 GB,256 GB,,Khác,11 - 12.9 inch,Bảo hành hãng,Việt Nam,1.000.000 đ
Đã sử dụng (chưa sửa chữa),Dell,Intel Core i5,8 GB,256 GB,,Onboard,13 - 14.9 inch,1 tháng,Mỹ,7.500.000 đ
Mới,Hãng Khác,,8 GB,256 GB,,,13 - 14.9 inch,1 tháng,Đang cập nhật,5.500.000 đ
Đã sử dụng (chưa sửa chữa),Dell,Intel Core i7,16 GB,256 GB,,Onboard,13 - 14.9 inch,Bảo hành hãng,Đang cập nhật,9.500.000 đ
Đã sử dụng (chưa sửa chữa),Acer,Intel Pentium,2 GB,250 GB,,Khác,13 - 14.9 inch,Bảo hành hãng,Nước khác,1.000.000 đ
Đã sử dụng (qua sửa chữa),Hãng Khác,,,,,,,Bảo hành hãng,Đang cập nhật,500.000 đ
Đã sử dụng (chưa sửa chữa),Dell,Intel Core i7,8 GB,256 GB,,Onboard,13 - 14.9 inch,Còn bảo hành,Mỹ,4.000.000 đ
Đã sử dụng (chưa sửa chữa),HP,Intel Core i5,8 GB,256 GB,,Onboard,13 - 14.9 inch,Bảo hành hãng,Đang cập nhật,7.500.000 đ
Đã sử dụng (chưa sửa chữa),Microsoft,Intel Core i5,8 GB,1 TB,,Onboard,13 - 14.9 inch,Còn bảo hành,Mỹ,22.500.000 đ
Đã sử dụng (qua sửa chữa),Lenovo,Ryzen 5,16 GB,750 GB,,NVIDIA,15 - 16.9 inch,3 tháng,Việt Nam,16.000.000 đ
Đã sử dụng (chưa sửa chữa),Dell,,,,,,,1 tháng,Mỹ,400.000 đ
Đã sử dụng (chưa sửa chữa),Microsoft,Intel Core i5,8 GB,128 GB,,Khác,13 - 14.9 inch,Hết bảo hành,Đang cập nhật,5.500.000 đ
Đã sử dụng (chưa sửa chữa),Dell,Intel Core i7,8 GB,128 GB,,AMD,15 - 16.9 inch,Hết bảo hành,Việt Nam,4.600.000 đ
Đã sử dụng (chưa sửa chữa),Dell,Intel Core i5,8 GB,250 GB,,,13 - 14.9 inch,Bảo hành hãng,Nhật Bản,9.000.000 đ
Đã sử dụng (chưa sửa chữa),Dell,Intel Core i5,8 GB,256 GB,,Khác,15 - 16.9 inch,Bảo hành hãng,Đang cập nhật,4.000.000 đ
Đã sử dụng (qua sửa chữa),Apple,,,,,,15 - 16.9 inch,Bảo hành hãng,Đang cập nhật,13.500.000 đ
Đã sử dụng (chưa sửa chữa),Dell,Intel Core i3,8 GB,256 GB,,Onboard,15 - 16.9 inch,Còn bảo hành,Đang cập nhật,4.590.000 đ
Đã sử dụng (chưa sửa chữa),Sony,,,,,,,Bảo hành hãng,Đang cập nhật,3.800.000 đ
Đã sử dụng (chưa sửa chữa),Dell,Intel Core i5,8 GB,128 GB,,NVIDIA,15 - 16.9 inch,3 tháng,Việt Nam,3.800.000 đ
Đã sử dụng (chưa sửa chữa),Dell,Intel Core i7,8 GB,256 GB,,Onboard,13 - 14.9 inch,1 tháng,Mỹ,5.650.000 đ
Đã sử dụng (qua sửa chữa),Apple,Intel Atom,8 GB,128 GB,,Khác,13 - 14.9 inch,Hết bảo hành,Mỹ,8.000.000 đ
Đã sử dụng (chưa sửa chữa),HP,Intel Core i5,4 GB,128 GB,,Onboard,13 - 14.9 inch,3 tháng,Mỹ,2.300.000 đ
Đã sử dụng (qua sửa chữa),Dell,Intel Core i7,8 GB,256 GB,,Onboard,13 - 14.9 inch,Còn bảo hành,Đang cập nhật,5.299.000 đ
Đã sử dụng (chưa sửa chữa),Dell,Intel Core i7,8 GB,256 GB,,Onboard,13 - 14.9 inch,1 tháng,Mỹ,6.399.999 đ
Mới,Dell,,,,,,,Bảo hành hãng,Mỹ,9.700.000 đ
Đã sử dụng (chưa sửa chữa),Apple,Intel Core i7,16 GB,256 GB,,AMD,13 - 14.9 inch,Bảo hành hãng,Đang cập nhật,4.000.000 đ
Mới,Dell,,,,,,,Bảo hành hãng,Mỹ,22.700.000 đ
Đã sử dụng (chưa sửa chữa),Dell,Intel Core i5,8 GB,256 GB,,Onboard,13 - 14.9 inch,1 tháng,Mỹ,4.300.000 đ
Đã sử dụng (chưa sửa chữa),Apple,,,,,,,Bảo hành hãng,Đang cập nhật,9.800.000 đ
Đã sử dụng (chưa sửa chữa),Dell,,,,,,,Bảo hành hãng,Đang cập nhật,4.000.000 đ
Đã sử dụng (chưa sửa chữa),Dell,Intel Core i7,8 GB,256 GB,,Onboard,13 - 14.9 inch,1 tháng,Việt Nam,4.900.000 đ
Đã sử dụng (chưa sửa chữa),Dell,Intel Core i5,8 GB,256 GB,,Onboard,11 - 12.9 inch,1 tháng,Nhật Bản,4.800.000 đ
Đã sử dụng (chưa sửa chữa),Apple,Khác,8 GB,256 GB,,Khác,13 - 14.9 inch,Hết bảo hành,Đang cập nhật,20.000.000 đ
Đã sử dụng (chưa sửa chữa),Apple,Intel Core i7,16 GB,512 GB,,Onboard,15 - 16.9 inch,Hết bảo hành,Việt Nam,7.900.000 đ
Mới,Dell,,,,,,,Bảo hành hãng,Mỹ,10.400.000 đ
Mới,Dell,Intel Core i7,16 GB,256 GB,,Onboard,13 - 14.9 inch,Còn bảo hành,Mỹ,6.500.000 đ
Đã sử dụng (chưa sửa chữa),Dell,Khác,> 32GB,< 128 GB,,Khác,9 - 10.9 inch,1 tháng,Nhật Bản,1.600.000 đ
Đã sử dụng (chưa sửa chữa),Dell,,,,,,,Bảo hành hãng,Đang cập nhật,9.000.000 đ
Đã sử dụng (chưa sửa chữa),Acer,Intel Core i3,4 GB,128 GB,,,,Bảo hành hãng,Đang cập nhật,1.000.000 đ
Đã sử dụng (chưa sửa chữa),HP,Intel Core i7,16 GB,512 GB,,Onboard,13 - 14.9 inch,Bảo hành hãng,Đang cập nhật,13.500.000 đ
Đã sử dụng (chưa sửa chữa),Lenovo,Intel Core i7,16 GB,750 GB,,NVIDIA,15 - 16.9 inch,Bảo hành hãng,Đang cập nhật,12.000.000 đ
Đã sử dụng (chưa sửa chữa),Lenovo,Intel Core i5,8 GB,256 GB,,Onboard,13 - 14.9 inch,Hết bảo hành,Việt Nam,2.800.000 đ
Đã sử dụng (chưa sửa chữa),Dell,Intel Core i5,8 GB,256 GB,,Onboard,13 - 14.9 inch,Còn bảo hành,Mỹ,5.099.999 đ
Đã sử dụng (chưa sửa chữa),Apple,Intel Core i5,8 GB,128 GB,,Khác,13 - 14.9 inch,2 tháng,Mỹ,9.900.000 đ
Đã sử dụng (chưa sửa chữa),Apple,Intel Core i5,8 GB,128 GB,,Onboard,13 - 14.9 inch,Hết bảo hành,Mỹ,7.800.000 đ
Đã sử dụng (chưa sửa chữa),Dell,Intel Core i7,> 32GB,500 GB,,,,Bảo hành hãng,Đang cập nhật,4.500.000 đ
Đã sử dụng (chưa sửa chữa),Asus,Intel Core i5,4 GB,256 GB,,Onboard,15 - 16.9 inch,Hết bảo hành,Việt Nam,5.000.000 đ
Đã sử dụng (qua sửa chữa),Apple,Intel Core i5,16 GB,512 GB,,Onboard,13 - 14.9 inch,1 tháng,Đang cập nhật,11.500.000 đ
Đã sử dụng (chưa sửa chữa),HP,Intel Core i5,6 GB,500 GB,,,,Bảo hành hãng,Đang cập nhật,2.200.000 đ
Đã sử dụng (chưa sửa chữa),Dell,Intel Core i3,4 GB,500 GB,,,15 - 16.9 inch,Bảo hành hãng,Đang cập nhật,2.020.000 đ
Mới,HP,Intel Core i3,8 GB,128 GB,,Onboard,13 - 14.9 inch,Bảo hành hãng,Nhật Bản,2.900.000 đ
Đã sử dụng (chưa sửa chữa),Apple,Intel Core i7,16 GB,512 GB,,Khác,15 - 16.9 inch,Hết bảo hành,Mỹ,7.900.000 đ
Đã sử dụng (chưa sửa chữa),HP,,,,,,,Bảo hành hãng,Đang cập nhật,6.000.000 đ
Đã sử dụng (chưa sửa chữa),Asus,Intel Core i7,8 GB,256 GB,,NVIDIA,15 - 16.9 inch,Bảo hành hãng,Việt Nam,7.000.000 đ
Đã sử dụng (chưa sửa chữa),Acer,,,,,,,Bảo hành hãng,Đang cập nhật,100.000 đ
Đã sử dụng (chưa sửa chữa),HP,Intel Core i5,8 GB,500 GB,,Onboard,13 - 14.9 inch,Hết bảo hành,Việt Nam,1.500.000 đ
Đã sử dụng (chưa sửa chữa),Dell,Intel Core i5,4 GB,128 GB,,Onboard,13 - 14.9 inch,1 tháng,Việt Nam,1.750.000 đ
Đã sử dụng (chưa sửa chữa),Dell,,,,,,,Bảo hành hãng,Đang cập nhật,11.800.000 đ
Đã sử dụng (chưa sửa chữa),Dell,Intel Core i7,8 GB,256 GB,,NVIDIA,15 - 16.9 inch,1 tháng,Nước khác,2.000.000 đ
Đã sử dụng (chưa sửa chữa),Dell,Intel Core i5,4 GB,320 GB,,Onboard,13 - 14.9 inch,Còn bảo hành,Mỹ,1.600.000 đ
Đã sử dụng (chưa sửa chữa),Apple,Intel Core i5,8 GB,128 GB,,,13 - 14.9 inch,Bảo hành hãng,Đang cập nhật,5.300.000 đ
Đã sử dụng (chưa sửa chữa),Apple,,8 GB,256 GB,,,,Bảo hành hãng,Đang cập nhật,13.600.000 đ
Đã sử dụng (chưa sửa chữa),Asus,Intel Core i5,4 GB,1 TB,,,,Bảo hành hãng,Đang cập nhật,3.500.000 đ
Mới,Lenovo,Intel Core i7,8 GB,128 GB,,Khác,13 - 14.9 inch,Còn bảo hành,Đang cập nhật,2.900.000 đ
Đã sử dụng (chưa sửa chữa),MSI,,,,,,,Bảo hành hãng,Đang cập nhật,10.490.000 đ
Đã sử dụng (chưa sửa chữa),Asus,Intel Core i7,16 GB,1 TB,,Onboard,13 - 14.9 inch,3 tháng,Mỹ,19.200.000 đ
Đã sử dụng (qua sửa chữa),HP,Intel Core i3,8 GB,500 GB,,,13 - 14.9 inch,Bảo hành hãng,Đang cập nhật,1.600.000 đ
Đã sử dụng (chưa sửa chữa),Microsoft,Khác,8 GB,512 GB,,Khác,13 - 14.9 inch,Hết bảo hành,Đang cập nhật,10.200.000 đ
Đã sử dụng (chưa sửa chữa),Hãng Khác,,,,,,,Bảo hành hãng,Đang cập nhật,16.490.000 đ
Mới,Lenovo,Khác,8 GB,512 GB,,Onboard,13 - 14.9 inch,Còn bảo hành,Trung Quốc,7.500.000 đ
Đã sử dụng (chưa sửa chữa),Dell,Intel Core i7,8 GB,256 GB,,Onboard,11 - 12.9 inch,Còn bảo hành,Nước khác,5.500.000 đ
Đã sử dụng (chưa sửa chữa),Apple,Khác,8 GB,256 GB,,Onboard,11 - 12.9 inch,Hết bảo hành,Mỹ,14.500.000 đ
Đã sử dụng (chưa sửa chữa),Dell,Intel Core i5,8 GB,128 GB,,Onboard,13 - 14.9 inch,Hết bảo hành,Mỹ,3.800.000 đ
Đã sử dụng (chưa sửa chữa),Acer,Intel Core i5,4 GB,250 GB,,,13 - 14.9 inch,Bảo hành hãng,Đang cập nhật,1.200.000 đ
Đã sử dụng (chưa sửa chữa),Lenovo,Intel Core i5,8 GB,256 GB,,Onboard,13 - 14.9 inch,1 tháng,Nhật Bản,4.500.000 đ
Đã sử dụng (chưa sửa chữa),Asus,Intel Pentium,4 GB,250 GB,,Onboard,13 - 14.9 inch,Hết bảo hành,Đài Loan,2.650.000 đ
Đã sử dụng (chưa sửa chữa),Dell,Intel Core i7,8 GB,500 GB,,NVIDIA,15 - 16.9 inch,Bảo hành hãng,Mỹ,1.111.111 đ
Đã sử dụng (chưa sửa chữa),Dell,Intel Core i7,8 GB,500 GB,,,,Bảo hành hãng,Đang cập nhật,4.800.000 đ
Đã sử dụng (chưa sửa chữa),Asus,Intel Core i3,8 GB,128 GB,,,,Bảo hành hãng,Đang cập nhật,4.000.000 đ
Đã sử dụng (chưa sửa chữa),Acer,Intel Core i5,16 GB,512 GB,,NVIDIA,15 - 16.9 inch,Còn bảo hành,Đài Loan,23.000.000 đ
Đã sử dụng (chưa sửa chữa),Dell,Intel Core i5,8 GB,256 GB,,Onboard,15 - 16.9 inch,Bảo hành hãng,Đang cập nhật,4.090.000 đ
Mới,Lenovo,Intel Core i7,32 GB,512 GB,,Khác,13 - 14.9 inch,4-6 tháng,Mỹ,11.500.000 đ
Đã sử dụng (chưa sửa chữa),Dell,Intel Core i5,8 GB,128 GB,,,13 - 14.9 inch,Hết bảo hành,Đang cập nhật,3.899.000 đ
Mới,Dell,Intel Core i5,16 GB,256 GB,,Khác,13 - 14.9 inch,4-6 tháng,Mỹ,12.100.000 đ
Đã sử dụng (chưa sửa chữa),Dell,Intel Core i7,16 GB,256 GB,,Khác,11 - 12.9 inch,Hết bảo hành,Đang cập nhật,4.900.000 đ
Đã sử dụng (chưa sửa chữa),Hãng Khác,Khác,8 GB,256 GB,,Khác,13 - 14.9 inch,3 tháng,Nước khác,3.640.000 đ
Đã sử dụng (chưa sửa chữa),HP,Intel Pentium,2 GB,250 GB,,Onboard,15 - 16.9 inch,Hết bảo hành,Việt Nam,1.100.000 đ
Mới,Dell,Intel Core i5,16 GB,256 GB,,Khác,13 - 14.9 inch,4-6 tháng,Mỹ,6.600.000 đ
Mới,Apple,,,,,,,Bảo hành hãng,Mỹ,22.000.000 đ
Mới,Lenovo,Intel Core i7,16 GB,512 GB,,NVIDIA,15 - 16.9 inch,1 tháng,Mỹ,30.800.000 đ
Đã sử dụng (chưa sửa chữa),HP,Intel Core i7,16 GB,512 GB,,Onboard,13 - 14.9 inch,Hết bảo hành,Ấn Độ,9.500.000 đ
Mới,Dell,Intel Core i5,16 GB,256 GB,,Khác,13 - 14.9 inch,4-6 tháng,Mỹ,7.800.000 đ
Đã sử dụng (chưa sửa chữa),Apple,Intel Core i7,8 GB,512 GB,,,15 - 16.9 inch,Hết bảo hành,Mỹ,6.800.000 đ
Đã sử dụng (chưa sửa chữa),Dell,Intel Core i7,8 GB,128 GB,,Onboard,15 - 16.9 inch,Bảo hành hãng,Đang cập nhật,2.300.000 đ
Mới,Lenovo,Intel Core i5,8 GB,256 GB,,,13 - 14.9 inch,4-6 tháng,Mỹ,6.500.000 đ
Đã sử dụng (chưa sửa chữa),Dell,Intel Core i5,8 GB,256 GB,,Onboard,13 - 14.9 inch,3 tháng,Mỹ,4.000.000 đ
Đã sử dụng (chưa sửa chữa),Dell,,,,,,,Bảo hành hãng,Đang cập nhật,27.900.000 đ
Mới,HP,Intel Core i5,8 GB,256 GB,,AMD,13 - 14.9 inch,4-6 tháng,Nhật Bản,4.900.000 đ
Đã sử dụng (qua sửa chữa),Acer,,2 GB,< 128 GB,,Onboard,15 - 16.9 inch,Hết bảo hành,Đang cập nhật,1.200.000 đ
Đã sử dụng (chưa sửa chữa),Lenovo,Intel Core i5,16 GB,256 GB,,Onboard,13 - 14.9 inch,3 tháng,Mỹ,8.900.000 đ
Mới,Apple,Khác,8 GB,256 GB,,,13 - 14.9 inch,Còn bảo hành,Nước khác,22.800.000 đ
Đã sử dụng (chưa sửa chữa),Lenovo,Ryzen 5,8 GB,128 GB,,Onboard,13 - 14.9 inch,Bảo hành hãng,Đang cập nhật,3.500.000 đ
Đã sử dụng (chưa sửa chữa),Apple,Intel Core i9,32 GB,1 TB,,AMD,15 - 16.9 inch,Hết bảo hành,Mỹ,27.000.000 đ
Đã sử dụng (chưa sửa chữa),Dell,Intel Core i3,4 GB,1 TB,,Onboard,15 - 16.9 inch,Hết bảo hành,Đang cập nhật,3.500.000 đ
Đã sử dụng (chưa sửa chữa),Lenovo,Ryzen 7,16 GB,512 GB,,Onboard,13 - 14.9 inch,>12 tháng,Việt Nam,17.000.000 đ
Đã sử dụng (chưa sửa chữa),Dell,Intel Core i5,8 GB,256 GB,,Onboard,11 - 12.9 inch,Còn bảo hành,Đang cập nhật,5.790.000 đ
Đã sử dụng (chưa sửa chữa),HP,Intel Core i5,8 GB,256 GB,,NVIDIA,15 - 16.9 inch,Còn bảo hành,Đang cập nhật,7.000.000 đ
Đã sử dụng (chưa sửa chữa),Panasonic,Intel Core i5,4 GB,128 GB,,,9 - 10.9 inch,Hết bảo hành,Nhật Bản,8.600.000 đ
Đã sử dụng (chưa sửa chữa),Asus,,,,,,,Bảo hành hãng,Đang cập nhật,1.300.000 đ
Đã sử dụng (chưa sửa chữa),HP,Intel Core i5,8 GB,128 GB,,Onboard,15 - 16.9 inch,Bảo hành hãng,Mỹ,3.500.000 đ
Đã sử dụng (chưa sửa chữa),Dell,Intel Core i5,8 GB,256 GB,,Onboard,13 - 14.9 inch,3 tháng,Mỹ,9.500.000 đ
Đã sử dụng (chưa sửa chữa),Dell,Intel Core i5,8 GB,256 GB,,Onboard,11 - 12.9 inch,1 tháng,Mỹ,3.800.000 đ
Đã sử dụng (chưa sửa chữa),Apple,Intel Core i7,8 GB,128 GB,,Onboard,15 - 16.9 inch,Hết bảo hành,Nước khác,3.300.000 đ
Đã sử dụng (chưa sửa chữa),Toshiba,Intel Core i5,4 GB,128 GB,,Onboard,13 - 14.9 inch,Bảo hành hãng,Đang cập nhật,1.850.000 đ
Đã sử dụng (chưa sửa chữa),Dell,Intel Core i7,16 GB,512 GB,,NVIDIA,15 - 16.9 inch,3 tháng,Đang cập nhật,8.200.000 đ
Đã sử dụng (chưa sửa chữa),Microsoft,Intel Core i7,16 GB,512 GB,,NVIDIA,13 - 14.9 inch,4-6 tháng,Mỹ,14.890.000 đ
Đã sử dụng (chưa sửa chữa),Dell,Intel Core i5,8 GB,256 GB,,Onboard,11 - 12.9 inch,1 tháng,Mỹ,4.500.000 đ
Đã sử dụng (chưa sửa chữa),Dell,Intel Core i5,8 GB,256 GB,,,,Bảo hành hãng,Đang cập nhật,3.499.000 đ
Đã sử dụng (chưa sửa chữa),Microsoft,Intel Core i7,16 GB,512 GB,,NVIDIA,13 - 14.9 inch,4-6 tháng,Đang cập nhật,11.890.000 đ
Đã sử dụng (chưa sửa chữa),Lenovo,Intel Core i5,8 GB,256 GB,,Onboard,13 - 14.9 inch,3 tháng,Mỹ,3.500.000 đ
Đã sử dụng (chưa sửa chữa),Hãng Khác,Intel Core i5,8 GB,256 GB,,Onboard,13 - 14.9 inch,Còn bảo hành,Đang cập nhật,4.990.000 đ
Đã sử dụng (chưa sửa chữa),HP,Intel Core i5,8 GB,256 GB,,Onboard,15 - 16.9 inch,3 tháng,Mỹ,4.500.000 đ
Đã sử dụng (chưa sửa chữa),HP,Intel Core i5,8 GB,128 GB,,,,Bảo hành hãng,Đang cập nhật,4.800.000 đ
Đã sử dụng (chưa sửa chữa),Apple,Khác,16 GB,256 GB,,Onboard,13 - 14.9 inch,3 tháng,Việt Nam,16.500.000 đ
Đã sử dụng (chưa sửa chữa),Asus,Intel Core i5,8 GB,128 GB,,NVIDIA,15 - 16.9 inch,1 tháng,Việt Nam,2.900.000 đ
Đã sử dụng (chưa sửa chữa),Asus,Intel Core i5,8 GB,512 GB,,Onboard,15 - 16.9 inch,Còn bảo hành,Việt Nam,11.900.000 đ
Mới,Apple,,8 GB,256 GB,,,13 - 14.9 inch,>12 tháng,Nước khác,20.800.000 đ
Đã sử dụng (chưa sửa chữa),Asus,Khác,4 GB,256 GB,,Onboard,13 - 14.9 inch,Hết bảo hành,Việt Nam,1.590.000 đ
Đã sử dụng (chưa sửa chữa),Apple,Intel Core i5,8 GB,256 GB,,Onboard,13 - 14.9 inch,3 tháng,Việt Nam,6.700.000 đ
Đã sử dụng (chưa sửa chữa),Hãng Khác,Intel Core i5,4 GB,128 GB,,Onboard,13 - 14.9 inch,Hết bảo hành,Trung Quốc,4.500.000 đ
Đã sử dụng (chưa sửa chữa),Acer,Intel Core i5,16 GB,512 GB,,NVIDIA,15 - 16.9 inch,1 tháng,Đang cập nhật,14.000.000 đ
Mới,LG,Intel Core i7,16 GB,512 GB,,Onboard,13 - 14.9 inch,7-12 tháng,Hàn Quốc,28.500.000 đ
Đã sử dụng (chưa sửa chữa),Dell,Intel Core i7,8 GB,256 GB,,Onboard,13 - 14.9 inch,Hết bảo hành,Mỹ,5.300.000 đ
Đã sử dụng (chưa sửa chữa),Dell,,,,,,,Bảo hành hãng,Đang cập nhật,5.999.000 đ
Đã sử dụng (chưa sửa chữa),HP,Intel Core i5,8 GB,,,,13 - 14.9 inch,1 tháng,Mỹ,2.800.000 đ
Đã sử dụng (chưa sửa chữa),Dell,,,,,,,Bảo hành hãng,Đang cập nhật,16.990.000 đ
Đã sử dụng (chưa sửa chữa),Dell,,,,,,,Bảo hành hãng,Đang cập nhật,12.999.000 đ
Đã sử dụng (chưa sửa chữa),Acer,Intel Core i3,4 GB,> 1 TB,,Onboard,15 - 16.9 inch,Hết bảo hành,Trung Quốc,5.462.000 đ
Đã sử dụng (chưa sửa chữa),Dell,,,,,,,Bảo hành hãng,Đang cập nhật,14.000.000 đ
Đã sử dụng (chưa sửa chữa),HP,,,,,,,Bảo hành hãng,Đang cập nhật,9.990.000 đ
Đã sử dụng (chưa sửa chữa),Apple,Intel Core i3,,,,,,Bảo hành hãng,Đang cập nhật,2.000.000 đ
Đã sử dụng (chưa sửa chữa),Lenovo,Ryzen 5,16 GB,512 GB,,NVIDIA,15 - 16.9 inch,Còn bảo hành,Việt Nam,17.900.000 đ
Đã sử dụng (chưa sửa chữa),Dell,,,,,,,Bảo hành hãng,Đang cập nhật,25.990.000 đ
Đã sử dụng (chưa sửa chữa),HP,Intel Core i5,8 GB,,,,13 - 14.9 inch,1 tháng,Mỹ,2.800.000 đ
Đã sử dụng (chưa sửa chữa),Razer,Intel Core i7,32 GB,1 TB,,NVIDIA,17 - 18.9 inch,1 tháng,Đang cập nhật,25.000.000 đ
Đã sử dụng (chưa sửa chữa),Dell,Intel Core i7,8 GB,128 GB,,NVIDIA,15 - 16.9 inch,4-6 tháng,Việt Nam,4.500.000 đ
Đã sử dụng (chưa sửa chữa),Dell,Intel Core i7,8 GB,256 GB,,NVIDIA,15 - 16.9 inch,3 tháng,Mỹ,5.000.000 đ
Đã sử dụng (chưa sửa chữa),HP,Intel Core i5,8 GB,,,,13 - 14.9 inch,1 tháng,Mỹ,2.800.000 đ
Đã sử dụng (chưa sửa chữa),Dell,Intel Core i5,,,,,,Bảo hành hãng,Đang cập nhật,500.000 đ
Đã sử dụng (chưa sửa chữa),Lenovo,Intel Core i5,4 GB,256 GB,,,11 - 12.9 inch,Còn bảo hành,Đang cập nhật,3.500.000 đ
Đã sử dụng (chưa sửa chữa),Hãng Khác,Ryzen 3,8 GB,256 GB,,AMD,15 - 16.9 inch,Bảo hành hãng,Đang cập nhật,8.600.000 đ
Đã sử dụng (chưa sửa chữa),Dell,Intel Core i5,8 GB,256 GB,,,11 - 12.9 inch,Bảo hành hãng,Nhật Bản,4.300.000 đ
Đã sử dụng (chưa sửa chữa),Hãng Khác,Intel Core i5,8 GB,,,,13 - 14.9 inch,Bảo hành hãng,Đang cập nhật,6.500.000 đ
Đã sử dụng (chưa sửa chữa),Dell,Intel Core i5,8 GB,256 GB,,,13 - 14.9 inch,3 tháng,Nhật Bản,5.800.000 đ
Đã sử dụng (chưa sửa chữa),HP,Intel Core i5,4 GB,320 GB,,Onboard,15 - 16.9 inch,Bảo hành hãng,Đang cập nhật,1.500.000 đ
Đã sử dụng (chưa sửa chữa),MSI,Intel Core i3,8 GB,256 GB,,Onboard,13 - 14.9 inch,4-6 tháng,Đang cập nhật,6.900.000 đ
Đã sử dụng (chưa sửa chữa),Lenovo,Intel Atom,4 GB,128 GB,,Onboard,,Bảo hành hãng,Đang cập nhật,4.500.000 đ
Đã sử dụng (chưa sửa chữa),Acer,Intel Core i3,,,,,,Bảo hành hãng,Đang cập nhật,500.000 đ
Đã sử dụng (chưa sửa chữa),Dell,Intel Core i5,,,,,13 - 14.9 inch,Hết bảo hành,Đang cập nhật,4.800.000 đ
Mới,Acer,Intel Core i7,16 GB,1 TB,,NVIDIA,15 - 16.9 inch,Còn bảo hành,Đang cập nhật,31.000.000 đ
Đã sử dụng (chưa sửa chữa),Dell,Intel Core i7,8 GB,256 GB,,Onboard,13 - 14.9 inch,1 tháng,Mỹ,6.500.000 đ
Đã sử dụng (chưa sửa chữa),Lenovo,Intel Core i7,16 GB,1 TB,,Onboard,13 - 14.9 inch,7-12 tháng,Mỹ,14.500.000 đ
Đã sử dụng (chưa sửa chữa),Hãng Khác,Intel Core i5,8 GB,256 GB,,,,Bảo hành hãng,Nhật Bản,4.500.000 đ
Đã sử dụng (chưa sửa chữa),Dell,,,,,,,Bảo hành hãng,Đang cập nhật,9.500.000 đ
Đã sử dụng (chưa sửa chữa),Apple,,,,,,,Bảo hành hãng,Đang cập nhật,5.000.000 đ
Đã sử dụng (chưa sửa chữa),Lenovo,Intel Core i5,4 GB,320 GB,,,,Bảo hành hãng,Đang cập nhật,1.050.000 đ
Đã sử dụng (chưa sửa chữa),Dell,Intel Core i7,16 GB,1 TB,,NVIDIA,15 - 16.9 inch,3 tháng,Việt Nam,13.300.000 đ
Đã sử dụng (chưa sửa chữa),Acer,Intel Core i3,8 GB,> 1 TB,,Onboard,15 - 16.9 inch,4-6 tháng,Nước khác,5.900.000 đ
Đã sử dụng (chưa sửa chữa),Dell,Intel Core i5,8 GB,256 GB,,Onboard,13 - 14.9 inch,3 tháng,Mỹ,7.390.000 đ
Đã sử dụng (chưa sửa chữa),HP,Intel Core i3,8 GB,128 GB,,Onboard,15 - 16.9 inch,1 tháng,Việt Nam,2.800.000 đ
Đã sử dụng (chưa sửa chữa),Acer,Intel Atom,2 GB,< 128 GB,,,9 - 10.9 inch,Bảo hành hãng,Đang cập nhật,1.500.000 đ
Đã sử dụng (chưa sửa chữa),Dell,Intel Core i5,8 GB,256 GB,,Onboard,13 - 14.9 inch,4-6 tháng,Đang cập nhật,7.900.000 đ
Đã sử dụng (chưa sửa chữa),HP,Intel Core i3,4 GB,256 GB,,Khác,15 - 16.9 inch,Còn bảo hành,Đang cập nhật,5.000.000 đ
Đã sử dụng (chưa sửa chữa),Dell,Intel Core i7,16 GB,512 GB,,Onboard,13 - 14.9 inch,1 tháng,Mỹ,5.800.000 đ
Đã sử dụng (chưa sửa chữa),Toshiba,Intel Core i5,4 GB,128 GB,,Onboard,15 - 16.9 inch,Hết bảo hành,Nhật Bản,1.700.000 đ
Đã sử dụng (chưa sửa chữa),HP,Intel Core i5,4 GB,500 GB,,Onboard,13 - 14.9 inch,Bảo hành hãng,Mỹ,1.400.000 đ
Đã sử dụng (qua sửa chữa),Dell,Intel Core i5,4 GB,128 GB,,Onboard,15 - 16.9 inch,Hết bảo hành,Việt Nam,2.500.000 đ
Đã sử dụng (chưa sửa chữa),Lenovo,Intel Core i3,8 GB,512 GB,,Onboard,13 - 14.9 inch,Hết bảo hành,Trung Quốc,5.999.000 đ
Đã sử dụng (chưa sửa chữa),Lenovo,Ryzen 5,8 GB,512 GB,,NVIDIA,15 - 16.9 inch,>12 tháng,Việt Nam,15.000.000 đ
Đã sử dụng (chưa sửa chữa),Acer,Intel Core i5,8 GB,512 GB,,NVIDIA,15 - 16.9 inch,Còn bảo hành,Mỹ,14.900.000 đ
Đã sử dụng (chưa sửa chữa),Acer,Intel Core i7,16 GB,512 GB,,NVIDIA,17 - 18.9 inch,Hết bảo hành,Đang cập nhật,21.500.000 đ
Đã sử dụng (chưa sửa chữa),Asus,Intel Celeron,2 GB,500 GB,,Onboard,13 - 14.9 inch,Hết bảo hành,Việt Nam,1.000.000 đ
Đã sử dụng (chưa sửa chữa),Asus,Intel Core i5,4 GB,250 GB,,,,Bảo hành hãng,Đang cập nhật,4.900.000 đ
Đã sử dụng (qua sửa chữa),Hãng Khác,Intel Core i7,16 GB,480 GB,,Onboard,< 9 inch,Hết bảo hành,Việt Nam,500.000 đ
Đã sử dụng (chưa sửa chữa),Apple,,16 GB,512 GB,,,,Bảo hành hãng,Đang cập nhật,24.990.000 đ
Đã sử dụng (chưa sửa chữa),Acer,Intel Pentium,8 GB,,,Onboard,15 - 16.9 inch,7-12 tháng,Việt Nam,3.400.000 đ
Mới,Acer,Intel Core i5,16 GB,512 GB,,NVIDIA,15 - 16.9 inch,3 tháng,Việt Nam,16.666.666 đ
Đã sử dụng (chưa sửa chữa),Dell,Intel Core i5,8 GB,256 GB,,Onboard,11 - 12.9 inch,3 tháng,Mỹ,4.000.000 đ
Đã sử dụng (chưa sửa chữa),Hãng Khác,Intel Core i5,8 GB,< 128 GB,,NVIDIA,15 - 16.9 inch,7-12 tháng,Việt Nam,13.500.000 đ
Đã sử dụng (chưa sửa chữa),Apple,Khác,32 GB,1 TB,,Onboard,13 - 14.9 inch,7-12 tháng,Việt Nam,59.900.000 đ
Đã sử dụng (chưa sửa chữa),Lenovo,Intel Core i7,8 GB,500 GB,,NVIDIA,15 - 16.9 inch,Hết bảo hành,Mỹ,4.800.000 đ
Đã sử dụng (chưa sửa chữa),Dell,Intel Core i7,8 GB,128 GB,,NVIDIA,15 - 16.9 inch,3 tháng,Mỹ,8.400.000 đ
Đã sử dụng (chưa sửa chữa),Apple,,,,,,,Bảo hành hãng,Đang cập nhật,11.990.000 đ
Đã sử dụng (chưa sửa chữa),Asus,Ryzen 5,8 GB,512 GB,,AMD,13 - 14.9 inch,4-6 tháng,Đang cập nhật,7.900.000 đ
Đã sử dụng (chưa sửa chữa),Dell,Intel Core i5,8 GB,512 GB,,Onboard,15 - 16.9 inch,4-6 tháng,Đang cập nhật,12.500.000 đ
Đã sử dụng (chưa sửa chữa),HP,Intel Core i5,8 GB,500 GB,,,15 - 16.9 inch,1 tháng,Nhật Bản,4.200.000 đ
Đã sử dụng (chưa sửa chữa),Dell,Intel Core i7,16 GB,128 GB,,NVIDIA,13 - 14.9 inch,Hết bảo hành,Nước khác,3.500.000 đ
Mới,Lenovo,Intel Core i5,16 GB,512 GB,,Onboard,13 - 14.9 inch,3 tháng,Mỹ,16.990.000 đ
Đã sử dụng (chưa sửa chữa),HP,Intel Core i3,8 GB,256 GB,,Onboard,11 - 12.9 inch,1 tháng,Nhật Bản,2.500.000 đ
Đã sử dụng (chưa sửa chữa),Apple,Intel Core i5,8 GB,256 GB,,Onboard,13 - 14.9 inch,1 tháng,Đang cập nhật,8.800.000 đ
Mới,Dell,Intel Core i5,4 GB,256 GB,,Onboard,13 - 14.9 inch,Còn bảo hành,Mỹ,3.500.000 đ
Đã sử dụng (chưa sửa chữa),Dell,Intel Core i7,16 GB,512 GB,,NVIDIA,15 - 16.9 inch,3 tháng,Mỹ,19.500.000 đ
Đã sử dụng (chưa sửa chữa),Dell,Intel Core i5,8 GB,256 GB,,Onboard,13 - 14.9 inch,3 tháng,Đang cập nhật,5.500.000 đ
Đã sử dụng (chưa sửa chữa),Apple,Intel Core i5,8 GB,128 GB,,Onboard,13 - 14.9 inch,4-6 tháng,Việt Nam,11.500.000 đ
Đã sử dụng (chưa sửa chữa),HP,,,,,,,Bảo hành hãng,Đang cập nhật,2.000.000 đ
Đã sử dụng (chưa sửa chữa),Lenovo,Intel Core i5,8 GB,512 GB,,Onboard,15 - 16.9 inch,>12 tháng,Đang cập nhật,9.800.000 đ
Đã sử dụng (chưa sửa chữa),Asus,Intel Core i3,8 GB,512 GB,,Onboard,15 - 16.9 inch,4-6 tháng,Trung Quốc,6.800.000 đ
Mới,Lenovo,Intel Core i7,16 GB,512 GB,,NVIDIA,15 - 16.9 inch,1 tháng,Mỹ,33.800.000 đ
Đã sử dụng (chưa sửa chữa),Hãng Khác,Intel Core i5,4 GB,128 GB,,Onboard,11 - 12.9 inch,Hết bảo hành,Nhật Bản,1.800.000 đ
Đã sử dụng (chưa sửa chữa),Apple,,,,,,,Bảo hành hãng,Đang cập nhật,20.990.000 đ
Đã sử dụng (chưa sửa chữa),Asus,Intel Celeron,4 GB,256 GB,,Khác,15 - 16.9 inch,Còn bảo hành,Việt Nam,5.000.000 đ
Đã sử dụng (chưa sửa chữa),Dell,,,,,,,Bảo hành hãng,Đang cập nhật,7.000.000 đ
Đã sử dụng (chưa sửa chữa),Asus,Ryzen 9,32 GB,512 GB,,AMD,15 - 16.9 inch,3 tháng,Mỹ,23.500.000 đ
Đã sử dụng (chưa sửa chữa),Apple,Khác,16 GB,512 GB,,,15 - 16.9 inch,Bảo hành hãng,Đang cập nhật,33.500.000 đ
Mới,HP,Intel Core i5,8 GB,256 GB,,Onboard,17 - 18.9 inch,7-12 tháng,Mỹ,11.500.000 đ
Đã sử dụng (chưa sửa chữa),Lenovo,Intel Core i7,16 GB,256 GB,,,,Bảo hành hãng,Đang cập nhật,9.350.000 đ
Đã sử dụng (chưa sửa chữa),Lenovo,Intel Core i7,8 GB,256 GB,,Onboard,13 - 14.9 inch,1 tháng,Mỹ,5.500.000 đ
Mới,Lenovo,Intel Core i7,16 GB,256 GB,,,,Bảo hành hãng,Việt Nam,5.300.000 đ
Đã sử dụng (chưa sửa chữa),Acer,Intel Core i5,8 GB,512 GB,,NVIDIA,15 - 16.9 inch,Bảo hành hãng,Đang cập nhật,6.400.000 đ
Đã sử dụng (chưa sửa chữa),Apple,Intel Core i7,8 GB,750 GB,,Onboard,15 - 16.9 inch,Hết bảo hành,Đang cập nhật,3.300.000 đ
Đã sử dụng (chưa sửa chữa),Lenovo,Intel Core i3,4 GB,< 128 GB,,Onboard,11 - 12.9 inch,Hết bảo hành,Mỹ,2.500.000 đ
Đã sử dụng (chưa sửa chữa),Dell,,,,,,,Bảo hành hãng,Đang cập nhật,9.800.000 đ
Đã sử dụng (chưa sửa chữa),Acer,Intel Core i5,6 GB,256 GB,,Onboard,13 - 14.9 inch,Bảo hành hãng,Đang cập nhật,2.500.000 đ
Đã sử dụng (chưa sửa chữa),HP,Intel Core i5,4 GB,128 GB,,Onboard,15 - 16.9 inch,3 tháng,Mỹ,2.400.000 đ
Đã sử dụng (chưa sửa chữa),Lenovo,Intel Core i5,16 GB,512 GB,,Onboard,13 - 14.9 inch,3 tháng,Hàn Quốc,4.999.999 đ
Đã sử dụng (chưa sửa chữa),Dell,Intel Core i7,16 GB,1 TB,,NVIDIA,15 - 16.9 inch,4-6 tháng,Mỹ,22.999.999 đ
Đã sử dụng (chưa sửa chữa),Asus,Intel Core i3,8 GB,1 TB,,Onboard,15 - 16.9 inch,Hết bảo hành,Thái Lan,6.500.000 đ
Đã sử dụng (chưa sửa chữa),Apple,,,,,,,Bảo hành hãng,Đang cập nhật,500.000 đ
Đã sử dụng (chưa sửa chữa),Dell,Intel Core i7,16 GB,512 GB,,Onboard,13 - 14.9 inch,1 tháng,Mỹ,13.300.000 đ
Đã sử dụng (chưa sửa chữa),Apple,,,,,,,Bảo hành hãng,Đang cập nhật,20.500.000 đ
Đã sử dụng (chưa sửa chữa),Apple,Intel Core i7,16 GB,256 GB,,AMD,15 - 16.9 inch,Hết bảo hành,Đang cập nhật,9.500.000 đ
Đã sử dụng (chưa sửa chữa),Asus,Intel Core i3,8 GB,128 GB,,Onboard,15 - 16.9 inch,1 tháng,Đang cập nhật,1.990.000 đ
Đã sử dụng (chưa sửa chữa),Apple,,,,,,,Bảo hành hãng,Đang cập nhật,5.500.000 đ
Đã sử dụng (chưa sửa chữa),Dell,Intel Core i7,8 GB,256 GB,,Onboard,11 - 12.9 inch,3 tháng,Đang cập nhật,5.900.000 đ
Đã sử dụng (chưa sửa chữa),Lenovo,Intel Core i5,,,,,,Bảo hành hãng,Đang cập nhật,2.400.000 đ
Đã sử dụng (chưa sửa chữa),HP,,,,,,,Bảo hành hãng,Đang cập nhật,2.500.000 đ
Đã sử dụng (chưa sửa chữa),Asus,Intel Core i9,32 GB,> 1 TB,,NVIDIA,15 - 16.9 inch,Hết bảo hành,Đài Loan,46.000.000 đ
Đã sử dụng (chưa sửa chữa),Dell,Intel Core i7,32 GB,512 GB,,NVIDIA,17 - 18.9 inch,2 tháng,Mỹ,13.900.000 đ
Đã sử dụng (chưa sửa chữa),HP,Intel Core i7,16 GB,512 GB,,NVIDIA,15 - 16.9 inch,3 tháng,Đang cập nhật,5.700.000 đ
Đã sử dụng (chưa sửa chữa),Microsoft,Intel Core i7,16 GB,512 GB,,Onboard,13 - 14.9 inch,Bảo hành hãng,Mỹ,8.500.000 đ
Đã sử dụng (chưa sửa chữa),Acer,Ryzen 5,8 GB,512 GB,,NVIDIA,15 - 16.9 inch,Hết bảo hành,Đang cập nhật,13.500.000 đ
Đã sử dụng (chưa sửa chữa),Apple,Intel Core i5,16 GB,256 GB,,,,Bảo hành hãng,Đang cập nhật,3.500.000 đ
Đã sử dụng (chưa sửa chữa),HP,Intel Core i5,8 GB,256 GB,,Onboard,13 - 14.9 inch,Bảo hành hãng,Đang cập nhật,3.700.000 đ
Đã sử dụng (chưa sửa chữa),Dell,Intel Core i3,8 GB,128 GB,,Onboard,13 - 14.9 inch,Bảo hành hãng,Đang cập nhật,3.500.000 đ
Mới,Asus,Ryzen 9,16 GB,512 GB,,NVIDIA,13 - 14.9 inch,Còn bảo hành,Mỹ,35.700.000 đ
Đã sử dụng (chưa sửa chữa),HP,Intel Core i5,8 GB,256 GB,,Onboard,13 - 14.9 inch,Hết bảo hành,Việt Nam,3.000.000 đ
Đã sử dụng (chưa sửa chữa),Dell,Intel Core i7,16 GB,512 GB,,NVIDIA,15 - 16.9 inch,3 tháng,Mỹ,12.500.000 đ
Đã sử dụng (chưa sửa chữa),Dell,Intel Core i7,8 GB,256 GB,,Onboard,13 - 14.9 inch,1 tháng,Mỹ,4.800.000 đ
Đã sử dụng (chưa sửa chữa),Apple,Intel Core i7,16 GB,256 GB,,,15 - 16.9 inch,Hết bảo hành,Đang cập nhật,12.000.000 đ
Đã sử dụng (chưa sửa chữa),Apple,Intel Core i5,4 GB,128 GB,,Onboard,13 - 14.9 inch,3 tháng,Đang cập nhật,7.000.000 đ
Đã sử dụng (chưa sửa chữa),HP,Intel Core i3,8 GB,512 GB,,NVIDIA,,Bảo hành hãng,Đang cập nhật,2.000.000 đ
Đã sử dụng (chưa sửa chữa),Toshiba,Khác,4 GB,320 GB,,Khác,13 - 14.9 inch,7-12 tháng,Nhật Bản,2.000.000 đ
Đã sử dụng (chưa sửa chữa),Asus,Ryzen 5,16 GB,256 GB,,NVIDIA,15 - 16.9 inch,Hết bảo hành,Mỹ,9.500.000 đ
Đã sử dụng (chưa sửa chữa),Dell,Intel Core i5,6 GB,128 GB,,AMD,13 - 14.9 inch,Hết bảo hành,Mỹ,2.900.000 đ
Đã sử dụng (chưa sửa chữa),Apple,Khác,16 GB,512 GB,,Onboard,15 - 16.9 inch,4-6 tháng,Việt Nam,38.500.000 đ
Đã sử dụng (chưa sửa chữa),Apple,,32 GB,512 GB,,AMD,15 - 16.9 inch,1 tháng,Đang cập nhật,17.200.000 đ
Đã sử dụng (qua sửa chữa),Dell,Intel Core i5,4 GB,128 GB,,,11 - 12.9 inch,3 tháng,Đang cập nhật,3.100.000 đ
Đã sử dụng (chưa sửa chữa),Acer,Khác,< 1 GB,< 128 GB,,Onboard,< 9 inch,Hết bảo hành,Nước khác,200.000 đ
Đã sử dụng (chưa sửa chữa),HP,AMD,8 GB,128 GB,,AMD,13 - 14.9 inch,Hết bảo hành,Mỹ,2.500.000 đ
Đã sử dụng (chưa sửa chữa),Dell,Intel Core i7,8 GB,256 GB,,,13 - 14.9 inch,3 tháng,Mỹ,5.500.000 đ
Đã sử dụng (chưa sửa chữa),Dell,Intel Core i5,4 GB,,,,,Bảo hành hãng,Đang cập nhật,100.000 đ
Đã sử dụng (chưa sửa chữa),Dell,Intel Core i7,32 GB,512 GB,,NVIDIA,15 - 16.9 inch,Còn bảo hành,Đang cập nhật,25.000.000 đ
Đã sử dụng (chưa sửa chữa),Dell,Intel Core i5,8 GB,256 GB,,Onboard,13 - 14.9 inch,3 tháng,Mỹ,6.600.000 đ
Đã sử dụng (chưa sửa chữa),Dell,Intel Core i5,8 GB,256 GB,,NVIDIA,13 - 14.9 inch,1 tháng,Mỹ,8.900.000 đ
Đã sử dụng (chưa sửa chữa),Asus,Intel Core i3,4 GB,1 TB,,Onboard,15 - 16.9 inch,Hết bảo hành,Việt Nam,2.900.000 đ
Đã sử dụng (chưa sửa chữa),Dell,Intel Core i5,8 GB,> 1 TB,,NVIDIA,15 - 16.9 inch,1 tháng,Việt Nam,9.800.000 đ
Đã sử dụng (chưa sửa chữa),Asus,Ryzen 7,8 GB,512 GB,,NVIDIA,15 - 16.9 inch,>12 tháng,Việt Nam,18.500.000 đ
Đã sử dụng (chưa sửa chữa),Dell,Intel Core i5,4 GB,128 GB,,Onboard,13 - 14.9 inch,3 tháng,Đang cập nhật,3.900.000 đ
Đã sử dụng (chưa sửa chữa),HP,Intel Core i5,16 GB,512 GB,,Onboard,13 - 14.9 inch,3 tháng,Mỹ,9.200.000 đ
Đã sử dụng (chưa sửa chữa),Apple,Intel Core i5,8 GB,128 GB,,Onboard,13 - 14.9 inch,1 tháng,Đang cập nhật,9.800.000 đ
Đã sử dụng (chưa sửa chữa),HP,Intel Core i3,8 GB,256 GB,,Onboard,13 - 14.9 inch,4-6 tháng,Đang cập nhật,7.500.000 đ
Đã sử dụng (chưa sửa chữa),Samsung,Intel Core i7,16 GB,256 GB,,NVIDIA,15 - 16.9 inch,Bảo hành hãng,Đang cập nhật,5.800.000 đ
Đã sử dụng (chưa sửa chữa),Asus,Intel Core i3,8 GB,256 GB,,Onboard,13 - 14.9 inch,3 tháng,Đài Loan,4.500.000 đ
Đã sử dụng (chưa sửa chữa),Dell,Intel Core i3,8 GB,128 GB,,Onboard,15 - 16.9 inch,Hết bảo hành,Mỹ,2.500.000 đ
Đã sử dụng (chưa sửa chữa),Apple,Khác,16 GB,256 GB,,,11 - 12.9 inch,Hết bảo hành,Việt Nam,7.500.000 đ
Đã sử dụng (chưa sửa chữa),Dell,Intel Core i7,16 GB,1 TB,,NVIDIA,15 - 16.9 inch,3 tháng,Đang cập nhật,12.800.000 đ
Đã sử dụng (chưa sửa chữa),Dell,,,,,,,3 tháng,Đang cập nhật,2.500.000 đ
Đã sử dụng (chưa sửa chữa),Dell,Intel Core i7,16 GB,256 GB,,NVIDIA,15 - 16.9 inch,3 tháng,Mỹ,11.000.000 đ
Đã sử dụng (chưa sửa chữa),Dell,Intel Core i5,8 GB,128 GB,,,13 - 14.9 inch,Bảo hành hãng,Đang cập nhật,2.000.000 đ
Đã sử dụng (chưa sửa chữa),Acer,Intel Core i3,4 GB,128 GB,,Onboard,13 - 14.9 inch,Hết bảo hành,Việt Nam,2.000.000 đ
Đã sử dụng (chưa sửa chữa),Dell,Intel Core i5,8 GB,256 GB,,AMD,15 - 16.9 inch,Bảo hành hãng,Mỹ,3.600.000 đ
Đã sử dụng (chưa sửa chữa),Hãng Khác,,,,,,,Bảo hành hãng,Đang cập nhật,1.800.000 đ
Đã sử dụng (chưa sửa chữa),Samsung,Intel Core i5,4 GB,700 GB,,Onboard,15 - 16.9 inch,Bảo hành hãng,Đang cập nhật,1.700.000 đ
Đã sử dụng (chưa sửa chữa),HP,Intel Core i7,8 GB,512 GB,,,15 - 16.9 inch,Bảo hành hãng,Đang cập nhật,9.490.000 đ
Đã sử dụng (chưa sửa chữa),Lenovo,Intel Core i5,16 GB,1 TB,,NVIDIA,13 - 14.9 inch,3 tháng,Đang cập nhật,10.900.000 đ
Đã sử dụng (chưa sửa chữa),Dell,Intel Core i5,8 GB,256 GB,,Onboard,13 - 14.9 inch,3 tháng,Nhật Bản,5.900.000 đ
Đã sử dụng (chưa sửa chữa),Dell,Intel Core i3,4 GB,128 GB,,,,Bảo hành hãng,Đang cập nhật,950.000 đ
Đã sử dụng (chưa sửa chữa),Asus,Intel Core i5,8 GB,128 GB,,NVIDIA,15 - 16.9 inch,1 tháng,Đang cập nhật,3.900.000 đ
Đã sử dụng (chưa sửa chữa),Dell,Intel Core i5,8 GB,,,,,Bảo hành hãng,Đang cập nhật,4.200.000 đ
Đã sử dụng (chưa sửa chữa),Dell,Intel Core i5,8 GB,128 GB,,Onboard,15 - 16.9 inch,3 tháng,Việt Nam,2.400.000 đ
Đã sử dụng (chưa sửa chữa),Lenovo,Intel Core i5,8 GB,128 GB,,Onboard,13 - 14.9 inch,1 tháng,Đang cập nhật,2.950.000 đ
Đã sử dụng (chưa sửa chữa),Dell,Intel Celeron,4 GB,128 GB,,Onboard,15 - 16.9 inch,Bảo hành hãng,Đang cập nhật,4.490.000 đ
Đã sử dụng (chưa sửa chữa),Dell,,8 GB,256 GB,,,11 - 12.9 inch,1 tháng,Đang cập nhật,4.500.000 đ
Đã sử dụng (chưa sửa chữa),Dell,Intel Core i5,16 GB,256 GB,,Onboard,13 - 14.9 inch,Còn bảo hành,Mỹ,13.800.000 đ
Đã sử dụng (chưa sửa chữa),Microsoft,Intel Core i5,16 GB,1 TB,,Onboard,13 - 14.9 inch,3 tháng,Đang cập nhật,27.900.000 đ
Mới,HP,Intel Core i7,16 GB,512 GB,,,,Còn bảo hành,Mỹ,28.999.999 đ
Đã sử dụng (chưa sửa chữa),Apple,Intel Core i5,8 GB,256 GB,,Onboard,13 - 14.9 inch,Bảo hành hãng,Đang cập nhật,8.900.000 đ
Đã sử dụng (chưa sửa chữa),Acer,Intel Core i3,4 GB,128 GB,,,13 - 14.9 inch,Bảo hành hãng,Đang cập nhật,2.300.000 đ
Mới,HP,Intel Core i5,16 GB,512 GB,,Onboard,13 - 14.9 inch,7-12 tháng,Trung Quốc,11.500.000 đ
Đã sử dụng (chưa sửa chữa),Dell,Intel Core i5,8 GB,128 GB,,Onboard,15 - 16.9 inch,3 tháng,Trung Quốc,4.200.000 đ
Đã sử dụng (chưa sửa chữa),Asus,Intel Core i3,4 GB,128 GB,,NVIDIA,15 - 16.9 inch,1 tháng,Đang cập nhật,4.500.000 đ
Đã sử dụng (qua sửa chữa),Microsoft,Intel Core i5,8 GB,256 GB,,Khác,11 - 12.9 inch,1 tháng,Mỹ,6.500.000 đ
Đã sử dụng (chưa sửa chữa),Lenovo,,,,,,,Bảo hành hãng,Đang cập nhật,2.000.000 đ
Đã sử dụng (chưa sửa chữa),Apple,,8 GB,256 GB,,,13 - 14.9 inch,7-12 tháng,Việt Nam,15.990.000 đ
Đã sử dụng (chưa sửa chữa),Microsoft,Intel Core i5,8 GB,256 GB,,Onboard,13 - 14.9 inch,Hết bảo hành,Mỹ,7.000.000 đ
Đã sử dụng (chưa sửa chữa),Apple,Intel Core i7,4 GB,128 GB,,Onboard,13 - 14.9 inch,Hết bảo hành,Đang cập nhật,4.000.000 đ
Đã sử dụng (chưa sửa chữa),Lenovo,Intel Core i5,16 GB,256 GB,,Onboard,13 - 14.9 inch,Bảo hành hãng,Đang cập nhật,2.600.000 đ
Đã sử dụng (chưa sửa chữa),Asus,Ryzen 9,16 GB,512 GB,,NVIDIA,15 - 16.9 inch,7-12 tháng,Mỹ,25.300.000 đ
Đã sử dụng (chưa sửa chữa),Toshiba,Intel Core 2 Duo,2 GB,250 GB,,Onboard,15 - 16.9 inch,Hết bảo hành,Việt Nam,700.000 đ
Đã sử dụng (chưa sửa chữa),Lenovo,Intel Core i5,8 GB,256 GB,,Onboard,13 - 14.9 inch,3 tháng,Nhật Bản,3.900.000 đ
Đã sử dụng (chưa sửa chữa),Dell,,,,,,,Bảo hành hãng,Đang cập nhật,10.500.000 đ
Đã sử dụng (chưa sửa chữa),Dell,Intel Core i3,4 GB,250 GB,,NVIDIA,,Bảo hành hãng,Trung Quốc,1.200.000 đ
Đã sử dụng (chưa sửa chữa),Asus,Intel Core i3,8 GB,128 GB,,Onboard,15 - 16.9 inch,1 tháng,Đang cập nhật,4.500.000 đ
Đã sử dụng (chưa sửa chữa),HP,,,,,,,Bảo hành hãng,Đang cập nhật,4.500.000 đ
Đã sử dụng (chưa sửa chữa),Asus,,,,,,,Bảo hành hãng,Đang cập nhật,12.000.000 đ
Đã sử dụng (chưa sửa chữa),Dell,Intel Core i5,4 GB,128 GB,,Onboard,13 - 14.9 inch,Hết bảo hành,Mỹ,2.500.000 đ
Đã sử dụng (chưa sửa chữa),Dell,Intel Core i7,8 GB,256 GB,,Onboard,13 - 14.9 inch,3 tháng,Mỹ,5.800.000 đ
Đã sử dụng (chưa sửa chữa),Asus,Intel Core i5,8 GB,640 GB,,NVIDIA,15 - 16.9 inch,3 tháng,Đang cập nhật,5.200.000 đ
Đã sử dụng (chưa sửa chữa),Apple,Khác,8 GB,256 GB,,,13 - 14.9 inch,7-12 tháng,Đang cập nhật,22.200.000 đ
Đã sử dụng (chưa sửa chữa),HP,Intel Core i5,8 GB,640 GB,,AMD,13 - 14.9 inch,3 tháng,Nhật Bản,2.000.000 đ
Mới,Lenovo,Intel Core i9,16 GB,1 TB,,NVIDIA,15 - 16.9 inch,1 tháng,Mỹ,42.800.000 đ
Đã sử dụng (chưa sửa chữa),Toshiba,Intel Core i5,8 GB,256 GB,,Onboard,13 - 14.9 inch,Bảo hành hãng,Nhật Bản,4.450.000 đ
Đã sử dụng (chưa sửa chữa),HP,,,,,,,Bảo hành hãng,Đang cập nhật,3.900.000 đ
Đã sử dụng (chưa sửa chữa),Apple,Intel Core i5,8 GB,128 GB,,Onboard,13 - 14.9 inch,3 tháng,Đang cập nhật,6.900.000 đ
Đã sử dụng (chưa sửa chữa),Dell,Intel Core i5,8 GB,512 GB,,NVIDIA,15 - 16.9 inch,1 tháng,Mỹ,9.500.000 đ
Đã sử dụng (chưa sửa chữa),Hãng Khác,,4 GB,< 128 GB,,,11 - 12.9 inch,Bảo hành hãng,Đang cập nhật,2.300.000 đ
Đã sử dụng (chưa sửa chữa),Dell,Intel Core i5,8 GB,128 GB,,AMD,15 - 16.9 inch,Còn bảo hành,Đang cập nhật,5.500.000 đ
Đã sử dụng (chưa sửa chữa),HP,Intel Core i5,8 GB,256 GB,,Onboard,13 - 14.9 inch,1 tháng,Mỹ,7.300.000 đ
Đã sử dụng (chưa sửa chữa),HP,Intel Core i5,8 GB,256 GB,,NVIDIA,13 - 14.9 inch,3 tháng,Việt Nam,1.700.000 đ
Đã sử dụng (chưa sửa chữa),HP,,,,,,,Bảo hành hãng,Đang cập nhật,13.000.000 đ
Đã sử dụng (chưa sửa chữa),MSI,Intel Core i7,16 GB,512 GB,,NVIDIA,17 - 18.9 inch,Bảo hành hãng,Đang cập nhật,12.800.000 đ
Đã sử dụng (chưa sửa chữa),Dell,Intel Core i5,16 GB,256 GB,,Onboard,13 - 14.9 inch,4-6 tháng,Mỹ,15.400.000 đ
Đã sử dụng (chưa sửa chữa),Dell,Intel Core i3,8 GB,640 GB,,Onboard,13 - 14.9 inch,1 tháng,Đang cập nhật,4.800.000 đ
Đã sử dụng (chưa sửa chữa),Apple,Intel Core i7,16 GB,128 GB,,AMD,15 - 16.9 inch,Hết bảo hành,Đang cập nhật,6.000.000 đ
Đã sử dụng (chưa sửa chữa),Dell,Intel Core i5,8 GB,256 GB,,Onboard,13 - 14.9 inch,1 tháng,Mỹ,4.300.000 đ
Mới,Lenovo,Ryzen 7,8 GB,512 GB,,NVIDIA,15 - 16.9 inch,1 tháng,Mỹ,22.500.000 đ
Đã sử dụng (chưa sửa chữa),Dell,Intel Core i5,8 GB,128 GB,,Onboard,13 - 14.9 inch,1 tháng,Nhật Bản,3.500.000 đ
Đã sử dụng (chưa sửa chữa),Dell,Intel Core i7,8 GB,256 GB,,Khác,13 - 14.9 inch,Hết bảo hành,Hàn Quốc,5.500.000 đ
Đã sử dụng (chưa sửa chữa),Dell,Intel Core i5,8 GB,512 GB,,Onboard,13 - 14.9 inch,Còn bảo hành,Mỹ,12.800.000 đ
Đã sử dụng (chưa sửa chữa),HP,,,,,,,Bảo hành hãng,Đang cập nhật,15.500.000 đ
Đã sử dụng (chưa sửa chữa),Asus,Ryzen 9,16 GB,1 TB,,NVIDIA,13 - 14.9 inch,1 tháng,Đang cập nhật,22.990.000 đ
Đã sử dụng (chưa sửa chữa),Dell,Intel Core i5,8 GB,250 GB,,Onboard,11 - 12.9 inch,Bảo hành hãng,Đang cập nhật,4.299.999 đ
Mới,Microsoft,Intel Core i7,32 GB,1 TB,,Onboard,15 - 16.9 inch,1 tháng,Mỹ,35.000.000 đ
Đã sử dụng (chưa sửa chữa),Lenovo,Intel Core i7,8 GB,512 GB,,Khác,13 - 14.9 inch,Còn bảo hành,Đang cập nhật,5.000.000 đ
Đã sử dụng (chưa sửa chữa),Apple,Intel Core i7,16 GB,512 GB,,Onboard,13 - 14.9 inch,Còn bảo hành,Mỹ,16.800.000 đ
Đã sử dụng (chưa sửa chữa),HP,Intel Core i5,4 GB,128 GB,,Onboard,13 - 14.9 inch,Bảo hành hãng,Đang cập nhật,2.000.000 đ
Đã sử dụng (chưa sửa chữa),Acer,Intel Core i3,4 GB,128 GB,,,13 - 14.9 inch,1 tháng,Đang cập nhật,1.600.000 đ
Đã sử dụng (chưa sửa chữa),Dell,Intel Core i7,16 GB,256 GB,,Onboard,13 - 14.9 inch,4-6 tháng,Mỹ,15.500.000 đ
Đã sử dụng (chưa sửa chữa),Apple,Intel Core i7,16 GB,,,,,Bảo hành hãng,Đang cập nhật,19.990.000 đ
Đã sử dụng (chưa sửa chữa),Asus,Intel Core i5,4 GB,128 GB,,Onboard,15 - 16.9 inch,1 tháng,Đang cập nhật,3.200.000 đ
Đã sử dụng (chưa sửa chữa),Acer,Intel Celeron,6 GB,320 GB,,Onboard,15 - 16.9 inch,Bảo hành hãng,Việt Nam,1.500.000 đ
Đã sử dụng (chưa sửa chữa),Dell,Intel Core i5,8 GB,256 GB,,Onboard,15 - 16.9 inch,1 tháng,Mỹ,4.500.000 đ
Mới,Lenovo,Intel Core i9,32 GB,512 GB,,NVIDIA,15 - 16.9 inch,7-12 tháng,Mỹ,21.800.000 đ
Đã sử dụng (chưa sửa chữa),HP,Intel Core i5,8 GB,256 GB,,Onboard,15 - 16.9 inch,1 tháng,Đang cập nhật,7.700.000 đ
Đã sử dụng (chưa sửa chữa),Dell,,,,,,,Bảo hành hãng,Đang cập nhật,5.500.000 đ
Đã sử dụng (chưa sửa chữa),Dell,Intel Core i7,32 GB,512 GB,,AMD,15 - 16.9 inch,3 tháng,Mỹ,13.500.000 đ
Đã sử dụng (chưa sửa chữa),Hãng Khác,Intel Core i5,8 GB,256 GB,,Onboard,13 - 14.9 inch,Hết bảo hành,Đang cập nhật,3.500.000 đ
Đã sử dụng (chưa sửa chữa),Dell,Intel Core i7,8 GB,256 GB,,Onboard,11 - 12.9 inch,Còn bảo hành,Đang cập nhật,5.400.000 đ
Đã sử dụng (chưa sửa chữa),Dell,Intel Core i3,8 GB,1 TB,,AMD,15 - 16.9 inch,Còn bảo hành,Nhật Bản,5.500.000 đ
Đã sử dụng (chưa sửa chữa),Asus,Intel Core i5,8 GB,128 GB,,Onboard,15 - 16.9 inch,1 tháng,Đang cập nhật,4.200.000 đ
Đã sử dụng (chưa sửa chữa),Acer,,,,,,,Bảo hành hãng,Đang cập nhật,24.000.000 đ
Đã sử dụng (chưa sửa chữa),Dell,Intel Core i7,8 GB,128 GB,,NVIDIA,15 - 16.9 inch,3 tháng,Mỹ,3.800.000 đ
Đã sử dụng (chưa sửa chữa),Lenovo,Intel Core i5,16 GB,512 GB,,Onboard,13 - 14.9 inch,4-6 tháng,Mỹ,15.500.000 đ
Đã sử dụng (chưa sửa chữa),Lenovo,,4 GB,128 GB,,,,Bảo hành hãng,Đang cập nhật,2.500.000 đ
Đã sử dụng (chưa sửa chữa),Dell,Intel Core i7,16 GB,512 GB,,NVIDIA,15 - 16.9 inch,>12 tháng,Việt Nam,14.900.000 đ
Đã sử dụng (chưa sửa chữa),Apple,,,,,,,Bảo hành hãng,Đang cập nhật,10.500.000 đ
Đã sử dụng (chưa sửa chữa),Dell,Intel Core i5,4 GB,128 GB,,Onboard,13 - 14.9 inch,1 tháng,Việt Nam,2.399.000 đ
Đã sử dụng (chưa sửa chữa),Apple,Intel Core i7,16 GB,512 GB,,Onboard,13 - 14.9 inch,1 tháng,Đang cập nhật,13.400.000 đ
Đã sử dụng (chưa sửa chữa),Dell,,,,,,,Bảo hành hãng,Đang cập nhật,4.300.000 đ
Đã sử dụng (chưa sửa chữa),Apple,Intel Core i5,8 GB,128 GB,,Khác,13 - 14.9 inch,Hết bảo hành,Hàn Quốc,5.999.999 đ
Đã sử dụng (chưa sửa chữa),Dell,Intel Core i3,4 GB,256 GB,,Onboard,13 - 14.9 inch,Hết bảo hành,Mỹ,3.000.000 đ
Đã sử dụng (chưa sửa chữa),Asus,,,,,,,Bảo hành hãng,Đang cập nhật,5.200.000 đ
Mới,Apple,Khác,8 GB,256 GB,,Onboard,13 - 14.9 inch,7-12 tháng,Đang cập nhật,25.400.000 đ
Đã sử dụng (chưa sửa chữa),HP,Intel Core i5,8 GB,256 GB,,Khác,13 - 14.9 inch,1 tháng,Nhật Bản,6.200.000 đ
Đã sử dụng (chưa sửa chữa),Dell,Intel Core i7,8 GB,1 TB,,AMD,15 - 16.9 inch,Hết bảo hành,Mỹ,5.000.000 đ
Đã sử dụng (chưa sửa chữa),Toshiba,Intel Core i5,8 GB,256 GB,,Onboard,15 - 16.9 inch,Bảo hành hãng,Đang cập nhật,6.500.000 đ
Đã sử dụng (chưa sửa chữa),Asus,Intel Core i5,16 GB,512 GB,,NVIDIA,15 - 16.9 inch,Còn bảo hành,Việt Nam,27.900.000 đ
Đã sử dụng (chưa sửa chữa),Lenovo,Intel Core i3,8 GB,512 GB,,,,Bảo hành hãng,Đang cập nhật,6.350.000 đ
Đã sử dụng (chưa sửa chữa),Asus,Intel Core i7,16 GB,< 128 GB,,NVIDIA,15 - 16.9 inch,Bảo hành hãng,Đang cập nhật,7.800.000 đ
Đã sử dụng (chưa sửa chữa),Lenovo,Intel Core i5,8 GB,256 GB,,Onboard,13 - 14.9 inch,Còn bảo hành,Đang cập nhật,6.500.000 đ
Đã sử dụng (chưa sửa chữa),Lenovo,Intel Core i5,8 GB,256 GB,,,13 - 14.9 inch,3 tháng,Mỹ,3.700.000 đ
Đã sử dụng (chưa sửa chữa),Lenovo,Intel Core i7,8 GB,256 GB,,Onboard,11 - 12.9 inch,Bảo hành hãng,Đang cập nhật,7.990.000 đ
Đã sử dụng (chưa sửa chữa),Asus,Ryzen 3,4 GB,512 GB,,AMD,15 - 16.9 inch,3 tháng,Việt Nam,5.000.000 đ
Đã sử dụng (chưa sửa chữa),HP,Intel Core i3,4 GB,256 GB,,Onboard,15 - 16.9 inch,Bảo hành hãng,Đang cập nhật,2.800.000 đ
Mới,Acer,Intel Celeron,4 GB,256 GB,,Onboard,13 - 14.9 inch,Bảo hành hãng,Trung Quốc,4.000.000 đ
Đã sử dụng (chưa sửa chữa),Dell,,,,,,,Bảo hành hãng,Đang cập nhật,11.000.000 đ
Đã sử dụng (chưa sửa chữa),Lenovo,Khác,8 GB,512 GB,,,13 - 14.9 inch,4-6 tháng,Trung Quốc,9.200.000 đ
Đã sử dụng (chưa sửa chữa),Dell,Intel Core i3,4 GB,500 GB,,,< 9 inch,Bảo hành hãng,Đang cập nhật,2.500.000 đ
Đã sử dụng (chưa sửa chữa),Dell,Intel Core i7,8 GB,1 TB,,AMD,15 - 16.9 inch,Hết bảo hành,Đang cập nhật,6.500.000 đ
Đã sử dụng (chưa sửa chữa),Asus,Intel Core i5,8 GB,512 GB,,NVIDIA,15 - 16.9 inch,3 tháng,Việt Nam,5.900.000 đ
Đã sử dụng (chưa sửa chữa),Asus,Intel Core i5,8 GB,256 GB,,NVIDIA,15 - 16.9 inch,Hết bảo hành,Đang cập nhật,1.900.000 đ
Đã sử dụng (chưa sửa chữa),Dell,Intel Core i5,8 GB,256 GB,,,13 - 14.9 inch,1 tháng,Đang cập nhật,7.490.000 đ
Đã sử dụng (chưa sửa chữa),Dell,,,,,,,Bảo hành hãng,Đang cập nhật,3.500.000 đ
Mới,Apple,Khác,16 GB,512 GB,,Khác,13 - 14.9 inch,Bảo hành hãng,Đang cập nhật,34.490.000 đ
Đã sử dụng (chưa sửa chữa),Dell,Intel Core i7,16 GB,512 GB,,Khác,15 - 16.9 inch,Hết bảo hành,Mỹ,14.500.000 đ
Đã sử dụng (chưa sửa chữa),MSI,Intel Core i5,8 GB,512 GB,,NVIDIA,15 - 16.9 inch,1 tháng,Đài Loan,9.000.000 đ
Đã sử dụng (chưa sửa chữa),HP,Intel Core i7,8 GB,1 TB,,NVIDIA,15 - 16.9 inch,Hết bảo hành,Việt Nam,6.800.000 đ
Đã sử dụng (chưa sửa chữa),Asus,Ryzen 7,8 GB,512 GB,,NVIDIA,15 - 16.9 inch,3 tháng,Đài Loan,14.900.000 đ
Đã sử dụng (chưa sửa chữa),Apple,Intel Core i7,32 GB,256 GB,,Khác,15 - 16.9 inch,Còn bảo hành,Nước khác,16.500.000 đ
Đã sử dụng (chưa sửa chữa),Microsoft,Intel Core i5,8 GB,256 GB,,,11 - 12.9 inch,1 tháng,Đang cập nhật,6.490.000 đ
Đã sử dụng (chưa sửa chữa),Dell,,,,,,,Bảo hành hãng,Đang cập nhật,4.500.000 đ
Đã sử dụng (chưa sửa chữa),Dell,Intel Core i7,16 GB,256 GB,,Onboard,13 - 14.9 inch,4-6 tháng,Mỹ,8.200.000 đ
Đã sử dụng (chưa sửa chữa),Lenovo,Intel Core i7,8 GB,250 GB,,Onboard,13 - 14.9 inch,Còn bảo hành,Đang cập nhật,5.000.000 đ
Đã sử dụng (chưa sửa chữa),Hãng Khác,Intel Core i5,8 GB,256 GB,,Onboard,13 - 14.9 inch,Hết bảo hành,Đang cập nhật,4.799.999 đ
Đã sử dụng (chưa sửa chữa),Lenovo,Intel Core i7,16 GB,256 GB,,Onboard,13 - 14.9 inch,3 tháng,Mỹ,13.500.000 đ
Đã sử dụng (qua sửa chữa),Dell,Intel Core i5,4 GB,250 GB,,,13 - 14.9 inch,Hết bảo hành,Đang cập nhật,4.300.000 đ
Đã sử dụng (chưa sửa chữa),HP,,,,,,,Bảo hành hãng,Đang cập nhật,4.800.000 đ
Đã sử dụng (chưa sửa chữa),Apple,,16 GB,256 GB,,,13 - 14.9 inch,Còn bảo hành,Việt Nam,28.000.000 đ
Đã sử dụng (chưa sửa chữa),Apple,,,,,,,Bảo hành hãng,Đang cập nhật,15.990.000 đ
Đã sử dụng (chưa sửa chữa),Apple,,,,,,,Bảo hành hãng,Đang cập nhật,28.990.000 đ
Đã sử dụng (chưa sửa chữa),Lenovo,Intel Core i5,16 GB,256 GB,,Onboard,13 - 14.9 inch,4-6 tháng,Mỹ,7.200.000 đ
Đã sử dụng (chưa sửa chữa),Dell,Intel Core i9,16 GB,512 GB,,NVIDIA,15 - 16.9 inch,4-6 tháng,Mỹ,13.990.000 đ
Đã sử dụng (chưa sửa chữa),HP,Intel Pentium,4 GB,500 GB,,Onboard,13 - 14.9 inch,Bảo hành hãng,Trung Quốc,1.650.000 đ
Đã sử dụng (chưa sửa chữa),Apple,,,,,,,Bảo hành hãng,Đang cập nhật,22.790.000 đ
Đã sử dụng (chưa sửa chữa),Dell,Intel Core i5,8 GB,256 GB,,Onboard,15 - 16.9 inch,3 tháng,Mỹ,5.000.000 đ
Đã sử dụng (qua sửa chữa),Acer,Intel Core i3,4 GB,750 GB,,NVIDIA,13 - 14.9 inch,Bảo hành hãng,Đang cập nhật,1.600.000 đ
Đã sử dụng (chưa sửa chữa),Lenovo,,,,,,,Bảo hành hãng,Đang cập nhật,20.300.000 đ
Mới,Microsoft,Intel Core i5,8 GB,256 GB,,,15 - 16.9 inch,3 tháng,Việt Nam,10.500.000 đ
Đã sử dụng (chưa sửa chữa),HP,Intel Core i5,8 GB,256 GB,,,15 - 16.9 inch,Bảo hành hãng,Nhật Bản,3.000.000 đ
Đã sử dụng (chưa sửa chữa),Asus,Intel Core i5,8 GB,128 GB,,NVIDIA,,Bảo hành hãng,Đang cập nhật,6.700.000 đ
Đã sử dụng (chưa sửa chữa),Dell,Intel Core i5,4 GB,< 128 GB,,Khác,13 - 14.9 inch,1 tháng,Nước khác,2.190.000 đ
Đã sử dụng (chưa sửa chữa),Apple,Khác,8 GB,256 GB,,,13 - 14.9 inch,Bảo hành hãng,Đang cập nhật,14.590.000 đ
Đã sử dụng (chưa sửa chữa),HP,,,,,,,Bảo hành hãng,Đang cập nhật,2.500.000 đ
Đã sử dụng (chưa sửa chữa),Apple,Intel Core i7,8 GB,128 GB,,,,1 tháng,Đang cập nhật,3.350.000 đ
Đã sử dụng (qua sửa chữa),Lenovo,Intel Celeron,2 GB,320 GB,,Onboard,15 - 16.9 inch,Hết bảo hành,Nước khác,500.000 đ
Đã sử dụng (chưa sửa chữa),Dell,Intel Core i7,8 GB,256 GB,,Khác,11 - 12.9 inch,3 tháng,Đang cập nhật,4.450.000 đ
Đã sử dụng (chưa sửa chữa),Lenovo,Intel Core i5,8 GB,256 GB,,Onboard,13 - 14.9 inch,Còn bảo hành,Việt Nam,21.000.000 đ
Đã sử dụng (chưa sửa chữa),Dell,,4 GB,250 GB,,,,Bảo hành hãng,Đang cập nhật,999.000 đ
Đã sử dụng (chưa sửa chữa),Hãng Khác,Intel Atom,1 GB,128 GB,,,9 - 10.9 inch,Bảo hành hãng,Đang cập nhật,800.000 đ
Đã sử dụng (chưa sửa chữa),Apple,,,,,,,Bảo hành hãng,Đang cập nhật,14.990.000 đ
Đã sử dụng (chưa sửa chữa),Dell,Intel Core i3,8 GB,128 GB,,Khác,13 - 14.9 inch,Hết bảo hành,Nhật Bản,4.000.000 đ
Đã sử dụng (chưa sửa chữa),Apple,,,,,,,Bảo hành hãng,Đang cập nhật,14.990.000 đ
Đã sử dụng (chưa sửa chữa),Dell,Intel Core i5,8 GB,256 GB,,Onboard,13 - 14.9 inch,4-6 tháng,Mỹ,11.990.000 đ
Đã sử dụng (chưa sửa chữa),Lenovo,Intel Celeron,8 GB,128 GB,,Onboard,15 - 16.9 inch,1 tháng,Mỹ,2.900.000 đ
Đã sử dụng (chưa sửa chữa),Lenovo,,,,,,,Bảo hành hãng,Đang cập nhật,5.100.000 đ
Đã sử dụng (chưa sửa chữa),Dell,Intel Core i3,8 GB,128 GB,,Onboard,13 - 14.9 inch,3 tháng,Đang cập nhật,4.500.000 đ
Đã sử dụng (chưa sửa chữa),Dell,Intel Core i9,32 GB,1 TB,,NVIDIA,15 - 16.9 inch,7-12 tháng,Đang cập nhật,18.500.000 đ
Mới,Dell,,,,,,,Bảo hành hãng,Mỹ,9.700.000 đ
Đã sử dụng (qua sửa chữa),Apple,,,,,,,Bảo hành hãng,Đang cập nhật,5.000.000 đ
Đã sử dụng (chưa sửa chữa),Sony,Intel Core i3,2 GB,500 GB,,,,Bảo hành hãng,Đang cập nhật,450.000 đ
Đã sử dụng (chưa sửa chữa),HP,Intel Core i5,8 GB,256 GB,,Onboard,13 - 14.9 inch,3 tháng,Đang cập nhật,12.000.000 đ
Đã sử dụng (chưa sửa chữa),Apple,,,,,,,Bảo hành hãng,Đang cập nhật,12.000.000 đ
Đã sử dụng (chưa sửa chữa),Apple,Intel Core i7,8 GB,256 GB,,NVIDIA,15 - 16.9 inch,2 tháng,Đang cập nhật,2.500.000 đ
Đã sử dụng (chưa sửa chữa),HP,Intel Core i3,8 GB,< 128 GB,,Khác,15 - 16.9 inch,Bảo hành hãng,Việt Nam,3.500.000 đ
Đã sử dụng (chưa sửa chữa),HP,Intel Core i7,8 GB,512 GB,,Onboard,15 - 16.9 inch,3 tháng,Đang cập nhật,11.000.000 đ
Đã sử dụng (chưa sửa chữa),Lenovo,Intel Core i5,4 GB,,,,,Bảo hành hãng,Đang cập nhật,1.400.000 đ
Đã sử dụng (qua sửa chữa),Apple,AMD,4 GB,500 GB,,Onboard,15 - 16.9 inch,1 tháng,Đang cập nhật,2.200.000 đ
Mới,Dell,Intel Core i7,8 GB,256 GB,,,13 - 14.9 inch,3 tháng,Đang cập nhật,9.600.000 đ
Đã sử dụng (chưa sửa chữa),Dell,Intel Core i5,8 GB,256 GB,,Onboard,13 - 14.9 inch,3 tháng,Đang cập nhật,6.900.000 đ
Đã sử dụng (chưa sửa chữa),Lenovo,Intel Core i5,16 GB,512 GB,,Onboard,13 - 14.9 inch,3 tháng,Đang cập nhật,7.290.000 đ
Đã sử dụng (chưa sửa chữa),Dell,Intel Core i3,8 GB,128 GB,,Onboard,15 - 16.9 inch,1 tháng,Đang cập nhật,3.200.000 đ
Đã sử dụng (chưa sửa chữa),HP,Intel Core i5,6 GB,256 GB,,Onboard,13 - 14.9 inch,4-6 tháng,Nhật Bản,6.500.000 đ
Đã sử dụng (chưa sửa chữa),Dell,Intel Core i7,16 GB,256 GB,,NVIDIA,15 - 16.9 inch,Bảo hành hãng,Đang cập nhật,3.900.000 đ
Đã sử dụng (chưa sửa chữa),Dell,Intel Core i7,16 GB,256 GB,,NVIDIA,15 - 16.9 inch,Còn bảo hành,Mỹ,13.700.000 đ
Đã sử dụng (chưa sửa chữa),Lenovo,Intel Core i7,16 GB,500 GB,,Onboard,13 - 14.9 inch,Hết bảo hành,Đang cập nhật,9.200.000 đ
Đã sử dụng (chưa sửa chữa),Lenovo,Intel Core i5,16 GB,128 GB,,NVIDIA,15 - 16.9 inch,3 tháng,Đang cập nhật,11.000.000 đ
Đã sử dụng (chưa sửa chữa),Microsoft,Intel Core i5,8 GB,256 GB,,,11 - 12.9 inch,Bảo hành hãng,Đang cập nhật,7.000.000 đ
Đã sử dụng (qua sửa chữa),Dell,Intel Core i5,8 GB,256 GB,,,,4-6 tháng,Nhật Bản,5.200.000 đ
Đã sử dụng (chưa sửa chữa),Dell,Intel Core i7,,,,,,Bảo hành hãng,Đang cập nhật,3.850.000 đ
Đã sử dụng (chưa sửa chữa),Dell,Intel Core i5,8 GB,256 GB,,Onboard,15 - 16.9 inch,3 tháng,Mỹ,4.800.000 đ
Đã sử dụng (chưa sửa chữa),Dell,Intel Core i3,4 GB,128 GB,,Onboard,13 - 14.9 inch,Hết bảo hành,Việt Nam,2.000.000 đ
Mới,HP,,,,,,,3 tháng,Đang cập nhật,8.500.000 đ
Đã sử dụng (chưa sửa chữa),Acer,Intel Core i5,8 GB,512 GB,,NVIDIA,15 - 16.9 inch,3 tháng,Việt Nam,8.900.000 đ
Đã sử dụng (chưa sửa chữa),Apple,,16 GB,256 GB,,,13 - 14.9 inch,4-6 tháng,Mỹ,21.490.000 đ
Đã sử dụng (chưa sửa chữa),Apple,,,,,,,Bảo hành hãng,Đang cập nhật,15.000.000 đ
Đã sử dụng (chưa sửa chữa),Panasonic,Intel Core i5,8 GB,256 GB,,Onboard,11 - 12.9 inch,1 tháng,Nhật Bản,3.300.000 đ
Đã sử dụng (chưa sửa chữa),Apple,,8 GB,256 GB,,,13 - 14.9 inch,4-6 tháng,Mỹ,22.990.000 đ
Đã sử dụng (chưa sửa chữa),Acer,,,,,,,Bảo hành hãng,Đang cập nhật,13.390.000 đ
Đã sử dụng (chưa sửa chữa),Dell,,8 GB,,,NVIDIA,15 - 16.9 inch,7-12 tháng,Đang cập nhật,4.300.000 đ
Đã sử dụng (chưa sửa chữa),Apple,Intel Core i5,8 GB,256 GB,,,13 - 14.9 inch,1 tháng,Đang cập nhật,5.500.000 đ
Đã sử dụng (chưa sửa chữa),Apple,,32 GB,512 GB,,Onboard,13 - 14.9 inch,4-6 tháng,Mỹ,33.490.000 đ
Đã sử dụng (chưa sửa chữa),Hãng Khác,Intel Core i5,4 GB,128 GB,,,,Bảo hành hãng,Đang cập nhật,3.990.000 đ
Đã sử dụng (chưa sửa chữa),HP,Intel Core i7,8 GB,128 GB,,Onboard,11 - 12.9 inch,1 tháng,Mỹ,2.500.000 đ
Đã sử dụng (chưa sửa chữa),Dell,Intel Core i5,8 GB,256 GB,,Onboard,15 - 16.9 inch,1 tháng,Nhật Bản,3.700.000 đ
Đã sử dụng (chưa sửa chữa),Asus,,,,,,,Bảo hành hãng,Đang cập nhật,15.600.000 đ
Đã sử dụng (chưa sửa chữa),Acer,Ryzen 7,16 GB,512 GB,,NVIDIA,15 - 16.9 inch,Hết bảo hành,Việt Nam,16.300.000 đ
Đã sử dụng (chưa sửa chữa),HP,Intel Core i5,8 GB,256 GB,,Onboard,13 - 14.9 inch,4-6 tháng,Mỹ,5.800.000 đ
Đã sử dụng (chưa sửa chữa),Dell,Intel Core i7,16 GB,256 GB,,Onboard,13 - 14.9 inch,3 tháng,Đang cập nhật,9.500.000 đ
Đã sử dụng (chưa sửa chữa),Asus,Intel Core i5,8 GB,512 GB,,Onboard,15 - 16.9 inch,3 tháng,Việt Nam,11.490.000 đ
Đã sử dụng (chưa sửa chữa),Hãng Khác,Intel Core i5,16 GB,512 GB,,NVIDIA,15 - 16.9 inch,3 tháng,Đang cập nhật,14.500.000 đ
Đã sử dụng (chưa sửa chữa),Asus,Intel Core i5,8 GB,128 GB,,NVIDIA,15 - 16.9 inch,1 tháng,Đang cập nhật,7.500.000 đ
Đã sử dụng (chưa sửa chữa),Apple,Intel Core i5,8 GB,128 GB,,,13 - 14.9 inch,1 tháng,Đang cập nhật,6.500.000 đ
Đã sử dụng (chưa sửa chữa),HP,Intel Core i5,8 GB,250 GB,,Onboard,13 - 14.9 inch,Bảo hành hãng,Đang cập nhật,6.000.000 đ
Đã sử dụng (chưa sửa chữa),Dell,Intel Core i3,8 GB,512 GB,,Khác,15 - 16.9 inch,Hết bảo hành,Việt Nam,4.500.000 đ
Đã sử dụng (chưa sửa chữa),Apple,Intel Core i5,8 GB,128 GB,,Onboard,13 - 14.9 inch,Bảo hành hãng,Đang cập nhật,4.500.000 đ
Đã sử dụng (chưa sửa chữa),Asus,Intel Core i5,4 GB,1 TB,,Onboard,15 - 16.9 inch,Hết bảo hành,Nhật Bản,3.500.000 đ
Đã sử dụng (chưa sửa chữa),HP,Intel Core i7,16 GB,512 GB,,NVIDIA,15 - 16.9 inch,7-12 tháng,Nước khác,18.500.000 đ
Đã sử dụng (chưa sửa chữa),Dell,Intel Core i5,8 GB,500 GB,,Onboard,15 - 16.9 inch,Bảo hành hãng,Mỹ,1.600.000 đ
Đã sử dụng (chưa sửa chữa),Dell,Intel Core i3,8 GB,128 GB,,Onboard,13 - 14.9 inch,1 tháng,Đang cập nhật,2.600.000 đ
Đã sử dụng (chưa sửa chữa),Lenovo,Intel Core i7,16 GB,256 GB,,Onboard,13 - 14.9 inch,3 tháng,Việt Nam,13.990.000 đ
Đã sử dụng (chưa sửa chữa),Acer,,,320 GB,,Onboard,9 - 10.9 inch,Bảo hành hãng,Đài Loan,950.000 đ
Đã sử dụng (chưa sửa chữa),HP,Intel Core i7,16 GB,256 GB,,Onboard,15 - 16.9 inch,3 tháng,Mỹ,8.800.000 đ
Đã sử dụng (chưa sửa chữa),Dell,,,,,,,Bảo hành hãng,Đang cập nhật,11.500.000 đ
Đã sử dụng (chưa sửa chữa),HP,Intel Core i5,4 GB,128 GB,,Onboard,11 - 12.9 inch,3 tháng,Mỹ,2.400.000 đ
Đã sử dụng (chưa sửa chữa),Sony,Intel Core i5,8 GB,128 GB,,Onboard,15 - 16.9 inch,3 tháng,Nhật Bản,3.400.000 đ
Đã sử dụng (chưa sửa chữa),Lenovo,Intel Core i5,8 GB,128 GB,,Onboard,13 - 14.9 inch,Bảo hành hãng,Đang cập nhật,5.200.000 đ
Đã sử dụng (chưa sửa chữa),Asus,,,,,,,Còn bảo hành,Đang cập nhật,6.000.000 đ
Đã sử dụng (chưa sửa chữa),Sony,Intel Core i5,4 GB,256 GB,,Onboard,13 - 14.9 inch,Còn bảo hành,Nhật Bản,1.300.000 đ
Đã sử dụng (chưa sửa chữa),Dell,Intel Core i5,8 GB,256 GB,,Onboard,11 - 12.9 inch,4-6 tháng,Đang cập nhật,5.700.000 đ
Đã sử dụng (chưa sửa chữa),Asus,Intel Core i3,4 GB,256 GB,,Onboard,15 - 16.9 inch,3 tháng,Việt Nam,6.500.000 đ
Đã sử dụng (chưa sửa chữa),Apple,Khác,16 GB,512 GB,,Khác,13 - 14.9 inch,Bảo hành hãng,Đang cập nhật,32.000.000 đ
Đã sử dụng (chưa sửa chữa),Dell,Intel Core i5,8 GB,256 GB,,Khác,15 - 16.9 inch,Hết bảo hành,Đang cập nhật,5.999.999 đ
Đã sử dụng (chưa sửa chữa),Lenovo,Intel Core i7,16 GB,512 GB,,AMD,13 - 14.9 inch,Bảo hành hãng,Nhật Bản,8.400.000 đ
Đã sử dụng (chưa sửa chữa),Lenovo,Intel Core i7,16 GB,512 GB,,NVIDIA,15 - 16.9 inch,1 tháng,Đang cập nhật,7.900.000 đ
Đã sử dụng (chưa sửa chữa),Acer,Intel Core i3,8 GB,512 GB,,Onboard,15 - 16.9 inch,3 tháng,Việt Nam,5.900.000 đ
Đã sử dụng (chưa sửa chữa),Apple,Intel Core i5,4 GB,,,,13 - 14.9 inch,Bảo hành hãng,Đang cập nhật,4.500.000 đ
Đã sử dụng (chưa sửa chữa),Lenovo,Ryzen 5,8 GB,512 GB,,AMD,15 - 16.9 inch,7-12 tháng,Việt Nam,9.000.000 đ
Đã sử dụng (chưa sửa chữa),Lenovo,Ryzen 5,8 GB,512 GB,,AMD,15 - 16.9 inch,7-12 tháng,Việt Nam,9.000.000 đ
Đã sử dụng (chưa sửa chữa),Dell,Intel Core i5,8 GB,256 GB,,Onboard,13 - 14.9 inch,4-6 tháng,Mỹ,6.700.000 đ
Đã sử dụng (chưa sửa chữa),HP,Intel Core i7,16 GB,256 GB,,Onboard,13 - 14.9 inch,3 tháng,Mỹ,6.900.000 đ
Đã sử dụng (qua sửa chữa),Asus,Intel Core i3,4 GB,320 GB,,,13 - 14.9 inch,Bảo hành hãng,Đang cập nhật,1.990.000 đ
Đã sử dụng (chưa sửa chữa),Apple,Intel Core i7,16 GB,512 GB,,,,Bảo hành hãng,Đang cập nhật,18.600.000 đ
Mới,Hãng Khác,,,,,,,Bảo hành hãng,Việt Nam,3.400.000 đ
Đã sử dụng (chưa sửa chữa),HP,Ryzen 5,8 GB,128 GB,,,13 - 14.9 inch,Hết bảo hành,Đang cập nhật,10.500.000 đ
Đã sử dụng (chưa sửa chữa),HP,,,256 GB,,,,Bảo hành hãng,Đang cập nhật,7.390.000 đ
Đã sử dụng (chưa sửa chữa),Apple,Intel Core i7,8 GB,128 GB,,Onboard,15 - 16.9 inch,Còn bảo hành,Nước khác,3.000.000 đ
Đã sử dụng (chưa sửa chữa),HP,Intel Core i3,4 GB,256 GB,,Onboard,15 - 16.9 inch,1 tháng,Đang cập nhật,5.800.000 đ
Mới,Asus,Intel Core i5,16 GB,512 GB,,NVIDIA,15 - 16.9 inch,Bảo hành hãng,Nước khác,17.990.000 đ
Đã sử dụng (qua sửa chữa),Dell,Intel Core i5,8 GB,256 GB,,Onboard,13 - 14.9 inch,4-6 tháng,Mỹ,5.800.000 đ
Đã sử dụng (chưa sửa chữa),Acer,Intel Core i5,8 GB,128 GB,,Onboard,13 - 14.9 inch,Bảo hành hãng,Đang cập nhật,4.000.000 đ
Đã sử dụng (chưa sửa chữa),Dell,Ryzen 5,16 GB,512 GB,,NVIDIA,15 - 16.9 inch,1 tháng,Đang cập nhật,14.800.000 đ
Đã sử dụng (chưa sửa chữa),Asus,Intel Core i3,4 GB,250 GB,,Khác,15 - 16.9 inch,4-6 tháng,Nước khác,1.700.000 đ
Đã sử dụng (chưa sửa chữa),MSI,Intel Core i5,8 GB,512 GB,,NVIDIA,15 - 16.9 inch,1 tháng,Đang cập nhật,12.900.000 đ
Mới,HP,Intel Core i7,16 GB,512 GB,,AMD,15 - 16.9 inch,Hết bảo hành,Việt Nam,8.500.000 đ
Đã sử dụng (chưa sửa chữa),Dell,Intel Core i5,4 GB,128 GB,,Onboard,13 - 14.9 inch,Còn bảo hành,Đang cập nhật,5.500.000 đ
Đã sử dụng (chưa sửa chữa),Microsoft,,,,,,,Bảo hành hãng,Đang cập nhật,7.390.000 đ
Đã sử dụng (chưa sửa chữa),Lenovo,Intel Core i5,4 GB,500 GB,,,13 - 14.9 inch,Bảo hành hãng,Đang cập nhật,2.450.000 đ
Đã sử dụng (chưa sửa chữa),Dell,Intel Core i7,16 GB,512 GB,,NVIDIA,15 - 16.9 inch,Còn bảo hành,Việt Nam,12.900.000 đ
Đã sử dụng (chưa sửa chữa),Lenovo,Intel Core i5,16 GB,512 GB,,Onboard,13 - 14.9 inch,>12 tháng,Việt Nam,13.999.000 đ
Đã sử dụng (chưa sửa chữa),Apple,Khác,8 GB,256 GB,,Khác,11 - 12.9 inch,Hết bảo hành,Đang cập nhật,3.333.333 đ
Đã sử dụng (chưa sửa chữa),Dell,Intel Core i5,8 GB,256 GB,,Onboard,13 - 14.9 inch,3 tháng,Mỹ,4.800.000 đ
Đã sử dụng (chưa sửa chữa),Lenovo,Intel Core i7,16 GB,256 GB,,,13 - 14.9 inch,Bảo hành hãng,Đang cập nhật,9.000.000 đ
Mới,Hãng Khác,Intel Core i5,16 GB,512 GB,,NVIDIA,15 - 16.9 inch,Còn bảo hành,Việt Nam,16.500.000 đ
Đã sử dụng (chưa sửa chữa),Apple,Intel Core i5,8 GB,128 GB,,Onboard,13 - 14.9 inch,Hết bảo hành,Đang cập nhật,5.999.999 đ
Đã sử dụng (chưa sửa chữa),Apple,,,,,,,Bảo hành hãng,Đang cập nhật,2.500.000 đ
Đã sử dụng (chưa sửa chữa),Apple,Intel Core i5,8 GB,256 GB,,Khác,13 - 14.9 inch,Còn bảo hành,Việt Nam,3.150.000 đ
Mới,Dell,Intel Core i5,4 GB,128 GB,,,,Bảo hành hãng,Việt Nam,4.500.000 đ
Đã sử dụng (chưa sửa chữa),Panasonic,Intel Core i5,8 GB,256 GB,,,11 - 12.9 inch,Còn bảo hành,Đang cập nhật,4.450.000 đ
Đã sử dụng (chưa sửa chữa),Apple,Intel Core i5,8 GB,< 128 GB,,Onboard,11 - 12.9 inch,1 tháng,Đang cập nhật,5.555.555 đ
Đã sử dụng (chưa sửa chữa),MSI,Intel Core i7,8 GB,500 GB,,NVIDIA,15 - 16.9 inch,3 tháng,Đài Loan,14.500.000 đ
Đã sử dụng (qua sửa chữa),Dell,Intel Core i7,32 GB,256 GB,,NVIDIA,15 - 16.9 inch,Hết bảo hành,Mỹ,6.500.000 đ
Đã sử dụng (chưa sửa chữa),Acer,Intel Core i5,8 GB,512 GB,,NVIDIA,15 - 16.9 inch,Hết bảo hành,Đang cập nhật,5.300.000 đ
Mới,Asus,,,,,,,Bảo hành hãng,Việt Nam,37.990.000 đ
Đã sử dụng (chưa sửa chữa),Toshiba,Intel Core i5,8 GB,256 GB,,Onboard,13 - 14.9 inch,3 tháng,Nhật Bản,3.900.000 đ
Đã sử dụng (chưa sửa chữa),Acer,,,,,,,Bảo hành hãng,Đang cập nhật,7.990.000 đ
Đã sử dụng (chưa sửa chữa),Dell,Intel Core i3,4 GB,250 GB,,,,2 tháng,Đang cập nhật,3.800.000 đ
Đã sử dụng (chưa sửa chữa),Acer,Intel Core i7,8 GB,512 GB,,NVIDIA,15 - 16.9 inch,3 tháng,Đài Loan,15.500.000 đ
Đã sử dụng (chưa sửa chữa),Lenovo,Intel Core i5,16 GB,500 GB,,NVIDIA,15 - 16.9 inch,1 tháng,Việt Nam,9.500.000 đ
Đã sử dụng (chưa sửa chữa),Dell,Intel Core i7,8 GB,256 GB,,Onboard,13 - 14.9 inch,Hết bảo hành,Mỹ,6.500.000 đ
Đã sử dụng (chưa sửa chữa),MSI,Intel Core i5,8 GB,512 GB,,NVIDIA,15 - 16.9 inch,Hết bảo hành,Đang cập nhật,8.500.000 đ
Đã sử dụng (qua sửa chữa),Dell,Intel Core i7,32 GB,256 GB,,NVIDIA,15 - 16.9 inch,Hết bảo hành,Mỹ,6.600.000 đ
Đã sử dụng (chưa sửa chữa),Apple,Intel Core i5,,,,,,Bảo hành hãng,Đang cập nhật,4.000.000 đ
Đã sử dụng (chưa sửa chữa),Apple,Intel Core i5,8 GB,128 GB,,,13 - 14.9 inch,Bảo hành hãng,Nước khác,6.490.000 đ
Đã sử dụng (chưa sửa chữa),Dell,Intel Core i5,8 GB,256 GB,,Onboard,13 - 14.9 inch,Bảo hành hãng,Đang cập nhật,4.999.000 đ
Đã sử dụng (chưa sửa chữa),Asus,Intel Core i5,8 GB,128 GB,,Onboard,15 - 16.9 inch,Còn bảo hành,Việt Nam,3.200.000 đ
Đã sử dụng (qua sửa chữa),Acer,Intel Core i3,1 GB,,,,,Bảo hành hãng,Đang cập nhật,400.000 đ
Đã sử dụng (chưa sửa chữa),Dell,,,,,,,Bảo hành hãng,Đang cập nhật,7.900.000 đ
Đã sử dụng (chưa sửa chữa),Apple,Intel Core i5,8 GB,256 GB,,,13 - 14.9 inch,Hết bảo hành,Việt Nam,12.000.000 đ
Đã sử dụng (chưa sửa chữa),Dell,,,,,,,Bảo hành hãng,Đang cập nhật,7.900.000 đ
Đã sử dụng (chưa sửa chữa),HP,Intel Core i5,8 GB,256 GB,,Onboard,15 - 16.9 inch,3 tháng,Mỹ,7.400.000 đ
Đã sử dụng (chưa sửa chữa),Dell,,,,,,,Bảo hành hãng,Đang cập nhật,8.900.000 đ
Đã sử dụng (chưa sửa chữa),HP,Intel Core i7,8 GB,256 GB,,Onboard,13 - 14.9 inch,1 tháng,Việt Nam,7.800.000 đ
Đã sử dụng (chưa sửa chữa),Apple,Intel Core i5,4 GB,250 GB,,Khác,13 - 14.9 inch,Hết bảo hành,Mỹ,750.000 đ
Đã sử dụng (chưa sửa chữa),Dell,Intel Core i5,4 GB,128 GB,,NVIDIA,13 - 14.9 inch,Bảo hành hãng,Đang cập nhật,4.000.000 đ
Đã sử dụng (chưa sửa chữa),Lenovo,Intel Core i5,8 GB,256 GB,,Onboard,13 - 14.9 inch,3 tháng,Mỹ,4.950.000 đ
Đã sử dụng (chưa sửa chữa),Microsoft,Intel Core i7,16 GB,1 TB,,NVIDIA,13 - 14.9 inch,Hết bảo hành,Mỹ,13.800.000 đ
Đã sử dụng (chưa sửa chữa),Microsoft,Intel Core i7,16 GB,1 TB,,NVIDIA,13 - 14.9 inch,Hết bảo hành,Mỹ,13.800.000 đ
Đã sử dụng (chưa sửa chữa),Lenovo,Intel Core i5,4 GB,128 GB,,,13 - 14.9 inch,Còn bảo hành,Đang cập nhật,3.900.000 đ
Đã sử dụng (chưa sửa chữa),Lenovo,Intel Core i3,4 GB,128 GB,,Onboard,13 - 14.9 inch,3 tháng,Trung Quốc,5.900.000 đ
Đã sử dụng (chưa sửa chữa),Hãng Khác,Intel Core i7,16 GB,512 GB,,Onboard,11 - 12.9 inch,Bảo hành hãng,Đang cập nhật,6.500.000 đ
Đã sử dụng (chưa sửa chữa),Asus,Intel Core i5,,256 GB,,Onboard,13 - 14.9 inch,Hết bảo hành,Đang cập nhật,6.000.000 đ
Đã sử dụng (chưa sửa chữa),Dell,,,,,,,Bảo hành hãng,Đang cập nhật,5.500.000 đ
Đã sử dụng (chưa sửa chữa),Dell,Intel Core i5,4 GB,128 GB,,Onboard,15 - 16.9 inch,3 tháng,Đang cập nhật,3.700.000 đ
Đã sử dụng (chưa sửa chữa),Microsoft,,,,,,,Bảo hành hãng,Đang cập nhật,1.500.000 đ
Đã sử dụng (chưa sửa chữa),Dell,Intel Celeron,4 GB,> 1 TB,,Onboard,9 - 10.9 inch,Hết bảo hành,Nước khác,2.250.000 đ
Đã sử dụng (chưa sửa chữa),Apple,,,,,,,Bảo hành hãng,Đang cập nhật,13.000.000 đ
Đã sử dụng (chưa sửa chữa),Dell,Intel Core i7,16 GB,256 GB,,NVIDIA,15 - 16.9 inch,Bảo hành hãng,Đang cập nhật,7.900.000 đ
Đã sử dụng (chưa sửa chữa),Apple,Intel Core i7,16 GB,256 GB,,AMD,15 - 16.9 inch,1 tháng,Đang cập nhật,14.500.000 đ
Mới,Microsoft,Intel Core i5,8 GB,256 GB,,,13 - 14.9 inch,Còn bảo hành,Mỹ,10.990.000 đ
Đã sử dụng (chưa sửa chữa),Apple,Intel Core i7,16 GB,512 GB,,Onboard,13 - 14.9 inch,1 tháng,Đang cập nhật,13.500.000 đ
Đã sử dụng (chưa sửa chữa),Hãng Khác,Intel Core i5,16 GB,512 GB,,Onboard,13 - 14.9 inch,1 tháng,Việt Nam,7.800.000 đ
Mới,Hãng Khác,Ryzen 5,8 GB,512 GB,,,13 - 14.9 inch,Còn bảo hành,Việt Nam,6.990.000 đ
Đã sử dụng (chưa sửa chữa),Dell,Intel Core i3,4 GB,128 GB,,Onboard,13 - 14.9 inch,Bảo hành hãng,Mỹ,990.000 đ
Mới,HP,Intel Core i9,16 GB,1 TB,,NVIDIA,15 - 16.9 inch,1 tháng,Mỹ,26.000.000 đ
Đã sử dụng (chưa sửa chữa),HP,Intel Core i7,16 GB,512 GB,,Onboard,15 - 16.9 inch,>12 tháng,Mỹ,9.700.000 đ
Đã sử dụng (chưa sửa chữa),Asus,Intel Core i5,4 GB,128 GB,,Onboard,15 - 16.9 inch,Bảo hành hãng,Đang cập nhật,6.000.000 đ
Đã sử dụng (chưa sửa chữa),Microsoft,,,,,,,Bảo hành hãng,Đang cập nhật,3.300.000 đ
Đã sử dụng (chưa sửa chữa),Dell,Intel Core i5,8 GB,512 GB,,Onboard,13 - 14.9 inch,1 tháng,Việt Nam,5.800.000 đ
Đã sử dụng (chưa sửa chữa),Toshiba,Intel Core i3,,,,,,Bảo hành hãng,Đang cập nhật,1.200.000 đ
Đã sử dụng (qua sửa chữa),HP,Intel Core i3,,,,,,Bảo hành hãng,Đang cập nhật,100.000 đ
Đã sử dụng (chưa sửa chữa),Asus,Intel Core i5,8 GB,512 GB,,NVIDIA,15 - 16.9 inch,3 tháng,Việt Nam,9.600.000 đ
Đã sử dụng (chưa sửa chữa),Dell,Intel Core i5,8 GB,128 GB,,Onboard,15 - 16.9 inch,3 tháng,Nhật Bản,5.500.000 đ
Đã sử dụng (chưa sửa chữa),Dell,Intel Core i7,8 GB,1 TB,,AMD,15 - 16.9 inch,1 tháng,Việt Nam,6.200.000 đ
Đã sử dụng (chưa sửa chữa),Apple,Intel Core i5,8 GB,256 GB,,Onboard,13 - 14.9 inch,Bảo hành hãng,Đang cập nhật,114.980.000 đ
Mới,LG,Intel Core i7,16 GB,1 TB,,Khác,17 - 18.9 inch,>12 tháng,Việt Nam,29.999.999 đ
Đã sử dụng (chưa sửa chữa),HP,,,,,,,Bảo hành hãng,Đang cập nhật,350.000 đ
Đã sử dụng (chưa sửa chữa),Lenovo,Intel Core i7,16 GB,512 GB,,NVIDIA,15 - 16.9 inch,1 tháng,Trung Quốc,12.800.000 đ
Đã sử dụng (chưa sửa chữa),Dell,Intel Core i5,4 GB,128 GB,,Onboard,13 - 14.9 inch,3 tháng,Mỹ,3.000.000 đ
Đã sử dụng (chưa sửa chữa),Apple,Intel Core i7,4 GB,128 GB,,Khác,15 - 16.9 inch,Hết bảo hành,Mỹ,2.999.999 đ
Đã sử dụng (chưa sửa chữa),Asus,Intel Core i5,8 GB,< 128 GB,,Onboard,13 - 14.9 inch,3 tháng,Nhật Bản,5.890.000 đ
Đã sử dụng (chưa sửa chữa),HP,Intel Core 2 Duo,4 GB,500 GB,,NVIDIA,15 - 16.9 inch,Hết bảo hành,Đang cập nhật,800.000 đ
Đã sử dụng (chưa sửa chữa),Dell,,,,,,,Bảo hành hãng,Đang cập nhật,2.900.000 đ
Đã sử dụng (chưa sửa chữa),Apple,Intel Core i5,8 GB,256 GB,,,13 - 14.9 inch,3 tháng,Đang cập nhật,6.500.000 đ
Đã sử dụng (chưa sửa chữa),Dell,,16 GB,256 GB,,Onboard,15 - 16.9 inch,Bảo hành hãng,Đang cập nhật,9.500.000 đ
Đã sử dụng (chưa sửa chữa),Apple,Intel Core i7,16 GB,512 GB,,Onboard,13 - 14.9 inch,1 tháng,Mỹ,10.000.000 đ
Đã sử dụng (chưa sửa chữa),Dell,,,,,,,Bảo hành hãng,Đang cập nhật,7.900.000 đ
Đã sử dụng (chưa sửa chữa),Asus,AMD,4 GB,500 GB,,AMD,13 - 14.9 inch,3 tháng,Trung Quốc,1.990.000 đ
Đã sử dụng (chưa sửa chữa),Dell,Intel Xeon,16 GB,128 GB,,NVIDIA,15 - 16.9 inch,Hết bảo hành,Đang cập nhật,7.500.000 đ
Mới,HP,Intel Core i5,16 GB,512 GB,,Onboard,13 - 14.9 inch,3 tháng,Mỹ,7.800.000 đ
Đã sử dụng (chưa sửa chữa),HP,Intel Core i5,4 GB,128 GB,,AMD,15 - 16.9 inch,3 tháng,Nước khác,2.300.000 đ
Đã sử dụng (chưa sửa chữa),Dell,Intel Core i5,16 GB,256 GB,,Onboard,13 - 14.9 inch,7-12 tháng,Đang cập nhật,9.300.000 đ
Đã sử dụng (chưa sửa chữa),Apple,,8 GB,256 GB,,Khác,13 - 14.9 inch,2 tháng,Mỹ,17.200.000 đ
Đã sử dụng (chưa sửa chữa),Acer,Intel Core i3,2 GB,500 GB,,,,Bảo hành hãng,Đang cập nhật,1.400.000 đ
Đã sử dụng (chưa sửa chữa),Apple,Intel Core i5,8 GB,128 GB,,,13 - 14.9 inch,Bảo hành hãng,Đang cập nhật,5.800.000 đ
Đã sử dụng (chưa sửa chữa),Panasonic,Intel Core i7,8 GB,128 GB,,Onboard,13 - 14.9 inch,1 tháng,Nhật Bản,4.500.000 đ
Đã sử dụng (chưa sửa chữa),Apple,Intel Core i7,16 GB,500 GB,,NVIDIA,,Bảo hành hãng,Đang cập nhật,3.500.000 đ
Đã sử dụng (chưa sửa chữa),Lenovo,Intel Core i3,4 GB,500 GB,,Khác,13 - 14.9 inch,Hết bảo hành,Việt Nam,1.900.000 đ
Đã sử dụng (chưa sửa chữa),HP,Intel Core i7,16 GB,512 GB,,Onboard,15 - 16.9 inch,Hết bảo hành,Mỹ,15.000.000 đ
Đã sử dụng (chưa sửa chữa),Lenovo,Ryzen 5,8 GB,512 GB,,AMD,15 - 16.9 inch,>12 tháng,Mỹ,7.299.000 đ
Đã sử dụng (chưa sửa chữa),Lenovo,Intel Core i5,8 GB,512 GB,,NVIDIA,15 - 16.9 inch,Còn bảo hành,Đang cập nhật,16.000.000 đ
Đã sử dụng (chưa sửa chữa),Acer,Intel Core i3,2 GB,500 GB,,,,Bảo hành hãng,Đang cập nhật,1.400.000 đ
Đã sử dụng (chưa sửa chữa),Acer,Intel Core i5,4 GB,256 GB,,Onboard,11 - 12.9 inch,Bảo hành hãng,Đang cập nhật,1.800.000 đ
Đã sử dụng (chưa sửa chữa),Sony,Intel Core i5,8 GB,128 GB,,,15 - 16.9 inch,Bảo hành hãng,Đang cập nhật,1.600.000 đ
Đã sử dụng (chưa sửa chữa),Dell,Intel Core i7,8 GB,256 GB,,Onboard,13 - 14.9 inch,Bảo hành hãng,Đang cập nhật,7.500.000 đ
Đã sử dụng (chưa sửa chữa),Apple,Khác,16 GB,250 GB,,Khác,,Bảo hành hãng,Đang cập nhật,8.500.000 đ
Đã sử dụng (chưa sửa chữa),HP,Intel Core i7,8 GB,512 GB,,Onboard,13 - 14.9 inch,1 tháng,Mỹ,8.300.000 đ
Đã sử dụng (chưa sửa chữa),Apple,Intel Core i5,8 GB,< 128 GB,,Khác,11 - 12.9 inch,Hết bảo hành,Nhật Bản,4.900.000 đ
Đã sử dụng (chưa sửa chữa),Apple,,8 GB,128 GB,,,13 - 14.9 inch,3 tháng,Việt Nam,7.900.000 đ
Đã sử dụng (chưa sửa chữa),Lenovo,,,,,,,Bảo hành hãng,Đang cập nhật,28.900.000 đ
Đã sử dụng (qua sửa chữa),Asus,Intel Core 2 Duo,2 GB,512 GB,,Khác,13 - 14.9 inch,Hết bảo hành,Đang cập nhật,1.000.000 đ
Đã sử dụng (chưa sửa chữa),Dell,Intel Core i5,,,,,,Bảo hành hãng,Đang cập nhật,2.800.000 đ
Đã sử dụng (chưa sửa chữa),Dell,Intel Core i5,4 GB,500 GB,,NVIDIA,15 - 16.9 inch,Bảo hành hãng,Đang cập nhật,3.300.000 đ
Đã sử dụng (qua sửa chữa),Lenovo,Intel Core i5,8 GB,,,,,Bảo hành hãng,Đang cập nhật,1.900.000 đ
Mới,Lenovo,Intel Core i7,32 GB,512 GB,,NVIDIA,15 - 16.9 inch,7-12 tháng,Mỹ,17.600.000 đ
Đã sử dụng (chưa sửa chữa),HP,Intel Core i5,8 GB,256 GB,,NVIDIA,15 - 16.9 inch,4-6 tháng,Đang cập nhật,8.490.000 đ
Đã sử dụng (chưa sửa chữa),Dell,Intel Core i5,8 GB,256 GB,,Onboard,13 - 14.9 inch,1 tháng,Mỹ,11.200.000 đ
Mới,Lenovo,Khác,8 GB,512 GB,,Onboard,13 - 14.9 inch,>12 tháng,Trung Quốc,6.500.000 đ
Đã sử dụng (chưa sửa chữa),Apple,,4 GB,128 GB,,,,Bảo hành hãng,Đang cập nhật,1.700.000 đ
Đã sử dụng (chưa sửa chữa),Apple,Khác,8 GB,256 GB,,Khác,13 - 14.9 inch,Hết bảo hành,Việt Nam,14.500.000 đ
Mới,Asus,Intel Core i5,8 GB,512 GB,,Onboard,13 - 14.9 inch,1 tháng,Mỹ,16.500.000 đ
Đã sử dụng (chưa sửa chữa),HP,Intel Core i3,8 GB,256 GB,,Onboard,15 - 16.9 inch,Còn bảo hành,Việt Nam,10.000.000 đ
Đã sử dụng (qua sửa chữa),Apple,Intel Core i7,4 GB,256 GB,,Khác,15 - 16.9 inch,Bảo hành hãng,Đang cập nhật,2.500.000 đ
Đã sử dụng (chưa sửa chữa),HP,Intel Core i5,8 GB,128 GB,,Onboard,13 - 14.9 inch,3 tháng,Mỹ,3.900.000 đ
Đã sử dụng (chưa sửa chữa),Lenovo,Intel Core i5,8 GB,512 GB,,,15 - 16.9 inch,Còn bảo hành,Đang cập nhật,8.200.000 đ
Đã sử dụng (chưa sửa chữa),Asus,Intel Core i5,8 GB,250 GB,,NVIDIA,15 - 16.9 inch,Hết bảo hành,Đang cập nhật,2.400.000 đ
Đã sử dụng (chưa sửa chữa),HP,Intel Core i5,4 GB,128 GB,,Onboard,11 - 12.9 inch,4-6 tháng,Đang cập nhật,3.990.000 đ
Đã sử dụng (chưa sửa chữa),Lenovo,Intel Core i3,8 GB,128 GB,,,13 - 14.9 inch,Bảo hành hãng,Đang cập nhật,1.800.000 đ
Mới,MSI,Intel Core i7,16 GB,1 TB,,NVIDIA,15 - 16.9 inch,1 tháng,Mỹ,29.990.000 đ
Đã sử dụng (chưa sửa chữa),Dell,Intel Core i7,8 GB,128 GB,,NVIDIA,15 - 16.9 inch,3 tháng,Đang cập nhật,11.000.000 đ
Đã sử dụng (chưa sửa chữa),Apple,Intel Core i7,16 GB,256 GB,,AMD,15 - 16.9 inch,1 tháng,Đang cập nhật,11.900.000 đ
Đã sử dụng (chưa sửa chữa),Dell,Intel Core i5,8 GB,256 GB,,Onboard,13 - 14.9 inch,Bảo hành hãng,Đang cập nhật,4.000.000 đ
Mới,Lenovo,Intel Core i5,8 GB,128 GB,,Khác,13 - 14.9 inch,3 tháng,Đang cập nhật,3.600.000 đ
Đã sử dụng (chưa sửa chữa),Dell,Intel Core i5,4 GB,250 GB,,Onboard,13 - 14.9 inch,4-6 tháng,Đang cập nhật,3.990.000 đ
Đã sử dụng (chưa sửa chữa),Dell,Intel Core i7,16 GB,512 GB,,Onboard,15 - 16.9 inch,1 tháng,Mỹ,12.600.000 đ
Đã sử dụng (chưa sửa chữa),Dell,Intel Core i7,16 GB,512 GB,,NVIDIA,15 - 16.9 inch,3 tháng,Đang cập nhật,21.500.000 đ
Đã sử dụng (chưa sửa chữa),Apple,Khác,> 32GB,< 128 GB,,Onboard,11 - 12.9 inch,Hết bảo hành,Nước khác,3.000.000 đ
Đã sử dụng (chưa sửa chữa),Apple,Intel Core i5,8 GB,128 GB,,,13 - 14.9 inch,Còn bảo hành,Đang cập nhật,9.800.000 đ
Mới,Dell,Intel Core i9,16 GB,,,NVIDIA,17 - 18.9 inch,1 tháng,Mỹ,45.000.000 đ
Đã sử dụng (chưa sửa chữa),Lenovo,Intel Core i7,16 GB,512 GB,,Onboard,13 - 14.9 inch,4-6 tháng,Mỹ,17.500.000 đ
Đã sử dụng (chưa sửa chữa),Dell,Intel Core i5,8 GB,256 GB,,Onboard,13 - 14.9 inch,4-6 tháng,Đang cập nhật,7.490.000 đ
Đã sử dụng (chưa sửa chữa),Apple,,,,,,,Bảo hành hãng,Đang cập nhật,5.890.000 đ
Đã sử dụng (chưa sửa chữa),Dell,Intel Core i5,16 GB,256 GB,,Khác,15 - 16.9 inch,4-6 tháng,Mỹ,13.900.000 đ
Đã sử dụng (chưa sửa chữa),Lenovo,,,,,,,Bảo hành hãng,Đang cập nhật,12.990.000 đ
Đã sử dụng (chưa sửa chữa),Asus,Ryzen 7,16 GB,512 GB,,NVIDIA,15 - 16.9 inch,Còn bảo hành,Đang cập nhật,12.200.000 đ
Đã sử dụng (chưa sửa chữa),Asus,Ryzen 5,8 GB,128 GB,,NVIDIA,15 - 16.9 inch,Hết bảo hành,Đang cập nhật,5.800.000 đ
Đã sử dụng (chưa sửa chữa),HP,,,,,,,Bảo hành hãng,Đang cập nhật,4.500.000 đ
Mới,Apple,,,,,,,Bảo hành hãng,Mỹ,23.000.000 đ
Đã sử dụng (chưa sửa chữa),Dell,Intel Core i5,8 GB,256 GB,,Onboard,13 - 14.9 inch,3 tháng,Đang cập nhật,9.700.000 đ
Đã sử dụng (chưa sửa chữa),Samsung,Intel Core i7,8 GB,512 GB,,Khác,15 - 16.9 inch,1 tháng,Hàn Quốc,12.900.000 đ
Đã sử dụng (chưa sửa chữa),HP,Intel Core i5,8 GB,256 GB,,Onboard,15 - 16.9 inch,Hết bảo hành,Nhật Bản,6.200.000 đ
Đã sử dụng (chưa sửa chữa),Apple,Intel Core i7,16 GB,256 GB,,AMD,15 - 16.9 inch,Bảo hành hãng,Đang cập nhật,12.888.000 đ
Đã sử dụng (chưa sửa chữa),Acer,Ryzen 5,8 GB,256 GB,,NVIDIA,15 - 16.9 inch,Còn bảo hành,Đang cập nhật,8.800.000 đ
Đã sử dụng (chưa sửa chữa),Lenovo,Intel Core i7,16 GB,512 GB,,Onboard,13 - 14.9 inch,3 tháng,Mỹ,11.500.000 đ
Đã sử dụng (chưa sửa chữa),Dell,Intel Core i5,4 GB,128 GB,,Onboard,13 - 14.9 inch,1 tháng,Mỹ,3.800.000 đ
Đã sử dụng (chưa sửa chữa),Apple,Intel Core i7,16 GB,512 GB,,Khác,15 - 16.9 inch,3 tháng,Mỹ,14.650.000 đ
Mới,Lenovo,Intel Core i7,16 GB,1 TB,,NVIDIA,15 - 16.9 inch,7-12 tháng,Mỹ,31.000.000 đ
Đã sử dụng (chưa sửa chữa),Dell,,,,,,,Còn bảo hành,Đang cập nhật,4.000.000 đ
Đã sử dụng (chưa sửa chữa),Dell,Intel Core i7,16 GB,512 GB,,Onboard,13 - 14.9 inch,1 tháng,Trung Quốc,10.300.000 đ
Đã sử dụng (chưa sửa chữa),Dell,Intel Core i5,16 GB,256 GB,,Onboard,13 - 14.9 inch,3 tháng,Nhật Bản,6.200.000 đ
Đã sử dụng (chưa sửa chữa),Lenovo,Intel Core i5,16 GB,256 GB,,Onboard,13 - 14.9 inch,Bảo hành hãng,Đang cập nhật,6.900.000 đ
Mới,Acer,Intel Core i7,16 GB,512 GB,,NVIDIA,15 - 16.9 inch,Bảo hành hãng,Nước khác,23.000.000 đ
Đã sử dụng (chưa sửa chữa),Lenovo,Intel Core i5,8 GB,256 GB,,Onboard,11 - 12.9 inch,1 tháng,Nhật Bản,3.990.000 đ
Mới,Hãng Khác,Intel Core i7,8 GB,500 GB,,Onboard,13 - 14.9 inch,Hết bảo hành,Việt Nam,1.800.000 đ
Đã sử dụng (chưa sửa chữa),Asus,Intel Core i5,4 GB,< 128 GB,,Onboard,15 - 16.9 inch,4-6 tháng,Đang cập nhật,3.990.000 đ
Đã sử dụng (chưa sửa chữa),Razer,Intel Core i7,32 GB,1 TB,,NVIDIA,15 - 16.9 inch,Hết bảo hành,Mỹ,9.900.000 đ
Đã sử dụng (chưa sửa chữa),Apple,,,,,,,Bảo hành hãng,Đang cập nhật,12.000.000 đ
Đã sử dụng (qua sửa chữa),Dell,,,,,,,Bảo hành hãng,Đang cập nhật,2.000.000 đ
Đã sử dụng (chưa sửa chữa),Apple,Intel Core i5,8 GB,512 GB,,Onboard,13 - 14.9 inch,3 tháng,Nhật Bản,8.400.000 đ
Đã sử dụng (chưa sửa chữa),Asus,,,,,,,Bảo hành hãng,Đang cập nhật,1.900.000 đ
Đã sử dụng (chưa sửa chữa),Apple,,,,,,,Bảo hành hãng,Đang cập nhật,19.000.000 đ
Đã sử dụng (chưa sửa chữa),Microsoft,Intel Core i5,8 GB,128 GB,,Onboard,13 - 14.9 inch,Hết bảo hành,Mỹ,7.800.000 đ
Đã sử dụng (chưa sửa chữa),Razer,Intel Core i7,16 GB,512 GB,,NVIDIA,15 - 16.9 inch,1 tháng,Đang cập nhật,19.999.000 đ
Đã sử dụng (chưa sửa chữa),Apple,Intel Core i5,16 GB,512 GB,,Khác,13 - 14.9 inch,3 tháng,Nước khác,8.500.000 đ
Đã sử dụng (chưa sửa chữa),Asus,Intel Core i3,8 GB,250 GB,,Onboard,13 - 14.9 inch,Còn bảo hành,Việt Nam,3.900.000 đ
Đã sử dụng (chưa sửa chữa),Dell,Intel Core i3,4 GB,128 GB,,,,Bảo hành hãng,Việt Nam,3.000.000 đ
Đã sử dụng (chưa sửa chữa),Dell,Intel Core i5,8 GB,256 GB,,Onboard,11 - 12.9 inch,4-6 tháng,Nhật Bản,6.700.000 đ
Đã sử dụng (qua sửa chữa),Dell,,,,,,,Bảo hành hãng,Đang cập nhật,4.500.000 đ
Đã sử dụng (chưa sửa chữa),Lenovo,Intel Core i3,8 GB,128 GB,,,13 - 14.9 inch,Còn bảo hành,Đang cập nhật,3.350.000 đ
Đã sử dụng (chưa sửa chữa),Asus,Intel Core i3,8 GB,128 GB,,Onboard,13 - 14.9 inch,3 tháng,Việt Nam,3.000.000 đ
Đã sử dụng (chưa sửa chữa),HP,Intel Core i5,8 GB,128 GB,,Onboard,13 - 14.9 inch,4-6 tháng,Nhật Bản,7.300.000 đ
Đã sử dụng (chưa sửa chữa),Lenovo,Intel Core i7,16 GB,256 GB,,,13 - 14.9 inch,Bảo hành hãng,Đang cập nhật,9.000.000 đ
Đã sử dụng (chưa sửa chữa),Asus,Intel Pentium,4 GB,128 GB,,Onboard,13 - 14.9 inch,Hết bảo hành,Đài Loan,400.000 đ
Đã sử dụng (chưa sửa chữa),Asus,Ryzen 7,16 GB,512 GB,,NVIDIA,15 - 16.9 inch,3 tháng,Mỹ,17.650.000 đ
Đã sử dụng (chưa sửa chữa),Dell,Intel Core i5,8 GB,256 GB,,Onboard,13 - 14.9 inch,3 tháng,Đang cập nhật,4.900.000 đ
Đã sử dụng (chưa sửa chữa),HP,Intel Core i5,16 GB,256 GB,,Onboard,13 - 14.9 inch,3 tháng,Đang cập nhật,4.900.000 đ
Đã sử dụng (chưa sửa chữa),Dell,Intel Core i5,8 GB,256 GB,,Onboard,13 - 14.9 inch,4-6 tháng,Nhật Bản,7.800.000 đ
Đã sử dụng (chưa sửa chữa),Apple,Intel Core i7,8 GB,256 GB,,NVIDIA,15 - 16.9 inch,Bảo hành hãng,Đang cập nhật,4.900.000 đ
Mới,Microsoft,Intel Core i5,8 GB,512 GB,,,13 - 14.9 inch,Bảo hành hãng,Mỹ,14.000.000 đ
Đã sử dụng (chưa sửa chữa),Dell,Intel Core i5,2 GB,250 GB,,,,Bảo hành hãng,Đang cập nhật,750.000 đ
Đã sử dụng (chưa sửa chữa),Dell,,,,,,,Bảo hành hãng,Đang cập nhật,6.000.000 đ
Đã sử dụng (chưa sửa chữa),Lenovo,Intel Core i5,8 GB,256 GB,,Onboard,11 - 12.9 inch,Hết bảo hành,Nhật Bản,5.900.000 đ
Đã sử dụng (chưa sửa chữa),Lenovo,Intel Core i5,8 GB,256 GB,,NVIDIA,13 - 14.9 inch,Hết bảo hành,Việt Nam,4.200.000 đ
Đã sử dụng (chưa sửa chữa),HP,,,,,,,Bảo hành hãng,Đang cập nhật,7.500.000 đ
Đã sử dụng (chưa sửa chữa),Lenovo,Intel Core i5,16 GB,512 GB,,Onboard,13 - 14.9 inch,Còn bảo hành,Mỹ,10.000.000 đ
Đã sử dụng (qua sửa chữa),Dell,Intel Core i5,4 GB,128 GB,,Onboard,13 - 14.9 inch,Hết bảo hành,Mỹ,2.100.000 đ
Đã sử dụng (chưa sửa chữa),Apple,,,,,,,Bảo hành hãng,Đang cập nhật,26.000.000 đ
Đã sử dụng (chưa sửa chữa),Dell,,,,,,,Bảo hành hãng,Đang cập nhật,7.900.000 đ
Đã sử dụng (chưa sửa chữa),Lenovo,Khác,4 GB,128 GB,,Khác,9 - 10.9 inch,Hết bảo hành,Đang cập nhật,4.500.000 đ
Đã sử dụng (chưa sửa chữa),HP,Intel Core i5,16 GB,512 GB,,,13 - 14.9 inch,Bảo hành hãng,Đang cập nhật,9.800.000 đ
Đã sử dụng (chưa sửa chữa),Lenovo,,,,,,,Bảo hành hãng,Đang cập nhật,1.997.000 đ
Đã sử dụng (chưa sửa chữa),Apple,Intel Core i5,8 GB,500 GB,,Khác,13 - 14.9 inch,>12 tháng,Đang cập nhật,18.900.000 đ
Đã sử dụng (chưa sửa chữa),Hãng Khác,Intel Core i5,8 GB,,,,13 - 14.9 inch,Bảo hành hãng,Đang cập nhật,5.500.000 đ
Đã sử dụng (chưa sửa chữa),Dell,Intel Xeon,16 GB,512 GB,,NVIDIA,15 - 16.9 inch,3 tháng,Mỹ,10.500.000 đ
Đã sử dụng (chưa sửa chữa),Asus,Intel Core i5,8 GB,512 GB,,NVIDIA,15 - 16.9 inch,Bảo hành hãng,Đang cập nhật,9.800.000 đ
Đã sử dụng (chưa sửa chữa),Asus,Khác,8 GB,256 GB,,,13 - 14.9 inch,7-12 tháng,Đang cập nhật,9.500.000 đ
Đã sử dụng (chưa sửa chữa),HP,Intel Core i7,8 GB,512 GB,,Onboard,13 - 14.9 inch,3 tháng,Đang cập nhật,9.000.000 đ
Đã sử dụng (chưa sửa chữa),Apple,,,,,,,Bảo hành hãng,Đang cập nhật,42.500.000 đ
Đã sử dụng (chưa sửa chữa),HP,Intel Core i5,8 GB,128 GB,,Onboard,15 - 16.9 inch,Bảo hành hãng,Việt Nam,4.000.000 đ
Đã sử dụng (chưa sửa chữa),Microsoft,Intel Core i5,16 GB,256 GB,,,,Bảo hành hãng,Đang cập nhật,10.500.000 đ
Đã sử dụng (chưa sửa chữa),Lenovo,Intel Core i3,8 GB,256 GB,,Onboard,13 - 14.9 inch,1 tháng,Mỹ,2.900.000 đ
Đã sử dụng (chưa sửa chữa),HP,Intel Core i5,16 GB,512 GB,,Onboard,15 - 16.9 inch,3 tháng,Mỹ,7.900.000 đ
Đã sử dụng (chưa sửa chữa),Asus,Intel Core i3,4 GB,128 GB,,Onboard,15 - 16.9 inch,3 tháng,Đang cập nhật,3.500.000 đ
Đã sử dụng (chưa sửa chữa),Dell,Intel Core i7,8 GB,512 GB,,,13 - 14.9 inch,1 tháng,Đang cập nhật,8.600.000 đ
Đã sử dụng (chưa sửa chữa),Asus,Intel Core i7,8 GB,512 GB,,NVIDIA,15 - 16.9 inch,3 tháng,Việt Nam,5.800.000 đ
Đã sử dụng (chưa sửa chữa),Dell,,,,,,,Bảo hành hãng,Đang cập nhật,14.500.000 đ
Đã sử dụng (chưa sửa chữa),Dell,Intel Core i7,16 GB,256 GB,,NVIDIA,15 - 16.9 inch,Hết bảo hành,Mỹ,8.500.000 đ
Đã sử dụng (chưa sửa chữa),Dell,Intel Core i7,16 GB,512 GB,,NVIDIA,15 - 16.9 inch,2 tháng,Mỹ,19.500.000 đ
Đã sử dụng (chưa sửa chữa),Microsoft,Intel Core i7,32 GB,512 GB,,NVIDIA,13 - 14.9 inch,2 tháng,Mỹ,16.500.000 đ
Đã sử dụng (chưa sửa chữa),Dell,Intel Core i5,8 GB,256 GB,,NVIDIA,15 - 16.9 inch,3 tháng,Đang cập nhật,7.900.000 đ
Đã sử dụng (chưa sửa chữa),Lenovo,,,,,,,Bảo hành hãng,Đang cập nhật,1.600.000 đ
Mới,Apple,,,,,,,7-12 tháng,Mỹ,37.500.000 đ
Mới,Acer,,,,,,,1 tháng,Đài Loan,8.500.000 đ
Đã sử dụng (chưa sửa chữa),Apple,Intel Core i5,4 GB,128 GB,,Onboard,11 - 12.9 inch,1 tháng,Mỹ,4.000.000 đ
Đã sử dụng (chưa sửa chữa),Hãng Khác,Intel Core i5,16 GB,512 GB,,,15 - 16.9 inch,Bảo hành hãng,Đang cập nhật,12.490.000 đ
Đã sử dụng (chưa sửa chữa),Asus,Intel Core i5,4 GB,128 GB,,NVIDIA,15 - 16.9 inch,7-12 tháng,Đài Loan,5.500.000 đ
Đã sử dụng (chưa sửa chữa),Lenovo,Intel Core i5,4 GB,128 GB,,,11 - 12.9 inch,Bảo hành hãng,Nhật Bản,1.300.000 đ
Đã sử dụng (chưa sửa chữa),Asus,,,,,,,Bảo hành hãng,Đang cập nhật,12.000.000 đ
Đã sử dụng (chưa sửa chữa),Sony,Intel Core i5,4 GB,128 GB,,Onboard,13 - 14.9 inch,Hết bảo hành,Việt Nam,1.750.000 đ
Đã sử dụng (chưa sửa chữa),Apple,,,,,,,Bảo hành hãng,Đang cập nhật,46.500.000 đ
Đã sử dụng (chưa sửa chữa),Dell,Intel Core i7,8 GB,128 GB,,NVIDIA,15 - 16.9 inch,1 tháng,Mỹ,2.200.000 đ
Đã sử dụng (chưa sửa chữa),Apple,Khác,,128 GB,,,11 - 12.9 inch,Bảo hành hãng,Đang cập nhật,5.400.000 đ
Đã sử dụng (chưa sửa chữa),HP,Intel Core i5,8 GB,256 GB,,Onboard,13 - 14.9 inch,7-12 tháng,Mỹ,7.500.000 đ
Đã sử dụng (chưa sửa chữa),Dell,Intel Core i5,4 GB,500 GB,,Onboard,13 - 14.9 inch,Hết bảo hành,Mỹ,2.900.000 đ
Đã sử dụng (chưa sửa chữa),Dell,,4 GB,,,,13 - 14.9 inch,Bảo hành hãng,Việt Nam,4.200.000 đ
Đã sử dụng (chưa sửa chữa),Microsoft,Intel Core i5,8 GB,256 GB,,,,Bảo hành hãng,Đang cập nhật,2.800.000 đ
Đã sử dụng (chưa sửa chữa),Asus,Intel Core i5,8 GB,512 GB,,Onboard,15 - 16.9 inch,1 tháng,Mỹ,4.500.000 đ
Mới,Dell,Intel Core i5,8 GB,256 GB,,Onboard,15 - 16.9 inch,4-6 tháng,Mỹ,14.500.000 đ
Đã sử dụng (chưa sửa chữa),Dell,Intel Core i5,8 GB,256 GB,,,11 - 12.9 inch,3 tháng,Đang cập nhật,4.300.000 đ
Đã sử dụng (chưa sửa chữa),Dell,Intel Core i5,8 GB,256 GB,,Onboard,11 - 12.9 inch,3 tháng,Đang cập nhật,4.200.000 đ
Đã sử dụng (chưa sửa chữa),Dell,Intel Core i5,8 GB,256 GB,,Onboard,15 - 16.9 inch,Bảo hành hãng,Đang cập nhật,4.400.000 đ
Đã sử dụng (chưa sửa chữa),Hãng Khác,,8 GB,,,,,Bảo hành hãng,Đang cập nhật,3.500.000 đ
Đã sử dụng (chưa sửa chữa),HP,Intel Core i3,8 GB,512 GB,,Onboard,15 - 16.9 inch,Hết bảo hành,Mỹ,4.300.000 đ
Đã sử dụng (chưa sửa chữa),HP,Intel Core i5,4 GB,128 GB,,Onboard,13 - 14.9 inch,1 tháng,Đang cập nhật,2.500.000 đ
Đã sử dụng (chưa sửa chữa),Lenovo,Intel Core i7,16 GB,256 GB,,Onboard,13 - 14.9 inch,3 tháng,Mỹ,11.500.000 đ
Đã sử dụng (chưa sửa chữa),Hãng Khác,Intel Core i5,8 GB,256 GB,,Onboard,11 - 12.9 inch,Hết bảo hành,Nhật Bản,3.500.000 đ
Đã sử dụng (chưa sửa chữa),Dell,Intel Core i5,8 GB,500 GB,,Onboard,15 - 16.9 inch,Bảo hành hãng,Việt Nam,3.500.000 đ
Đã sử dụng (chưa sửa chữa),Hãng Khác,,,,,,,Bảo hành hãng,Đang cập nhật,400.000 đ
Đã sử dụng (chưa sửa chữa),MSI,Intel Core i5,8 GB,256 GB,,NVIDIA,15 - 16.9 inch,3 tháng,Đang cập nhật,8.990.000 đ
Đã sử dụng (chưa sửa chữa),HP,,,,,,,Còn bảo hành,Đang cập nhật,6.000.000 đ
Đã sử dụng (chưa sửa chữa),Asus,Intel Celeron,4 GB,128 GB,,Onboard,13 - 14.9 inch,Bảo hành hãng,Đang cập nhật,2.000.000 đ
Đã sử dụng (chưa sửa chữa),Lenovo,Intel Core i5,8 GB,256 GB,,Onboard,13 - 14.9 inch,Hết bảo hành,Trung Quốc,4.000.000 đ
Đã sử dụng (chưa sửa chữa),HP,Intel Core i7,16 GB,256 GB,,Onboard,13 - 14.9 inch,4-6 tháng,Mỹ,11.900.000 đ
Đã sử dụng (qua sửa chữa),Lenovo,Intel Core i3,8 GB,256 GB,,Onboard,15 - 16.9 inch,3 tháng,Trung Quốc,5.800.000 đ
Mới,Dell,Intel Core i5,16 GB,256 GB,,,,Bảo hành hãng,Mỹ,13.500.000 đ
Đã sử dụng (chưa sửa chữa),Dell,Intel Core i7,16 GB,512 GB,,Onboard,13 - 14.9 inch,4-6 tháng,Mỹ,10.900.000 đ
Đã sử dụng (chưa sửa chữa),Microsoft,Intel Core i5,8 GB,128 GB,,Onboard,13 - 14.9 inch,Bảo hành hãng,Đang cập nhật,4.500.000 đ
Đã sử dụng (chưa sửa chữa),Dell,Intel Core i3,8 GB,128 GB,,NVIDIA,13 - 14.9 inch,Hết bảo hành,Đang cập nhật,1.500.000 đ
Mới,Apple,Khác,8 GB,512 GB,,Khác,13 - 14.9 inch,Còn bảo hành,Nước khác,31.500.000 đ
Mới,Apple,Khác,32 GB,1 TB,,Khác,13 - 14.9 inch,Còn bảo hành,Mỹ,50.600.000 đ
Đã sử dụng (chưa sửa chữa),HP,Intel Core i7,8 GB,250 GB,,Onboard,15 - 16.9 inch,3 tháng,Việt Nam,4.600.000 đ
Đã sử dụng (chưa sửa chữa),Dell,Intel Core i7,16 GB,256 GB,,,13 - 14.9 inch,Còn bảo hành,Đang cập nhật,6.300.000 đ
Đã sử dụng (chưa sửa chữa),HP,Intel Core i5,8 GB,256 GB,,Onboard,13 - 14.9 inch,3 tháng,Mỹ,6.800.000 đ
Đã sử dụng (chưa sửa chữa),Microsoft,Intel Core i5,8 GB,256 GB,,Onboard,13 - 14.9 inch,1 tháng,Đang cập nhật,9.800.000 đ
Đã sử dụng (chưa sửa chữa),HP,Intel Core i5,4 GB,128 GB,,,13 - 14.9 inch,Bảo hành hãng,Đang cập nhật,3.500.000 đ
Đã sử dụng (qua sửa chữa),Dell,Intel Core i5,4 GB,128 GB,,Onboard,15 - 16.9 inch,Hết bảo hành,Mỹ,2.500.000 đ
Đã sử dụng (chưa sửa chữa),Dell,Ryzen 7,16 GB,256 GB,,NVIDIA,,Bảo hành hãng,Đang cập nhật,7.600.000 đ
