,links
0,https://www.chotot.com/mua-ban-may-tinh-de-ban-quan-ha-dong-ha-noi/109825804.htm#px=SR-stickyad-[PO-1][PL-top]
1,https://www.chotot.com/mua-ban-may-tinh-de-ban-quan-ha-dong-ha-noi/105825391.htm#px=SR-stickyad-[PO-2][PL-top]
2,https://www.chotot.com/mua-ban-may-tinh-de-ban-quan-ha-dong-ha-noi/105038175.htm#px=SR-stickyad-[PO-3][PL-top]
3,https://www.chotot.com/mua-ban-may-tinh-de-ban-quan-bac-tu-liem-ha-noi/109825946.htm#px=SR-stickyad-[PO-4][PL-top]
4,https://www.chotot.com/mua-ban-may-tinh-de-ban-quan-6-tp-ho-chi-minh/106008097.htm#px=SR-stickyad-[PO-5][PL-top]
5,https://www.chotot.com/mua-ban-may-tinh-de-ban-quan-bac-tu-liem-ha-noi/106799531.htm
6,https://www.chotot.com/mua-ban-may-tinh-de-ban-quan-1-tp-ho-chi-minh/105853473.htm
7,https://www.chotot.com/mua-ban-may-tinh-de-ban-quan-nam-tu-liem-ha-noi/109437238.htm
8,https://www.chotot.com/mua-ban-may-tinh-de-ban-quan-7-tp-ho-chi-minh/110486293.htm
9,https://www.chotot.com/mua-ban-may-tinh-de-ban-huyen-thang-binh-quang-nam/111017021.htm
10,https://www.chotot.com/mua-ban-may-tinh-de-ban-quan-cau-giay-ha-noi/106027489.htm
11,https://www.chotot.com/mua-ban-may-tinh-de-ban-quan-binh-thanh-tp-ho-chi-minh/110536729.htm
12,https://www.chotot.com/mua-ban-may-tinh-de-ban-quan-go-vap-tp-ho-chi-minh/110695465.htm
13,https://www.chotot.com/mua-ban-may-tinh-de-ban-quan-go-vap-tp-ho-chi-minh/110813918.htm
14,https://www.chotot.com/mua-ban-may-tinh-de-ban-quan-4-tp-ho-chi-minh/111016813.htm
15,https://www.chotot.com/mua-ban-may-tinh-de-ban-quan-tan-binh-tp-ho-chi-minh/111016713.htm
16,https://www.chotot.com/mua-ban-may-tinh-de-ban-quan-thanh-xuan-ha-noi/95473006.htm
17,https://www.chotot.com/mua-ban-may-tinh-de-ban-quan-12-tp-ho-chi-minh/111016559.htm
18,https://www.chotot.com/mua-ban-may-tinh-de-ban-huyen-krong-nang-dak-lak/111016475.htm
19,https://www.chotot.com/mua-ban-may-tinh-de-ban-quan-bac-tu-liem-ha-noi/100742224.htm
20,https://www.chotot.com/mua-ban-may-tinh-de-ban-quan-o-mon-can-tho/111016446.htm
21,https://www.chotot.com/mua-ban-may-tinh-de-ban-quan-10-tp-ho-chi-minh/110904294.htm
22,https://www.chotot.com/mua-ban-may-tinh-de-ban-quan-12-tp-ho-chi-minh/110694197.htm
23,https://www.chotot.com/mua-ban-may-tinh-de-ban-huyen-cai-be-tien-giang/110703300.htm
24,https://www.chotot.com/mua-ban-may-tinh-de-ban-quan-phu-nhuan-tp-ho-chi-minh/110603743.htm
25,https://www.chotot.com/mua-ban-may-tinh-de-ban-quan-10-tp-ho-chi-minh/109917489.htm#px=SR-stickyad-[PO-1][PL-top]
26,https://www.chotot.com/mua-ban-may-tinh-de-ban-quan-10-tp-ho-chi-minh/109201327.htm#px=SR-stickyad-[PO-2][PL-top]
27,https://www.chotot.com/mua-ban-may-tinh-de-ban-quan-12-tp-ho-chi-minh/111001003.htm#px=SR-stickyad-[PO-3][PL-top]
28,https://www.chotot.com/mua-ban-may-tinh-de-ban-quan-binh-thanh-tp-ho-chi-minh/110534387.htm#px=SR-stickyad-[PO-4][PL-top]
29,https://www.chotot.com/mua-ban-may-tinh-de-ban-quan-binh-thanh-tp-ho-chi-minh/110832281.htm#px=SR-stickyad-[PO-5][PL-top]
30,https://www.chotot.com/mua-ban-may-tinh-de-ban-quan-tan-phu-tp-ho-chi-minh/110139812.htm
31,https://www.chotot.com/mua-ban-may-tinh-de-ban-quan-tan-binh-tp-ho-chi-minh/110152567.htm
32,https://www.chotot.com/mua-ban-may-tinh-de-ban-quan-thanh-khe-da-nang/111016084.htm
33,https://www.chotot.com/mua-ban-may-tinh-de-ban-quan-12-tp-ho-chi-minh/110638269.htm
34,https://www.chotot.com/mua-ban-may-tinh-de-ban-quan-binh-thanh-tp-ho-chi-minh/108285015.htm
35,https://www.chotot.com/mua-ban-may-tinh-de-ban-quan-tan-phu-tp-ho-chi-minh/101021402.htm
36,https://www.chotot.com/mua-ban-may-tinh-de-ban-quan-tan-binh-tp-ho-chi-minh/111015702.htm
37,https://www.chotot.com/mua-ban-may-tinh-de-ban-quan-tan-phu-tp-ho-chi-minh/110489130.htm
38,https://www.chotot.com/mua-ban-may-tinh-de-ban-quan-6-tp-ho-chi-minh/111015563.htm
39,https://www.chotot.com/mua-ban-may-tinh-de-ban-thanh-pho-long-xuyen-an-giang/111015553.htm
40,https://www.chotot.com/mua-ban-may-tinh-de-ban-quan-binh-thanh-tp-ho-chi-minh/95650329.htm
41,https://www.chotot.com/mua-ban-may-tinh-de-ban-quan-thanh-xuan-ha-noi/111015444.htm
42,https://www.chotot.com/mua-ban-may-tinh-de-ban-huyen-cu-chi-tp-ho-chi-minh/111015404.htm
43,https://www.chotot.com/mua-ban-may-tinh-de-ban-quan-8-tp-ho-chi-minh/111015328.htm
44,https://www.chotot.com/mua-ban-may-tinh-de-ban-quan-10-tp-ho-chi-minh/110823988.htm
45,https://www.chotot.com/mua-ban-may-tinh-de-ban-quan-12-tp-ho-chi-minh/111015191.htm
46,https://www.chotot.com/mua-ban-may-tinh-de-ban-quan-thanh-khe-da-nang/110760928.htm
47,https://www.chotot.com/mua-ban-may-tinh-de-ban-thanh-pho-thu-duc-tp-ho-chi-minh/111015140.htm
48,https://www.chotot.com/mua-ban-may-tinh-de-ban-huyen-cu-chi-tp-ho-chi-minh/111015134.htm
49,https://www.chotot.com/mua-ban-may-tinh-de-ban-quan-3-tp-ho-chi-minh/111015072.htm
50,https://www.chotot.com/mua-ban-may-tinh-de-ban-quan-12-tp-ho-chi-minh/110622233.htm
51,https://www.chotot.com/mua-ban-may-tinh-de-ban-quan-7-tp-ho-chi-minh/111015020.htm
52,https://www.chotot.com/mua-ban-may-tinh-de-ban-quan-3-tp-ho-chi-minh/110403284.htm
53,https://www.chotot.com/mua-ban-may-tinh-de-ban-quan-go-vap-tp-ho-chi-minh/111014996.htm
54,https://www.chotot.com/mua-ban-may-tinh-de-ban-quan-son-tra-da-nang/111014956.htm
55,https://www.chotot.com/mua-ban-may-tinh-de-ban-quan-ngu-hanh-son-da-nang/111014862.htm
56,https://www.chotot.com/mua-ban-may-tinh-de-ban-quan-12-tp-ho-chi-minh/110951253.htm
57,https://www.chotot.com/mua-ban-may-tinh-de-ban-huyen-chau-thanh-ben-tre/111014537.htm
58,https://www.chotot.com/mua-ban-may-tinh-de-ban-quan-12-tp-ho-chi-minh/111014418.htm
59,https://www.chotot.com/mua-ban-may-tinh-de-ban-quan-10-tp-ho-chi-minh/110768664.htm
60,https://www.chotot.com/mua-ban-may-tinh-de-ban-quan-phu-nhuan-tp-ho-chi-minh/108975106.htm
61,https://www.chotot.com/mua-ban-may-tinh-de-ban-quan-12-tp-ho-chi-minh/111014024.htm
62,https://www.chotot.com/mua-ban-may-tinh-de-ban-quan-bac-tu-liem-ha-noi/106037260.htm
63,https://www.chotot.com/mua-ban-may-tinh-de-ban-quan-binh-thanh-tp-ho-chi-minh/95650790.htm
64,https://www.chotot.com/mua-ban-may-tinh-de-ban-thanh-pho-thuan-an-binh-duong/111013813.htm
65,https://www.chotot.com/mua-ban-may-tinh-de-ban-quan-11-tp-ho-chi-minh/111013781.htm
66,https://www.chotot.com/mua-ban-may-tinh-de-ban-huyen-vinh-thanh-can-tho/111013712.htm
67,https://www.chotot.com/mua-ban-may-tinh-de-ban-huyen-chau-thanh-ben-tre/111013613.htm
68,https://www.chotot.com/mua-ban-may-tinh-de-ban-quan-12-tp-ho-chi-minh/111001003.htm
69,https://www.chotot.com/mua-ban-may-tinh-de-ban-quan-1-tp-ho-chi-minh/111013565.htm
70,https://www.chotot.com/mua-ban-may-tinh-de-ban-quan-thanh-xuan-ha-noi/108842337.htm
71,https://www.chotot.com/mua-ban-may-tinh-de-ban-quan-10-tp-ho-chi-minh/110788085.htm
72,https://www.chotot.com/mua-ban-may-tinh-de-ban-quan-10-tp-ho-chi-minh/111012861.htm
73,https://www.chotot.com/mua-ban-may-tinh-de-ban-quan-12-tp-ho-chi-minh/110774377.htm
74,https://www.chotot.com/mua-ban-may-tinh-de-ban-quan-go-vap-tp-ho-chi-minh/111012815.htm
75,https://www.chotot.com/mua-ban-may-tinh-de-ban-quan-4-tp-ho-chi-minh/111012791.htm
76,https://www.chotot.com/mua-ban-may-tinh-de-ban-quan-10-tp-ho-chi-minh/110434720.htm
77,https://www.chotot.com/mua-ban-may-tinh-de-ban-quan-hai-ba-trung-ha-noi/110957088.htm
78,https://www.chotot.com/mua-ban-may-tinh-de-ban-quan-son-tra-da-nang/111012462.htm
79,https://www.chotot.com/mua-ban-may-tinh-de-ban-huyen-hiep-hoa-bac-giang/111012453.htm
80,https://www.chotot.com/mua-ban-may-tinh-de-ban-quan-ngu-hanh-son-da-nang/111012450.htm
81,https://www.chotot.com/mua-ban-may-tinh-de-ban-quan-8-tp-ho-chi-minh/111012274.htm
82,https://www.chotot.com/mua-ban-may-tinh-de-ban-huyen-dong-anh-ha-noi/111012275.htm
83,https://www.chotot.com/mua-ban-may-tinh-de-ban-huyen-gia-lam-ha-noi/110973093.htm
84,https://www.chotot.com/mua-ban-may-tinh-de-ban-quan-1-tp-ho-chi-minh/111012131.htm
85,https://www.chotot.com/mua-ban-may-tinh-de-ban-quan-phu-nhuan-tp-ho-chi-minh/111012115.htm
86,https://www.chotot.com/mua-ban-may-tinh-de-ban-quan-tan-phu-tp-ho-chi-minh/110536214.htm
87,https://www.chotot.com/mua-ban-may-tinh-de-ban-quan-10-tp-ho-chi-minh/110771958.htm
88,https://www.chotot.com/mua-ban-may-tinh-de-ban-thanh-pho-thu-duc-tp-ho-chi-minh/110800369.htm
89,https://www.chotot.com/mua-ban-may-tinh-de-ban-quan-ha-dong-ha-noi/111011984.htm
90,https://www.chotot.com/mua-ban-may-tinh-de-ban-quan-10-tp-ho-chi-minh/111011962.htm
91,https://www.chotot.com/mua-ban-may-tinh-de-ban-quan-6-tp-ho-chi-minh/106087213.htm
92,https://www.chotot.com/mua-ban-may-tinh-de-ban-quan-bac-tu-liem-ha-noi/110879458.htm
93,https://www.chotot.com/mua-ban-may-tinh-de-ban-quan-cai-rang-can-tho/111011866.htm
94,https://www.chotot.com/mua-ban-may-tinh-de-ban-quan-6-tp-ho-chi-minh/110886635.htm
95,https://www.chotot.com/mua-ban-may-tinh-de-ban-quan-binh-tan-tp-ho-chi-minh/110899095.htm
96,https://www.chotot.com/mua-ban-may-tinh-de-ban-huyen-hoc-mon-tp-ho-chi-minh/111011642.htm
97,https://www.chotot.com/mua-ban-may-tinh-de-ban-thanh-pho-thu-duc-tp-ho-chi-minh/111011596.htm
98,https://www.chotot.com/mua-ban-may-tinh-de-ban-thanh-pho-thu-duc-tp-ho-chi-minh/111011522.htm
99,https://www.chotot.com/mua-ban-may-tinh-de-ban-quan-10-tp-ho-chi-minh/110518623.htm
100,https://www.chotot.com/mua-ban-may-tinh-de-ban-quan-10-tp-ho-chi-minh/104713781.htm
101,https://www.chotot.com/mua-ban-may-tinh-de-ban-quan-hai-ba-trung-ha-noi/111011367.htm
102,https://www.chotot.com/mua-ban-may-tinh-de-ban-quan-cau-giay-ha-noi/110956136.htm
103,https://www.chotot.com/mua-ban-may-tinh-de-ban-thanh-pho-buon-ma-thuot-dak-lak/111011333.htm
104,https://www.chotot.com/mua-ban-may-tinh-de-ban-quan-thanh-xuan-ha-noi/110493790.htm
105,https://www.chotot.com/mua-ban-may-tinh-de-ban-thanh-pho-thu-duc-tp-ho-chi-minh/111011241.htm
106,https://www.chotot.com/mua-ban-may-tinh-de-ban-huyen-binh-chanh-tp-ho-chi-minh/104454694.htm
107,https://www.chotot.com/mua-ban-may-tinh-de-ban-thanh-pho-thu-duc-tp-ho-chi-minh/111011102.htm
108,https://www.chotot.com/mua-ban-may-tinh-de-ban-quan-ngu-hanh-son-da-nang/111011003.htm
109,https://www.chotot.com/mua-ban-may-tinh-de-ban-thanh-pho-bien-hoa-dong-nai/110844573.htm
110,https://www.chotot.com/mua-ban-may-tinh-de-ban-quan-10-tp-ho-chi-minh/110862681.htm
111,https://www.chotot.com/mua-ban-may-tinh-de-ban-quan-binh-tan-tp-ho-chi-minh/111010923.htm
112,https://www.chotot.com/mua-ban-may-tinh-de-ban-huyen-nha-be-tp-ho-chi-minh/110979640.htm
113,https://www.chotot.com/mua-ban-may-tinh-de-ban-quan-binh-thanh-tp-ho-chi-minh/110780490.htm
114,https://www.chotot.com/mua-ban-may-tinh-de-ban-quan-bac-tu-liem-ha-noi/110979629.htm
115,https://www.chotot.com/mua-ban-may-tinh-de-ban-quan-11-tp-ho-chi-minh/110385964.htm
116,https://www.chotot.com/mua-ban-may-tinh-de-ban-thanh-pho-bac-lieu-bac-lieu/111010747.htm
117,https://www.chotot.com/mua-ban-may-tinh-de-ban-quan-binh-thanh-tp-ho-chi-minh/109967530.htm
118,https://www.chotot.com/mua-ban-may-tinh-de-ban-quan-thanh-xuan-ha-noi/111010561.htm
119,https://www.chotot.com/mua-ban-may-tinh-de-ban-quan-ngu-hanh-son-da-nang/110637306.htm
120,https://www.chotot.com/mua-ban-may-tinh-de-ban-quan-5-tp-ho-chi-minh/111010418.htm
121,https://www.chotot.com/mua-ban-may-tinh-de-ban-quan-cau-giay-ha-noi/111010373.htm
122,https://www.chotot.com/mua-ban-may-tinh-de-ban-quan-hai-chau-da-nang/111010313.htm
123,https://www.chotot.com/mua-ban-may-tinh-de-ban-quan-dong-da-ha-noi/110991397.htm
124,https://www.chotot.com/mua-ban-may-tinh-de-ban-thanh-pho-thu-duc-tp-ho-chi-minh/111010199.htm
125,https://www.chotot.com/mua-ban-may-tinh-de-ban-quan-bac-tu-liem-ha-noi/107186052.htm
126,https://www.chotot.com/mua-ban-may-tinh-de-ban-thanh-pho-tan-an-long-an/111010188.htm
127,https://www.chotot.com/mua-ban-may-tinh-de-ban-quan-hai-chau-da-nang/111010056.htm
128,https://www.chotot.com/mua-ban-may-tinh-de-ban-quan-binh-thanh-tp-ho-chi-minh/110134368.htm
129,https://www.chotot.com/mua-ban-may-tinh-de-ban-quan-dong-da-ha-noi/110864512.htm
130,https://www.chotot.com/mua-ban-may-tinh-de-ban-quan-binh-tan-tp-ho-chi-minh/110982166.htm
131,https://www.chotot.com/mua-ban-may-tinh-de-ban-quan-hai-chau-da-nang/111009963.htm
132,https://www.chotot.com/mua-ban-may-tinh-de-ban-quan-binh-tan-tp-ho-chi-minh/110982006.htm
133,https://www.chotot.com/mua-ban-may-tinh-de-ban-quan-phu-nhuan-tp-ho-chi-minh/111009823.htm
134,https://www.chotot.com/mua-ban-may-tinh-de-ban-quan-binh-thanh-tp-ho-chi-minh/108285001.htm
135,https://www.chotot.com/mua-ban-may-tinh-de-ban-quan-ninh-kieu-can-tho/111009706.htm
136,https://www.chotot.com/mua-ban-may-tinh-de-ban-quan-thanh-xuan-ha-noi/95296340.htm
137,https://www.chotot.com/mua-ban-may-tinh-de-ban-quan-hoang-mai-ha-noi/111009639.htm
138,https://www.chotot.com/mua-ban-may-tinh-de-ban-quan-hai-ba-trung-ha-noi/111009560.htm
139,https://www.chotot.com/mua-ban-may-tinh-de-ban-quan-phu-nhuan-tp-ho-chi-minh/109317267.htm
140,https://www.chotot.com/mua-ban-may-tinh-de-ban-quan-tan-binh-tp-ho-chi-minh/108768368.htm
141,https://www.chotot.com/mua-ban-may-tinh-de-ban-quan-binh-thanh-tp-ho-chi-minh/109985330.htm
142,https://www.chotot.com/mua-ban-may-tinh-de-ban-quan-cau-giay-ha-noi/111009512.htm
143,https://www.chotot.com/mua-ban-may-tinh-de-ban-quan-tan-phu-tp-ho-chi-minh/110438085.htm
144,https://www.chotot.com/mua-ban-may-tinh-de-ban-quan-binh-tan-tp-ho-chi-minh/110982167.htm
145,https://www.chotot.com/mua-ban-may-tinh-de-ban-quan-binh-tan-tp-ho-chi-minh/110982007.htm
146,https://www.chotot.com/mua-ban-may-tinh-de-ban-huyen-thu-thua-long-an/111009384.htm
147,https://www.chotot.com/mua-ban-may-tinh-de-ban-quan-tan-binh-tp-ho-chi-minh/108113962.htm
148,https://www.chotot.com/mua-ban-may-tinh-de-ban-quan-son-tra-da-nang/111009243.htm
149,https://www.chotot.com/mua-ban-may-tinh-de-ban-quan-tan-phu-tp-ho-chi-minh/111009099.htm
150,https://www.chotot.com/mua-ban-may-tinh-de-ban-quan-8-tp-ho-chi-minh/103706464.htm
151,https://www.chotot.com/mua-ban-may-tinh-de-ban-quan-binh-thanh-tp-ho-chi-minh/110259750.htm
152,https://www.chotot.com/mua-ban-may-tinh-de-ban-quan-thanh-xuan-ha-noi/111008813.htm
153,https://www.chotot.com/mua-ban-may-tinh-de-ban-quan-go-vap-tp-ho-chi-minh/111008611.htm
154,https://www.chotot.com/mua-ban-may-tinh-de-ban-thanh-pho-buon-ma-thuot-dak-lak/111008486.htm
155,https://www.chotot.com/mua-ban-may-tinh-de-ban-huyen-hoai-duc-ha-noi/110976087.htm
156,https://www.chotot.com/mua-ban-may-tinh-de-ban-quan-tan-phu-tp-ho-chi-minh/111008415.htm
157,https://www.chotot.com/mua-ban-may-tinh-de-ban-huyen-trang-bom-dong-nai/111008349.htm
158,https://www.chotot.com/mua-ban-may-tinh-de-ban-quan-tan-binh-tp-ho-chi-minh/110948188.htm
159,https://www.chotot.com/mua-ban-may-tinh-de-ban-thanh-pho-da-lat-lam-dong/111008320.htm
160,https://www.chotot.com/mua-ban-may-tinh-de-ban-thanh-pho-buon-ma-thuot-dak-lak/111008282.htm
161,https://www.chotot.com/mua-ban-may-tinh-de-ban-thanh-pho-bien-hoa-dong-nai/110866601.htm
162,https://www.chotot.com/mua-ban-may-tinh-de-ban-quan-son-tra-da-nang/111008233.htm
163,https://www.chotot.com/mua-ban-may-tinh-de-ban-quan-ngu-hanh-son-da-nang/107074372.htm
164,https://www.chotot.com/mua-ban-may-tinh-de-ban-quan-go-vap-tp-ho-chi-minh/110332147.htm
165,https://www.chotot.com/mua-ban-may-tinh-de-ban-quan-ngu-hanh-son-da-nang/109146293.htm
166,https://www.chotot.com/mua-ban-may-tinh-de-ban-quan-tan-phu-tp-ho-chi-minh/108988026.htm
167,https://www.chotot.com/mua-ban-may-tinh-de-ban-quan-cam-le-da-nang/110709917.htm
168,https://www.chotot.com/mua-ban-may-tinh-de-ban-quan-binh-tan-tp-ho-chi-minh/110512044.htm
169,https://www.chotot.com/mua-ban-may-tinh-de-ban-quan-nam-tu-liem-ha-noi/111007987.htm
170,https://www.chotot.com/mua-ban-may-tinh-de-ban-quan-thanh-xuan-ha-noi/111007976.htm
171,https://www.chotot.com/mua-ban-may-tinh-de-ban-quan-ngu-hanh-son-da-nang/109975339.htm
172,https://www.chotot.com/mua-ban-may-tinh-de-ban-quan-binh-thanh-tp-ho-chi-minh/102175644.htm
173,https://www.chotot.com/mua-ban-may-tinh-de-ban-thanh-pho-thuan-an-binh-duong/111007724.htm
174,https://www.chotot.com/mua-ban-may-tinh-de-ban-thanh-pho-phu-quoc-kien-giang/110014703.htm
175,https://www.chotot.com/mua-ban-may-tinh-de-ban-quan-tan-phu-tp-ho-chi-minh/108979682.htm
176,https://www.chotot.com/mua-ban-may-tinh-de-ban-huyen-ia-pa-gia-lai/111007568.htm
177,https://www.chotot.com/mua-ban-may-tinh-de-ban-quan-nam-tu-liem-ha-noi/110721456.htm
178,https://www.chotot.com/mua-ban-may-tinh-de-ban-quan-tan-phu-tp-ho-chi-minh/111007475.htm
179,https://www.chotot.com/mua-ban-may-tinh-de-ban-quan-go-vap-tp-ho-chi-minh/110848855.htm
180,https://www.chotot.com/mua-ban-may-tinh-de-ban-quan-binh-thuy-can-tho/110815208.htm
181,https://www.chotot.com/mua-ban-may-tinh-de-ban-quan-10-tp-ho-chi-minh/109584498.htm
182,https://www.chotot.com/mua-ban-may-tinh-de-ban-thanh-pho-thu-duc-tp-ho-chi-minh/109353719.htm
183,https://www.chotot.com/mua-ban-may-tinh-de-ban-quan-phu-nhuan-tp-ho-chi-minh/109557753.htm
184,https://www.chotot.com/mua-ban-may-tinh-de-ban-quan-go-vap-tp-ho-chi-minh/110852849.htm
185,https://www.chotot.com/mua-ban-may-tinh-de-ban-quan-tan-binh-tp-ho-chi-minh/110577245.htm
186,https://www.chotot.com/mua-ban-may-tinh-de-ban-quan-7-tp-ho-chi-minh/110405427.htm
187,https://www.chotot.com/mua-ban-may-tinh-de-ban-thanh-pho-thu-duc-tp-ho-chi-minh/110378381.htm
188,https://www.chotot.com/mua-ban-may-tinh-de-ban-thanh-pho-thu-duc-tp-ho-chi-minh/109356211.htm
189,https://www.chotot.com/mua-ban-may-tinh-de-ban-quan-tan-phu-tp-ho-chi-minh/110938628.htm
190,https://www.chotot.com/mua-ban-may-tinh-de-ban-quan-cau-giay-ha-noi/111006779.htm
191,https://www.chotot.com/mua-ban-may-tinh-de-ban-thanh-pho-thu-duc-tp-ho-chi-minh/111006722.htm
192,https://www.chotot.com/mua-ban-may-tinh-de-ban-quan-cau-giay-ha-noi/111006694.htm
193,https://www.chotot.com/mua-ban-may-tinh-de-ban-thanh-pho-di-an-binh-duong/109354519.htm
194,https://www.chotot.com/mua-ban-may-tinh-de-ban-thanh-pho-thu-duc-tp-ho-chi-minh/110379082.htm
195,https://www.chotot.com/mua-ban-may-tinh-de-ban-thanh-pho-bac-ninh-bac-ninh/110570862.htm
196,https://www.chotot.com/mua-ban-may-tinh-de-ban-quan-tan-phu-tp-ho-chi-minh/111006469.htm
197,https://www.chotot.com/mua-ban-may-tinh-de-ban-quan-cau-giay-ha-noi/111006361.htm
198,https://www.chotot.com/mua-ban-may-tinh-de-ban-quan-hoang-mai-ha-noi/111006278.htm
199,https://www.chotot.com/mua-ban-may-tinh-de-ban-thanh-pho-bien-hoa-dong-nai/111006235.htm
200,https://www.chotot.com/mua-ban-may-tinh-de-ban-quan-binh-thanh-tp-ho-chi-minh/111006222.htm
201,https://www.chotot.com/mua-ban-may-tinh-de-ban-huyen-soc-son-ha-noi/111006171.htm
202,https://www.chotot.com/mua-ban-may-tinh-de-ban-quan-go-vap-tp-ho-chi-minh/110807330.htm
203,https://www.chotot.com/mua-ban-may-tinh-de-ban-quan-thanh-khe-da-nang/108428181.htm
204,https://www.chotot.com/mua-ban-may-tinh-de-ban-huyen-binh-chanh-tp-ho-chi-minh/111006043.htm
205,https://www.chotot.com/mua-ban-may-tinh-de-ban-quan-tan-phu-tp-ho-chi-minh/110744539.htm
206,https://www.chotot.com/mua-ban-may-tinh-de-ban-quan-1-tp-ho-chi-minh/107410940.htm
207,https://www.chotot.com/mua-ban-may-tinh-de-ban-thanh-pho-thu-dau-mot-binh-duong/110198714.htm#px=SR-special_display_ad-[PO-18][PL-default]
208,https://www.chotot.com/mua-ban-may-tinh-de-ban-huyen-binh-dai-ben-tre/109286872.htm
209,https://www.chotot.com/mua-ban-may-tinh-de-ban-quan-12-tp-ho-chi-minh/111005912.htm
210,https://www.chotot.com/mua-ban-may-tinh-de-ban-quan-binh-tan-tp-ho-chi-minh/111005840.htm
211,https://www.chotot.com/mua-ban-may-tinh-de-ban-quan-6-tp-ho-chi-minh/106085936.htm
212,https://www.chotot.com/mua-ban-may-tinh-de-ban-quan-go-vap-tp-ho-chi-minh/111005642.htm
213,https://www.chotot.com/mua-ban-may-tinh-de-ban-quan-hai-chau-da-nang/111005535.htm
214,https://www.chotot.com/mua-ban-may-tinh-de-ban-quan-go-vap-tp-ho-chi-minh/110835961.htm
215,https://www.chotot.com/mua-ban-may-tinh-de-ban-quan-dong-da-ha-noi/110509811.htm
216,https://www.chotot.com/mua-ban-may-tinh-de-ban-quan-binh-thanh-tp-ho-chi-minh/110969174.htm
217,https://www.chotot.com/mua-ban-may-tinh-de-ban-quan-tan-binh-tp-ho-chi-minh/106149653.htm
218,https://www.chotot.com/mua-ban-may-tinh-de-ban-quan-tan-phu-tp-ho-chi-minh/109763943.htm
219,https://www.chotot.com/mua-ban-may-tinh-de-ban-quan-go-vap-tp-ho-chi-minh/109095213.htm
220,https://www.chotot.com/mua-ban-may-tinh-de-ban-quan-go-vap-tp-ho-chi-minh/111005012.htm
221,https://www.chotot.com/mua-ban-may-tinh-de-ban-quan-tan-phu-tp-ho-chi-minh/102099931.htm
222,https://www.chotot.com/mua-ban-may-tinh-de-ban-quan-hai-ba-trung-ha-noi/110912648.htm
223,https://www.chotot.com/mua-ban-may-tinh-de-ban-quan-hai-ba-trung-ha-noi/111004817.htm
224,https://www.chotot.com/mua-ban-may-tinh-de-ban-thanh-pho-thu-duc-tp-ho-chi-minh/110736644.htm
225,https://www.chotot.com/mua-ban-may-tinh-de-ban-huyen-cu-kuin-dak-lak/111004683.htm
226,https://www.chotot.com/mua-ban-may-tinh-de-ban-huyen-yen-dinh-thanh-hoa/111004541.htm
227,https://www.chotot.com/mua-ban-may-tinh-de-ban-quan-hai-ba-trung-ha-noi/111004512.htm
228,https://www.chotot.com/mua-ban-may-tinh-de-ban-quan-go-vap-tp-ho-chi-minh/111004442.htm
229,https://www.chotot.com/mua-ban-may-tinh-de-ban-thanh-pho-thu-duc-tp-ho-chi-minh/111004436.htm
230,https://www.chotot.com/mua-ban-may-tinh-de-ban-huyen-thanh-tri-ha-noi/111004387.htm
231,https://www.chotot.com/mua-ban-may-tinh-de-ban-quan-son-tra-da-nang/111004341.htm
232,https://www.chotot.com/mua-ban-may-tinh-de-ban-huyen-hoa-vang-da-nang/111004330.htm
233,https://www.chotot.com/mua-ban-may-tinh-de-ban-huyen-hau-loc-thanh-hoa/111004253.htm
234,https://www.chotot.com/mua-ban-may-tinh-de-ban-huyen-hoa-vang-da-nang/111004109.htm
235,https://www.chotot.com/mua-ban-may-tinh-de-ban-quan-10-tp-ho-chi-minh/110807434.htm
236,https://www.chotot.com/mua-ban-may-tinh-de-ban-quan-tan-binh-tp-ho-chi-minh/110605044.htm
237,https://www.chotot.com/mua-ban-may-tinh-de-ban-thanh-pho-phuc-yen-vinh-phuc/111003971.htm
238,https://www.chotot.com/mua-ban-may-tinh-de-ban-quan-binh-tan-tp-ho-chi-minh/111003917.htm
239,https://www.chotot.com/mua-ban-may-tinh-de-ban-quan-12-tp-ho-chi-minh/111003856.htm
240,https://www.chotot.com/mua-ban-may-tinh-de-ban-quan-tan-phu-tp-ho-chi-minh/110936273.htm
241,https://www.chotot.com/mua-ban-may-tinh-de-ban-quan-hai-ba-trung-ha-noi/111003843.htm
242,https://www.chotot.com/mua-ban-may-tinh-de-ban-thanh-pho-thu-duc-tp-ho-chi-minh/111003791.htm
243,https://www.chotot.com/mua-ban-may-tinh-de-ban-thanh-pho-long-khanh-dong-nai/111003723.htm
244,https://www.chotot.com/mua-ban-may-tinh-de-ban-quan-go-vap-tp-ho-chi-minh/110962500.htm
245,https://www.chotot.com/mua-ban-may-tinh-de-ban-quan-long-bien-ha-noi/111003611.htm
246,https://www.chotot.com/mua-ban-may-tinh-de-ban-quan-hoan-kiem-ha-noi/111003546.htm
247,https://www.chotot.com/mua-ban-may-tinh-de-ban-quan-go-vap-tp-ho-chi-minh/111003450.htm
248,https://www.chotot.com/mua-ban-may-tinh-de-ban-quan-11-tp-ho-chi-minh/111003370.htm
249,https://www.chotot.com/mua-ban-may-tinh-de-ban-quan-tan-phu-tp-ho-chi-minh/111003305.htm
250,https://www.chotot.com/mua-ban-may-tinh-de-ban-quan-11-tp-ho-chi-minh/111003304.htm
251,https://www.chotot.com/mua-ban-may-tinh-de-ban-thanh-pho-bien-hoa-dong-nai/111003281.htm
252,https://www.chotot.com/mua-ban-may-tinh-de-ban-quan-6-tp-ho-chi-minh/111003226.htm
253,https://www.chotot.com/mua-ban-may-tinh-de-ban-quan-hai-chau-da-nang/111003198.htm
254,https://www.chotot.com/mua-ban-may-tinh-de-ban-quan-tan-phu-tp-ho-chi-minh/105763683.htm
255,https://www.chotot.com/mua-ban-may-tinh-de-ban-quan-3-tp-ho-chi-minh/111003179.htm
256,https://www.chotot.com/mua-ban-may-tinh-de-ban-thanh-pho-nha-trang-khanh-hoa/108569245.htm
257,https://www.chotot.com/mua-ban-may-tinh-de-ban-quan-cau-giay-ha-noi/111003102.htm
258,https://www.chotot.com/mua-ban-may-tinh-de-ban-thanh-pho-bien-hoa-dong-nai/111003079.htm
259,https://www.chotot.com/mua-ban-may-tinh-de-ban-quan-tan-phu-tp-ho-chi-minh/100814073.htm
260,https://www.chotot.com/mua-ban-may-tinh-de-ban-thanh-pho-my-tho-tien-giang/111002888.htm
261,https://www.chotot.com/mua-ban-may-tinh-de-ban-quan-thanh-xuan-ha-noi/111002852.htm
262,https://www.chotot.com/mua-ban-may-tinh-de-ban-quan-12-tp-ho-chi-minh/111002737.htm
263,https://www.chotot.com/mua-ban-may-tinh-de-ban-quan-tan-phu-tp-ho-chi-minh/106248945.htm
264,https://www.chotot.com/mua-ban-may-tinh-de-ban-thanh-pho-thu-duc-tp-ho-chi-minh/109508046.htm
265,https://www.chotot.com/mua-ban-may-tinh-de-ban-quan-ha-dong-ha-noi/111002674.htm
266,https://www.chotot.com/mua-ban-may-tinh-de-ban-quan-thanh-khe-da-nang/111002561.htm
267,https://www.chotot.com/mua-ban-may-tinh-de-ban-quan-7-tp-ho-chi-minh/111002557.htm
268,https://www.chotot.com/mua-ban-may-tinh-de-ban-huyen-xuan-truong-nam-dinh/111002552.htm
269,https://www.chotot.com/mua-ban-may-tinh-de-ban-quan-tan-phu-tp-ho-chi-minh/108367002.htm
270,https://www.chotot.com/mua-ban-may-tinh-de-ban-huyen-duong-minh-chau-tay-ninh/110937019.htm
271,https://www.chotot.com/mua-ban-may-tinh-de-ban-thanh-pho-thanh-hoa-thanh-hoa/111002232.htm
272,https://www.chotot.com/mua-ban-may-tinh-de-ban-thanh-pho-tan-an-long-an/111002099.htm
273,https://www.chotot.com/mua-ban-may-tinh-de-ban-thanh-pho-thuan-an-binh-duong/110997762.htm
274,https://www.chotot.com/mua-ban-may-tinh-de-ban-thanh-pho-thuan-an-binh-duong/110677608.htm
275,https://www.chotot.com/mua-ban-may-tinh-de-ban-quan-hoang-mai-ha-noi/111001744.htm
276,https://www.chotot.com/mua-ban-may-tinh-de-ban-quan-thanh-khe-da-nang/111001724.htm
277,https://www.chotot.com/mua-ban-may-tinh-de-ban-quan-tan-phu-tp-ho-chi-minh/110978343.htm
278,https://www.chotot.com/mua-ban-may-tinh-de-ban-quan-tan-phu-tp-ho-chi-minh/101694225.htm
279,https://www.chotot.com/mua-ban-may-tinh-de-ban-quan-go-vap-tp-ho-chi-minh/111001471.htm
280,https://www.chotot.com/mua-ban-may-tinh-de-ban-thanh-pho-thuan-an-binh-duong/111001374.htm
281,https://www.chotot.com/mua-ban-may-tinh-de-ban-huyen-quang-xuong-thanh-hoa/110611253.htm
282,https://www.chotot.com/mua-ban-may-tinh-de-ban-quan-tan-phu-tp-ho-chi-minh/109171361.htm
283,https://www.chotot.com/mua-ban-may-tinh-de-ban-thanh-pho-ben-tre-ben-tre/111001320.htm
284,https://www.chotot.com/mua-ban-may-tinh-de-ban-quan-hai-an-hai-phong/111001280.htm
285,https://www.chotot.com/mua-ban-may-tinh-de-ban-quan-7-tp-ho-chi-minh/111001191.htm
286,https://www.chotot.com/mua-ban-may-tinh-de-ban-quan-tan-phu-tp-ho-chi-minh/99926603.htm
287,https://www.chotot.com/mua-ban-may-tinh-de-ban-thanh-pho-tam-ky-quang-nam/111001048.htm
288,https://www.chotot.com/mua-ban-may-tinh-de-ban-huyen-hoc-mon-tp-ho-chi-minh/111000943.htm
289,https://www.chotot.com/mua-ban-may-tinh-de-ban-thanh-pho-buon-ma-thuot-dak-lak/111000816.htm
290,https://www.chotot.com/mua-ban-may-tinh-de-ban-quan-tan-phu-tp-ho-chi-minh/110892361.htm
291,https://www.chotot.com/mua-ban-may-tinh-de-ban-quan-binh-tan-tp-ho-chi-minh/110854332.htm
292,https://www.chotot.com/mua-ban-may-tinh-de-ban-quan-nam-tu-liem-ha-noi/111000696.htm
293,https://www.chotot.com/mua-ban-may-tinh-de-ban-quan-tan-phu-tp-ho-chi-minh/105269227.htm
294,https://www.chotot.com/mua-ban-may-tinh-de-ban-quan-phu-nhuan-tp-ho-chi-minh/110936223.htm
295,https://www.chotot.com/mua-ban-may-tinh-de-ban-quan-tan-phu-tp-ho-chi-minh/109512972.htm
296,https://www.chotot.com/mua-ban-may-tinh-de-ban-quan-7-tp-ho-chi-minh/107420917.htm
297,https://www.chotot.com/mua-ban-may-tinh-de-ban-huyen-can-duoc-long-an/111000299.htm
298,https://www.chotot.com/mua-ban-may-tinh-de-ban-quan-binh-thanh-tp-ho-chi-minh/111000293.htm
299,https://www.chotot.com/mua-ban-may-tinh-de-ban-quan-12-tp-ho-chi-minh/111000249.htm
300,https://www.chotot.com/mua-ban-may-tinh-de-ban-quan-10-tp-ho-chi-minh/111000224.htm
301,https://www.chotot.com/mua-ban-may-tinh-de-ban-quan-tan-phu-tp-ho-chi-minh/109206470.htm
302,https://www.chotot.com/mua-ban-may-tinh-de-ban-quan-binh-tan-tp-ho-chi-minh/108768834.htm
303,https://www.chotot.com/mua-ban-may-tinh-de-ban-thanh-pho-buon-ma-thuot-dak-lak/111000195.htm
304,https://www.chotot.com/mua-ban-may-tinh-de-ban-huyen-dak-mil-dak-nong/111000149.htm
305,https://www.chotot.com/mua-ban-may-tinh-de-ban-quan-go-vap-tp-ho-chi-minh/109678535.htm
306,https://www.chotot.com/mua-ban-may-tinh-de-ban-thanh-pho-pleiku-gia-lai/110999930.htm
307,https://www.chotot.com/mua-ban-may-tinh-de-ban-quan-tan-phu-tp-ho-chi-minh/108704580.htm
308,https://www.chotot.com/mua-ban-may-tinh-de-ban-quan-tan-phu-tp-ho-chi-minh/103851950.htm
309,https://www.chotot.com/mua-ban-may-tinh-de-ban-quan-go-vap-tp-ho-chi-minh/107814671.htm
310,https://www.chotot.com/mua-ban-may-tinh-de-ban-quan-cai-rang-can-tho/110999472.htm
311,https://www.chotot.com/mua-ban-may-tinh-de-ban-quan-1-tp-ho-chi-minh/110999336.htm
312,https://www.chotot.com/mua-ban-may-tinh-de-ban-quan-thanh-khe-da-nang/110948852.htm
313,https://www.chotot.com/mua-ban-may-tinh-de-ban-quan-tan-phu-tp-ho-chi-minh/108916338.htm
314,https://www.chotot.com/mua-ban-may-tinh-de-ban-quan-3-tp-ho-chi-minh/110999051.htm
315,https://www.chotot.com/mua-ban-may-tinh-de-ban-quan-6-tp-ho-chi-minh/110832577.htm
316,https://www.chotot.com/mua-ban-may-tinh-de-ban-quan-go-vap-tp-ho-chi-minh/110999028.htm
317,https://www.chotot.com/mua-ban-may-tinh-de-ban-quan-tan-phu-tp-ho-chi-minh/106950284.htm
318,https://www.chotot.com/mua-ban-may-tinh-de-ban-quan-12-tp-ho-chi-minh/110998978.htm
319,https://www.chotot.com/mua-ban-may-tinh-de-ban-quan-go-vap-tp-ho-chi-minh/110998916.htm
320,https://www.chotot.com/mua-ban-may-tinh-de-ban-quan-lien-chieu-da-nang/110998812.htm
321,https://www.chotot.com/mua-ban-may-tinh-de-ban-quan-tan-binh-tp-ho-chi-minh/110998722.htm
322,https://www.chotot.com/mua-ban-may-tinh-de-ban-huyen-binh-chanh-tp-ho-chi-minh/107521206.htm
323,https://www.chotot.com/mua-ban-may-tinh-de-ban-quan-tan-phu-tp-ho-chi-minh/102914166.htm
324,https://www.chotot.com/mua-ban-may-tinh-de-ban-quan-ngu-hanh-son-da-nang/110444792.htm
325,https://www.chotot.com/mua-ban-may-tinh-de-ban-quan-4-tp-ho-chi-minh/110998410.htm
326,https://www.chotot.com/mua-ban-may-tinh-de-ban-quan-tan-phu-tp-ho-chi-minh/110998324.htm
327,https://www.chotot.com/mua-ban-may-tinh-de-ban-quan-nam-tu-liem-ha-noi/110998092.htm
328,https://www.chotot.com/mua-ban-may-tinh-de-ban-quan-binh-thanh-tp-ho-chi-minh/110998084.htm
329,https://www.chotot.com/mua-ban-may-tinh-de-ban-quan-tan-phu-tp-ho-chi-minh/110997953.htm
330,https://www.chotot.com/mua-ban-may-tinh-de-ban-huyen-long-thanh-dong-nai/110997832.htm
331,https://www.chotot.com/mua-ban-may-tinh-de-ban-thi-xa-ben-cat-binh-duong/110997830.htm
332,https://www.chotot.com/mua-ban-may-tinh-de-ban-quan-cai-rang-can-tho/110997787.htm
333,https://www.chotot.com/mua-ban-may-tinh-de-ban-quan-nam-tu-liem-ha-noi/110997693.htm
334,https://www.chotot.com/mua-ban-may-tinh-de-ban-huyen-hoc-mon-tp-ho-chi-minh/110997647.htm
335,https://www.chotot.com/mua-ban-may-tinh-de-ban-quan-long-bien-ha-noi/110997598.htm
336,https://www.chotot.com/mua-ban-may-tinh-de-ban-quan-binh-thanh-tp-ho-chi-minh/110997588.htm
337,https://www.chotot.com/mua-ban-may-tinh-de-ban-huyen-hoa-thanh-tay-ninh/110009044.htm
338,https://www.chotot.com/mua-ban-may-tinh-de-ban-thanh-pho-thuan-an-binh-duong/110997468.htm
339,https://www.chotot.com/mua-ban-may-tinh-de-ban-quan-12-tp-ho-chi-minh/109704858.htm
340,https://www.chotot.com/mua-ban-may-tinh-de-ban-quan-son-tra-da-nang/110997362.htm
341,https://www.chotot.com/mua-ban-may-tinh-de-ban-huyen-me-linh-ha-noi/110997251.htm
342,https://www.chotot.com/mua-ban-may-tinh-de-ban-quan-nam-tu-liem-ha-noi/110997087.htm
343,https://www.chotot.com/mua-ban-may-tinh-de-ban-quan-5-tp-ho-chi-minh/110996985.htm
344,https://www.chotot.com/mua-ban-may-tinh-de-ban-quan-phu-nhuan-tp-ho-chi-minh/110770217.htm
345,https://www.chotot.com/mua-ban-may-tinh-de-ban-huyen-cu-chi-tp-ho-chi-minh/110996905.htm
346,https://www.chotot.com/mua-ban-may-tinh-de-ban-quan-binh-thanh-tp-ho-chi-minh/93529760.htm
347,https://www.chotot.com/mua-ban-may-tinh-de-ban-quan-ha-dong-ha-noi/110996797.htm
348,https://www.chotot.com/mua-ban-may-tinh-de-ban-quan-tan-binh-tp-ho-chi-minh/110809765.htm
349,https://www.chotot.com/mua-ban-may-tinh-de-ban-quan-10-tp-ho-chi-minh/110426725.htm
350,https://www.chotot.com/mua-ban-may-tinh-de-ban-thanh-pho-thu-duc-tp-ho-chi-minh/109715070.htm#px=SR-special_display_ad-[PO-1][PL-default]
351,https://www.chotot.com/mua-ban-may-tinh-de-ban-quan-tan-binh-tp-ho-chi-minh/110940320.htm
352,https://www.chotot.com/mua-ban-may-tinh-de-ban-huyen-binh-xuyen-vinh-phuc/110996589.htm
353,https://www.chotot.com/mua-ban-may-tinh-de-ban-quan-7-tp-ho-chi-minh/110996570.htm
354,https://www.chotot.com/mua-ban-may-tinh-de-ban-quan-dong-da-ha-noi/110996157.htm
355,https://www.chotot.com/mua-ban-may-tinh-de-ban-quan-6-tp-ho-chi-minh/110996149.htm
356,https://www.chotot.com/mua-ban-may-tinh-de-ban-thanh-pho-qui-nhon-binh-dinh/108869871.htm
357,https://www.chotot.com/mua-ban-may-tinh-de-ban-huyen-phu-tan-an-giang/110995881.htm
358,https://www.chotot.com/mua-ban-may-tinh-de-ban-thanh-pho-bien-hoa-dong-nai/110995650.htm
359,https://www.chotot.com/mua-ban-may-tinh-de-ban-quan-11-tp-ho-chi-minh/110995639.htm
360,https://www.chotot.com/mua-ban-may-tinh-de-ban-thanh-pho-lang-son-lang-son/110995574.htm
361,https://www.chotot.com/mua-ban-may-tinh-de-ban-quan-cam-le-da-nang/110995475.htm
362,https://www.chotot.com/mua-ban-may-tinh-de-ban-thanh-pho-thuan-an-binh-duong/110994954.htm
363,https://www.chotot.com/mua-ban-may-tinh-de-ban-quan-nam-tu-liem-ha-noi/110137065.htm
364,https://www.chotot.com/mua-ban-may-tinh-de-ban-quan-binh-tan-tp-ho-chi-minh/110716269.htm
365,https://www.chotot.com/mua-ban-may-tinh-de-ban-quan-go-vap-tp-ho-chi-minh/110415207.htm
366,https://www.chotot.com/mua-ban-may-tinh-de-ban-thanh-pho-thu-dau-mot-binh-duong/110994391.htm
367,https://www.chotot.com/mua-ban-may-tinh-de-ban-quan-cam-le-da-nang/110787080.htm
368,https://www.chotot.com/mua-ban-may-tinh-de-ban-quan-thanh-xuan-ha-noi/85019298.htm
369,https://www.chotot.com/mua-ban-may-tinh-de-ban-huyen-hoc-mon-tp-ho-chi-minh/110994309.htm
370,https://www.chotot.com/mua-ban-may-tinh-de-ban-quan-hai-ba-trung-ha-noi/110994293.htm
371,https://www.chotot.com/mua-ban-may-tinh-de-ban-quan-11-tp-ho-chi-minh/110994286.htm
372,https://www.chotot.com/mua-ban-may-tinh-de-ban-quan-go-vap-tp-ho-chi-minh/110994170.htm
373,https://www.chotot.com/mua-ban-may-tinh-de-ban-quan-10-tp-ho-chi-minh/110917089.htm
374,https://www.chotot.com/mua-ban-may-tinh-de-ban-quan-10-tp-ho-chi-minh/110993838.htm
375,https://www.chotot.com/mua-ban-may-tinh-de-ban-huyen-nha-be-tp-ho-chi-minh/110993640.htm
376,https://www.chotot.com/mua-ban-may-tinh-de-ban-quan-tan-binh-tp-ho-chi-minh/110174100.htm
377,https://www.chotot.com/mua-ban-may-tinh-de-ban-quan-phu-nhuan-tp-ho-chi-minh/107584607.htm
378,https://www.chotot.com/mua-ban-may-tinh-de-ban-quan-7-tp-ho-chi-minh/108330441.htm
379,https://www.chotot.com/mua-ban-may-tinh-de-ban-quan-kien-an-hai-phong/110993422.htm
380,https://www.chotot.com/mua-ban-may-tinh-de-ban-thanh-pho-di-an-binh-duong/110993420.htm
381,https://www.chotot.com/mua-ban-may-tinh-de-ban-quan-cai-rang-can-tho/110993414.htm
382,https://www.chotot.com/mua-ban-may-tinh-de-ban-quan-ninh-kieu-can-tho/110993292.htm
383,https://www.chotot.com/mua-ban-may-tinh-de-ban-quan-cau-giay-ha-noi/110993217.htm
384,https://www.chotot.com/mua-ban-may-tinh-de-ban-quan-go-vap-tp-ho-chi-minh/110993031.htm
385,https://www.chotot.com/mua-ban-may-tinh-de-ban-quan-go-vap-tp-ho-chi-minh/110992950.htm
386,https://www.chotot.com/mua-ban-may-tinh-de-ban-quan-go-vap-tp-ho-chi-minh/110992936.htm
387,https://www.chotot.com/mua-ban-may-tinh-de-ban-huyen-thach-that-ha-noi/110992910.htm
388,https://www.chotot.com/mua-ban-may-tinh-de-ban-quan-ha-dong-ha-noi/110992863.htm
389,https://www.chotot.com/mua-ban-may-tinh-de-ban-quan-dong-da-ha-noi/110992797.htm
390,https://www.chotot.com/mua-ban-may-tinh-de-ban-quan-8-tp-ho-chi-minh/110992709.htm
391,https://www.chotot.com/mua-ban-may-tinh-de-ban-thi-xa-tan-uyen-binh-duong/110992665.htm
392,https://www.chotot.com/mua-ban-may-tinh-de-ban-quan-go-vap-tp-ho-chi-minh/107425217.htm
393,https://www.chotot.com/mua-ban-may-tinh-de-ban-huyen-binh-chanh-tp-ho-chi-minh/110992520.htm
394,https://www.chotot.com/mua-ban-may-tinh-de-ban-thanh-pho-thu-duc-tp-ho-chi-minh/110992472.htm
395,https://www.chotot.com/mua-ban-may-tinh-de-ban-thanh-pho-thu-duc-tp-ho-chi-minh/110518667.htm
396,https://www.chotot.com/mua-ban-may-tinh-de-ban-quan-11-tp-ho-chi-minh/110992405.htm
397,https://www.chotot.com/mua-ban-may-tinh-de-ban-thanh-pho-thu-duc-tp-ho-chi-minh/110992403.htm
398,https://www.chotot.com/mua-ban-may-tinh-de-ban-thanh-pho-bao-loc-lam-dong/110992401.htm
399,https://www.chotot.com/mua-ban-may-tinh-de-ban-quan-thanh-khe-da-nang/110992360.htm
400,https://www.chotot.com/mua-ban-may-tinh-de-ban-quan-go-vap-tp-ho-chi-minh/110992340.htm
401,https://www.chotot.com/mua-ban-may-tinh-de-ban-thanh-pho-thu-duc-tp-ho-chi-minh/110992291.htm
402,https://www.chotot.com/mua-ban-may-tinh-de-ban-thanh-pho-thu-duc-tp-ho-chi-minh/109711439.htm
403,https://www.chotot.com/mua-ban-may-tinh-de-ban-thanh-pho-bien-hoa-dong-nai/110992149.htm
404,https://www.chotot.com/mua-ban-may-tinh-de-ban-quan-6-tp-ho-chi-minh/106008097.htm
405,https://www.chotot.com/mua-ban-may-tinh-de-ban-huyen-ly-nhan-ha-nam/110991469.htm
406,https://www.chotot.com/mua-ban-may-tinh-de-ban-quan-binh-tan-tp-ho-chi-minh/110991330.htm
407,https://www.chotot.com/mua-ban-may-tinh-de-ban-quan-nam-tu-liem-ha-noi/110991321.htm
408,https://www.chotot.com/mua-ban-may-tinh-de-ban-quan-7-tp-ho-chi-minh/110991139.htm
409,https://www.chotot.com/mua-ban-may-tinh-de-ban-thanh-pho-thu-duc-tp-ho-chi-minh/110727303.htm
410,https://www.chotot.com/mua-ban-may-tinh-de-ban-thanh-pho-tay-ninh-tay-ninh/110991100.htm
411,https://www.chotot.com/mua-ban-may-tinh-de-ban-quan-11-tp-ho-chi-minh/110991073.htm
412,https://www.chotot.com/mua-ban-may-tinh-de-ban-quan-nam-tu-liem-ha-noi/110990985.htm
413,https://www.chotot.com/mua-ban-may-tinh-de-ban-quan-tan-phu-tp-ho-chi-minh/106643956.htm
414,https://www.chotot.com/mua-ban-may-tinh-de-ban-quan-6-tp-ho-chi-minh/110990838.htm
415,https://www.chotot.com/mua-ban-may-tinh-de-ban-quan-binh-tan-tp-ho-chi-minh/110990746.htm
416,https://www.chotot.com/mua-ban-may-tinh-de-ban-thanh-pho-thu-duc-tp-ho-chi-minh/110990737.htm
417,https://www.chotot.com/mua-ban-may-tinh-de-ban-quan-son-tra-da-nang/110990684.htm
418,https://www.chotot.com/mua-ban-may-tinh-de-ban-quan-binh-thanh-tp-ho-chi-minh/110990653.htm
419,https://www.chotot.com/mua-ban-may-tinh-de-ban-thanh-pho-thu-duc-tp-ho-chi-minh/103222468.htm
420,https://www.chotot.com/mua-ban-may-tinh-de-ban-quan-binh-thanh-tp-ho-chi-minh/110990470.htm
421,https://www.chotot.com/mua-ban-may-tinh-de-ban-thanh-pho-bien-hoa-dong-nai/110390799.htm
422,https://www.chotot.com/mua-ban-may-tinh-de-ban-quan-bac-tu-liem-ha-noi/110990313.htm
423,https://www.chotot.com/mua-ban-may-tinh-de-ban-quan-thanh-khe-da-nang/109593539.htm
424,https://www.chotot.com/mua-ban-may-tinh-de-ban-huyen-hoa-thanh-tay-ninh/110990191.htm
425,https://www.chotot.com/mua-ban-may-tinh-de-ban-thanh-pho-nha-trang-khanh-hoa/110990011.htm
426,https://www.chotot.com/mua-ban-may-tinh-de-ban-thanh-pho-bien-hoa-dong-nai/110418735.htm
427,https://www.chotot.com/mua-ban-may-tinh-de-ban-quan-3-tp-ho-chi-minh/110496503.htm
428,https://www.chotot.com/mua-ban-may-tinh-de-ban-quan-6-tp-ho-chi-minh/110989676.htm
429,https://www.chotot.com/mua-ban-may-tinh-de-ban-quan-kien-an-hai-phong/110989548.htm
430,https://www.chotot.com/mua-ban-may-tinh-de-ban-thi-xa-phu-my-ba-ria-vung-tau/110610640.htm
431,https://www.chotot.com/mua-ban-may-tinh-de-ban-huyen-long-thanh-dong-nai/110989496.htm
432,https://www.chotot.com/mua-ban-may-tinh-de-ban-quan-binh-thanh-tp-ho-chi-minh/110989458.htm
433,https://www.chotot.com/mua-ban-may-tinh-de-ban-quan-go-vap-tp-ho-chi-minh/105663713.htm
434,https://www.chotot.com/mua-ban-may-tinh-de-ban-thanh-pho-thu-dau-mot-binh-duong/110989277.htm
435,https://www.chotot.com/mua-ban-may-tinh-de-ban-thanh-pho-thu-duc-tp-ho-chi-minh/110989200.htm
436,https://www.chotot.com/mua-ban-may-tinh-de-ban-quan-6-tp-ho-chi-minh/110988994.htm
437,https://www.chotot.com/mua-ban-may-tinh-de-ban-quan-12-tp-ho-chi-minh/110988888.htm
438,https://www.chotot.com/mua-ban-may-tinh-de-ban-quan-go-vap-tp-ho-chi-minh/110877100.htm
439,https://www.chotot.com/mua-ban-may-tinh-de-ban-quan-ninh-kieu-can-tho/110988805.htm
440,https://www.chotot.com/mua-ban-may-tinh-de-ban-quan-cau-giay-ha-noi/110988717.htm
441,https://www.chotot.com/mua-ban-may-tinh-de-ban-quan-thanh-khe-da-nang/110988480.htm
442,https://www.chotot.com/mua-ban-may-tinh-de-ban-quan-binh-thanh-tp-ho-chi-minh/110988422.htm
443,https://www.chotot.com/mua-ban-may-tinh-de-ban-quan-6-tp-ho-chi-minh/110988315.htm
444,https://www.chotot.com/mua-ban-may-tinh-de-ban-thanh-pho-di-an-binh-duong/110988233.htm
445,https://www.chotot.com/mua-ban-may-tinh-de-ban-quan-hoang-mai-ha-noi/110988206.htm
446,https://www.chotot.com/mua-ban-may-tinh-de-ban-quan-lien-chieu-da-nang/110988169.htm
447,https://www.chotot.com/mua-ban-may-tinh-de-ban-quan-lien-chieu-da-nang/110570052.htm
448,https://www.chotot.com/mua-ban-may-tinh-de-ban-huyen-binh-chanh-tp-ho-chi-minh/110988139.htm
449,https://www.chotot.com/mua-ban-may-tinh-de-ban-huyen-dong-anh-ha-noi/110987923.htm
450,https://www.chotot.com/mua-ban-may-tinh-de-ban-quan-cau-giay-ha-noi/110987649.htm
451,https://www.chotot.com/mua-ban-may-tinh-de-ban-quan-bac-tu-liem-ha-noi/110987535.htm
452,https://www.chotot.com/mua-ban-may-tinh-de-ban-thanh-pho-thu-duc-tp-ho-chi-minh/110815241.htm
453,https://www.chotot.com/mua-ban-may-tinh-de-ban-huyen-quynh-phu-thai-binh/110987436.htm
454,https://www.chotot.com/mua-ban-may-tinh-de-ban-thanh-pho-thuan-an-binh-duong/110987421.htm
455,https://www.chotot.com/mua-ban-may-tinh-de-ban-thanh-pho-buon-ma-thuot-dak-lak/110002813.htm
456,https://www.chotot.com/mua-ban-may-tinh-de-ban-quan-hoang-mai-ha-noi/110987318.htm
457,https://www.chotot.com/mua-ban-may-tinh-de-ban-quan-binh-tan-tp-ho-chi-minh/110986956.htm
458,https://www.chotot.com/mua-ban-may-tinh-de-ban-quan-lien-chieu-da-nang/110825119.htm
459,https://www.chotot.com/mua-ban-may-tinh-de-ban-quan-10-tp-ho-chi-minh/109500684.htm
460,https://www.chotot.com/mua-ban-may-tinh-de-ban-huyen-go-quao-kien-giang/110986639.htm
461,https://www.chotot.com/mua-ban-may-tinh-de-ban-quan-dong-da-ha-noi/110986617.htm
462,https://www.chotot.com/mua-ban-may-tinh-de-ban-quan-5-tp-ho-chi-minh/110986489.htm
463,https://www.chotot.com/mua-ban-may-tinh-de-ban-quan-ninh-kieu-can-tho/110986461.htm
464,https://www.chotot.com/mua-ban-may-tinh-de-ban-quan-ninh-kieu-can-tho/110986462.htm
465,https://www.chotot.com/mua-ban-may-tinh-de-ban-quan-ninh-kieu-can-tho/110986460.htm
466,https://www.chotot.com/mua-ban-may-tinh-de-ban-quan-cau-giay-ha-noi/110986404.htm
467,https://www.chotot.com/mua-ban-may-tinh-de-ban-quan-tan-binh-tp-ho-chi-minh/107473297.htm
468,https://www.chotot.com/mua-ban-may-tinh-de-ban-quan-phu-nhuan-tp-ho-chi-minh/110986062.htm
469,https://www.chotot.com/mua-ban-may-tinh-de-ban-thanh-pho-hue-thua-thien-hue/110268560.htm
470,https://www.chotot.com/mua-ban-may-tinh-de-ban-quan-tan-phu-tp-ho-chi-minh/110944524.htm
471,https://www.chotot.com/mua-ban-may-tinh-de-ban-quan-thanh-xuan-ha-noi/110985786.htm
472,https://www.chotot.com/mua-ban-may-tinh-de-ban-quan-tan-phu-tp-ho-chi-minh/110985740.htm
473,https://www.chotot.com/mua-ban-may-tinh-de-ban-quan-bac-tu-liem-ha-noi/110985712.htm
474,https://www.chotot.com/mua-ban-may-tinh-de-ban-thanh-pho-thu-duc-tp-ho-chi-minh/110386746.htm
475,https://www.chotot.com/mua-ban-may-tinh-de-ban-quan-tan-phu-tp-ho-chi-minh/106318535.htm
476,https://www.chotot.com/mua-ban-may-tinh-de-ban-huyen-hoc-mon-tp-ho-chi-minh/110985310.htm
477,https://www.chotot.com/mua-ban-may-tinh-de-ban-quan-go-vap-tp-ho-chi-minh/110738540.htm
478,https://www.chotot.com/mua-ban-may-tinh-de-ban-quan-5-tp-ho-chi-minh/110132859.htm
479,https://www.chotot.com/mua-ban-may-tinh-de-ban-quan-nam-tu-liem-ha-noi/110985032.htm
480,https://www.chotot.com/mua-ban-may-tinh-de-ban-quan-cau-giay-ha-noi/110984925.htm
481,https://www.chotot.com/mua-ban-may-tinh-de-ban-quan-binh-tan-tp-ho-chi-minh/110956315.htm
482,https://www.chotot.com/mua-ban-may-tinh-de-ban-quan-tan-binh-tp-ho-chi-minh/110719436.htm
483,https://www.chotot.com/mua-ban-may-tinh-de-ban-quan-tan-phu-tp-ho-chi-minh/110984555.htm
484,https://www.chotot.com/mua-ban-may-tinh-de-ban-quan-12-tp-ho-chi-minh/110984549.htm
485,https://www.chotot.com/mua-ban-may-tinh-de-ban-quan-6-tp-ho-chi-minh/110887746.htm
486,https://www.chotot.com/mua-ban-may-tinh-de-ban-quan-tan-binh-tp-ho-chi-minh/110984424.htm
487,https://www.chotot.com/mua-ban-may-tinh-de-ban-thanh-pho-thuan-an-binh-duong/110984348.htm
488,https://www.chotot.com/mua-ban-may-tinh-de-ban-quan-phu-nhuan-tp-ho-chi-minh/110520599.htm
489,https://www.chotot.com/mua-ban-may-tinh-de-ban-quan-go-vap-tp-ho-chi-minh/109296392.htm
490,https://www.chotot.com/mua-ban-may-tinh-de-ban-quan-tan-binh-tp-ho-chi-minh/110983982.htm
491,https://www.chotot.com/mua-ban-may-tinh-de-ban-quan-go-vap-tp-ho-chi-minh/110878260.htm
492,https://www.chotot.com/mua-ban-may-tinh-de-ban-quan-12-tp-ho-chi-minh/110983829.htm
493,https://www.chotot.com/mua-ban-may-tinh-de-ban-quan-10-tp-ho-chi-minh/101765213.htm
494,https://www.chotot.com/mua-ban-may-tinh-de-ban-quan-thanh-khe-da-nang/110983489.htm
495,https://www.chotot.com/mua-ban-may-tinh-de-ban-quan-go-vap-tp-ho-chi-minh/110983334.htm
496,https://www.chotot.com/mua-ban-may-tinh-de-ban-huyen-soc-son-ha-noi/110983171.htm
497,https://www.chotot.com/mua-ban-may-tinh-de-ban-quan-go-vap-tp-ho-chi-minh/110982992.htm
498,https://www.chotot.com/mua-ban-may-tinh-de-ban-quan-go-vap-tp-ho-chi-minh/107501067.htm
499,https://www.chotot.com/mua-ban-may-tinh-de-ban-quan-10-tp-ho-chi-minh/108416354.htm
500,https://www.chotot.com/mua-ban-may-tinh-de-ban-quan-go-vap-tp-ho-chi-minh/107418861.htm
501,https://www.chotot.com/mua-ban-may-tinh-de-ban-quan-tan-phu-tp-ho-chi-minh/110316269.htm
502,https://www.chotot.com/mua-ban-may-tinh-de-ban-quan-tan-binh-tp-ho-chi-minh/110982528.htm
503,https://www.chotot.com/mua-ban-may-tinh-de-ban-thanh-pho-rach-gia-kien-giang/110982488.htm
504,https://www.chotot.com/mua-ban-may-tinh-de-ban-thanh-pho-soc-trang-soc-trang/110982367.htm
505,https://www.chotot.com/mua-ban-may-tinh-de-ban-quan-10-tp-ho-chi-minh/108471098.htm
506,https://www.chotot.com/mua-ban-may-tinh-de-ban-quan-6-tp-ho-chi-minh/110982277.htm
507,https://www.chotot.com/mua-ban-may-tinh-de-ban-quan-ninh-kieu-can-tho/110982254.htm
508,https://www.chotot.com/mua-ban-may-tinh-de-ban-quan-10-tp-ho-chi-minh/108437098.htm
509,https://www.chotot.com/mua-ban-may-tinh-de-ban-thanh-pho-thu-duc-tp-ho-chi-minh/106434473.htm
510,https://www.chotot.com/mua-ban-may-tinh-de-ban-quan-binh-tan-tp-ho-chi-minh/110982005.htm
511,https://www.chotot.com/mua-ban-may-tinh-de-ban-thanh-pho-thu-duc-tp-ho-chi-minh/110981944.htm
512,https://www.chotot.com/mua-ban-may-tinh-de-ban-thanh-pho-thu-duc-tp-ho-chi-minh/110215087.htm
513,https://www.chotot.com/mua-ban-may-tinh-de-ban-quan-tan-phu-tp-ho-chi-minh/110178047.htm
514,https://www.chotot.com/mua-ban-may-tinh-de-ban-thanh-pho-soc-trang-soc-trang/110661652.htm
515,https://www.chotot.com/mua-ban-may-tinh-de-ban-quan-7-tp-ho-chi-minh/110981886.htm
516,https://www.chotot.com/mua-ban-may-tinh-de-ban-quan-tan-binh-tp-ho-chi-minh/110981874.htm
517,https://www.chotot.com/mua-ban-may-tinh-de-ban-thanh-pho-thu-duc-tp-ho-chi-minh/108985274.htm
518,https://www.chotot.com/mua-ban-may-tinh-de-ban-quan-10-tp-ho-chi-minh/109313429.htm
519,https://www.chotot.com/mua-ban-may-tinh-de-ban-quan-4-tp-ho-chi-minh/110981633.htm
520,https://www.chotot.com/mua-ban-may-tinh-de-ban-thanh-pho-bien-hoa-dong-nai/110981596.htm
521,https://www.chotot.com/mua-ban-may-tinh-de-ban-quan-10-tp-ho-chi-minh/110523635.htm
522,https://www.chotot.com/mua-ban-may-tinh-de-ban-quan-10-tp-ho-chi-minh/110981572.htm
523,https://www.chotot.com/mua-ban-may-tinh-de-ban-thanh-pho-thu-duc-tp-ho-chi-minh/110981420.htm
524,https://www.chotot.com/mua-ban-may-tinh-de-ban-quan-tan-phu-tp-ho-chi-minh/110981406.htm
525,https://www.chotot.com/mua-ban-may-tinh-de-ban-thanh-pho-thu-duc-tp-ho-chi-minh/110355004.htm
526,https://www.chotot.com/mua-ban-may-tinh-de-ban-quan-tan-phu-tp-ho-chi-minh/110922546.htm
527,https://www.chotot.com/mua-ban-may-tinh-de-ban-huyen-cang-long-tra-vinh/110981304.htm
528,https://www.chotot.com/mua-ban-may-tinh-de-ban-quan-10-tp-ho-chi-minh/110981244.htm
529,https://www.chotot.com/mua-ban-may-tinh-de-ban-huyen-hoc-mon-tp-ho-chi-minh/110981079.htm
530,https://www.chotot.com/mua-ban-may-tinh-de-ban-quan-12-tp-ho-chi-minh/110980863.htm
531,https://www.chotot.com/mua-ban-may-tinh-de-ban-quan-thanh-khe-da-nang/110114395.htm
532,https://www.chotot.com/mua-ban-may-tinh-de-ban-thanh-pho-thu-duc-tp-ho-chi-minh/110389835.htm
533,https://www.chotot.com/mua-ban-may-tinh-de-ban-thanh-pho-di-an-binh-duong/110590062.htm
534,https://www.chotot.com/mua-ban-may-tinh-de-ban-quan-ninh-kieu-can-tho/110980430.htm
535,https://www.chotot.com/mua-ban-may-tinh-de-ban-quan-12-tp-ho-chi-minh/110737303.htm#px=SR-special_display_ad-[PO-6][PL-default]
536,https://www.chotot.com/mua-ban-may-tinh-de-ban-thi-xa-ben-cat-binh-duong/110980374.htm
537,https://www.chotot.com/mua-ban-may-tinh-de-ban-quan-binh-thanh-tp-ho-chi-minh/106254784.htm
538,https://www.chotot.com/mua-ban-may-tinh-de-ban-quan-bac-tu-liem-ha-noi/110980116.htm
539,https://www.chotot.com/mua-ban-may-tinh-de-ban-quan-ha-dong-ha-noi/110980028.htm
540,https://www.chotot.com/mua-ban-may-tinh-de-ban-quan-tan-phu-tp-ho-chi-minh/110979870.htm
541,https://www.chotot.com/mua-ban-may-tinh-de-ban-quan-dong-da-ha-noi/110979831.htm
542,https://www.chotot.com/mua-ban-may-tinh-de-ban-thanh-pho-hue-thua-thien-hue/110979721.htm
543,https://www.chotot.com/mua-ban-may-tinh-de-ban-thanh-pho-thu-dau-mot-binh-duong/110571153.htm
544,https://www.chotot.com/mua-ban-may-tinh-de-ban-quan-binh-tan-tp-ho-chi-minh/110878207.htm
545,https://www.chotot.com/mua-ban-may-tinh-de-ban-quan-tan-phu-tp-ho-chi-minh/110979573.htm
546,https://www.chotot.com/mua-ban-may-tinh-de-ban-quan-tan-binh-tp-ho-chi-minh/110979461.htm
547,https://www.chotot.com/mua-ban-may-tinh-de-ban-quan-tan-phu-tp-ho-chi-minh/103680142.htm
548,https://www.chotot.com/mua-ban-may-tinh-de-ban-thanh-pho-buon-ma-thuot-dak-lak/110979128.htm
549,https://www.chotot.com/mua-ban-may-tinh-de-ban-quan-tan-binh-tp-ho-chi-minh/110978994.htm
550,https://www.chotot.com/mua-ban-may-tinh-de-ban-thanh-pho-thuan-an-binh-duong/110978897.htm
551,https://www.chotot.com/mua-ban-may-tinh-de-ban-quan-binh-tan-tp-ho-chi-minh/110978787.htm
552,https://www.chotot.com/mua-ban-may-tinh-de-ban-thi-xa-ky-anh-ha-tinh/110978763.htm
553,https://www.chotot.com/mua-ban-may-tinh-de-ban-quan-go-vap-tp-ho-chi-minh/110978733.htm
554,https://www.chotot.com/mua-ban-may-tinh-de-ban-quan-bac-tu-liem-ha-noi/110978666.htm
555,https://www.chotot.com/mua-ban-may-tinh-de-ban-thanh-pho-buon-ma-thuot-dak-lak/110978625.htm
556,https://www.chotot.com/mua-ban-may-tinh-de-ban-quan-go-vap-tp-ho-chi-minh/110724292.htm
557,https://www.chotot.com/mua-ban-may-tinh-de-ban-thanh-pho-thu-duc-tp-ho-chi-minh/110978446.htm
558,https://www.chotot.com/mua-ban-may-tinh-de-ban-quan-tan-phu-tp-ho-chi-minh/110978308.htm
559,https://www.chotot.com/mua-ban-may-tinh-de-ban-quan-go-vap-tp-ho-chi-minh/110518793.htm
560,https://www.chotot.com/mua-ban-may-tinh-de-ban-quan-tan-binh-tp-ho-chi-minh/110978259.htm
561,https://www.chotot.com/mua-ban-may-tinh-de-ban-thanh-pho-bien-hoa-dong-nai/110978186.htm
562,https://www.chotot.com/mua-ban-may-tinh-de-ban-quan-6-tp-ho-chi-minh/106086724.htm
563,https://www.chotot.com/mua-ban-may-tinh-de-ban-huyen-vinh-cuu-dong-nai/110978134.htm
564,https://www.chotot.com/mua-ban-may-tinh-de-ban-quan-go-vap-tp-ho-chi-minh/109141311.htm
565,https://www.chotot.com/mua-ban-may-tinh-de-ban-quan-hai-chau-da-nang/110978053.htm
566,https://www.chotot.com/mua-ban-may-tinh-de-ban-thanh-pho-bien-hoa-dong-nai/110221559.htm
567,https://www.chotot.com/mua-ban-may-tinh-de-ban-quan-12-tp-ho-chi-minh/110977823.htm
568,https://www.chotot.com/mua-ban-may-tinh-de-ban-thanh-pho-thu-duc-tp-ho-chi-minh/110974934.htm
569,https://www.chotot.com/mua-ban-may-tinh-de-ban-thanh-pho-thu-duc-tp-ho-chi-minh/110977703.htm
570,https://www.chotot.com/mua-ban-may-tinh-de-ban-thanh-pho-thu-duc-tp-ho-chi-minh/110977552.htm
571,https://www.chotot.com/mua-ban-may-tinh-de-ban-quan-7-tp-ho-chi-minh/110453516.htm
572,https://www.chotot.com/mua-ban-may-tinh-de-ban-thanh-pho-da-lat-lam-dong/109177691.htm
573,https://www.chotot.com/mua-ban-may-tinh-de-ban-huyen-ben-luc-long-an/110977417.htm
574,https://www.chotot.com/mua-ban-may-tinh-de-ban-thanh-pho-hue-thua-thien-hue/110977383.htm
575,https://www.chotot.com/mua-ban-may-tinh-de-ban-huyen-binh-chanh-tp-ho-chi-minh/110977336.htm
576,https://www.chotot.com/mua-ban-may-tinh-de-ban-thanh-pho-thu-dau-mot-binh-duong/110977192.htm
577,https://www.chotot.com/mua-ban-may-tinh-de-ban-quan-thanh-khe-da-nang/110956798.htm
578,https://www.chotot.com/mua-ban-may-tinh-de-ban-thanh-pho-thu-duc-tp-ho-chi-minh/110976865.htm
579,https://www.chotot.com/mua-ban-may-tinh-de-ban-thi-xa-duc-pho-quang-ngai/110976813.htm
580,https://www.chotot.com/mua-ban-may-tinh-de-ban-thanh-pho-bien-hoa-dong-nai/110976723.htm
581,https://www.chotot.com/mua-ban-may-tinh-de-ban-quan-hoang-mai-ha-noi/110976620.htm
582,https://www.chotot.com/mua-ban-may-tinh-de-ban-huyen-dong-anh-ha-noi/110976579.htm
583,https://www.chotot.com/mua-ban-may-tinh-de-ban-quan-tan-binh-tp-ho-chi-minh/110976302.htm
584,https://www.chotot.com/mua-ban-may-tinh-de-ban-quan-12-tp-ho-chi-minh/110976202.htm
585,https://www.chotot.com/mua-ban-may-tinh-de-ban-quan-thanh-xuan-ha-noi/110976183.htm
586,https://www.chotot.com/mua-ban-may-tinh-de-ban-thanh-pho-thu-duc-tp-ho-chi-minh/110976180.htm
587,https://www.chotot.com/mua-ban-may-tinh-de-ban-quan-binh-tan-tp-ho-chi-minh/110976173.htm
588,https://www.chotot.com/mua-ban-may-tinh-de-ban-quan-hai-chau-da-nang/110976128.htm
589,https://www.chotot.com/mua-ban-may-tinh-de-ban-thanh-pho-bien-hoa-dong-nai/110976064.htm
590,https://www.chotot.com/mua-ban-may-tinh-de-ban-quan-go-vap-tp-ho-chi-minh/110975954.htm
591,https://www.chotot.com/mua-ban-may-tinh-de-ban-quan-binh-tan-tp-ho-chi-minh/110975785.htm
592,https://www.chotot.com/mua-ban-may-tinh-de-ban-quan-7-tp-ho-chi-minh/110975707.htm
593,https://www.chotot.com/mua-ban-may-tinh-de-ban-quan-hai-chau-da-nang/110975331.htm
594,https://www.chotot.com/mua-ban-may-tinh-de-ban-thanh-pho-tay-ninh-tay-ninh/110975284.htm
595,https://www.chotot.com/mua-ban-may-tinh-de-ban-quan-binh-tan-tp-ho-chi-minh/110975215.htm
596,https://www.chotot.com/mua-ban-may-tinh-de-ban-quan-tan-binh-tp-ho-chi-minh/109674570.htm
597,https://www.chotot.com/mua-ban-may-tinh-de-ban-huyen-nha-be-tp-ho-chi-minh/110975141.htm
598,https://www.chotot.com/mua-ban-may-tinh-de-ban-quan-hoang-mai-ha-noi/108272171.htm#px=SR-special_display_ad-[PO-9][PL-default]
599,https://www.chotot.com/mua-ban-may-tinh-de-ban-quan-nam-tu-liem-ha-noi/109673221.htm#px=SR-special_display_ad-[PO-10][PL-default]
600,https://www.chotot.com/mua-ban-may-tinh-de-ban-thanh-pho-tra-vinh-tra-vinh/110975068.htm
601,https://www.chotot.com/mua-ban-may-tinh-de-ban-quan-ha-dong-ha-noi/106490719.htm#px=SR-special_display_ad-[PO-12][PL-default]
602,https://www.chotot.com/mua-ban-may-tinh-de-ban-quan-cau-giay-ha-noi/109674497.htm#px=SR-special_display_ad-[PO-13][PL-default]
603,https://www.chotot.com/mua-ban-may-tinh-de-ban-quan-hai-ba-trung-ha-noi/110974880.htm
604,https://www.chotot.com/mua-ban-may-tinh-de-ban-quan-hai-chau-da-nang/110974844.htm
605,https://www.chotot.com/mua-ban-may-tinh-de-ban-quan-12-tp-ho-chi-minh/110974786.htm
606,https://www.chotot.com/mua-ban-may-tinh-de-ban-quan-12-tp-ho-chi-minh/110974493.htm
607,https://www.chotot.com/mua-ban-may-tinh-de-ban-quan-son-tra-da-nang/108828697.htm
608,https://www.chotot.com/mua-ban-may-tinh-de-ban-thanh-pho-da-lat-lam-dong/110974342.htm
609,https://www.chotot.com/mua-ban-may-tinh-de-ban-quan-tan-phu-tp-ho-chi-minh/107260438.htm
610,https://www.chotot.com/mua-ban-may-tinh-de-ban-thanh-pho-thu-duc-tp-ho-chi-minh/110974252.htm
611,https://www.chotot.com/mua-ban-may-tinh-de-ban-thanh-pho-thu-duc-tp-ho-chi-minh/110974230.htm
612,https://www.chotot.com/mua-ban-may-tinh-de-ban-quan-hoang-mai-ha-noi/110974156.htm
613,https://www.chotot.com/mua-ban-may-tinh-de-ban-huyen-dan-phuong-ha-noi/110974148.htm
614,https://www.chotot.com/mua-ban-may-tinh-de-ban-quan-nam-tu-liem-ha-noi/110974055.htm
615,https://www.chotot.com/mua-ban-may-tinh-de-ban-quan-dong-da-ha-noi/106537054.htm
616,https://www.chotot.com/mua-ban-may-tinh-de-ban-quan-12-tp-ho-chi-minh/110973889.htm
617,https://www.chotot.com/mua-ban-may-tinh-de-ban-quan-hai-chau-da-nang/110973892.htm
618,https://www.chotot.com/mua-ban-may-tinh-de-ban-quan-tan-phu-tp-ho-chi-minh/110576039.htm
619,https://www.chotot.com/mua-ban-may-tinh-de-ban-huyen-cai-be-tien-giang/110973647.htm
620,https://www.chotot.com/mua-ban-may-tinh-de-ban-thanh-pho-thu-duc-tp-ho-chi-minh/105802555.htm
621,https://www.chotot.com/mua-ban-may-tinh-de-ban-quan-4-tp-ho-chi-minh/110973310.htm
622,https://www.chotot.com/mua-ban-may-tinh-de-ban-thanh-pho-pleiku-gia-lai/110973293.htm
623,https://www.chotot.com/mua-ban-may-tinh-de-ban-thanh-pho-da-lat-lam-dong/110183461.htm
624,https://www.chotot.com/mua-ban-may-tinh-de-ban-thanh-pho-buon-ma-thuot-dak-lak/110972978.htm
625,https://www.chotot.com/mua-ban-may-tinh-de-ban-thanh-pho-buon-ma-thuot-dak-lak/110972929.htm
626,https://www.chotot.com/mua-ban-may-tinh-de-ban-quan-12-tp-ho-chi-minh/110972860.htm
627,https://www.chotot.com/mua-ban-may-tinh-de-ban-huyen-binh-chanh-tp-ho-chi-minh/110972819.htm
628,https://www.chotot.com/mua-ban-may-tinh-de-ban-quan-7-tp-ho-chi-minh/110870042.htm
629,https://www.chotot.com/mua-ban-may-tinh-de-ban-quan-ninh-kieu-can-tho/110972524.htm
630,https://www.chotot.com/mua-ban-may-tinh-de-ban-quan-12-tp-ho-chi-minh/110972500.htm
631,https://www.chotot.com/mua-ban-may-tinh-de-ban-quan-7-tp-ho-chi-minh/110345823.htm
632,https://www.chotot.com/mua-ban-may-tinh-de-ban-huyen-lai-vung-dong-thap/110972463.htm
633,https://www.chotot.com/mua-ban-may-tinh-de-ban-quan-tan-phu-tp-ho-chi-minh/99334098.htm
634,https://www.chotot.com/mua-ban-may-tinh-de-ban-quan-12-tp-ho-chi-minh/110972363.htm
635,https://www.chotot.com/mua-ban-may-tinh-de-ban-thanh-pho-tay-ninh-tay-ninh/110972312.htm
636,https://www.chotot.com/mua-ban-may-tinh-de-ban-quan-son-tra-da-nang/110972109.htm
637,https://www.chotot.com/mua-ban-may-tinh-de-ban-huyen-tien-du-bac-ninh/110972013.htm
638,https://www.chotot.com/mua-ban-may-tinh-de-ban-quan-ninh-kieu-can-tho/110971997.htm
639,https://www.chotot.com/mua-ban-may-tinh-de-ban-thanh-pho-hue-thua-thien-hue/110971840.htm
640,https://www.chotot.com/mua-ban-may-tinh-de-ban-thanh-pho-hue-thua-thien-hue/110971800.htm
641,https://www.chotot.com/mua-ban-may-tinh-de-ban-quan-tan-phu-tp-ho-chi-minh/110971746.htm
642,https://www.chotot.com/mua-ban-may-tinh-de-ban-quan-11-tp-ho-chi-minh/110971733.htm
643,https://www.chotot.com/mua-ban-may-tinh-de-ban-thanh-pho-tan-an-long-an/110971701.htm
644,https://www.chotot.com/mua-ban-may-tinh-de-ban-quan-thanh-khe-da-nang/110971562.htm
645,https://www.chotot.com/mua-ban-may-tinh-de-ban-thi-xa-tan-uyen-binh-duong/110971560.htm
646,https://www.chotot.com/mua-ban-may-tinh-de-ban-quan-thanh-khe-da-nang/110971471.htm
647,https://www.chotot.com/mua-ban-may-tinh-de-ban-quan-binh-thanh-tp-ho-chi-minh/88148293.htm
648,https://www.chotot.com/mua-ban-may-tinh-de-ban-quan-go-vap-tp-ho-chi-minh/110971202.htm
649,https://www.chotot.com/mua-ban-may-tinh-de-ban-quan-go-vap-tp-ho-chi-minh/110971187.htm
650,https://www.chotot.com/mua-ban-may-tinh-de-ban-quan-son-tra-da-nang/110971025.htm
651,https://www.chotot.com/mua-ban-may-tinh-de-ban-quan-thanh-khe-da-nang/110970746.htm
652,https://www.chotot.com/mua-ban-may-tinh-de-ban-thanh-pho-bien-hoa-dong-nai/110970573.htm
653,https://www.chotot.com/mua-ban-may-tinh-de-ban-huyen-dong-hai-bac-lieu/110970417.htm
654,https://www.chotot.com/mua-ban-may-tinh-de-ban-thanh-pho-qui-nhon-binh-dinh/110970196.htm
655,https://www.chotot.com/mua-ban-may-tinh-de-ban-quan-12-tp-ho-chi-minh/110497700.htm
656,https://www.chotot.com/mua-ban-may-tinh-de-ban-quan-ngu-hanh-son-da-nang/110967755.htm
657,https://www.chotot.com/mua-ban-may-tinh-de-ban-quan-tan-binh-tp-ho-chi-minh/110970144.htm
658,https://www.chotot.com/mua-ban-may-tinh-de-ban-quan-cau-giay-ha-noi/110970143.htm
659,https://www.chotot.com/mua-ban-may-tinh-de-ban-quan-thanh-khe-da-nang/110970122.htm
660,https://www.chotot.com/mua-ban-may-tinh-de-ban-quan-thanh-khe-da-nang/110970115.htm
661,https://www.chotot.com/mua-ban-may-tinh-de-ban-quan-tan-phu-tp-ho-chi-minh/110970060.htm
662,https://www.chotot.com/mua-ban-may-tinh-de-ban-quan-thanh-khe-da-nang/110969983.htm
663,https://www.chotot.com/mua-ban-may-tinh-de-ban-quan-ninh-kieu-can-tho/109400351.htm
664,https://www.chotot.com/mua-ban-may-tinh-de-ban-quan-cau-giay-ha-noi/110969914.htm
665,https://www.chotot.com/mua-ban-may-tinh-de-ban-quan-12-tp-ho-chi-minh/108519803.htm
666,https://www.chotot.com/mua-ban-may-tinh-de-ban-quan-nam-tu-liem-ha-noi/110969555.htm
667,https://www.chotot.com/mua-ban-may-tinh-de-ban-thanh-pho-soc-trang-soc-trang/110969543.htm
668,https://www.chotot.com/mua-ban-may-tinh-de-ban-thanh-pho-vung-tau-ba-ria-vung-tau/110969489.htm
669,https://www.chotot.com/mua-ban-may-tinh-de-ban-quan-hoang-mai-ha-noi/110969316.htm
670,https://www.chotot.com/mua-ban-may-tinh-de-ban-quan-ninh-kieu-can-tho/109551158.htm
671,https://www.chotot.com/mua-ban-may-tinh-de-ban-quan-hoang-mai-ha-noi/110969194.htm
672,https://www.chotot.com/mua-ban-may-tinh-de-ban-thanh-pho-thu-duc-tp-ho-chi-minh/110515889.htm
673,https://www.chotot.com/mua-ban-may-tinh-de-ban-quan-ninh-kieu-can-tho/109724991.htm
674,https://www.chotot.com/mua-ban-may-tinh-de-ban-quan-12-tp-ho-chi-minh/110969046.htm
675,https://www.chotot.com/mua-ban-may-tinh-de-ban-quan-go-vap-tp-ho-chi-minh/110969033.htm
676,https://www.chotot.com/mua-ban-may-tinh-de-ban-quan-7-tp-ho-chi-minh/110968976.htm
677,https://www.chotot.com/mua-ban-may-tinh-de-ban-huyen-cu-jut-dak-nong/110968959.htm
678,https://www.chotot.com/mua-ban-may-tinh-de-ban-quan-tan-phu-tp-ho-chi-minh/110968917.htm
679,https://www.chotot.com/mua-ban-may-tinh-de-ban-quan-10-tp-ho-chi-minh/110968879.htm
680,https://www.chotot.com/mua-ban-may-tinh-de-ban-quan-12-tp-ho-chi-minh/110968847.htm
681,https://www.chotot.com/mua-ban-may-tinh-de-ban-quan-long-bien-ha-noi/110968828.htm
682,https://www.chotot.com/mua-ban-may-tinh-de-ban-quan-dong-da-ha-noi/110968827.htm
683,https://www.chotot.com/mua-ban-may-tinh-de-ban-thanh-pho-buon-ma-thuot-dak-lak/108197302.htm
684,https://www.chotot.com/mua-ban-may-tinh-de-ban-quan-o-mon-can-tho/110968786.htm
685,https://www.chotot.com/mua-ban-may-tinh-de-ban-huyen-chau-thanh-tra-vinh/110968582.htm
686,https://www.chotot.com/mua-ban-may-tinh-de-ban-quan-12-tp-ho-chi-minh/106827955.htm
687,https://www.chotot.com/mua-ban-may-tinh-de-ban-quan-12-tp-ho-chi-minh/106504536.htm
688,https://www.chotot.com/mua-ban-may-tinh-de-ban-quan-12-tp-ho-chi-minh/105494924.htm
689,https://www.chotot.com/mua-ban-may-tinh-de-ban-quan-3-tp-ho-chi-minh/107255941.htm
690,https://www.chotot.com/mua-ban-may-tinh-de-ban-quan-12-tp-ho-chi-minh/104985624.htm
691,https://www.chotot.com/mua-ban-may-tinh-de-ban-quan-12-tp-ho-chi-minh/106504664.htm
692,https://www.chotot.com/mua-ban-may-tinh-de-ban-quan-12-tp-ho-chi-minh/108865310.htm
693,https://www.chotot.com/mua-ban-may-tinh-de-ban-quan-12-tp-ho-chi-minh/108865168.htm
694,https://www.chotot.com/mua-ban-may-tinh-de-ban-quan-12-tp-ho-chi-minh/107020333.htm
695,https://www.chotot.com/mua-ban-may-tinh-de-ban-quan-ninh-kieu-can-tho/110101540.htm
696,https://www.chotot.com/mua-ban-may-tinh-de-ban-huyen-hoai-duc-ha-noi/110968330.htm
697,https://www.chotot.com/mua-ban-may-tinh-de-ban-quan-ninh-kieu-can-tho/106485770.htm
698,https://www.chotot.com/mua-ban-may-tinh-de-ban-quan-tan-phu-tp-ho-chi-minh/110967813.htm
699,https://www.chotot.com/mua-ban-may-tinh-de-ban-quan-tay-ho-ha-noi/110967685.htm
700,https://www.chotot.com/mua-ban-may-tinh-de-ban-quan-ninh-kieu-can-tho/107769239.htm
701,https://www.chotot.com/mua-ban-may-tinh-de-ban-quan-tan-phu-tp-ho-chi-minh/110967628.htm
702,https://www.chotot.com/mua-ban-may-tinh-de-ban-thanh-pho-buon-ma-thuot-dak-lak/110967583.htm
703,https://www.chotot.com/mua-ban-may-tinh-de-ban-quan-7-tp-ho-chi-minh/110627024.htm
704,https://www.chotot.com/mua-ban-may-tinh-de-ban-quan-tan-phu-tp-ho-chi-minh/110967404.htm
705,https://www.chotot.com/mua-ban-may-tinh-de-ban-quan-tan-phu-tp-ho-chi-minh/110821770.htm
706,https://www.chotot.com/mua-ban-may-tinh-de-ban-quan-tan-phu-tp-ho-chi-minh/110967200.htm
707,https://www.chotot.com/mua-ban-may-tinh-de-ban-quan-ninh-kieu-can-tho/110188796.htm
708,https://www.chotot.com/mua-ban-may-tinh-de-ban-quan-10-tp-ho-chi-minh/110280480.htm
709,https://www.chotot.com/mua-ban-may-tinh-de-ban-thanh-pho-ca-mau-ca-mau/110967017.htm
710,https://www.chotot.com/mua-ban-may-tinh-de-ban-huyen-bau-bang-binh-duong/110966985.htm
711,https://www.chotot.com/mua-ban-may-tinh-de-ban-huyen-hoc-mon-tp-ho-chi-minh/110966964.htm
712,https://www.chotot.com/mua-ban-may-tinh-de-ban-quan-tay-ho-ha-noi/110966757.htm
713,https://www.chotot.com/mua-ban-may-tinh-de-ban-quan-go-vap-tp-ho-chi-minh/110966695.htm
714,https://www.chotot.com/mua-ban-may-tinh-de-ban-quan-ninh-kieu-can-tho/110109197.htm
715,https://www.chotot.com/mua-ban-may-tinh-de-ban-quan-lien-chieu-da-nang/110966446.htm
716,https://www.chotot.com/mua-ban-may-tinh-de-ban-quan-hoan-kiem-ha-noi/110966275.htm
717,https://www.chotot.com/mua-ban-may-tinh-de-ban-thanh-pho-buon-ma-thuot-dak-lak/110966262.htm
718,https://www.chotot.com/mua-ban-may-tinh-de-ban-quan-ninh-kieu-can-tho/110858171.htm
719,https://www.chotot.com/mua-ban-may-tinh-de-ban-huyen-me-linh-ha-noi/110966050.htm
720,https://www.chotot.com/mua-ban-may-tinh-de-ban-thanh-pho-thu-duc-tp-ho-chi-minh/110202134.htm
721,https://www.chotot.com/mua-ban-may-tinh-de-ban-quan-6-tp-ho-chi-minh/110832977.htm
722,https://www.chotot.com/mua-ban-may-tinh-de-ban-quan-go-vap-tp-ho-chi-minh/109846636.htm
723,https://www.chotot.com/mua-ban-may-tinh-de-ban-quan-hai-chau-da-nang/110965442.htm
724,https://www.chotot.com/mua-ban-may-tinh-de-ban-quan-thanh-xuan-ha-noi/110636331.htm
725,https://www.chotot.com/mua-ban-may-tinh-de-ban-quan-ninh-kieu-can-tho/110445217.htm
726,https://www.chotot.com/mua-ban-may-tinh-de-ban-thanh-pho-soc-trang-soc-trang/110965175.htm
727,https://www.chotot.com/mua-ban-may-tinh-de-ban-quan-tan-binh-tp-ho-chi-minh/110965151.htm
728,https://www.chotot.com/mua-ban-may-tinh-de-ban-thanh-pho-thu-duc-tp-ho-chi-minh/110779882.htm
729,https://www.chotot.com/mua-ban-may-tinh-de-ban-huyen-dat-do-ba-ria-vung-tau/110964390.htm
730,https://www.chotot.com/mua-ban-may-tinh-de-ban-quan-binh-tan-tp-ho-chi-minh/110964232.htm
731,https://www.chotot.com/mua-ban-may-tinh-de-ban-huyen-hoai-duc-ha-noi/110964202.htm
732,https://www.chotot.com/mua-ban-may-tinh-de-ban-quan-cam-le-da-nang/110964177.htm
733,https://www.chotot.com/mua-ban-may-tinh-de-ban-quan-7-tp-ho-chi-minh/110963985.htm
734,https://www.chotot.com/mua-ban-may-tinh-de-ban-quan-7-tp-ho-chi-minh/110963880.htm
735,https://www.chotot.com/mua-ban-may-tinh-de-ban-thanh-pho-vung-tau-ba-ria-vung-tau/110963870.htm
736,https://www.chotot.com/mua-ban-may-tinh-de-ban-quan-7-tp-ho-chi-minh/110963764.htm
737,https://www.chotot.com/mua-ban-may-tinh-de-ban-quan-8-tp-ho-chi-minh/110786316.htm
738,https://www.chotot.com/mua-ban-may-tinh-de-ban-quan-go-vap-tp-ho-chi-minh/110963758.htm
739,https://www.chotot.com/mua-ban-may-tinh-de-ban-quan-7-tp-ho-chi-minh/110963754.htm
740,https://www.chotot.com/mua-ban-may-tinh-de-ban-huyen-binh-chanh-tp-ho-chi-minh/110963458.htm
741,https://www.chotot.com/mua-ban-may-tinh-de-ban-quan-cau-giay-ha-noi/110745925.htm
742,https://www.chotot.com/mua-ban-may-tinh-de-ban-quan-7-tp-ho-chi-minh/110963157.htm
743,https://www.chotot.com/mua-ban-may-tinh-de-ban-quan-7-tp-ho-chi-minh/110962952.htm
744,https://www.chotot.com/mua-ban-may-tinh-de-ban-quan-tan-phu-tp-ho-chi-minh/109473627.htm
745,https://www.chotot.com/mua-ban-may-tinh-de-ban-thanh-pho-vung-tau-ba-ria-vung-tau/110962799.htm
746,https://www.chotot.com/mua-ban-may-tinh-de-ban-quan-10-tp-ho-chi-minh/106593166.htm
747,https://www.chotot.com/mua-ban-may-tinh-de-ban-quan-12-tp-ho-chi-minh/110962709.htm
748,https://www.chotot.com/mua-ban-may-tinh-de-ban-quan-11-tp-ho-chi-minh/106571811.htm
749,https://www.chotot.com/mua-ban-may-tinh-de-ban-quan-phu-nhuan-tp-ho-chi-minh/110962641.htm
750,https://www.chotot.com/mua-ban-may-tinh-de-ban-quan-tan-phu-tp-ho-chi-minh/110495446.htm
751,https://www.chotot.com/mua-ban-may-tinh-de-ban-quan-4-tp-ho-chi-minh/110962542.htm
752,https://www.chotot.com/mua-ban-may-tinh-de-ban-quan-7-tp-ho-chi-minh/110962474.htm
753,https://www.chotot.com/mua-ban-may-tinh-de-ban-thanh-pho-thu-duc-tp-ho-chi-minh/106682628.htm
754,https://www.chotot.com/mua-ban-may-tinh-de-ban-quan-11-tp-ho-chi-minh/110590871.htm
755,https://www.chotot.com/mua-ban-may-tinh-de-ban-quan-7-tp-ho-chi-minh/110961931.htm
756,https://www.chotot.com/mua-ban-may-tinh-de-ban-quan-11-tp-ho-chi-minh/109709354.htm
757,https://www.chotot.com/mua-ban-may-tinh-de-ban-thanh-pho-buon-ma-thuot-dak-lak/110961542.htm
758,https://www.chotot.com/mua-ban-may-tinh-de-ban-quan-son-tra-da-nang/110961475.htm
759,https://www.chotot.com/mua-ban-may-tinh-de-ban-quan-nam-tu-liem-ha-noi/105435654.htm
760,https://www.chotot.com/mua-ban-may-tinh-de-ban-huyen-cu-chi-tp-ho-chi-minh/110961316.htm
761,https://www.chotot.com/mua-ban-may-tinh-de-ban-quan-11-tp-ho-chi-minh/106337669.htm
762,https://www.chotot.com/mua-ban-may-tinh-de-ban-quan-ba-dinh-ha-noi/110961266.htm
763,https://www.chotot.com/mua-ban-may-tinh-de-ban-thanh-pho-hue-thua-thien-hue/110961244.htm
764,https://www.chotot.com/mua-ban-may-tinh-de-ban-quan-6-tp-ho-chi-minh/110101132.htm
765,https://www.chotot.com/mua-ban-may-tinh-de-ban-huyen-thuong-tin-ha-noi/110961063.htm
766,https://www.chotot.com/mua-ban-may-tinh-de-ban-quan-cau-giay-ha-noi/110960978.htm
767,https://www.chotot.com/mua-ban-may-tinh-de-ban-thanh-pho-thu-duc-tp-ho-chi-minh/110960908.htm
768,https://www.chotot.com/mua-ban-may-tinh-de-ban-quan-11-tp-ho-chi-minh/110069045.htm
769,https://www.chotot.com/mua-ban-may-tinh-de-ban-quan-phu-nhuan-tp-ho-chi-minh/110815323.htm
770,https://www.chotot.com/mua-ban-may-tinh-de-ban-quan-go-vap-tp-ho-chi-minh/110960741.htm
771,https://www.chotot.com/mua-ban-may-tinh-de-ban-quan-ha-dong-ha-noi/110960174.htm
772,https://www.chotot.com/mua-ban-may-tinh-de-ban-thanh-pho-soc-trang-soc-trang/110960147.htm
773,https://www.chotot.com/mua-ban-may-tinh-de-ban-quan-11-tp-ho-chi-minh/109730306.htm
774,https://www.chotot.com/mua-ban-may-tinh-de-ban-quan-tan-phu-tp-ho-chi-minh/104613361.htm
775,https://www.chotot.com/mua-ban-may-tinh-de-ban-quan-hai-ba-trung-ha-noi/109834026.htm
776,https://www.chotot.com/mua-ban-may-tinh-de-ban-quan-go-vap-tp-ho-chi-minh/108499211.htm
777,https://www.chotot.com/mua-ban-may-tinh-de-ban-quan-binh-thanh-tp-ho-chi-minh/110960036.htm
778,https://www.chotot.com/mua-ban-may-tinh-de-ban-thanh-pho-pleiku-gia-lai/110959597.htm
779,https://www.chotot.com/mua-ban-may-tinh-de-ban-quan-tan-phu-tp-ho-chi-minh/110959733.htm
780,https://www.chotot.com/mua-ban-may-tinh-de-ban-quan-go-vap-tp-ho-chi-minh/110959526.htm
781,https://www.chotot.com/mua-ban-may-tinh-de-ban-thanh-pho-ba-ria-ba-ria-vung-tau/110959475.htm
782,https://www.chotot.com/mua-ban-may-tinh-de-ban-thanh-pho-buon-ma-thuot-dak-lak/110959190.htm
783,https://www.chotot.com/mua-ban-may-tinh-de-ban-thanh-pho-thu-duc-tp-ho-chi-minh/110959055.htm
784,https://www.chotot.com/mua-ban-may-tinh-de-ban-quan-10-tp-ho-chi-minh/109468987.htm
785,https://www.chotot.com/mua-ban-may-tinh-de-ban-quan-go-vap-tp-ho-chi-minh/110958528.htm
786,https://www.chotot.com/mua-ban-may-tinh-de-ban-quan-8-tp-ho-chi-minh/106410053.htm
787,https://www.chotot.com/mua-ban-may-tinh-de-ban-huyen-nhon-trach-dong-nai/110958291.htm
788,https://www.chotot.com/mua-ban-may-tinh-de-ban-quan-10-tp-ho-chi-minh/108657910.htm
789,https://www.chotot.com/mua-ban-may-tinh-de-ban-quan-lien-chieu-da-nang/106458841.htm
790,https://www.chotot.com/mua-ban-may-tinh-de-ban-quan-6-tp-ho-chi-minh/110957738.htm
791,https://www.chotot.com/mua-ban-may-tinh-de-ban-huyen-chau-thanh-tra-vinh/110957669.htm
792,https://www.chotot.com/mua-ban-may-tinh-de-ban-quan-10-tp-ho-chi-minh/109644441.htm
793,https://www.chotot.com/mua-ban-may-tinh-de-ban-quan-cau-giay-ha-noi/110508935.htm
794,https://www.chotot.com/mua-ban-may-tinh-de-ban-huyen-yen-phong-bac-ninh/110957531.htm
795,https://www.chotot.com/mua-ban-may-tinh-de-ban-quan-10-tp-ho-chi-minh/107968236.htm
796,https://www.chotot.com/mua-ban-may-tinh-de-ban-quan-bac-tu-liem-ha-noi/110632490.htm
797,https://www.chotot.com/mua-ban-may-tinh-de-ban-quan-lien-chieu-da-nang/110957075.htm
798,https://www.chotot.com/mua-ban-may-tinh-de-ban-quan-cau-giay-ha-noi/109357602.htm
799,https://www.chotot.com/mua-ban-may-tinh-de-ban-quan-tan-binh-tp-ho-chi-minh/110928462.htm
800,https://www.chotot.com/mua-ban-may-tinh-de-ban-quan-11-tp-ho-chi-minh/110956738.htm
801,https://www.chotot.com/mua-ban-may-tinh-de-ban-quan-10-tp-ho-chi-minh/107592203.htm
802,https://www.chotot.com/mua-ban-may-tinh-de-ban-quan-go-vap-tp-ho-chi-minh/110956576.htm
803,https://www.chotot.com/mua-ban-may-tinh-de-ban-quan-tan-phu-tp-ho-chi-minh/110923675.htm
804,https://www.chotot.com/mua-ban-may-tinh-de-ban-thanh-pho-buon-ma-thuot-dak-lak/110956427.htm
805,https://www.chotot.com/mua-ban-may-tinh-de-ban-quan-tan-binh-tp-ho-chi-minh/109656944.htm
806,https://www.chotot.com/mua-ban-may-tinh-de-ban-quan-10-tp-ho-chi-minh/108340305.htm
807,https://www.chotot.com/mua-ban-may-tinh-de-ban-huyen-thanh-tri-ha-noi/110955986.htm
808,https://www.chotot.com/mua-ban-may-tinh-de-ban-quan-dong-da-ha-noi/110955967.htm
809,https://www.chotot.com/mua-ban-may-tinh-de-ban-quan-7-tp-ho-chi-minh/110768185.htm
810,https://www.chotot.com/mua-ban-may-tinh-de-ban-quan-10-tp-ho-chi-minh/110955828.htm
811,https://www.chotot.com/mua-ban-may-tinh-de-ban-quan-10-tp-ho-chi-minh/110955747.htm
812,https://www.chotot.com/mua-ban-may-tinh-de-ban-thanh-pho-bien-hoa-dong-nai/110955740.htm
813,https://www.chotot.com/mua-ban-may-tinh-de-ban-thanh-pho-vinh-long-vinh-long/110955717.htm
814,https://www.chotot.com/mua-ban-may-tinh-de-ban-quan-12-tp-ho-chi-minh/110955646.htm
815,https://www.chotot.com/mua-ban-may-tinh-de-ban-thanh-pho-thu-dau-mot-binh-duong/110907717.htm
816,https://www.chotot.com/mua-ban-may-tinh-de-ban-thanh-pho-hue-thua-thien-hue/110955326.htm
817,https://www.chotot.com/mua-ban-may-tinh-de-ban-quan-thanh-khe-da-nang/110955320.htm
818,https://www.chotot.com/mua-ban-may-tinh-de-ban-thanh-pho-thu-dau-mot-binh-duong/110615282.htm
819,https://www.chotot.com/mua-ban-may-tinh-de-ban-thanh-pho-thu-dau-mot-binh-duong/110881824.htm
820,https://www.chotot.com/mua-ban-may-tinh-de-ban-quan-bac-tu-liem-ha-noi/110955125.htm
821,https://www.chotot.com/mua-ban-may-tinh-de-ban-quan-7-tp-ho-chi-minh/110955111.htm
822,https://www.chotot.com/mua-ban-may-tinh-de-ban-quan-thanh-xuan-ha-noi/110955074.htm
823,https://www.chotot.com/mua-ban-may-tinh-de-ban-quan-tan-binh-tp-ho-chi-minh/110955063.htm
824,https://www.chotot.com/mua-ban-may-tinh-de-ban-quan-hai-ba-trung-ha-noi/110954939.htm
825,https://www.chotot.com/mua-ban-may-tinh-de-ban-thanh-pho-hue-thua-thien-hue/110954832.htm
826,https://www.chotot.com/mua-ban-may-tinh-de-ban-quan-go-vap-tp-ho-chi-minh/110814447.htm
827,https://www.chotot.com/mua-ban-may-tinh-de-ban-thanh-pho-thu-duc-tp-ho-chi-minh/110954536.htm
828,https://www.chotot.com/mua-ban-may-tinh-de-ban-quan-thanh-xuan-ha-noi/110888737.htm
829,https://www.chotot.com/mua-ban-may-tinh-de-ban-quan-dong-da-ha-noi/110122104.htm
830,https://www.chotot.com/mua-ban-may-tinh-de-ban-quan-6-tp-ho-chi-minh/110954000.htm
831,https://www.chotot.com/mua-ban-may-tinh-de-ban-quan-nam-tu-liem-ha-noi/110953655.htm
832,https://www.chotot.com/mua-ban-may-tinh-de-ban-quan-dong-da-ha-noi/110953652.htm
833,https://www.chotot.com/mua-ban-may-tinh-de-ban-thanh-pho-hue-thua-thien-hue/110953639.htm
834,https://www.chotot.com/mua-ban-may-tinh-de-ban-quan-12-tp-ho-chi-minh/110953363.htm
835,https://www.chotot.com/mua-ban-may-tinh-de-ban-thanh-pho-di-an-binh-duong/110953358.htm
836,https://www.chotot.com/mua-ban-may-tinh-de-ban-thi-xa-tan-uyen-binh-duong/110953273.htm
837,https://www.chotot.com/mua-ban-may-tinh-de-ban-quan-12-tp-ho-chi-minh/110953036.htm
838,https://www.chotot.com/mua-ban-may-tinh-de-ban-quan-dong-da-ha-noi/110952969.htm
839,https://www.chotot.com/mua-ban-may-tinh-de-ban-quan-dong-da-ha-noi/110952954.htm
840,https://www.chotot.com/mua-ban-may-tinh-de-ban-quan-thanh-khe-da-nang/110952857.htm
841,https://www.chotot.com/mua-ban-may-tinh-de-ban-quan-go-vap-tp-ho-chi-minh/108838977.htm
842,https://www.chotot.com/mua-ban-may-tinh-de-ban-quan-go-vap-tp-ho-chi-minh/110466550.htm
843,https://www.chotot.com/mua-ban-may-tinh-de-ban-thanh-pho-da-lat-lam-dong/110952553.htm
844,https://www.chotot.com/mua-ban-may-tinh-de-ban-quan-binh-tan-tp-ho-chi-minh/110952536.htm
845,https://www.chotot.com/mua-ban-may-tinh-de-ban-quan-binh-tan-tp-ho-chi-minh/110952501.htm
846,https://www.chotot.com/mua-ban-may-tinh-de-ban-quan-binh-thuy-can-tho/110862050.htm
847,https://www.chotot.com/mua-ban-may-tinh-de-ban-quan-go-vap-tp-ho-chi-minh/109382911.htm
848,https://www.chotot.com/mua-ban-may-tinh-de-ban-quan-ngo-quyen-hai-phong/110951964.htm
849,https://www.chotot.com/mua-ban-may-tinh-de-ban-thanh-pho-ben-tre-ben-tre/110951763.htm
850,https://www.chotot.com/mua-ban-may-tinh-de-ban-quan-thanh-khe-da-nang/109558805.htm
851,https://www.chotot.com/mua-ban-may-tinh-de-ban-quan-10-tp-ho-chi-minh/110951612.htm
852,https://www.chotot.com/mua-ban-may-tinh-de-ban-thanh-pho-hong-ngu-dong-thap/110951596.htm
853,https://www.chotot.com/mua-ban-may-tinh-de-ban-quan-binh-thanh-tp-ho-chi-minh/110951533.htm
854,https://www.chotot.com/mua-ban-may-tinh-de-ban-quan-go-vap-tp-ho-chi-minh/109259225.htm
855,https://www.chotot.com/mua-ban-may-tinh-de-ban-quan-hai-chau-da-nang/110951450.htm
856,https://www.chotot.com/mua-ban-may-tinh-de-ban-thi-xa-cai-lay-tien-giang/110951104.htm
857,https://www.chotot.com/mua-ban-may-tinh-de-ban-quan-cai-rang-can-tho/110950949.htm
858,https://www.chotot.com/mua-ban-may-tinh-de-ban-quan-hai-chau-da-nang/110950822.htm
859,https://www.chotot.com/mua-ban-may-tinh-de-ban-quan-thanh-xuan-ha-noi/110950812.htm
860,https://www.chotot.com/mua-ban-may-tinh-de-ban-quan-11-tp-ho-chi-minh/110950802.htm
861,https://www.chotot.com/mua-ban-may-tinh-de-ban-quan-6-tp-ho-chi-minh/104876106.htm
862,https://www.chotot.com/mua-ban-may-tinh-de-ban-quan-binh-thanh-tp-ho-chi-minh/108676112.htm
863,https://www.chotot.com/mua-ban-may-tinh-de-ban-quan-hai-chau-da-nang/110950778.htm
864,https://www.chotot.com/mua-ban-may-tinh-de-ban-huyen-trang-bom-dong-nai/110950768.htm
865,https://www.chotot.com/mua-ban-may-tinh-de-ban-thanh-pho-vung-tau-ba-ria-vung-tau/110419006.htm
866,https://www.chotot.com/mua-ban-may-tinh-de-ban-quan-ninh-kieu-can-tho/109056044.htm
867,https://www.chotot.com/mua-ban-may-tinh-de-ban-thanh-pho-thu-duc-tp-ho-chi-minh/105602028.htm
868,https://www.chotot.com/mua-ban-may-tinh-de-ban-thanh-pho-thu-duc-tp-ho-chi-minh/110950369.htm
869,https://www.chotot.com/mua-ban-may-tinh-de-ban-thanh-pho-vung-tau-ba-ria-vung-tau/110950343.htm
870,https://www.chotot.com/mua-ban-may-tinh-de-ban-quan-nam-tu-liem-ha-noi/110950067.htm
871,https://www.chotot.com/mua-ban-may-tinh-de-ban-thi-xa-cai-lay-tien-giang/110950006.htm
872,https://www.chotot.com/mua-ban-may-tinh-de-ban-thanh-pho-thu-duc-tp-ho-chi-minh/108986907.htm
873,https://www.chotot.com/mua-ban-may-tinh-de-ban-quan-tan-binh-tp-ho-chi-minh/110821695.htm
874,https://www.chotot.com/mua-ban-may-tinh-de-ban-huyen-binh-chanh-tp-ho-chi-minh/110949844.htm
875,https://www.chotot.com/mua-ban-may-tinh-de-ban-quan-ninh-kieu-can-tho/110949815.htm
876,https://www.chotot.com/mua-ban-may-tinh-de-ban-quan-bac-tu-liem-ha-noi/110949671.htm
877,https://www.chotot.com/mua-ban-may-tinh-de-ban-thanh-pho-thuan-an-binh-duong/110949628.htm
878,https://www.chotot.com/mua-ban-may-tinh-de-ban-thanh-pho-thu-duc-tp-ho-chi-minh/110465248.htm
879,https://www.chotot.com/mua-ban-may-tinh-de-ban-quan-go-vap-tp-ho-chi-minh/110852366.htm
880,https://www.chotot.com/mua-ban-may-tinh-de-ban-quan-tan-phu-tp-ho-chi-minh/94810489.htm
881,https://www.chotot.com/mua-ban-may-tinh-de-ban-thanh-pho-thu-duc-tp-ho-chi-minh/110948989.htm
882,https://www.chotot.com/mua-ban-may-tinh-de-ban-thanh-pho-thu-duc-tp-ho-chi-minh/110948990.htm
883,https://www.chotot.com/mua-ban-may-tinh-de-ban-quan-nam-tu-liem-ha-noi/110831106.htm
884,https://www.chotot.com/mua-ban-may-tinh-de-ban-quan-hai-ba-trung-ha-noi/108741551.htm
885,https://www.chotot.com/mua-ban-may-tinh-de-ban-huyen-phu-ninh-phu-tho/108738575.htm
886,https://www.chotot.com/mua-ban-may-tinh-de-ban-quan-long-bien-ha-noi/108734442.htm
887,https://www.chotot.com/mua-ban-may-tinh-de-ban-quan-cau-giay-ha-noi/108714421.htm
888,https://www.chotot.com/mua-ban-may-tinh-de-ban-quan-hoang-mai-ha-noi/110948713.htm
889,https://www.chotot.com/mua-ban-may-tinh-de-ban-quan-hoang-mai-ha-noi/110948708.htm
890,https://www.chotot.com/mua-ban-may-tinh-de-ban-quan-tan-phu-tp-ho-chi-minh/103367027.htm
891,https://www.chotot.com/mua-ban-may-tinh-de-ban-huyen-que-vo-bac-ninh/110948659.htm
892,https://www.chotot.com/mua-ban-may-tinh-de-ban-quan-tan-binh-tp-ho-chi-minh/110948630.htm
893,https://www.chotot.com/mua-ban-may-tinh-de-ban-huyen-cu-chi-tp-ho-chi-minh/110948494.htm
894,https://www.chotot.com/mua-ban-may-tinh-de-ban-quan-3-tp-ho-chi-minh/110948470.htm
895,https://www.chotot.com/mua-ban-may-tinh-de-ban-quan-7-tp-ho-chi-minh/110948456.htm
896,https://www.chotot.com/mua-ban-may-tinh-de-ban-huyen-truc-ninh-nam-dinh/110948449.htm
897,https://www.chotot.com/mua-ban-may-tinh-de-ban-quan-binh-thanh-tp-ho-chi-minh/110948445.htm
898,https://www.chotot.com/mua-ban-may-tinh-de-ban-quan-thanh-xuan-ha-noi/110948365.htm
899,https://www.chotot.com/mua-ban-may-tinh-de-ban-quan-go-vap-tp-ho-chi-minh/110948315.htm
900,https://www.chotot.com/mua-ban-may-tinh-de-ban-quan-1-tp-ho-chi-minh/110948311.htm
901,https://www.chotot.com/mua-ban-may-tinh-de-ban-quan-5-tp-ho-chi-minh/110948213.htm
902,https://www.chotot.com/mua-ban-may-tinh-de-ban-quan-lien-chieu-da-nang/110948060.htm
903,https://www.chotot.com/mua-ban-may-tinh-de-ban-quan-binh-tan-tp-ho-chi-minh/110948011.htm
904,https://www.chotot.com/mua-ban-may-tinh-de-ban-quan-hoang-mai-ha-noi/110887726.htm
905,https://www.chotot.com/mua-ban-may-tinh-de-ban-quan-7-tp-ho-chi-minh/110889843.htm
906,https://www.chotot.com/mua-ban-may-tinh-de-ban-thi-xa-phu-my-ba-ria-vung-tau/110947838.htm
907,https://www.chotot.com/mua-ban-may-tinh-de-ban-thanh-pho-buon-ma-thuot-dak-lak/110947715.htm
908,https://www.chotot.com/mua-ban-may-tinh-de-ban-thi-xa-phu-my-ba-ria-vung-tau/110947630.htm
909,https://www.chotot.com/mua-ban-may-tinh-de-ban-huyen-cu-chi-tp-ho-chi-minh/110892004.htm
910,https://www.chotot.com/mua-ban-may-tinh-de-ban-huyen-dan-phuong-ha-noi/110947502.htm
911,https://www.chotot.com/mua-ban-may-tinh-de-ban-huyen-bac-tan-uyen-binh-duong/110947456.htm
912,https://www.chotot.com/mua-ban-may-tinh-de-ban-quan-tan-phu-tp-ho-chi-minh/110947403.htm
913,https://www.chotot.com/mua-ban-may-tinh-de-ban-thanh-pho-thuan-an-binh-duong/110947181.htm
914,https://www.chotot.com/mua-ban-may-tinh-de-ban-quan-tan-phu-tp-ho-chi-minh/109930335.htm
915,https://www.chotot.com/mua-ban-may-tinh-de-ban-thanh-pho-di-an-binh-duong/110947088.htm
916,https://www.chotot.com/mua-ban-may-tinh-de-ban-thanh-pho-buon-ma-thuot-dak-lak/110947072.htm
917,https://www.chotot.com/mua-ban-may-tinh-de-ban-thanh-pho-cao-lanh-dong-thap/110947033.htm
918,https://www.chotot.com/mua-ban-may-tinh-de-ban-quan-12-tp-ho-chi-minh/110946948.htm
919,https://www.chotot.com/mua-ban-may-tinh-de-ban-thanh-pho-bien-hoa-dong-nai/109228656.htm
920,https://www.chotot.com/mua-ban-may-tinh-de-ban-thanh-pho-thu-duc-tp-ho-chi-minh/110946684.htm
921,https://www.chotot.com/mua-ban-may-tinh-de-ban-quan-go-vap-tp-ho-chi-minh/110946615.htm
922,https://www.chotot.com/mua-ban-may-tinh-de-ban-quan-tan-phu-tp-ho-chi-minh/100071822.htm
923,https://www.chotot.com/mua-ban-may-tinh-de-ban-huyen-cho-gao-tien-giang/110946507.htm
924,https://www.chotot.com/mua-ban-may-tinh-de-ban-thanh-pho-thuan-an-binh-duong/110946411.htm
925,https://www.chotot.com/mua-ban-may-tinh-de-ban-quan-thanh-khe-da-nang/110946219.htm
926,https://www.chotot.com/mua-ban-may-tinh-de-ban-quan-ninh-kieu-can-tho/110946179.htm
927,https://www.chotot.com/mua-ban-may-tinh-de-ban-thanh-pho-vinh-long-vinh-long/110946082.htm
928,https://www.chotot.com/mua-ban-may-tinh-de-ban-thanh-pho-thuan-an-binh-duong/110946040.htm
929,https://www.chotot.com/mua-ban-may-tinh-de-ban-quan-bac-tu-liem-ha-noi/110945943.htm
930,https://www.chotot.com/mua-ban-may-tinh-de-ban-quan-thanh-khe-da-nang/110945898.htm
931,https://www.chotot.com/mua-ban-may-tinh-de-ban-quan-tan-phu-tp-ho-chi-minh/110332172.htm
932,https://www.chotot.com/mua-ban-may-tinh-de-ban-quan-hai-ba-trung-ha-noi/110945271.htm
933,https://www.chotot.com/mua-ban-may-tinh-de-ban-huyen-binh-chanh-tp-ho-chi-minh/110945245.htm
934,https://www.chotot.com/mua-ban-may-tinh-de-ban-quan-binh-tan-tp-ho-chi-minh/110945215.htm
935,https://www.chotot.com/mua-ban-may-tinh-de-ban-thanh-pho-thu-duc-tp-ho-chi-minh/110945193.htm
936,https://www.chotot.com/mua-ban-may-tinh-de-ban-quan-6-tp-ho-chi-minh/110945143.htm
937,https://www.chotot.com/mua-ban-may-tinh-de-ban-thanh-pho-di-an-binh-duong/110945088.htm
938,https://www.chotot.com/mua-ban-may-tinh-de-ban-huyen-chau-thanh-tien-giang/110945036.htm
939,https://www.chotot.com/mua-ban-may-tinh-de-ban-huyen-vu-ban-nam-dinh/110944979.htm
940,https://www.chotot.com/mua-ban-may-tinh-de-ban-quan-6-tp-ho-chi-minh/109235018.htm
941,https://www.chotot.com/mua-ban-may-tinh-de-ban-thanh-pho-cao-lanh-dong-thap/110944754.htm
942,https://www.chotot.com/mua-ban-may-tinh-de-ban-quan-binh-tan-tp-ho-chi-minh/110944721.htm
943,https://www.chotot.com/mua-ban-may-tinh-de-ban-huyen-binh-chanh-tp-ho-chi-minh/110918461.htm
944,https://www.chotot.com/mua-ban-may-tinh-de-ban-quan-bac-tu-liem-ha-noi/110944630.htm
945,https://www.chotot.com/mua-ban-may-tinh-de-ban-quan-10-tp-ho-chi-minh/110944513.htm
946,https://www.chotot.com/mua-ban-may-tinh-de-ban-thanh-pho-buon-ma-thuot-dak-lak/106897558.htm
947,https://www.chotot.com/mua-ban-may-tinh-de-ban-thanh-pho-buon-ma-thuot-dak-lak/108658675.htm
948,https://www.chotot.com/mua-ban-may-tinh-de-ban-quan-6-tp-ho-chi-minh/110944385.htm
949,https://www.chotot.com/mua-ban-may-tinh-de-ban-quan-tan-phu-tp-ho-chi-minh/103594015.htm
950,https://www.chotot.com/mua-ban-may-tinh-de-ban-thanh-pho-thu-duc-tp-ho-chi-minh/110944221.htm
951,https://www.chotot.com/mua-ban-may-tinh-de-ban-quan-hai-ba-trung-ha-noi/110944182.htm
952,https://www.chotot.com/mua-ban-may-tinh-de-ban-thanh-pho-thu-duc-tp-ho-chi-minh/110913126.htm
953,https://www.chotot.com/mua-ban-may-tinh-de-ban-quan-12-tp-ho-chi-minh/110943671.htm
954,https://www.chotot.com/mua-ban-may-tinh-de-ban-quan-tan-phu-tp-ho-chi-minh/110515886.htm
955,https://www.chotot.com/mua-ban-may-tinh-de-ban-quan-hoang-mai-ha-noi/110943559.htm
956,https://www.chotot.com/mua-ban-may-tinh-de-ban-quan-thanh-xuan-ha-noi/107039677.htm
957,https://www.chotot.com/mua-ban-may-tinh-de-ban-quan-hoang-mai-ha-noi/110943162.htm
958,https://www.chotot.com/mua-ban-may-tinh-de-ban-quan-go-vap-tp-ho-chi-minh/110943125.htm
959,https://www.chotot.com/mua-ban-may-tinh-de-ban-huyen-hoai-duc-ha-noi/110943071.htm
960,https://www.chotot.com/mua-ban-may-tinh-de-ban-quan-go-vap-tp-ho-chi-minh/110664689.htm
961,https://www.chotot.com/mua-ban-may-tinh-de-ban-quan-binh-thanh-tp-ho-chi-minh/110942817.htm
962,https://www.chotot.com/mua-ban-may-tinh-de-ban-quan-3-tp-ho-chi-minh/110942736.htm#px=SR-special_display_ad-[PO-13][PL-default]
963,https://www.chotot.com/mua-ban-may-tinh-de-ban-quan-son-tra-da-nang/110942729.htm
964,https://www.chotot.com/mua-ban-may-tinh-de-ban-huyen-xuan-loc-dong-nai/110942348.htm
965,https://www.chotot.com/mua-ban-may-tinh-de-ban-thanh-pho-bien-hoa-dong-nai/110942329.htm
966,https://www.chotot.com/mua-ban-may-tinh-de-ban-thanh-pho-bien-hoa-dong-nai/110942181.htm
967,https://www.chotot.com/mua-ban-may-tinh-de-ban-quan-binh-thanh-tp-ho-chi-minh/110942086.htm
968,https://www.chotot.com/mua-ban-may-tinh-de-ban-quan-hoang-mai-ha-noi/110942055.htm
969,https://www.chotot.com/mua-ban-may-tinh-de-ban-thanh-pho-tam-ky-quang-nam/110941803.htm
970,https://www.chotot.com/mua-ban-may-tinh-de-ban-huyen-nhon-trach-dong-nai/110938197.htm
971,https://www.chotot.com/mua-ban-may-tinh-de-ban-huyen-ung-hoa-ha-noi/110941388.htm
972,https://www.chotot.com/mua-ban-may-tinh-de-ban-thanh-pho-bien-hoa-dong-nai/109101635.htm
973,https://www.chotot.com/mua-ban-may-tinh-de-ban-huyen-mang-thit-vinh-long/110941215.htm
974,https://www.chotot.com/mua-ban-may-tinh-de-ban-quan-5-tp-ho-chi-minh/110941062.htm
975,https://www.chotot.com/mua-ban-may-tinh-de-ban-huyen-dat-do-ba-ria-vung-tau/110940947.htm
976,https://www.chotot.com/mua-ban-may-tinh-de-ban-quan-tay-ho-ha-noi/110940905.htm
977,https://www.chotot.com/mua-ban-may-tinh-de-ban-quan-3-tp-ho-chi-minh/110741872.htm
978,https://www.chotot.com/mua-ban-may-tinh-de-ban-quan-6-tp-ho-chi-minh/106008166.htm
979,https://www.chotot.com/mua-ban-may-tinh-de-ban-quan-go-vap-tp-ho-chi-minh/110763208.htm
980,https://www.chotot.com/mua-ban-may-tinh-de-ban-quan-hoang-mai-ha-noi/110940530.htm
981,https://www.chotot.com/mua-ban-may-tinh-de-ban-quan-lien-chieu-da-nang/110940304.htm
982,https://www.chotot.com/mua-ban-may-tinh-de-ban-quan-thanh-khe-da-nang/110940095.htm
983,https://www.chotot.com/mua-ban-may-tinh-de-ban-thanh-pho-bien-hoa-dong-nai/110939954.htm
984,https://www.chotot.com/mua-ban-may-tinh-de-ban-thanh-pho-thu-duc-tp-ho-chi-minh/110939892.htm
985,https://www.chotot.com/mua-ban-may-tinh-de-ban-thanh-pho-buon-ma-thuot-dak-lak/110939873.htm
986,https://www.chotot.com/mua-ban-may-tinh-de-ban-quan-dong-da-ha-noi/110939795.htm
987,https://www.chotot.com/mua-ban-may-tinh-de-ban-thanh-pho-thuan-an-binh-duong/110939742.htm
988,https://www.chotot.com/mua-ban-may-tinh-de-ban-quan-cau-giay-ha-noi/110939175.htm
989,https://www.chotot.com/mua-ban-may-tinh-de-ban-huyen-binh-chanh-tp-ho-chi-minh/104591171.htm
990,https://www.chotot.com/mua-ban-may-tinh-de-ban-thi-xa-binh-minh-vinh-long/110938973.htm
991,https://www.chotot.com/mua-ban-may-tinh-de-ban-thanh-pho-thu-duc-tp-ho-chi-minh/110938279.htm
992,https://www.chotot.com/mua-ban-may-tinh-de-ban-thanh-pho-gia-nghia-dak-nong/110938238.htm
993,https://www.chotot.com/mua-ban-may-tinh-de-ban-quan-12-tp-ho-chi-minh/110938166.htm
994,https://www.chotot.com/mua-ban-may-tinh-de-ban-huyen-gia-loc-hai-duong/110938144.htm
995,https://www.chotot.com/mua-ban-may-tinh-de-ban-quan-6-tp-ho-chi-minh/108761942.htm
996,https://www.chotot.com/mua-ban-may-tinh-de-ban-quan-ha-dong-ha-noi/110938012.htm
997,https://www.chotot.com/mua-ban-may-tinh-de-ban-quan-12-tp-ho-chi-minh/110036841.htm
998,https://www.chotot.com/mua-ban-may-tinh-de-ban-quan-tan-binh-tp-ho-chi-minh/110937369.htm
999,https://www.chotot.com/mua-ban-may-tinh-de-ban-quan-tan-phu-tp-ho-chi-minh/100092600.htm
1000,https://www.chotot.com/mua-ban-may-tinh-de-ban-thanh-pho-thu-duc-tp-ho-chi-minh/110825353.htm
1001,https://www.chotot.com/mua-ban-may-tinh-de-ban-thanh-pho-thu-dau-mot-binh-duong/110937088.htm
1002,https://www.chotot.com/mua-ban-may-tinh-de-ban-quan-6-tp-ho-chi-minh/110936944.htm
1003,https://www.chotot.com/mua-ban-may-tinh-de-ban-quan-tan-phu-tp-ho-chi-minh/110936913.htm
1004,https://www.chotot.com/mua-ban-may-tinh-de-ban-quan-binh-tan-tp-ho-chi-minh/110936910.htm
1005,https://www.chotot.com/mua-ban-may-tinh-de-ban-quan-thanh-xuan-ha-noi/110936807.htm
1006,https://www.chotot.com/mua-ban-may-tinh-de-ban-thanh-pho-dong-xoai-binh-phuoc/110936719.htm
1007,https://www.chotot.com/mua-ban-may-tinh-de-ban-quan-binh-tan-tp-ho-chi-minh/107928532.htm
1008,https://www.chotot.com/mua-ban-may-tinh-de-ban-quan-11-tp-ho-chi-minh/110936449.htm
1009,https://www.chotot.com/mua-ban-may-tinh-de-ban-quan-go-vap-tp-ho-chi-minh/110936354.htm
1010,https://www.chotot.com/mua-ban-may-tinh-de-ban-quan-tan-phu-tp-ho-chi-minh/110936226.htm
1011,https://www.chotot.com/mua-ban-may-tinh-de-ban-thanh-pho-ben-tre-ben-tre/110936204.htm
1012,https://www.chotot.com/mua-ban-may-tinh-de-ban-quan-hai-chau-da-nang/110936075.htm
1013,https://www.chotot.com/mua-ban-may-tinh-de-ban-quan-go-vap-tp-ho-chi-minh/110936000.htm
1014,https://www.chotot.com/mua-ban-may-tinh-de-ban-quan-ninh-kieu-can-tho/110935891.htm
1015,https://www.chotot.com/mua-ban-may-tinh-de-ban-huyen-hoai-duc-ha-noi/110935853.htm
1016,https://www.chotot.com/mua-ban-may-tinh-de-ban-quan-go-vap-tp-ho-chi-minh/110935823.htm
1017,https://www.chotot.com/mua-ban-may-tinh-de-ban-quan-son-tra-da-nang/110935616.htm
1018,https://www.chotot.com/mua-ban-may-tinh-de-ban-thanh-pho-thuan-an-binh-duong/110935444.htm
1019,https://www.chotot.com/mua-ban-may-tinh-de-ban-quan-tan-phu-tp-ho-chi-minh/104578748.htm
1020,https://www.chotot.com/mua-ban-may-tinh-de-ban-quan-tan-phu-tp-ho-chi-minh/110654473.htm
1021,https://www.chotot.com/mua-ban-may-tinh-de-ban-quan-7-tp-ho-chi-minh/107177594.htm
1022,https://www.chotot.com/mua-ban-may-tinh-de-ban-huyen-nha-be-tp-ho-chi-minh/110934348.htm
1023,https://www.chotot.com/mua-ban-may-tinh-de-ban-quan-tan-phu-tp-ho-chi-minh/109541624.htm
1024,https://www.chotot.com/mua-ban-may-tinh-de-ban-thanh-pho-thu-duc-tp-ho-chi-minh/110934275.htm
1025,https://www.chotot.com/mua-ban-may-tinh-de-ban-huyen-binh-chanh-tp-ho-chi-minh/110548309.htm
1026,https://www.chotot.com/mua-ban-may-tinh-de-ban-huyen-thuong-tin-ha-noi/110934137.htm
1027,https://www.chotot.com/mua-ban-may-tinh-de-ban-quan-tan-phu-tp-ho-chi-minh/110933668.htm
1028,https://www.chotot.com/mua-ban-may-tinh-de-ban-quan-hoang-mai-ha-noi/110933641.htm
1029,https://www.chotot.com/mua-ban-may-tinh-de-ban-huyen-binh-chanh-tp-ho-chi-minh/110933587.htm
1030,https://www.chotot.com/mua-ban-may-tinh-de-ban-thanh-pho-thuan-an-binh-duong/110933476.htm
1031,https://www.chotot.com/mua-ban-may-tinh-de-ban-quan-tan-phu-tp-ho-chi-minh/105205619.htm
1032,https://www.chotot.com/mua-ban-may-tinh-de-ban-quan-o-mon-can-tho/110933308.htm
1033,https://www.chotot.com/mua-ban-may-tinh-de-ban-thanh-pho-buon-ma-thuot-dak-lak/110712842.htm
1034,https://www.chotot.com/mua-ban-may-tinh-de-ban-quan-dong-da-ha-noi/110932787.htm
1035,https://www.chotot.com/mua-ban-may-tinh-de-ban-thanh-pho-thu-duc-tp-ho-chi-minh/110598810.htm
1036,https://www.chotot.com/mua-ban-may-tinh-de-ban-quan-6-tp-ho-chi-minh/107132331.htm
1037,https://www.chotot.com/mua-ban-may-tinh-de-ban-thanh-pho-buon-ma-thuot-dak-lak/110715356.htm
1038,https://www.chotot.com/mua-ban-may-tinh-de-ban-huyen-nha-be-tp-ho-chi-minh/110931960.htm
1039,https://www.chotot.com/mua-ban-may-tinh-de-ban-quan-binh-tan-tp-ho-chi-minh/110931901.htm
1040,https://www.chotot.com/mua-ban-may-tinh-de-ban-huyen-nui-thanh-quang-nam/110931635.htm
1041,https://www.chotot.com/mua-ban-may-tinh-de-ban-quan-go-vap-tp-ho-chi-minh/110931626.htm
1042,https://www.chotot.com/mua-ban-may-tinh-de-ban-quan-ba-dinh-ha-noi/110552729.htm
1043,https://www.chotot.com/mua-ban-may-tinh-de-ban-quan-binh-thanh-tp-ho-chi-minh/109965905.htm
1044,https://www.chotot.com/mua-ban-may-tinh-de-ban-huyen-binh-chanh-tp-ho-chi-minh/108274275.htm
1045,https://www.chotot.com/mua-ban-may-tinh-de-ban-quan-binh-tan-tp-ho-chi-minh/110853630.htm
1046,https://www.chotot.com/mua-ban-may-tinh-de-ban-quan-tan-phu-tp-ho-chi-minh/110931089.htm
1047,https://www.chotot.com/mua-ban-may-tinh-de-ban-huyen-duong-minh-chau-tay-ninh/110931047.htm
1048,https://www.chotot.com/mua-ban-may-tinh-de-ban-huyen-nha-be-tp-ho-chi-minh/110931035.htm
1049,https://www.chotot.com/mua-ban-may-tinh-de-ban-quan-phu-nhuan-tp-ho-chi-minh/109373839.htm
1050,https://www.chotot.com/mua-ban-may-tinh-de-ban-thanh-pho-thu-duc-tp-ho-chi-minh/110930642.htm
1051,https://www.chotot.com/mua-ban-may-tinh-de-ban-thi-xa-tan-uyen-binh-duong/110930633.htm
1052,https://www.chotot.com/mua-ban-may-tinh-de-ban-thanh-pho-thu-dau-mot-binh-duong/110713408.htm
1053,https://www.chotot.com/mua-ban-may-tinh-de-ban-quan-binh-thanh-tp-ho-chi-minh/110930131.htm
1054,https://www.chotot.com/mua-ban-may-tinh-de-ban-thi-xa-phu-my-ba-ria-vung-tau/110929944.htm
1055,https://www.chotot.com/mua-ban-may-tinh-de-ban-thanh-pho-buon-ma-thuot-dak-lak/110929922.htm
1056,https://www.chotot.com/mua-ban-may-tinh-de-ban-quan-8-tp-ho-chi-minh/110929913.htm
1057,https://www.chotot.com/mua-ban-may-tinh-de-ban-thanh-pho-hue-thua-thien-hue/110929660.htm
1058,https://www.chotot.com/mua-ban-may-tinh-de-ban-quan-tan-phu-tp-ho-chi-minh/110929327.htm
1059,https://www.chotot.com/mua-ban-may-tinh-de-ban-huyen-thuong-tin-ha-noi/110929319.htm
1060,https://www.chotot.com/mua-ban-may-tinh-de-ban-quan-son-tra-da-nang/110929253.htm
1061,https://www.chotot.com/mua-ban-may-tinh-de-ban-quan-go-vap-tp-ho-chi-minh/110929200.htm
1062,https://www.chotot.com/mua-ban-may-tinh-de-ban-quan-ha-dong-ha-noi/105038175.htm
1063,https://www.chotot.com/mua-ban-may-tinh-de-ban-huyen-thuong-tin-ha-noi/110929113.htm
1064,https://www.chotot.com/mua-ban-may-tinh-de-ban-thanh-pho-bien-hoa-dong-nai/110928996.htm
1065,https://www.chotot.com/mua-ban-may-tinh-de-ban-quan-tan-binh-tp-ho-chi-minh/110928910.htm
1066,https://www.chotot.com/mua-ban-may-tinh-de-ban-thanh-pho-thu-duc-tp-ho-chi-minh/110928631.htm
1067,https://www.chotot.com/mua-ban-may-tinh-de-ban-quan-tan-binh-tp-ho-chi-minh/110928428.htm
1068,https://www.chotot.com/mua-ban-may-tinh-de-ban-quan-go-vap-tp-ho-chi-minh/110928184.htm
1069,https://www.chotot.com/mua-ban-may-tinh-de-ban-quan-cau-giay-ha-noi/110928157.htm
1070,https://www.chotot.com/mua-ban-may-tinh-de-ban-quan-5-tp-ho-chi-minh/110735365.htm
1071,https://www.chotot.com/mua-ban-may-tinh-de-ban-quan-ha-dong-ha-noi/110927932.htm
1072,https://www.chotot.com/mua-ban-may-tinh-de-ban-quan-ha-dong-ha-noi/110927728.htm
1073,https://www.chotot.com/mua-ban-may-tinh-de-ban-quan-cam-le-da-nang/110927661.htm
1074,https://www.chotot.com/mua-ban-may-tinh-de-ban-quan-dong-da-ha-noi/110927546.htm
1075,https://www.chotot.com/mua-ban-may-tinh-de-ban-quan-10-tp-ho-chi-minh/108919100.htm
1076,https://www.chotot.com/mua-ban-may-tinh-de-ban-thanh-pho-thu-duc-tp-ho-chi-minh/110888845.htm
1077,https://www.chotot.com/mua-ban-may-tinh-de-ban-quan-bac-tu-liem-ha-noi/110927263.htm
1078,https://www.chotot.com/mua-ban-may-tinh-de-ban-quan-cam-le-da-nang/110927261.htm
1079,https://www.chotot.com/mua-ban-may-tinh-de-ban-quan-bac-tu-liem-ha-noi/110927044.htm
1080,https://www.chotot.com/mua-ban-may-tinh-de-ban-thanh-pho-thu-dau-mot-binh-duong/110926997.htm
1081,https://www.chotot.com/mua-ban-may-tinh-de-ban-quan-thanh-xuan-ha-noi/106253839.htm
1082,https://www.chotot.com/mua-ban-may-tinh-de-ban-quan-go-vap-tp-ho-chi-minh/109190062.htm
1083,https://www.chotot.com/mua-ban-may-tinh-de-ban-quan-tan-phu-tp-ho-chi-minh/110926731.htm
1084,https://www.chotot.com/mua-ban-may-tinh-de-ban-quan-cau-giay-ha-noi/110926707.htm
1085,https://www.chotot.com/mua-ban-may-tinh-de-ban-quan-go-vap-tp-ho-chi-minh/110926641.htm
1086,https://www.chotot.com/mua-ban-may-tinh-de-ban-quan-thanh-xuan-ha-noi/106251653.htm
1087,https://www.chotot.com/mua-ban-may-tinh-de-ban-quan-tan-binh-tp-ho-chi-minh/110905283.htm
1088,https://www.chotot.com/mua-ban-may-tinh-de-ban-quan-tan-binh-tp-ho-chi-minh/102250943.htm
1089,https://www.chotot.com/mua-ban-may-tinh-de-ban-quan-tay-ho-ha-noi/110926133.htm
1090,https://www.chotot.com/mua-ban-may-tinh-de-ban-quan-thanh-khe-da-nang/109703584.htm
1091,https://www.chotot.com/mua-ban-may-tinh-de-ban-quan-tay-ho-ha-noi/110925766.htm
1092,https://www.chotot.com/mua-ban-may-tinh-de-ban-quan-thanh-xuan-ha-noi/106251438.htm
1093,https://www.chotot.com/mua-ban-may-tinh-de-ban-quan-go-vap-tp-ho-chi-minh/110520753.htm
1094,https://www.chotot.com/mua-ban-may-tinh-de-ban-quan-go-vap-tp-ho-chi-minh/110925744.htm
1095,https://www.chotot.com/mua-ban-may-tinh-de-ban-huyen-binh-chanh-tp-ho-chi-minh/110087673.htm
1096,https://www.chotot.com/mua-ban-may-tinh-de-ban-huyen-binh-chanh-tp-ho-chi-minh/109213555.htm
1097,https://www.chotot.com/mua-ban-may-tinh-de-ban-quan-tan-binh-tp-ho-chi-minh/110925428.htm
1098,https://www.chotot.com/mua-ban-may-tinh-de-ban-thanh-pho-bien-hoa-dong-nai/110925249.htm
1099,https://www.chotot.com/mua-ban-may-tinh-de-ban-quan-binh-thanh-tp-ho-chi-minh/110925190.htm
1100,https://www.chotot.com/mua-ban-may-tinh-de-ban-thanh-pho-thu-duc-tp-ho-chi-minh/110925115.htm
1101,https://www.chotot.com/mua-ban-may-tinh-de-ban-quan-go-vap-tp-ho-chi-minh/107337322.htm
1102,https://www.chotot.com/mua-ban-may-tinh-de-ban-quan-tan-phu-tp-ho-chi-minh/110925047.htm
1103,https://www.chotot.com/mua-ban-may-tinh-de-ban-quan-11-tp-ho-chi-minh/110925020.htm
1104,https://www.chotot.com/mua-ban-may-tinh-de-ban-thanh-pho-bien-hoa-dong-nai/110924672.htm
1105,https://www.chotot.com/mua-ban-may-tinh-de-ban-huyen-tan-hiep-kien-giang/110924588.htm
1106,https://www.chotot.com/mua-ban-may-tinh-de-ban-thanh-pho-buon-ma-thuot-dak-lak/110924253.htm
1107,https://www.chotot.com/mua-ban-may-tinh-de-ban-thanh-pho-thu-duc-tp-ho-chi-minh/109789676.htm
1108,https://www.chotot.com/mua-ban-may-tinh-de-ban-quan-son-tra-da-nang/110924068.htm
1109,https://www.chotot.com/mua-ban-may-tinh-de-ban-thanh-pho-bien-hoa-dong-nai/110923828.htm
1110,https://www.chotot.com/mua-ban-may-tinh-de-ban-thanh-pho-thu-duc-tp-ho-chi-minh/109525640.htm
1111,https://www.chotot.com/mua-ban-may-tinh-de-ban-thanh-pho-thu-duc-tp-ho-chi-minh/107894091.htm
1112,https://www.chotot.com/mua-ban-may-tinh-de-ban-thanh-pho-thuan-an-binh-duong/110923490.htm
1113,https://www.chotot.com/mua-ban-may-tinh-de-ban-quan-go-vap-tp-ho-chi-minh/110537827.htm
1114,https://www.chotot.com/mua-ban-may-tinh-de-ban-quan-go-vap-tp-ho-chi-minh/110923375.htm
1115,https://www.chotot.com/mua-ban-may-tinh-de-ban-thanh-pho-thu-duc-tp-ho-chi-minh/110865308.htm
1116,https://www.chotot.com/mua-ban-may-tinh-de-ban-quan-ninh-kieu-can-tho/110834261.htm
1117,https://www.chotot.com/mua-ban-may-tinh-de-ban-thanh-pho-thu-duc-tp-ho-chi-minh/105118644.htm
1118,https://www.chotot.com/mua-ban-may-tinh-de-ban-quan-go-vap-tp-ho-chi-minh/110923214.htm
1119,https://www.chotot.com/mua-ban-may-tinh-de-ban-quan-binh-tan-tp-ho-chi-minh/110923192.htm
1120,https://www.chotot.com/mua-ban-may-tinh-de-ban-quan-12-tp-ho-chi-minh/110923075.htm
1121,https://www.chotot.com/mua-ban-may-tinh-de-ban-thanh-pho-thu-duc-tp-ho-chi-minh/110923067.htm
1122,https://www.chotot.com/mua-ban-may-tinh-de-ban-thanh-pho-tan-an-long-an/110820139.htm
1123,https://www.chotot.com/mua-ban-may-tinh-de-ban-thanh-pho-thu-dau-mot-binh-duong/110922940.htm
1124,https://www.chotot.com/mua-ban-may-tinh-de-ban-thanh-pho-rach-gia-kien-giang/110922733.htm
1125,https://www.chotot.com/mua-ban-may-tinh-de-ban-quan-binh-thanh-tp-ho-chi-minh/110922363.htm
1126,https://www.chotot.com/mua-ban-may-tinh-de-ban-huyen-hoa-vang-da-nang/110546036.htm
1127,https://www.chotot.com/mua-ban-may-tinh-de-ban-quan-nam-tu-liem-ha-noi/110915431.htm
1128,https://www.chotot.com/mua-ban-may-tinh-de-ban-quan-go-vap-tp-ho-chi-minh/110921874.htm
1129,https://www.chotot.com/mua-ban-may-tinh-de-ban-huyen-phu-tan-an-giang/110921703.htm
1130,https://www.chotot.com/mua-ban-may-tinh-de-ban-quan-12-tp-ho-chi-minh/110921550.htm
1131,https://www.chotot.com/mua-ban-may-tinh-de-ban-huyen-dong-anh-ha-noi/110921544.htm
1132,https://www.chotot.com/mua-ban-may-tinh-de-ban-quan-tan-binh-tp-ho-chi-minh/110921448.htm
1133,https://www.chotot.com/mua-ban-may-tinh-de-ban-quan-go-vap-tp-ho-chi-minh/110921416.htm
1134,https://www.chotot.com/mua-ban-may-tinh-de-ban-thanh-pho-nam-dinh-nam-dinh/110921328.htm
1135,https://www.chotot.com/mua-ban-may-tinh-de-ban-quan-cam-le-da-nang/110920960.htm
1136,https://www.chotot.com/mua-ban-may-tinh-de-ban-quan-dong-da-ha-noi/110920867.htm
1137,https://www.chotot.com/mua-ban-may-tinh-de-ban-thanh-pho-hue-thua-thien-hue/110920610.htm
1138,https://www.chotot.com/mua-ban-may-tinh-de-ban-huyen-xuan-loc-dong-nai/110920504.htm
1139,https://www.chotot.com/mua-ban-may-tinh-de-ban-quan-hoang-mai-ha-noi/110920282.htm
1140,https://www.chotot.com/mua-ban-may-tinh-de-ban-thanh-pho-vinh-nghe-an/110920163.htm
1141,https://www.chotot.com/mua-ban-may-tinh-de-ban-quan-ba-dinh-ha-noi/110920157.htm
1142,https://www.chotot.com/mua-ban-may-tinh-de-ban-thanh-pho-thu-dau-mot-binh-duong/110920143.htm
1143,https://www.chotot.com/mua-ban-may-tinh-de-ban-thanh-pho-vinh-long-vinh-long/110919822.htm
1144,https://www.chotot.com/mua-ban-may-tinh-de-ban-huyen-nha-be-tp-ho-chi-minh/110595126.htm
1145,https://www.chotot.com/mua-ban-may-tinh-de-ban-thanh-pho-tra-vinh-tra-vinh/110919264.htm
1146,https://www.chotot.com/mua-ban-may-tinh-de-ban-quan-7-tp-ho-chi-minh/110919251.htm
1147,https://www.chotot.com/mua-ban-may-tinh-de-ban-quan-12-tp-ho-chi-minh/110919038.htm
1148,https://www.chotot.com/mua-ban-may-tinh-de-ban-huyen-yen-phong-bac-ninh/110918974.htm
1149,https://www.chotot.com/mua-ban-may-tinh-de-ban-quan-ha-dong-ha-noi/110918835.htm
1150,https://www.chotot.com/mua-ban-may-tinh-de-ban-quan-hai-ba-trung-ha-noi/110918687.htm
1151,https://www.chotot.com/mua-ban-may-tinh-de-ban-quan-tan-phu-tp-ho-chi-minh/110454794.htm
1152,https://www.chotot.com/mua-ban-may-tinh-de-ban-quan-12-tp-ho-chi-minh/110918438.htm
1153,https://www.chotot.com/mua-ban-may-tinh-de-ban-quan-thanh-khe-da-nang/110918258.htm
1154,https://www.chotot.com/mua-ban-may-tinh-de-ban-quan-thanh-khe-da-nang/110918202.htm
1155,https://www.chotot.com/mua-ban-may-tinh-de-ban-quan-bac-tu-liem-ha-noi/110918200.htm
1156,https://www.chotot.com/mua-ban-may-tinh-de-ban-thanh-pho-soc-trang-soc-trang/110918078.htm
1157,https://www.chotot.com/mua-ban-may-tinh-de-ban-thanh-pho-thu-duc-tp-ho-chi-minh/110918012.htm
1158,https://www.chotot.com/mua-ban-may-tinh-de-ban-thanh-pho-buon-ma-thuot-dak-lak/110887553.htm
1159,https://www.chotot.com/mua-ban-may-tinh-de-ban-huyen-vu-ban-nam-dinh/110917434.htm
1160,https://www.chotot.com/mua-ban-may-tinh-de-ban-thanh-pho-cao-lanh-dong-thap/110917269.htm
1161,https://www.chotot.com/mua-ban-may-tinh-de-ban-quan-12-tp-ho-chi-minh/110917095.htm
1162,https://www.chotot.com/mua-ban-may-tinh-de-ban-thanh-pho-thu-duc-tp-ho-chi-minh/110916718.htm
1163,https://www.chotot.com/mua-ban-may-tinh-de-ban-thanh-pho-bien-hoa-dong-nai/110916687.htm
1164,https://www.chotot.com/mua-ban-may-tinh-de-ban-thanh-pho-hue-thua-thien-hue/110916586.htm
1165,https://www.chotot.com/mua-ban-may-tinh-de-ban-quan-go-vap-tp-ho-chi-minh/110916520.htm
1166,https://www.chotot.com/mua-ban-may-tinh-de-ban-quan-thanh-khe-da-nang/110916470.htm
1167,https://www.chotot.com/mua-ban-may-tinh-de-ban-quan-lien-chieu-da-nang/110916442.htm
1168,https://www.chotot.com/mua-ban-may-tinh-de-ban-thanh-pho-vung-tau-ba-ria-vung-tau/110916270.htm
1169,https://www.chotot.com/mua-ban-may-tinh-de-ban-huyen-chuong-my-ha-noi/110916211.htm
1170,https://www.chotot.com/mua-ban-may-tinh-de-ban-thanh-pho-ben-tre-ben-tre/110915924.htm
1171,https://www.chotot.com/mua-ban-may-tinh-de-ban-quan-bac-tu-liem-ha-noi/104840245.htm
1172,https://www.chotot.com/mua-ban-may-tinh-de-ban-quan-11-tp-ho-chi-minh/110737289.htm
1173,https://www.chotot.com/mua-ban-may-tinh-de-ban-thanh-pho-thu-duc-tp-ho-chi-minh/110915853.htm
1174,https://www.chotot.com/mua-ban-may-tinh-de-ban-quan-11-tp-ho-chi-minh/104377055.htm
1175,https://www.chotot.com/mua-ban-may-tinh-de-ban-huyen-xuyen-moc-ba-ria-vung-tau/110915305.htm
1176,https://www.chotot.com/mua-ban-may-tinh-de-ban-quan-11-tp-ho-chi-minh/110733411.htm
1177,https://www.chotot.com/mua-ban-may-tinh-de-ban-quan-12-tp-ho-chi-minh/110863684.htm
1178,https://www.chotot.com/mua-ban-may-tinh-de-ban-quan-12-tp-ho-chi-minh/110915001.htm
1179,https://www.chotot.com/mua-ban-may-tinh-de-ban-quan-hai-ba-trung-ha-noi/110914937.htm
1180,https://www.chotot.com/mua-ban-may-tinh-de-ban-quan-5-tp-ho-chi-minh/110914910.htm
1181,https://www.chotot.com/mua-ban-may-tinh-de-ban-huyen-chau-thanh-long-an/110914413.htm
1182,https://www.chotot.com/mua-ban-may-tinh-de-ban-quan-dong-da-ha-noi/110914282.htm
1183,https://www.chotot.com/mua-ban-may-tinh-de-ban-quan-thanh-xuan-ha-noi/110914138.htm
1184,https://www.chotot.com/mua-ban-may-tinh-de-ban-quan-thanh-xuan-ha-noi/110914070.htm
1185,https://www.chotot.com/mua-ban-may-tinh-de-ban-thanh-pho-ben-tre-ben-tre/110913994.htm
1186,https://www.chotot.com/mua-ban-may-tinh-de-ban-quan-hai-chau-da-nang/110913825.htm
1187,https://www.chotot.com/mua-ban-may-tinh-de-ban-quan-ngo-quyen-hai-phong/110913690.htm
1188,https://www.chotot.com/mua-ban-may-tinh-de-ban-quan-6-tp-ho-chi-minh/102052926.htm
1189,https://www.chotot.com/mua-ban-may-tinh-de-ban-quan-tan-phu-tp-ho-chi-minh/109226092.htm
1190,https://www.chotot.com/mua-ban-may-tinh-de-ban-quan-6-tp-ho-chi-minh/105700144.htm
1191,https://www.chotot.com/mua-ban-may-tinh-de-ban-quan-6-tp-ho-chi-minh/102111213.htm
1192,https://www.chotot.com/mua-ban-may-tinh-de-ban-thanh-pho-thu-duc-tp-ho-chi-minh/110913380.htm
1193,https://www.chotot.com/mua-ban-may-tinh-de-ban-quan-go-vap-tp-ho-chi-minh/110913360.htm
1194,https://www.chotot.com/mua-ban-may-tinh-de-ban-quan-hai-ba-trung-ha-noi/110913185.htm
1195,https://www.chotot.com/mua-ban-may-tinh-de-ban-thanh-pho-my-tho-tien-giang/110913183.htm
1196,https://www.chotot.com/mua-ban-may-tinh-de-ban-quan-5-tp-ho-chi-minh/110814267.htm
1197,https://www.chotot.com/mua-ban-may-tinh-de-ban-quan-cau-giay-ha-noi/110913050.htm
1198,https://www.chotot.com/mua-ban-may-tinh-de-ban-thanh-pho-tay-ninh-tay-ninh/110913017.htm
1199,https://www.chotot.com/mua-ban-may-tinh-de-ban-quan-hai-ba-trung-ha-noi/110912908.htm
1200,https://www.chotot.com/mua-ban-may-tinh-de-ban-quan-11-tp-ho-chi-minh/108594603.htm
1201,https://www.chotot.com/mua-ban-may-tinh-de-ban-quan-tan-binh-tp-ho-chi-minh/110315026.htm
1202,https://www.chotot.com/mua-ban-may-tinh-de-ban-quan-hoang-mai-ha-noi/110912428.htm
1203,https://www.chotot.com/mua-ban-may-tinh-de-ban-quan-cau-giay-ha-noi/110912336.htm
1204,https://www.chotot.com/mua-ban-may-tinh-de-ban-thanh-pho-thu-dau-mot-binh-duong/110912324.htm
1205,https://www.chotot.com/mua-ban-may-tinh-de-ban-quan-go-vap-tp-ho-chi-minh/110912284.htm
1206,https://www.chotot.com/mua-ban-may-tinh-de-ban-quan-tan-binh-tp-ho-chi-minh/110912218.htm
1207,https://www.chotot.com/mua-ban-may-tinh-de-ban-quan-7-tp-ho-chi-minh/110912195.htm
1208,https://www.chotot.com/mua-ban-may-tinh-de-ban-huyen-cam-my-dong-nai/110911995.htm
1209,https://www.chotot.com/mua-ban-may-tinh-de-ban-thanh-pho-vung-tau-ba-ria-vung-tau/110911618.htm
1210,https://www.chotot.com/mua-ban-may-tinh-de-ban-huyen-bau-bang-binh-duong/110911610.htm
1211,https://www.chotot.com/mua-ban-may-tinh-de-ban-quan-tan-binh-tp-ho-chi-minh/110054618.htm
1212,https://www.chotot.com/mua-ban-may-tinh-de-ban-quan-thanh-xuan-ha-noi/108956932.htm
1213,https://www.chotot.com/mua-ban-may-tinh-de-ban-quan-tan-binh-tp-ho-chi-minh/110911053.htm
1214,https://www.chotot.com/mua-ban-may-tinh-de-ban-thanh-pho-thu-duc-tp-ho-chi-minh/110060058.htm
1215,https://www.chotot.com/mua-ban-may-tinh-de-ban-quan-go-vap-tp-ho-chi-minh/110910510.htm
1216,https://www.chotot.com/mua-ban-may-tinh-de-ban-quan-tan-binh-tp-ho-chi-minh/106929411.htm
1217,https://www.chotot.com/mua-ban-may-tinh-de-ban-quan-6-tp-ho-chi-minh/110910217.htm
1218,https://www.chotot.com/mua-ban-may-tinh-de-ban-quan-7-tp-ho-chi-minh/110910099.htm
1219,https://www.chotot.com/mua-ban-may-tinh-de-ban-quan-7-tp-ho-chi-minh/110910026.htm
1220,https://www.chotot.com/mua-ban-may-tinh-de-ban-quan-go-vap-tp-ho-chi-minh/109924124.htm
1221,https://www.chotot.com/mua-ban-may-tinh-de-ban-thanh-pho-bac-ninh-bac-ninh/110909587.htm
1222,https://www.chotot.com/mua-ban-may-tinh-de-ban-thanh-pho-thu-duc-tp-ho-chi-minh/110909502.htm
1223,https://www.chotot.com/mua-ban-may-tinh-de-ban-huyen-binh-chanh-tp-ho-chi-minh/110909304.htm
1224,https://www.chotot.com/mua-ban-may-tinh-de-ban-huyen-dong-anh-ha-noi/110909172.htm
1225,https://www.chotot.com/mua-ban-may-tinh-de-ban-quan-tan-phu-tp-ho-chi-minh/110909107.htm
1226,https://www.chotot.com/mua-ban-may-tinh-de-ban-quan-go-vap-tp-ho-chi-minh/110909003.htm
1227,https://www.chotot.com/mua-ban-may-tinh-de-ban-thanh-pho-buon-ma-thuot-dak-lak/110908940.htm
1228,https://www.chotot.com/mua-ban-may-tinh-de-ban-quan-6-tp-ho-chi-minh/110908397.htm
1229,https://www.chotot.com/mua-ban-may-tinh-de-ban-quan-tan-phu-tp-ho-chi-minh/110908381.htm
1230,https://www.chotot.com/mua-ban-may-tinh-de-ban-quan-tan-phu-tp-ho-chi-minh/110908126.htm
1231,https://www.chotot.com/mua-ban-may-tinh-de-ban-thanh-pho-buon-ma-thuot-dak-lak/110907917.htm
1232,https://www.chotot.com/mua-ban-may-tinh-de-ban-huyen-trang-bom-dong-nai/110907914.htm
1233,https://www.chotot.com/mua-ban-may-tinh-de-ban-thanh-pho-thu-duc-tp-ho-chi-minh/110907816.htm
1234,https://www.chotot.com/mua-ban-may-tinh-de-ban-quan-tan-phu-tp-ho-chi-minh/110907585.htm
1235,https://www.chotot.com/mua-ban-may-tinh-de-ban-quan-nam-tu-liem-ha-noi/93867746.htm
1236,https://www.chotot.com/mua-ban-may-tinh-de-ban-quan-nam-tu-liem-ha-noi/110597479.htm
1237,https://www.chotot.com/mua-ban-may-tinh-de-ban-quan-3-tp-ho-chi-minh/110695336.htm
1238,https://www.chotot.com/mua-ban-may-tinh-de-ban-thanh-pho-thuan-an-binh-duong/110906697.htm
1239,https://www.chotot.com/mua-ban-may-tinh-de-ban-quan-cai-rang-can-tho/110705171.htm
1240,https://www.chotot.com/mua-ban-may-tinh-de-ban-quan-6-tp-ho-chi-minh/110906470.htm
1241,https://www.chotot.com/mua-ban-may-tinh-de-ban-thanh-pho-vung-tau-ba-ria-vung-tau/110906464.htm
1242,https://www.chotot.com/mua-ban-may-tinh-de-ban-quan-7-tp-ho-chi-minh/110906118.htm
1243,https://www.chotot.com/mua-ban-may-tinh-de-ban-thanh-pho-tay-ninh-tay-ninh/110906053.htm
1244,https://www.chotot.com/mua-ban-may-tinh-de-ban-quan-8-tp-ho-chi-minh/110905767.htm
1245,https://www.chotot.com/mua-ban-may-tinh-de-ban-quan-hoang-mai-ha-noi/110905442.htm
1246,https://www.chotot.com/mua-ban-may-tinh-de-ban-quan-cau-giay-ha-noi/110905413.htm
1247,https://www.chotot.com/mua-ban-may-tinh-de-ban-quan-tan-phu-tp-ho-chi-minh/110606189.htm
1248,https://www.chotot.com/mua-ban-may-tinh-de-ban-quan-tan-phu-tp-ho-chi-minh/110905036.htm
1249,https://www.chotot.com/mua-ban-may-tinh-de-ban-thanh-pho-thu-duc-tp-ho-chi-minh/110904964.htm
1250,https://www.chotot.com/mua-ban-may-tinh-de-ban-quan-hai-ba-trung-ha-noi/110904850.htm
1251,https://www.chotot.com/mua-ban-may-tinh-de-ban-quan-tan-binh-tp-ho-chi-minh/110795894.htm
1252,https://www.chotot.com/mua-ban-may-tinh-de-ban-quan-cau-giay-ha-noi/110904622.htm
1253,https://www.chotot.com/mua-ban-may-tinh-de-ban-quan-binh-thanh-tp-ho-chi-minh/110904597.htm
1254,https://www.chotot.com/mua-ban-may-tinh-de-ban-thanh-pho-thu-duc-tp-ho-chi-minh/106642701.htm
1255,https://www.chotot.com/mua-ban-may-tinh-de-ban-quan-binh-tan-tp-ho-chi-minh/110904524.htm
1256,https://www.chotot.com/mua-ban-may-tinh-de-ban-quan-tan-phu-tp-ho-chi-minh/110904452.htm
1257,https://www.chotot.com/mua-ban-may-tinh-de-ban-quan-nam-tu-liem-ha-noi/110904387.htm
1258,https://www.chotot.com/mua-ban-may-tinh-de-ban-quan-ninh-kieu-can-tho/110904279.htm
1259,https://www.chotot.com/mua-ban-may-tinh-de-ban-quan-go-vap-tp-ho-chi-minh/110904203.htm
1260,https://www.chotot.com/mua-ban-may-tinh-de-ban-huyen-nha-be-tp-ho-chi-minh/110904183.htm
1261,https://www.chotot.com/mua-ban-may-tinh-de-ban-quan-cau-giay-ha-noi/110904135.htm
1262,https://www.chotot.com/mua-ban-may-tinh-de-ban-quan-thanh-khe-da-nang/110730211.htm
1263,https://www.chotot.com/mua-ban-may-tinh-de-ban-quan-tan-phu-tp-ho-chi-minh/110904058.htm
1264,https://www.chotot.com/mua-ban-may-tinh-de-ban-quan-go-vap-tp-ho-chi-minh/110903990.htm
1265,https://www.chotot.com/mua-ban-may-tinh-de-ban-quan-binh-thuy-can-tho/110903860.htm
1266,https://www.chotot.com/mua-ban-may-tinh-de-ban-quan-go-vap-tp-ho-chi-minh/110465022.htm
1267,https://www.chotot.com/mua-ban-may-tinh-de-ban-quan-tan-binh-tp-ho-chi-minh/103820757.htm
1268,https://www.chotot.com/mua-ban-may-tinh-de-ban-huyen-thanh-tri-ha-noi/110902397.htm
1269,https://www.chotot.com/mua-ban-may-tinh-de-ban-quan-8-tp-ho-chi-minh/110902211.htm
1270,https://www.chotot.com/mua-ban-may-tinh-de-ban-quan-11-tp-ho-chi-minh/110394860.htm
1271,https://www.chotot.com/mua-ban-may-tinh-de-ban-quan-11-tp-ho-chi-minh/110901747.htm
1272,https://www.chotot.com/mua-ban-may-tinh-de-ban-huyen-xuyen-moc-ba-ria-vung-tau/110901665.htm
1273,https://www.chotot.com/mua-ban-may-tinh-de-ban-thanh-pho-bien-hoa-dong-nai/110868897.htm
1274,https://www.chotot.com/mua-ban-may-tinh-de-ban-thanh-pho-thu-duc-tp-ho-chi-minh/110901363.htm
1275,https://www.chotot.com/mua-ban-may-tinh-de-ban-quan-6-tp-ho-chi-minh/110901249.htm
1276,https://www.chotot.com/mua-ban-may-tinh-de-ban-quan-go-vap-tp-ho-chi-minh/110901241.htm
1277,https://www.chotot.com/mua-ban-may-tinh-de-ban-quan-nam-tu-liem-ha-noi/106974867.htm
1278,https://www.chotot.com/mua-ban-may-tinh-de-ban-quan-ha-dong-ha-noi/110753360.htm
1279,https://www.chotot.com/mua-ban-may-tinh-de-ban-thanh-pho-tra-vinh-tra-vinh/110900571.htm
1280,https://www.chotot.com/mua-ban-may-tinh-de-ban-quan-tan-phu-tp-ho-chi-minh/110900525.htm
1281,https://www.chotot.com/mua-ban-may-tinh-de-ban-thanh-pho-ben-tre-ben-tre/110900457.htm
1282,https://www.chotot.com/mua-ban-may-tinh-de-ban-quan-tan-binh-tp-ho-chi-minh/105923502.htm
1283,https://www.chotot.com/mua-ban-may-tinh-de-ban-quan-thanh-xuan-ha-noi/97535010.htm
1284,https://www.chotot.com/mua-ban-may-tinh-de-ban-quan-tan-binh-tp-ho-chi-minh/110862745.htm
1285,https://www.chotot.com/mua-ban-may-tinh-de-ban-thanh-pho-nam-dinh-nam-dinh/110899795.htm
1286,https://www.chotot.com/mua-ban-may-tinh-de-ban-quan-tan-binh-tp-ho-chi-minh/105923235.htm
1287,https://www.chotot.com/mua-ban-may-tinh-de-ban-quan-tan-phu-tp-ho-chi-minh/110899659.htm
1288,https://www.chotot.com/mua-ban-may-tinh-de-ban-quan-nam-tu-liem-ha-noi/110623129.htm
1289,https://www.chotot.com/mua-ban-may-tinh-de-ban-quan-6-tp-ho-chi-minh/110899400.htm
1290,https://www.chotot.com/mua-ban-may-tinh-de-ban-quan-8-tp-ho-chi-minh/109054709.htm
1291,https://www.chotot.com/mua-ban-may-tinh-de-ban-quan-12-tp-ho-chi-minh/110899368.htm
1292,https://www.chotot.com/mua-ban-may-tinh-de-ban-quan-go-vap-tp-ho-chi-minh/110899203.htm
1293,https://www.chotot.com/mua-ban-may-tinh-de-ban-quan-go-vap-tp-ho-chi-minh/107272315.htm
1294,https://www.chotot.com/mua-ban-may-tinh-de-ban-quan-binh-tan-tp-ho-chi-minh/110147907.htm
1295,https://www.chotot.com/mua-ban-may-tinh-de-ban-quan-tan-phu-tp-ho-chi-minh/110898725.htm
1296,https://www.chotot.com/mua-ban-may-tinh-de-ban-quan-11-tp-ho-chi-minh/110898672.htm
1297,https://www.chotot.com/mua-ban-may-tinh-de-ban-quan-12-tp-ho-chi-minh/110898610.htm
1298,https://www.chotot.com/mua-ban-may-tinh-de-ban-thanh-pho-hue-thua-thien-hue/110898599.htm
1299,https://www.chotot.com/mua-ban-may-tinh-de-ban-quan-tan-phu-tp-ho-chi-minh/110898251.htm
1300,https://www.chotot.com/mua-ban-may-tinh-de-ban-quan-tan-binh-tp-ho-chi-minh/110897989.htm
1301,https://www.chotot.com/mua-ban-may-tinh-de-ban-thanh-pho-vinh-long-vinh-long/109615365.htm
1302,https://www.chotot.com/mua-ban-may-tinh-de-ban-quan-tan-phu-tp-ho-chi-minh/103823159.htm
1303,https://www.chotot.com/mua-ban-may-tinh-de-ban-thanh-pho-nha-trang-khanh-hoa/110897802.htm
1304,https://www.chotot.com/mua-ban-may-tinh-de-ban-quan-binh-tan-tp-ho-chi-minh/110897696.htm
1305,https://www.chotot.com/mua-ban-may-tinh-de-ban-thanh-pho-buon-ma-thuot-dak-lak/110897652.htm
1306,https://www.chotot.com/mua-ban-may-tinh-de-ban-quan-tan-phu-tp-ho-chi-minh/110897552.htm
1307,https://www.chotot.com/mua-ban-may-tinh-de-ban-quan-phu-nhuan-tp-ho-chi-minh/110897510.htm
1308,https://www.chotot.com/mua-ban-may-tinh-de-ban-quan-hai-an-hai-phong/110897411.htm
1309,https://www.chotot.com/mua-ban-may-tinh-de-ban-huyen-hoc-mon-tp-ho-chi-minh/110897358.htm
1310,https://www.chotot.com/mua-ban-may-tinh-de-ban-thanh-pho-vung-tau-ba-ria-vung-tau/110897229.htm
1311,https://www.chotot.com/mua-ban-may-tinh-de-ban-quan-tan-phu-tp-ho-chi-minh/103793742.htm
1312,https://www.chotot.com/mua-ban-may-tinh-de-ban-huyen-khoai-chau-hung-yen/110897176.htm
1313,https://www.chotot.com/mua-ban-may-tinh-de-ban-thi-xa-ben-cat-binh-duong/110897112.htm
1314,https://www.chotot.com/mua-ban-may-tinh-de-ban-thanh-pho-buon-ma-thuot-dak-lak/110896903.htm
1315,https://www.chotot.com/mua-ban-may-tinh-de-ban-quan-tan-binh-tp-ho-chi-minh/110505536.htm
1316,https://www.chotot.com/mua-ban-may-tinh-de-ban-quan-ninh-kieu-can-tho/110700438.htm
1317,https://www.chotot.com/mua-ban-may-tinh-de-ban-quan-lien-chieu-da-nang/110896530.htm
1318,https://www.chotot.com/mua-ban-may-tinh-de-ban-quan-go-vap-tp-ho-chi-minh/110896503.htm
1319,https://www.chotot.com/mua-ban-may-tinh-de-ban-quan-11-tp-ho-chi-minh/110896222.htm
1320,https://www.chotot.com/mua-ban-may-tinh-de-ban-quan-go-vap-tp-ho-chi-minh/110773012.htm
1321,https://www.chotot.com/mua-ban-may-tinh-de-ban-thanh-pho-thu-duc-tp-ho-chi-minh/110896027.htm
1322,https://www.chotot.com/mua-ban-may-tinh-de-ban-quan-go-vap-tp-ho-chi-minh/110895987.htm
1323,https://www.chotot.com/mua-ban-may-tinh-de-ban-quan-go-vap-tp-ho-chi-minh/108225240.htm
1324,https://www.chotot.com/mua-ban-may-tinh-de-ban-quan-tan-phu-tp-ho-chi-minh/106860062.htm
1325,https://www.chotot.com/mua-ban-may-tinh-de-ban-quan-tan-phu-tp-ho-chi-minh/103536031.htm
1326,https://www.chotot.com/mua-ban-may-tinh-de-ban-quan-tan-phu-tp-ho-chi-minh/104276919.htm
1327,https://www.chotot.com/mua-ban-may-tinh-de-ban-quan-bac-tu-liem-ha-noi/110895646.htm
1328,https://www.chotot.com/mua-ban-may-tinh-de-ban-quan-ha-dong-ha-noi/110895466.htm
1329,https://www.chotot.com/mua-ban-may-tinh-de-ban-quan-tan-phu-tp-ho-chi-minh/110230871.htm
1330,https://www.chotot.com/mua-ban-may-tinh-de-ban-thanh-pho-thu-dau-mot-binh-duong/110895090.htm
1331,https://www.chotot.com/mua-ban-may-tinh-de-ban-thanh-pho-bien-hoa-dong-nai/110894718.htm
1332,https://www.chotot.com/mua-ban-may-tinh-de-ban-quan-go-vap-tp-ho-chi-minh/110652079.htm
1333,https://www.chotot.com/mua-ban-may-tinh-de-ban-quan-tan-phu-tp-ho-chi-minh/110894350.htm
1334,https://www.chotot.com/mua-ban-may-tinh-de-ban-thanh-pho-thu-duc-tp-ho-chi-minh/110894340.htm
1335,https://www.chotot.com/mua-ban-may-tinh-de-ban-quan-tan-binh-tp-ho-chi-minh/110894291.htm
1336,https://www.chotot.com/mua-ban-may-tinh-de-ban-quan-go-vap-tp-ho-chi-minh/103978359.htm
1337,https://www.chotot.com/mua-ban-may-tinh-de-ban-quan-lien-chieu-da-nang/110894075.htm
1338,https://www.chotot.com/mua-ban-may-tinh-de-ban-quan-binh-thuy-can-tho/110894051.htm
1339,https://www.chotot.com/mua-ban-may-tinh-de-ban-quan-dong-da-ha-noi/110894021.htm
1340,https://www.chotot.com/mua-ban-may-tinh-de-ban-huyen-dak-song-dak-nong/110893993.htm
1341,https://www.chotot.com/mua-ban-may-tinh-de-ban-huyen-dong-hung-thai-binh/110893987.htm
1342,https://www.chotot.com/mua-ban-may-tinh-de-ban-thanh-pho-buon-ma-thuot-dak-lak/110893943.htm
1343,https://www.chotot.com/mua-ban-may-tinh-de-ban-huyen-hon-dat-kien-giang/110893926.htm
1344,https://www.chotot.com/mua-ban-may-tinh-de-ban-quan-binh-tan-tp-ho-chi-minh/110893822.htm
1345,https://www.chotot.com/mua-ban-may-tinh-de-ban-quan-nam-tu-liem-ha-noi/110893810.htm
1346,https://www.chotot.com/mua-ban-may-tinh-de-ban-huyen-nha-be-tp-ho-chi-minh/110893060.htm
1347,https://www.chotot.com/mua-ban-may-tinh-de-ban-quan-cau-giay-ha-noi/110892873.htm
1348,https://www.chotot.com/mua-ban-may-tinh-de-ban-thanh-pho-thai-binh-thai-binh/110892787.htm
1349,https://www.chotot.com/mua-ban-may-tinh-de-ban-quan-tan-binh-tp-ho-chi-minh/110892473.htm
1350,https://www.chotot.com/mua-ban-may-tinh-de-ban-quan-7-tp-ho-chi-minh/101065003.htm
1351,https://www.chotot.com/mua-ban-may-tinh-de-ban-quan-tan-phu-tp-ho-chi-minh/105929153.htm
1352,https://www.chotot.com/mua-ban-may-tinh-de-ban-quan-4-tp-ho-chi-minh/110892253.htm
1353,https://www.chotot.com/mua-ban-may-tinh-de-ban-huyen-long-ho-vinh-long/110225653.htm
1354,https://www.chotot.com/mua-ban-may-tinh-de-ban-thanh-pho-thu-duc-tp-ho-chi-minh/110891918.htm
1355,https://www.chotot.com/mua-ban-may-tinh-de-ban-thanh-pho-tan-an-long-an/110891793.htm
1356,https://www.chotot.com/mua-ban-may-tinh-de-ban-quan-go-vap-tp-ho-chi-minh/110535146.htm
1357,https://www.chotot.com/mua-ban-may-tinh-de-ban-quan-12-tp-ho-chi-minh/110891657.htm
1358,https://www.chotot.com/mua-ban-may-tinh-de-ban-quan-le-chan-hai-phong/110891566.htm
1359,https://www.chotot.com/mua-ban-may-tinh-de-ban-huyen-yen-phong-bac-ninh/110891486.htm
1360,https://www.chotot.com/mua-ban-may-tinh-de-ban-quan-8-tp-ho-chi-minh/110891420.htm
1361,https://www.chotot.com/mua-ban-may-tinh-de-ban-huyen-binh-chanh-tp-ho-chi-minh/110891357.htm
1362,https://www.chotot.com/mua-ban-may-tinh-de-ban-huyen-tan-hiep-kien-giang/110891355.htm
1363,https://www.chotot.com/mua-ban-may-tinh-de-ban-quan-12-tp-ho-chi-minh/110891018.htm
1364,https://www.chotot.com/mua-ban-may-tinh-de-ban-thanh-pho-hung-yen-hung-yen/110890910.htm
1365,https://www.chotot.com/mua-ban-may-tinh-de-ban-thanh-pho-thai-nguyen-thai-nguyen/110890876.htm
1366,https://www.chotot.com/mua-ban-may-tinh-de-ban-thanh-pho-bac-ninh-bac-ninh/110890743.htm
1367,https://www.chotot.com/mua-ban-may-tinh-de-ban-quan-12-tp-ho-chi-minh/110890690.htm
1368,https://www.chotot.com/mua-ban-may-tinh-de-ban-quan-nam-tu-liem-ha-noi/110890683.htm
1369,https://www.chotot.com/mua-ban-may-tinh-de-ban-quan-go-vap-tp-ho-chi-minh/110890528.htm
1370,https://www.chotot.com/mua-ban-may-tinh-de-ban-thanh-pho-vinh-nghe-an/110890518.htm
1371,https://www.chotot.com/mua-ban-may-tinh-de-ban-huyen-binh-xuyen-vinh-phuc/109205407.htm
1372,https://www.chotot.com/mua-ban-may-tinh-de-ban-thanh-pho-hai-duong-hai-duong/110890261.htm
1373,https://www.chotot.com/mua-ban-may-tinh-de-ban-thanh-pho-hai-duong-hai-duong/110890234.htm
1374,https://www.chotot.com/mua-ban-may-tinh-de-ban-huyen-chau-thanh-kien-giang/110890137.htm
1375,https://www.chotot.com/mua-ban-may-tinh-de-ban-quan-hoang-mai-ha-noi/110889668.htm
1376,https://www.chotot.com/mua-ban-may-tinh-de-ban-quan-cau-giay-ha-noi/110772972.htm
1377,https://www.chotot.com/mua-ban-may-tinh-de-ban-huyen-me-linh-ha-noi/110889503.htm
1378,https://www.chotot.com/mua-ban-may-tinh-de-ban-quan-hai-chau-da-nang/110889175.htm
1379,https://www.chotot.com/mua-ban-may-tinh-de-ban-quan-cau-giay-ha-noi/110889074.htm
1380,https://www.chotot.com/mua-ban-may-tinh-de-ban-quan-hai-ba-trung-ha-noi/110889016.htm
1381,https://www.chotot.com/mua-ban-may-tinh-de-ban-quan-6-tp-ho-chi-minh/110888987.htm
1382,https://www.chotot.com/mua-ban-may-tinh-de-ban-quan-tan-binh-tp-ho-chi-minh/110888976.htm
1383,https://www.chotot.com/mua-ban-may-tinh-de-ban-quan-o-mon-can-tho/110888913.htm
1384,https://www.chotot.com/mua-ban-may-tinh-de-ban-quan-hai-ba-trung-ha-noi/110888860.htm
1385,https://www.chotot.com/mua-ban-may-tinh-de-ban-quan-cam-le-da-nang/101075448.htm
1386,https://www.chotot.com/mua-ban-may-tinh-de-ban-thanh-pho-buon-ma-thuot-dak-lak/110888757.htm
1387,https://www.chotot.com/mua-ban-may-tinh-de-ban-quan-binh-tan-tp-ho-chi-minh/110888687.htm
1388,https://www.chotot.com/mua-ban-may-tinh-de-ban-quan-hai-chau-da-nang/110888576.htm
1389,https://www.chotot.com/mua-ban-may-tinh-de-ban-quan-7-tp-ho-chi-minh/109824979.htm
1390,https://www.chotot.com/mua-ban-may-tinh-de-ban-thanh-pho-thai-binh-thai-binh/110888305.htm
1391,https://www.chotot.com/mua-ban-may-tinh-de-ban-quan-tan-binh-tp-ho-chi-minh/110888303.htm
1392,https://www.chotot.com/mua-ban-may-tinh-de-ban-quan-cau-giay-ha-noi/110888289.htm
1393,https://www.chotot.com/mua-ban-may-tinh-de-ban-quan-thanh-khe-da-nang/110888179.htm
1394,https://www.chotot.com/mua-ban-may-tinh-de-ban-quan-7-tp-ho-chi-minh/110888112.htm
1395,https://www.chotot.com/mua-ban-may-tinh-de-ban-quan-8-tp-ho-chi-minh/110887982.htm
1396,https://www.chotot.com/mua-ban-may-tinh-de-ban-huyen-binh-xuyen-vinh-phuc/110887891.htm
1397,https://www.chotot.com/mua-ban-may-tinh-de-ban-huyen-nha-be-tp-ho-chi-minh/110199251.htm
1398,https://www.chotot.com/mua-ban-may-tinh-de-ban-thanh-pho-soc-trang-soc-trang/110887777.htm
1399,https://www.chotot.com/mua-ban-may-tinh-de-ban-quan-7-tp-ho-chi-minh/110887699.htm
1400,https://www.chotot.com/mua-ban-may-tinh-de-ban-thanh-pho-thu-duc-tp-ho-chi-minh/110887590.htm
1401,https://www.chotot.com/mua-ban-may-tinh-de-ban-quan-ha-dong-ha-noi/110887103.htm
1402,https://www.chotot.com/mua-ban-may-tinh-de-ban-thanh-pho-bac-ninh-bac-ninh/110887101.htm
1403,https://www.chotot.com/mua-ban-may-tinh-de-ban-thanh-pho-thai-binh-thai-binh/110886831.htm
1404,https://www.chotot.com/mua-ban-may-tinh-de-ban-quan-12-tp-ho-chi-minh/110886804.htm
1405,https://www.chotot.com/mua-ban-may-tinh-de-ban-huyen-chau-thanh-soc-trang/110886745.htm
1406,https://www.chotot.com/mua-ban-may-tinh-de-ban-thanh-pho-tuy-hoa-phu-yen/110886586.htm
1407,https://www.chotot.com/mua-ban-may-tinh-de-ban-quan-10-tp-ho-chi-minh/109201327.htm
1408,https://www.chotot.com/mua-ban-may-tinh-de-ban-huyen-vinh-tuong-vinh-phuc/110886400.htm
1409,https://www.chotot.com/mua-ban-may-tinh-de-ban-thanh-pho-thuan-an-binh-duong/110886368.htm
1410,https://www.chotot.com/mua-ban-may-tinh-de-ban-quan-son-tra-da-nang/110886347.htm
1411,https://www.chotot.com/mua-ban-may-tinh-de-ban-quan-tan-phu-tp-ho-chi-minh/110886314.htm
1412,https://www.chotot.com/mua-ban-may-tinh-de-ban-thanh-pho-thu-duc-tp-ho-chi-minh/110886298.htm
1413,https://www.chotot.com/mua-ban-may-tinh-de-ban-thanh-pho-thu-duc-tp-ho-chi-minh/110886251.htm
1414,https://www.chotot.com/mua-ban-may-tinh-de-ban-quan-son-tra-da-nang/110886244.htm
1415,https://www.chotot.com/mua-ban-may-tinh-de-ban-quan-10-tp-ho-chi-minh/109563845.htm
1416,https://www.chotot.com/mua-ban-may-tinh-de-ban-quan-7-tp-ho-chi-minh/109486158.htm
1417,https://www.chotot.com/mua-ban-may-tinh-de-ban-thanh-pho-di-an-binh-duong/110885997.htm
1418,https://www.chotot.com/mua-ban-may-tinh-de-ban-quan-hai-ba-trung-ha-noi/110885981.htm
1419,https://www.chotot.com/mua-ban-may-tinh-de-ban-quan-12-tp-ho-chi-minh/110885651.htm
1420,https://www.chotot.com/mua-ban-may-tinh-de-ban-quan-nam-tu-liem-ha-noi/110623331.htm
1421,https://www.chotot.com/mua-ban-may-tinh-de-ban-quan-11-tp-ho-chi-minh/106665283.htm
1422,https://www.chotot.com/mua-ban-may-tinh-de-ban-quan-11-tp-ho-chi-minh/106665229.htm
1423,https://www.chotot.com/mua-ban-may-tinh-de-ban-quan-11-tp-ho-chi-minh/110885448.htm
1424,https://www.chotot.com/mua-ban-may-tinh-de-ban-quan-6-tp-ho-chi-minh/110885392.htm
1425,https://www.chotot.com/mua-ban-may-tinh-de-ban-quan-11-tp-ho-chi-minh/110738232.htm
1426,https://www.chotot.com/mua-ban-may-tinh-de-ban-thanh-pho-thu-dau-mot-binh-duong/110885227.htm
1427,https://www.chotot.com/mua-ban-may-tinh-de-ban-quan-nam-tu-liem-ha-noi/106975248.htm
1428,https://www.chotot.com/mua-ban-may-tinh-de-ban-huyen-hoa-thanh-tay-ninh/110885066.htm
1429,https://www.chotot.com/mua-ban-may-tinh-de-ban-quan-ninh-kieu-can-tho/110884937.htm
1430,https://www.chotot.com/mua-ban-may-tinh-de-ban-quan-long-bien-ha-noi/109139002.htm
1431,https://www.chotot.com/mua-ban-may-tinh-de-ban-quan-11-tp-ho-chi-minh/110791833.htm
1432,https://www.chotot.com/mua-ban-may-tinh-de-ban-quan-son-tra-da-nang/110884840.htm
1433,https://www.chotot.com/mua-ban-may-tinh-de-ban-quan-thanh-xuan-ha-noi/100807107.htm
1434,https://www.chotot.com/mua-ban-may-tinh-de-ban-quan-6-tp-ho-chi-minh/110884707.htm
1435,https://www.chotot.com/mua-ban-may-tinh-de-ban-quan-hai-ba-trung-ha-noi/110884621.htm
1436,https://www.chotot.com/mua-ban-may-tinh-de-ban-thanh-pho-my-tho-tien-giang/110884483.htm
1437,https://www.chotot.com/mua-ban-may-tinh-de-ban-quan-cai-rang-can-tho/110884412.htm
1438,https://www.chotot.com/mua-ban-may-tinh-de-ban-quan-bac-tu-liem-ha-noi/110884148.htm
1439,https://www.chotot.com/mua-ban-may-tinh-de-ban-thanh-pho-thu-duc-tp-ho-chi-minh/110884034.htm
1440,https://www.chotot.com/mua-ban-may-tinh-de-ban-quan-7-tp-ho-chi-minh/110884032.htm
1441,https://www.chotot.com/mua-ban-may-tinh-de-ban-quan-ninh-kieu-can-tho/110883837.htm
1442,https://www.chotot.com/mua-ban-may-tinh-de-ban-quan-bac-tu-liem-ha-noi/110883746.htm
1443,https://www.chotot.com/mua-ban-may-tinh-de-ban-thanh-pho-long-xuyen-an-giang/110883710.htm
1444,https://www.chotot.com/mua-ban-may-tinh-de-ban-huyen-thai-thuy-thai-binh/110883511.htm
1445,https://www.chotot.com/mua-ban-may-tinh-de-ban-quan-ninh-kieu-can-tho/110883383.htm
1446,https://www.chotot.com/mua-ban-may-tinh-de-ban-quan-6-tp-ho-chi-minh/110883214.htm
1447,https://www.chotot.com/mua-ban-may-tinh-de-ban-thanh-pho-bien-hoa-dong-nai/110883131.htm
1448,https://www.chotot.com/mua-ban-may-tinh-de-ban-thanh-pho-thu-duc-tp-ho-chi-minh/110823021.htm
1449,https://www.chotot.com/mua-ban-may-tinh-de-ban-thanh-pho-long-xuyen-an-giang/110882552.htm
1450,https://www.chotot.com/mua-ban-may-tinh-de-ban-huyen-cu-chi-tp-ho-chi-minh/110882378.htm
1451,https://www.chotot.com/mua-ban-may-tinh-de-ban-quan-10-tp-ho-chi-minh/101431252.htm
1452,https://www.chotot.com/mua-ban-may-tinh-de-ban-thanh-pho-thu-duc-tp-ho-chi-minh/110881605.htm
1453,https://www.chotot.com/mua-ban-may-tinh-de-ban-thanh-pho-my-tho-tien-giang/110881141.htm
1454,https://www.chotot.com/mua-ban-may-tinh-de-ban-thanh-pho-thuan-an-binh-duong/110880976.htm
1455,https://www.chotot.com/mua-ban-may-tinh-de-ban-quan-tay-ho-ha-noi/110880767.htm
1456,https://www.chotot.com/mua-ban-may-tinh-de-ban-quan-ninh-kieu-can-tho/108441934.htm
1457,https://www.chotot.com/mua-ban-may-tinh-de-ban-quan-bac-tu-liem-ha-noi/110880363.htm
1458,https://www.chotot.com/mua-ban-may-tinh-de-ban-huyen-hoang-hoa-thanh-hoa/110880336.htm
1459,https://www.chotot.com/mua-ban-may-tinh-de-ban-quan-12-tp-ho-chi-minh/110880039.htm
1460,https://www.chotot.com/mua-ban-may-tinh-de-ban-quan-tan-phu-tp-ho-chi-minh/106725268.htm
1461,https://www.chotot.com/mua-ban-may-tinh-de-ban-quan-bac-tu-liem-ha-noi/110879937.htm
1462,https://www.chotot.com/mua-ban-may-tinh-de-ban-thanh-pho-thu-duc-tp-ho-chi-minh/110879810.htm
1463,https://www.chotot.com/mua-ban-may-tinh-de-ban-quan-10-tp-ho-chi-minh/110879555.htm
1464,https://www.chotot.com/mua-ban-may-tinh-de-ban-quan-tan-phu-tp-ho-chi-minh/110878285.htm
1465,https://www.chotot.com/mua-ban-may-tinh-de-ban-quan-hai-ba-trung-ha-noi/110877927.htm
1466,https://www.chotot.com/mua-ban-may-tinh-de-ban-quan-ha-dong-ha-noi/110877785.htm
1467,https://www.chotot.com/mua-ban-may-tinh-de-ban-quan-hoang-mai-ha-noi/110877590.htm
1468,https://www.chotot.com/mua-ban-may-tinh-de-ban-thanh-pho-thu-duc-tp-ho-chi-minh/110877546.htm
1469,https://www.chotot.com/mua-ban-may-tinh-de-ban-quan-cau-giay-ha-noi/110877489.htm
1470,https://www.chotot.com/mua-ban-may-tinh-de-ban-quan-tan-phu-tp-ho-chi-minh/110877357.htm
1471,https://www.chotot.com/mua-ban-may-tinh-de-ban-quan-phu-nhuan-tp-ho-chi-minh/109431871.htm
1472,https://www.chotot.com/mua-ban-may-tinh-de-ban-quan-12-tp-ho-chi-minh/110877109.htm
1473,https://www.chotot.com/mua-ban-may-tinh-de-ban-thanh-pho-bien-hoa-dong-nai/110416335.htm
1474,https://www.chotot.com/mua-ban-may-tinh-de-ban-quan-go-vap-tp-ho-chi-minh/109074248.htm
1475,https://www.chotot.com/mua-ban-may-tinh-de-ban-quan-go-vap-tp-ho-chi-minh/110876649.htm
1476,https://www.chotot.com/mua-ban-may-tinh-de-ban-quan-binh-tan-tp-ho-chi-minh/110876422.htm
1477,https://www.chotot.com/mua-ban-may-tinh-de-ban-thanh-pho-thu-duc-tp-ho-chi-minh/110876379.htm
1478,https://www.chotot.com/mua-ban-may-tinh-de-ban-quan-10-tp-ho-chi-minh/110876343.htm
1479,https://www.chotot.com/mua-ban-may-tinh-de-ban-thanh-pho-chau-doc-an-giang/110876329.htm
1480,https://www.chotot.com/mua-ban-may-tinh-de-ban-huyen-cu-m-gar-dak-lak/110876328.htm
1481,https://www.chotot.com/mua-ban-may-tinh-de-ban-quan-binh-tan-tp-ho-chi-minh/110876213.htm
1482,https://www.chotot.com/mua-ban-may-tinh-de-ban-huyen-cu-m-gar-dak-lak/110876206.htm
1483,https://www.chotot.com/mua-ban-may-tinh-de-ban-quan-7-tp-ho-chi-minh/110875740.htm
1484,https://www.chotot.com/mua-ban-may-tinh-de-ban-quan-go-vap-tp-ho-chi-minh/110875638.htm
1485,https://www.chotot.com/mua-ban-may-tinh-de-ban-thanh-pho-thu-duc-tp-ho-chi-minh/110875511.htm
1486,https://www.chotot.com/mua-ban-may-tinh-de-ban-thanh-pho-thu-dau-mot-binh-duong/110766875.htm
1487,https://www.chotot.com/mua-ban-may-tinh-de-ban-quan-7-tp-ho-chi-minh/110875394.htm
1488,https://www.chotot.com/mua-ban-may-tinh-de-ban-huyen-thang-binh-quang-nam/110875192.htm
1489,https://www.chotot.com/mua-ban-may-tinh-de-ban-quan-nam-tu-liem-ha-noi/110875127.htm
1490,https://www.chotot.com/mua-ban-may-tinh-de-ban-thanh-pho-thu-dau-mot-binh-duong/110875122.htm
1491,https://www.chotot.com/mua-ban-may-tinh-de-ban-thanh-pho-thuan-an-binh-duong/110874946.htm
1492,https://www.chotot.com/mua-ban-may-tinh-de-ban-thanh-pho-thu-duc-tp-ho-chi-minh/110874915.htm
1493,https://www.chotot.com/mua-ban-may-tinh-de-ban-quan-binh-tan-tp-ho-chi-minh/110874787.htm
1494,https://www.chotot.com/mua-ban-may-tinh-de-ban-thi-xa-tan-uyen-binh-duong/110874720.htm
1495,https://www.chotot.com/mua-ban-may-tinh-de-ban-huyen-cu-chi-tp-ho-chi-minh/110874379.htm
1496,https://www.chotot.com/mua-ban-may-tinh-de-ban-quan-tan-binh-tp-ho-chi-minh/110874258.htm
1497,https://www.chotot.com/mua-ban-may-tinh-de-ban-quan-1-tp-ho-chi-minh/110874255.htm
1498,https://www.chotot.com/mua-ban-may-tinh-de-ban-huyen-tra-on-vinh-long/105049753.htm
1499,https://www.chotot.com/mua-ban-may-tinh-de-ban-quan-thanh-xuan-ha-noi/110873986.htm
1500,https://www.chotot.com/mua-ban-may-tinh-de-ban-thi-xa-tu-son-bac-ninh/110873890.htm
1501,https://www.chotot.com/mua-ban-may-tinh-de-ban-huyen-thanh-tri-ha-noi/110873552.htm
1502,https://www.chotot.com/mua-ban-may-tinh-de-ban-thanh-pho-ben-tre-ben-tre/110873536.htm
1503,https://www.chotot.com/mua-ban-may-tinh-de-ban-quan-ninh-kieu-can-tho/109979882.htm
1504,https://www.chotot.com/mua-ban-may-tinh-de-ban-thanh-pho-buon-ma-thuot-dak-lak/110873118.htm
1505,https://www.chotot.com/mua-ban-may-tinh-de-ban-quan-tan-phu-tp-ho-chi-minh/110873077.htm
1506,https://www.chotot.com/mua-ban-may-tinh-de-ban-thanh-pho-thu-duc-tp-ho-chi-minh/110872949.htm
1507,https://www.chotot.com/mua-ban-may-tinh-de-ban-quan-ha-dong-ha-noi/110872462.htm
1508,https://www.chotot.com/mua-ban-may-tinh-de-ban-quan-tan-phu-tp-ho-chi-minh/106795840.htm
1509,https://www.chotot.com/mua-ban-may-tinh-de-ban-quan-dong-da-ha-noi/110708981.htm
1510,https://www.chotot.com/mua-ban-may-tinh-de-ban-huyen-dong-anh-ha-noi/110872111.htm
1511,https://www.chotot.com/mua-ban-may-tinh-de-ban-quan-4-tp-ho-chi-minh/110871772.htm
1512,https://www.chotot.com/mua-ban-may-tinh-de-ban-thi-xa-pho-yen-thai-nguyen/110871725.htm
1513,https://www.chotot.com/mua-ban-may-tinh-de-ban-quan-cau-giay-ha-noi/110218821.htm
1514,https://www.chotot.com/mua-ban-may-tinh-de-ban-quan-hoang-mai-ha-noi/110871511.htm
1515,https://www.chotot.com/mua-ban-may-tinh-de-ban-quan-hai-ba-trung-ha-noi/110871348.htm
1516,https://www.chotot.com/mua-ban-may-tinh-de-ban-huyen-binh-chanh-tp-ho-chi-minh/110871128.htm
1517,https://www.chotot.com/mua-ban-may-tinh-de-ban-quan-tay-ho-ha-noi/110871086.htm
1518,https://www.chotot.com/mua-ban-may-tinh-de-ban-huyen-chu-se-gia-lai/110871041.htm
1519,https://www.chotot.com/mua-ban-may-tinh-de-ban-thanh-pho-thu-duc-tp-ho-chi-minh/110870941.htm
1520,https://www.chotot.com/mua-ban-may-tinh-de-ban-thanh-pho-thu-duc-tp-ho-chi-minh/110847048.htm
1521,https://www.chotot.com/mua-ban-may-tinh-de-ban-quan-7-tp-ho-chi-minh/110870414.htm
1522,https://www.chotot.com/mua-ban-may-tinh-de-ban-quan-6-tp-ho-chi-minh/110851281.htm
1523,https://www.chotot.com/mua-ban-may-tinh-de-ban-quan-go-vap-tp-ho-chi-minh/110870189.htm
1524,https://www.chotot.com/mua-ban-may-tinh-de-ban-huyen-cu-kuin-dak-lak/110870182.htm
1525,https://www.chotot.com/mua-ban-may-tinh-de-ban-quan-go-vap-tp-ho-chi-minh/110648542.htm
1526,https://www.chotot.com/mua-ban-may-tinh-de-ban-thanh-pho-ninh-binh-ninh-binh/110869910.htm
1527,https://www.chotot.com/mua-ban-may-tinh-de-ban-quan-go-vap-tp-ho-chi-minh/110869598.htm
1528,https://www.chotot.com/mua-ban-may-tinh-de-ban-quan-hai-ba-trung-ha-noi/110869427.htm
1529,https://www.chotot.com/mua-ban-may-tinh-de-ban-huyen-gia-lam-ha-noi/110869182.htm
1530,https://www.chotot.com/mua-ban-may-tinh-de-ban-thanh-pho-bien-hoa-dong-nai/110868927.htm
1531,https://www.chotot.com/mua-ban-may-tinh-de-ban-thanh-pho-bien-hoa-dong-nai/110868770.htm
1532,https://www.chotot.com/mua-ban-may-tinh-de-ban-huyen-cu-chi-tp-ho-chi-minh/110868510.htm
1533,https://www.chotot.com/mua-ban-may-tinh-de-ban-thanh-pho-bien-hoa-dong-nai/110634541.htm
1534,https://www.chotot.com/mua-ban-may-tinh-de-ban-huyen-my-xuyen-soc-trang/110868179.htm
1535,https://www.chotot.com/mua-ban-may-tinh-de-ban-quan-10-tp-ho-chi-minh/110868058.htm
1536,https://www.chotot.com/mua-ban-may-tinh-de-ban-quan-10-tp-ho-chi-minh/110867946.htm
1537,https://www.chotot.com/mua-ban-may-tinh-de-ban-quan-hoang-mai-ha-noi/110652291.htm#px=SR-special_display_ad-[PO-8][PL-default]
1538,https://www.chotot.com/mua-ban-may-tinh-de-ban-thanh-pho-bien-hoa-dong-nai/110605082.htm
1539,https://www.chotot.com/mua-ban-may-tinh-de-ban-quan-tan-binh-tp-ho-chi-minh/110771384.htm
1540,https://www.chotot.com/mua-ban-may-tinh-de-ban-huyen-tan-yen-bac-giang/110867467.htm
1541,https://www.chotot.com/mua-ban-may-tinh-de-ban-thanh-pho-bien-hoa-dong-nai/110867454.htm
1542,https://www.chotot.com/mua-ban-may-tinh-de-ban-quan-hoang-mai-ha-noi/110864424.htm
1543,https://www.chotot.com/mua-ban-may-tinh-de-ban-quan-go-vap-tp-ho-chi-minh/106455917.htm
1544,https://www.chotot.com/mua-ban-may-tinh-de-ban-thanh-pho-thuan-an-binh-duong/110867014.htm
1545,https://www.chotot.com/mua-ban-may-tinh-de-ban-quan-ha-dong-ha-noi/110866868.htm
1546,https://www.chotot.com/mua-ban-may-tinh-de-ban-quan-hoang-mai-ha-noi/109800651.htm
1547,https://www.chotot.com/mua-ban-may-tinh-de-ban-quan-hai-chau-da-nang/110866706.htm
1548,https://www.chotot.com/mua-ban-may-tinh-de-ban-quan-ha-dong-ha-noi/110866595.htm
1549,https://www.chotot.com/mua-ban-may-tinh-de-ban-quan-hai-chau-da-nang/110866596.htm
1550,https://www.chotot.com/mua-ban-may-tinh-de-ban-quan-hai-chau-da-nang/110866482.htm
1551,https://www.chotot.com/mua-ban-may-tinh-de-ban-quan-hoang-mai-ha-noi/110864516.htm
1552,https://www.chotot.com/mua-ban-may-tinh-de-ban-quan-tan-phu-tp-ho-chi-minh/110866076.htm
1553,https://www.chotot.com/mua-ban-may-tinh-de-ban-quan-cam-le-da-nang/110866072.htm
1554,https://www.chotot.com/mua-ban-may-tinh-de-ban-quan-tan-binh-tp-ho-chi-minh/110755956.htm
1555,https://www.chotot.com/mua-ban-may-tinh-de-ban-quan-hai-ba-trung-ha-noi/108856844.htm
1556,https://www.chotot.com/mua-ban-may-tinh-de-ban-quan-tan-phu-tp-ho-chi-minh/110865550.htm
1557,https://www.chotot.com/mua-ban-may-tinh-de-ban-quan-lien-chieu-da-nang/110865292.htm
1558,https://www.chotot.com/mua-ban-may-tinh-de-ban-quan-ninh-kieu-can-tho/110865151.htm
1559,https://www.chotot.com/mua-ban-may-tinh-de-ban-quan-ba-dinh-ha-noi/110865126.htm
1560,https://www.chotot.com/mua-ban-may-tinh-de-ban-quan-tan-binh-tp-ho-chi-minh/110865039.htm
1561,https://www.chotot.com/mua-ban-may-tinh-de-ban-quan-bac-tu-liem-ha-noi/110865015.htm
1562,https://www.chotot.com/mua-ban-may-tinh-de-ban-quan-hai-ba-trung-ha-noi/110864872.htm
1563,https://www.chotot.com/mua-ban-may-tinh-de-ban-quan-12-tp-ho-chi-minh/110864702.htm
1564,https://www.chotot.com/mua-ban-may-tinh-de-ban-quan-binh-tan-tp-ho-chi-minh/110863640.htm
1565,https://www.chotot.com/mua-ban-may-tinh-de-ban-huyen-hung-nguyen-nghe-an/110863547.htm
1566,https://www.chotot.com/mua-ban-may-tinh-de-ban-quan-binh-tan-tp-ho-chi-minh/110781968.htm
1567,https://www.chotot.com/mua-ban-may-tinh-de-ban-huyen-phu-giao-binh-duong/110863462.htm
1568,https://www.chotot.com/mua-ban-may-tinh-de-ban-quan-binh-tan-tp-ho-chi-minh/110794387.htm
1569,https://www.chotot.com/mua-ban-may-tinh-de-ban-quan-binh-thanh-tp-ho-chi-minh/109098216.htm
1570,https://www.chotot.com/mua-ban-may-tinh-de-ban-quan-8-tp-ho-chi-minh/110862865.htm
1571,https://www.chotot.com/mua-ban-may-tinh-de-ban-quan-binh-tan-tp-ho-chi-minh/110862442.htm
1572,https://www.chotot.com/mua-ban-may-tinh-de-ban-huyen-ba-thuoc-thanh-hoa/110862379.htm
1573,https://www.chotot.com/mua-ban-may-tinh-de-ban-huyen-cao-lanh-dong-thap/110862307.htm
1574,https://www.chotot.com/mua-ban-may-tinh-de-ban-huyen-nha-be-tp-ho-chi-minh/110862212.htm
1575,https://www.chotot.com/mua-ban-may-tinh-de-ban-thi-xa-tan-uyen-binh-duong/110862120.htm
1576,https://www.chotot.com/mua-ban-may-tinh-de-ban-quan-thanh-xuan-ha-noi/110862110.htm
1577,https://www.chotot.com/mua-ban-may-tinh-de-ban-thanh-pho-thu-duc-tp-ho-chi-minh/110861832.htm
1578,https://www.chotot.com/mua-ban-may-tinh-de-ban-huyen-cu-chi-tp-ho-chi-minh/110861609.htm
1579,https://www.chotot.com/mua-ban-may-tinh-de-ban-quan-hai-chau-da-nang/110861443.htm
1580,https://www.chotot.com/mua-ban-may-tinh-de-ban-thanh-pho-thu-dau-mot-binh-duong/110861226.htm
1581,https://www.chotot.com/mua-ban-may-tinh-de-ban-quan-5-tp-ho-chi-minh/110861096.htm
1582,https://www.chotot.com/mua-ban-may-tinh-de-ban-quan-tan-binh-tp-ho-chi-minh/110861043.htm
1583,https://www.chotot.com/mua-ban-may-tinh-de-ban-quan-thanh-xuan-ha-noi/110861008.htm
1584,https://www.chotot.com/mua-ban-may-tinh-de-ban-quan-cau-giay-ha-noi/110860540.htm
1585,https://www.chotot.com/mua-ban-may-tinh-de-ban-quan-5-tp-ho-chi-minh/110860339.htm
1586,https://www.chotot.com/mua-ban-may-tinh-de-ban-quan-bac-tu-liem-ha-noi/110860141.htm
1587,https://www.chotot.com/mua-ban-may-tinh-de-ban-quan-bac-tu-liem-ha-noi/110860127.htm
1588,https://www.chotot.com/mua-ban-may-tinh-de-ban-quan-ba-dinh-ha-noi/109059002.htm
1589,https://www.chotot.com/mua-ban-may-tinh-de-ban-quan-7-tp-ho-chi-minh/110859906.htm
1590,https://www.chotot.com/mua-ban-may-tinh-de-ban-huyen-can-giuoc-long-an/110859897.htm
1591,https://www.chotot.com/mua-ban-may-tinh-de-ban-quan-bac-tu-liem-ha-noi/110859678.htm
1592,https://www.chotot.com/mua-ban-may-tinh-de-ban-quan-tan-phu-tp-ho-chi-minh/110859604.htm
1593,https://www.chotot.com/mua-ban-may-tinh-de-ban-quan-go-vap-tp-ho-chi-minh/107884765.htm
1594,https://www.chotot.com/mua-ban-may-tinh-de-ban-quan-tay-ho-ha-noi/110858424.htm
1595,https://www.chotot.com/mua-ban-may-tinh-de-ban-quan-binh-tan-tp-ho-chi-minh/109173400.htm
1596,https://www.chotot.com/mua-ban-may-tinh-de-ban-thanh-pho-thu-duc-tp-ho-chi-minh/110789928.htm
1597,https://www.chotot.com/mua-ban-may-tinh-de-ban-quan-thanh-khe-da-nang/110858061.htm
1598,https://www.chotot.com/mua-ban-may-tinh-de-ban-quan-cau-giay-ha-noi/110858012.htm
1599,https://www.chotot.com/mua-ban-may-tinh-de-ban-quan-hai-chau-da-nang/110857833.htm
1600,https://www.chotot.com/mua-ban-may-tinh-de-ban-huyen-hoa-thanh-tay-ninh/110857774.htm
1601,https://www.chotot.com/mua-ban-may-tinh-de-ban-quan-ninh-kieu-can-tho/110857683.htm
1602,https://www.chotot.com/mua-ban-may-tinh-de-ban-quan-binh-thanh-tp-ho-chi-minh/110857561.htm
1603,https://www.chotot.com/mua-ban-may-tinh-de-ban-huyen-chon-thanh-binh-phuoc/110857045.htm
1604,https://www.chotot.com/mua-ban-may-tinh-de-ban-quan-phu-nhuan-tp-ho-chi-minh/110123747.htm
1605,https://www.chotot.com/mua-ban-may-tinh-de-ban-quan-hoang-mai-ha-noi/110856786.htm
1606,https://www.chotot.com/mua-ban-may-tinh-de-ban-quan-hong-bang-hai-phong/110856510.htm
1607,https://www.chotot.com/mua-ban-may-tinh-de-ban-huyen-hoa-thanh-tay-ninh/108300557.htm
1608,https://www.chotot.com/mua-ban-may-tinh-de-ban-quan-12-tp-ho-chi-minh/110855742.htm
1609,https://www.chotot.com/mua-ban-may-tinh-de-ban-quan-thanh-khe-da-nang/110855586.htm
1610,https://www.chotot.com/mua-ban-may-tinh-de-ban-quan-thanh-khe-da-nang/110855586.htm
1611,https://www.chotot.com/mua-ban-may-tinh-de-ban-huyen-yen-phong-bac-ninh/110855534.htm
1612,https://www.chotot.com/mua-ban-may-tinh-de-ban-thanh-pho-thu-duc-tp-ho-chi-minh/110602941.htm
1613,https://www.chotot.com/mua-ban-may-tinh-de-ban-quan-bac-tu-liem-ha-noi/110855398.htm
1614,https://www.chotot.com/mua-ban-may-tinh-de-ban-quan-6-tp-ho-chi-minh/110855221.htm
1615,https://www.chotot.com/mua-ban-may-tinh-de-ban-quan-hai-chau-da-nang/110855136.htm
1616,https://www.chotot.com/mua-ban-may-tinh-de-ban-thanh-pho-buon-ma-thuot-dak-lak/110854647.htm
1617,https://www.chotot.com/mua-ban-may-tinh-de-ban-thanh-pho-bien-hoa-dong-nai/110854622.htm
1618,https://www.chotot.com/mua-ban-may-tinh-de-ban-thanh-pho-tuy-hoa-phu-yen/110854582.htm
1619,https://www.chotot.com/mua-ban-may-tinh-de-ban-quan-binh-thanh-tp-ho-chi-minh/110854351.htm
1620,https://www.chotot.com/mua-ban-may-tinh-de-ban-thanh-pho-di-an-binh-duong/109357449.htm
1621,https://www.chotot.com/mua-ban-may-tinh-de-ban-quan-6-tp-ho-chi-minh/110853709.htm
1622,https://www.chotot.com/mua-ban-may-tinh-de-ban-quan-12-tp-ho-chi-minh/110853702.htm
1623,https://www.chotot.com/mua-ban-may-tinh-de-ban-thi-xa-phu-my-ba-ria-vung-tau/110737043.htm
1624,https://www.chotot.com/mua-ban-may-tinh-de-ban-thanh-pho-buon-ma-thuot-dak-lak/110853653.htm
1625,https://www.chotot.com/mua-ban-may-tinh-de-ban-quan-1-tp-ho-chi-minh/110853553.htm
1626,https://www.chotot.com/mua-ban-may-tinh-de-ban-quan-bac-tu-liem-ha-noi/110853310.htm
1627,https://www.chotot.com/mua-ban-may-tinh-de-ban-quan-cau-giay-ha-noi/110853186.htm
1628,https://www.chotot.com/mua-ban-may-tinh-de-ban-thanh-pho-buon-ma-thuot-dak-lak/110853012.htm
1629,https://www.chotot.com/mua-ban-may-tinh-de-ban-huyen-cu-chi-tp-ho-chi-minh/110852627.htm
1630,https://www.chotot.com/mua-ban-may-tinh-de-ban-quan-tan-phu-tp-ho-chi-minh/110852281.htm
1631,https://www.chotot.com/mua-ban-may-tinh-de-ban-quan-6-tp-ho-chi-minh/110852273.htm
1632,https://www.chotot.com/mua-ban-may-tinh-de-ban-quan-8-tp-ho-chi-minh/110851581.htm
1633,https://www.chotot.com/mua-ban-may-tinh-de-ban-quan-go-vap-tp-ho-chi-minh/110850671.htm
1634,https://www.chotot.com/mua-ban-may-tinh-de-ban-quan-go-vap-tp-ho-chi-minh/109894622.htm
1635,https://www.chotot.com/mua-ban-may-tinh-de-ban-quan-nam-tu-liem-ha-noi/110850157.htm
1636,https://www.chotot.com/mua-ban-may-tinh-de-ban-quan-tan-phu-tp-ho-chi-minh/110850000.htm
1637,https://www.chotot.com/mua-ban-may-tinh-de-ban-quan-phu-nhuan-tp-ho-chi-minh/110849927.htm
1638,https://www.chotot.com/mua-ban-may-tinh-de-ban-thi-xa-go-cong-tien-giang/110822467.htm
1639,https://www.chotot.com/mua-ban-may-tinh-de-ban-quan-tan-binh-tp-ho-chi-minh/110849857.htm
1640,https://www.chotot.com/mua-ban-may-tinh-de-ban-thanh-pho-phan-thiet-binh-thuan/110849769.htm
1641,https://www.chotot.com/mua-ban-may-tinh-de-ban-huyen-binh-xuyen-vinh-phuc/110849710.htm
1642,https://www.chotot.com/mua-ban-may-tinh-de-ban-quan-8-tp-ho-chi-minh/110849119.htm
1643,https://www.chotot.com/mua-ban-may-tinh-de-ban-thanh-pho-phan-thiet-binh-thuan/110849073.htm
1644,https://www.chotot.com/mua-ban-may-tinh-de-ban-quan-thanh-khe-da-nang/110848962.htm
1645,https://www.chotot.com/mua-ban-may-tinh-de-ban-quan-go-vap-tp-ho-chi-minh/110848833.htm
1646,https://www.chotot.com/mua-ban-may-tinh-de-ban-quan-go-vap-tp-ho-chi-minh/110848690.htm
1647,https://www.chotot.com/mua-ban-may-tinh-de-ban-quan-11-tp-ho-chi-minh/110848423.htm
1648,https://www.chotot.com/mua-ban-may-tinh-de-ban-quan-go-vap-tp-ho-chi-minh/110848338.htm
1649,https://www.chotot.com/mua-ban-may-tinh-de-ban-thanh-pho-phan-thiet-binh-thuan/110848118.htm
1650,https://www.chotot.com/mua-ban-may-tinh-de-ban-thanh-pho-phan-thiet-binh-thuan/110848118.htm
1651,https://www.chotot.com/mua-ban-may-tinh-de-ban-huyen-tien-hai-thai-binh/110848096.htm
1652,https://www.chotot.com/mua-ban-may-tinh-de-ban-quan-thanh-khe-da-nang/110300761.htm
1653,https://www.chotot.com/mua-ban-may-tinh-de-ban-thanh-pho-thuan-an-binh-duong/110847502.htm
1654,https://www.chotot.com/mua-ban-may-tinh-de-ban-huyen-thanh-tri-ha-noi/110847415.htm
1655,https://www.chotot.com/mua-ban-may-tinh-de-ban-thanh-pho-phan-thiet-binh-thuan/110847405.htm
1656,https://www.chotot.com/mua-ban-may-tinh-de-ban-quan-dong-da-ha-noi/110847327.htm
1657,https://www.chotot.com/mua-ban-may-tinh-de-ban-thanh-pho-thu-duc-tp-ho-chi-minh/110847293.htm
1658,https://www.chotot.com/mua-ban-may-tinh-de-ban-thanh-pho-phan-thiet-binh-thuan/110847282.htm
1659,https://www.chotot.com/mua-ban-may-tinh-de-ban-thanh-pho-phan-thiet-binh-thuan/110847215.htm
1660,https://www.chotot.com/mua-ban-may-tinh-de-ban-quan-go-vap-tp-ho-chi-minh/110847090.htm
1661,https://www.chotot.com/mua-ban-may-tinh-de-ban-quan-11-tp-ho-chi-minh/110846982.htm
1662,https://www.chotot.com/mua-ban-may-tinh-de-ban-thanh-pho-thu-duc-tp-ho-chi-minh/110846939.htm
1663,https://www.chotot.com/mua-ban-may-tinh-de-ban-huyen-tuy-phong-binh-thuan/110846904.htm
1664,https://www.chotot.com/mua-ban-may-tinh-de-ban-huyen-hoc-mon-tp-ho-chi-minh/110846843.htm
1665,https://www.chotot.com/mua-ban-may-tinh-de-ban-thanh-pho-phan-thiet-binh-thuan/110846777.htm
1666,https://www.chotot.com/mua-ban-may-tinh-de-ban-quan-12-tp-ho-chi-minh/106174792.htm
1667,https://www.chotot.com/mua-ban-may-tinh-de-ban-quan-long-bien-ha-noi/110846264.htm
1668,https://www.chotot.com/mua-ban-may-tinh-de-ban-quan-binh-tan-tp-ho-chi-minh/110846263.htm
1669,https://www.chotot.com/mua-ban-may-tinh-de-ban-quan-12-tp-ho-chi-minh/108271222.htm
1670,https://www.chotot.com/mua-ban-may-tinh-de-ban-thanh-pho-phan-thiet-binh-thuan/110846092.htm
1671,https://www.chotot.com/mua-ban-may-tinh-de-ban-quan-tan-phu-tp-ho-chi-minh/107696364.htm
1672,https://www.chotot.com/mua-ban-may-tinh-de-ban-thanh-pho-thuan-an-binh-duong/110845805.htm
1673,https://www.chotot.com/mua-ban-may-tinh-de-ban-quan-12-tp-ho-chi-minh/110266473.htm
1674,https://www.chotot.com/mua-ban-may-tinh-de-ban-thanh-pho-rach-gia-kien-giang/110845584.htm
1675,https://www.chotot.com/mua-ban-may-tinh-de-ban-quan-tan-binh-tp-ho-chi-minh/107341851.htm
1676,https://www.chotot.com/mua-ban-may-tinh-de-ban-quan-12-tp-ho-chi-minh/110522106.htm
1677,https://www.chotot.com/mua-ban-may-tinh-de-ban-quan-binh-tan-tp-ho-chi-minh/110845204.htm
1678,https://www.chotot.com/mua-ban-may-tinh-de-ban-thanh-pho-hue-thua-thien-hue/110845076.htm
1679,https://www.chotot.com/mua-ban-may-tinh-de-ban-quan-tan-phu-tp-ho-chi-minh/110845048.htm
1680,https://www.chotot.com/mua-ban-may-tinh-de-ban-quan-12-tp-ho-chi-minh/110526442.htm
1681,https://www.chotot.com/mua-ban-may-tinh-de-ban-quan-tan-phu-tp-ho-chi-minh/110844855.htm
1682,https://www.chotot.com/mua-ban-may-tinh-de-ban-thanh-pho-di-an-binh-duong/110844662.htm
1683,https://www.chotot.com/mua-ban-may-tinh-de-ban-quan-thanh-khe-da-nang/110844648.htm
1684,https://www.chotot.com/mua-ban-may-tinh-de-ban-quan-12-tp-ho-chi-minh/105853812.htm
1685,https://www.chotot.com/mua-ban-may-tinh-de-ban-thanh-pho-vinh-long-vinh-long/110612659.htm
1686,https://www.chotot.com/mua-ban-may-tinh-de-ban-huyen-hoc-mon-tp-ho-chi-minh/110818919.htm
1687,https://www.chotot.com/mua-ban-may-tinh-de-ban-quan-3-tp-ho-chi-minh/110844267.htm
1688,https://www.chotot.com/mua-ban-may-tinh-de-ban-quan-12-tp-ho-chi-minh/110522299.htm
1689,https://www.chotot.com/mua-ban-may-tinh-de-ban-quan-binh-tan-tp-ho-chi-minh/110844032.htm
1690,https://www.chotot.com/mua-ban-may-tinh-de-ban-thanh-pho-bien-hoa-dong-nai/110843883.htm
1691,https://www.chotot.com/mua-ban-may-tinh-de-ban-quan-go-vap-tp-ho-chi-minh/110843668.htm
1692,https://www.chotot.com/mua-ban-may-tinh-de-ban-quan-7-tp-ho-chi-minh/110843592.htm
1693,https://www.chotot.com/mua-ban-may-tinh-de-ban-quan-12-tp-ho-chi-minh/105733137.htm
1694,https://www.chotot.com/mua-ban-may-tinh-de-ban-quan-12-tp-ho-chi-minh/110843413.htm
1695,https://www.chotot.com/mua-ban-may-tinh-de-ban-huyen-kim-bang-ha-nam/110843051.htm
1696,https://www.chotot.com/mua-ban-may-tinh-de-ban-huyen-quynh-luu-nghe-an/110842978.htm
1697,https://www.chotot.com/mua-ban-may-tinh-de-ban-quan-ninh-kieu-can-tho/110842929.htm
1698,https://www.chotot.com/mua-ban-may-tinh-de-ban-quan-12-tp-ho-chi-minh/105889849.htm
1699,https://www.chotot.com/mua-ban-may-tinh-de-ban-thanh-pho-thuan-an-binh-duong/110842530.htm
1700,https://www.chotot.com/mua-ban-may-tinh-de-ban-quan-tan-phu-tp-ho-chi-minh/102676351.htm
1701,https://www.chotot.com/mua-ban-may-tinh-de-ban-quan-12-tp-ho-chi-minh/110532244.htm
1702,https://www.chotot.com/mua-ban-may-tinh-de-ban-quan-tan-phu-tp-ho-chi-minh/105522026.htm
1703,https://www.chotot.com/mua-ban-may-tinh-de-ban-quan-tan-phu-tp-ho-chi-minh/103298460.htm
1704,https://www.chotot.com/mua-ban-may-tinh-de-ban-quan-go-vap-tp-ho-chi-minh/110841710.htm
1705,https://www.chotot.com/mua-ban-may-tinh-de-ban-quan-12-tp-ho-chi-minh/110841446.htm
1706,https://www.chotot.com/mua-ban-may-tinh-de-ban-quan-12-tp-ho-chi-minh/106690451.htm
1707,https://www.chotot.com/mua-ban-may-tinh-de-ban-quan-hai-chau-da-nang/110841340.htm
1708,https://www.chotot.com/mua-ban-may-tinh-de-ban-thanh-pho-buon-ma-thuot-dak-lak/108085210.htm
1709,https://www.chotot.com/mua-ban-may-tinh-de-ban-quan-12-tp-ho-chi-minh/108271530.htm
1710,https://www.chotot.com/mua-ban-may-tinh-de-ban-thanh-pho-buon-ma-thuot-dak-lak/104437663.htm
1711,https://www.chotot.com/mua-ban-may-tinh-de-ban-quan-go-vap-tp-ho-chi-minh/110801645.htm
1712,https://www.chotot.com/mua-ban-may-tinh-de-ban-thanh-pho-thu-duc-tp-ho-chi-minh/110840240.htm
1713,https://www.chotot.com/mua-ban-may-tinh-de-ban-huyen-duong-minh-chau-tay-ninh/110840233.htm
1714,https://www.chotot.com/mua-ban-may-tinh-de-ban-thanh-pho-di-an-binh-duong/110840159.htm
1715,https://www.chotot.com/mua-ban-may-tinh-de-ban-quan-12-tp-ho-chi-minh/106174232.htm
1716,https://www.chotot.com/mua-ban-may-tinh-de-ban-quan-binh-tan-tp-ho-chi-minh/110839989.htm
1717,https://www.chotot.com/mua-ban-may-tinh-de-ban-thanh-pho-buon-ma-thuot-dak-lak/106418778.htm
1718,https://www.chotot.com/mua-ban-may-tinh-de-ban-huyen-duong-minh-chau-tay-ninh/110839677.htm
1719,https://www.chotot.com/mua-ban-may-tinh-de-ban-quan-go-vap-tp-ho-chi-minh/110441902.htm
1720,https://www.chotot.com/mua-ban-may-tinh-de-ban-quan-tan-phu-tp-ho-chi-minh/110839407.htm
1721,https://www.chotot.com/mua-ban-may-tinh-de-ban-quan-go-vap-tp-ho-chi-minh/110839219.htm
1722,https://www.chotot.com/mua-ban-may-tinh-de-ban-quan-go-vap-tp-ho-chi-minh/110839200.htm
1723,https://www.chotot.com/mua-ban-may-tinh-de-ban-quan-6-tp-ho-chi-minh/110839153.htm
1724,https://www.chotot.com/mua-ban-may-tinh-de-ban-thi-xa-hoang-mai-nghe-an/110839054.htm
1725,https://www.chotot.com/mua-ban-may-tinh-de-ban-quan-tan-phu-tp-ho-chi-minh/110838897.htm
1726,https://www.chotot.com/mua-ban-may-tinh-de-ban-thanh-pho-thanh-hoa-thanh-hoa/110838816.htm
1727,https://www.chotot.com/mua-ban-may-tinh-de-ban-quan-10-tp-ho-chi-minh/109151589.htm
1728,https://www.chotot.com/mua-ban-may-tinh-de-ban-quan-10-tp-ho-chi-minh/108859089.htm
1729,https://www.chotot.com/mua-ban-may-tinh-de-ban-quan-10-tp-ho-chi-minh/108455118.htm
1730,https://www.chotot.com/mua-ban-may-tinh-de-ban-quan-10-tp-ho-chi-minh/108344838.htm
1731,https://www.chotot.com/mua-ban-may-tinh-de-ban-huyen-hoc-mon-tp-ho-chi-minh/110838687.htm
1732,https://www.chotot.com/mua-ban-may-tinh-de-ban-thanh-pho-bac-lieu-bac-lieu/110838652.htm
1733,https://www.chotot.com/mua-ban-may-tinh-de-ban-quan-nam-tu-liem-ha-noi/110838525.htm
1734,https://www.chotot.com/mua-ban-may-tinh-de-ban-quan-go-vap-tp-ho-chi-minh/110464009.htm
1735,https://www.chotot.com/mua-ban-may-tinh-de-ban-quan-go-vap-tp-ho-chi-minh/110838427.htm
1736,https://www.chotot.com/mua-ban-may-tinh-de-ban-quan-long-bien-ha-noi/110376033.htm
1737,https://www.chotot.com/mua-ban-may-tinh-de-ban-quan-3-tp-ho-chi-minh/110838319.htm
1738,https://www.chotot.com/mua-ban-may-tinh-de-ban-huyen-binh-chanh-tp-ho-chi-minh/110837768.htm
1739,https://www.chotot.com/mua-ban-may-tinh-de-ban-thi-xa-tan-uyen-binh-duong/110837693.htm
1740,https://www.chotot.com/mua-ban-may-tinh-de-ban-quan-12-tp-ho-chi-minh/110837470.htm
1741,https://www.chotot.com/mua-ban-may-tinh-de-ban-quan-son-tra-da-nang/110837335.htm
1742,https://www.chotot.com/mua-ban-may-tinh-de-ban-thanh-pho-thu-duc-tp-ho-chi-minh/110837329.htm
1743,https://www.chotot.com/mua-ban-may-tinh-de-ban-huyen-chau-duc-ba-ria-vung-tau/110837317.htm
1744,https://www.chotot.com/mua-ban-may-tinh-de-ban-quan-go-vap-tp-ho-chi-minh/107054073.htm
1745,https://www.chotot.com/mua-ban-may-tinh-de-ban-quan-8-tp-ho-chi-minh/110837122.htm
1746,https://www.chotot.com/mua-ban-may-tinh-de-ban-quan-go-vap-tp-ho-chi-minh/106763149.htm
1747,https://www.chotot.com/mua-ban-may-tinh-de-ban-quan-tay-ho-ha-noi/110836987.htm
1748,https://www.chotot.com/mua-ban-may-tinh-de-ban-thanh-pho-thu-duc-tp-ho-chi-minh/110836953.htm
1749,https://www.chotot.com/mua-ban-may-tinh-de-ban-quan-tan-phu-tp-ho-chi-minh/110836762.htm
1750,https://www.chotot.com/mua-ban-may-tinh-de-ban-quan-1-tp-ho-chi-minh/110836293.htm
1751,https://www.chotot.com/mua-ban-may-tinh-de-ban-quan-cau-giay-ha-noi/110836084.htm
1752,https://www.chotot.com/mua-ban-may-tinh-de-ban-quan-cau-giay-ha-noi/110835963.htm
1753,https://www.chotot.com/mua-ban-may-tinh-de-ban-quan-hai-ba-trung-ha-noi/110835796.htm
1754,https://www.chotot.com/mua-ban-may-tinh-de-ban-quan-12-tp-ho-chi-minh/110835736.htm
1755,https://www.chotot.com/mua-ban-may-tinh-de-ban-huyen-nam-truc-nam-dinh/110835683.htm
1756,https://www.chotot.com/mua-ban-may-tinh-de-ban-quan-thanh-xuan-ha-noi/110776015.htm
1757,https://www.chotot.com/mua-ban-may-tinh-de-ban-quan-thanh-khe-da-nang/110835412.htm
1758,https://www.chotot.com/mua-ban-may-tinh-de-ban-quan-12-tp-ho-chi-minh/110835378.htm
1759,https://www.chotot.com/mua-ban-may-tinh-de-ban-quan-tan-binh-tp-ho-chi-minh/101640370.htm
1760,https://www.chotot.com/mua-ban-may-tinh-de-ban-thanh-pho-thu-duc-tp-ho-chi-minh/110835286.htm
1761,https://www.chotot.com/mua-ban-may-tinh-de-ban-quan-thanh-khe-da-nang/110835024.htm
1762,https://www.chotot.com/mua-ban-may-tinh-de-ban-thanh-pho-hung-yen-hung-yen/110834822.htm
1763,https://www.chotot.com/mua-ban-may-tinh-de-ban-quan-ha-dong-ha-noi/110834691.htm
1764,https://www.chotot.com/mua-ban-may-tinh-de-ban-thanh-pho-hue-thua-thien-hue/110834640.htm
1765,https://www.chotot.com/mua-ban-may-tinh-de-ban-quan-phu-nhuan-tp-ho-chi-minh/109148690.htm
1766,https://www.chotot.com/mua-ban-may-tinh-de-ban-huyen-viet-yen-bac-giang/110834437.htm
1767,https://www.chotot.com/mua-ban-may-tinh-de-ban-quan-binh-tan-tp-ho-chi-minh/110834413.htm
1768,https://www.chotot.com/mua-ban-may-tinh-de-ban-quan-go-vap-tp-ho-chi-minh/105333264.htm
1769,https://www.chotot.com/mua-ban-may-tinh-de-ban-thanh-pho-buon-ma-thuot-dak-lak/110833905.htm
1770,https://www.chotot.com/mua-ban-may-tinh-de-ban-huyen-chau-thanh-tra-vinh/110833700.htm
1771,https://www.chotot.com/mua-ban-may-tinh-de-ban-quan-hoang-mai-ha-noi/110833632.htm
1772,https://www.chotot.com/mua-ban-may-tinh-de-ban-thanh-pho-thuan-an-binh-duong/110833547.htm
1773,https://www.chotot.com/mua-ban-may-tinh-de-ban-quan-binh-thanh-tp-ho-chi-minh/110833424.htm
1774,https://www.chotot.com/mua-ban-may-tinh-de-ban-thanh-pho-ba-ria-ba-ria-vung-tau/110833318.htm
1775,https://www.chotot.com/mua-ban-may-tinh-de-ban-quan-tan-phu-tp-ho-chi-minh/110809062.htm
1776,https://www.chotot.com/mua-ban-may-tinh-de-ban-quan-tan-binh-tp-ho-chi-minh/110377081.htm
1777,https://www.chotot.com/mua-ban-may-tinh-de-ban-quan-binh-tan-tp-ho-chi-minh/110833010.htm
1778,https://www.chotot.com/mua-ban-may-tinh-de-ban-thanh-pho-bac-ninh-bac-ninh/110832948.htm
1779,https://www.chotot.com/mua-ban-may-tinh-de-ban-quan-long-bien-ha-noi/110832684.htm
1780,https://www.chotot.com/mua-ban-may-tinh-de-ban-quan-ha-dong-ha-noi/110832642.htm
1781,https://www.chotot.com/mua-ban-may-tinh-de-ban-quan-cau-giay-ha-noi/110832585.htm
1782,https://www.chotot.com/mua-ban-may-tinh-de-ban-quan-7-tp-ho-chi-minh/109146690.htm
1783,https://www.chotot.com/mua-ban-may-tinh-de-ban-quan-binh-thanh-tp-ho-chi-minh/110832511.htm
1784,https://www.chotot.com/mua-ban-may-tinh-de-ban-quan-thanh-xuan-ha-noi/110832467.htm
1785,https://www.chotot.com/mua-ban-may-tinh-de-ban-quan-go-vap-tp-ho-chi-minh/110832282.htm
1786,https://www.chotot.com/mua-ban-may-tinh-de-ban-quan-binh-thanh-tp-ho-chi-minh/110832281.htm
1787,https://www.chotot.com/mua-ban-may-tinh-de-ban-thanh-pho-buon-ma-thuot-dak-lak/110832222.htm
1788,https://www.chotot.com/mua-ban-may-tinh-de-ban-quan-tan-binh-tp-ho-chi-minh/110832152.htm
1789,https://www.chotot.com/mua-ban-may-tinh-de-ban-quan-lien-chieu-da-nang/110831815.htm
1790,https://www.chotot.com/mua-ban-may-tinh-de-ban-thanh-pho-long-xuyen-an-giang/110831481.htm
1791,https://www.chotot.com/mua-ban-may-tinh-de-ban-huyen-hoa-vang-da-nang/110831417.htm
1792,https://www.chotot.com/mua-ban-may-tinh-de-ban-quan-tay-ho-ha-noi/110831290.htm
1793,https://www.chotot.com/mua-ban-may-tinh-de-ban-huyen-thanh-oai-ha-noi/110831074.htm
1794,https://www.chotot.com/mua-ban-may-tinh-de-ban-quan-10-tp-ho-chi-minh/107831039.htm
1795,https://www.chotot.com/mua-ban-may-tinh-de-ban-quan-4-tp-ho-chi-minh/110830785.htm
1796,https://www.chotot.com/mua-ban-may-tinh-de-ban-quan-binh-tan-tp-ho-chi-minh/110830752.htm
1797,https://www.chotot.com/mua-ban-may-tinh-de-ban-huyen-can-duoc-long-an/110830630.htm
1798,https://www.chotot.com/mua-ban-may-tinh-de-ban-quan-cam-le-da-nang/110830326.htm
1799,https://www.chotot.com/mua-ban-may-tinh-de-ban-thanh-pho-thu-dau-mot-binh-duong/110829915.htm
1800,https://www.chotot.com/mua-ban-may-tinh-de-ban-huyen-duy-xuyen-quang-nam/110829901.htm
1801,https://www.chotot.com/mua-ban-may-tinh-de-ban-quan-hai-ba-trung-ha-noi/110436757.htm
1802,https://www.chotot.com/mua-ban-may-tinh-de-ban-quan-tan-phu-tp-ho-chi-minh/110829478.htm
1803,https://www.chotot.com/mua-ban-may-tinh-de-ban-huyen-binh-chanh-tp-ho-chi-minh/110829162.htm
1804,https://www.chotot.com/mua-ban-may-tinh-de-ban-quan-7-tp-ho-chi-minh/110828997.htm
1805,https://www.chotot.com/mua-ban-may-tinh-de-ban-thi-xa-ben-cat-binh-duong/110546780.htm
1806,https://www.chotot.com/mua-ban-may-tinh-de-ban-quan-tan-binh-tp-ho-chi-minh/110828616.htm
1807,https://www.chotot.com/mua-ban-may-tinh-de-ban-thi-xa-ben-cat-binh-duong/110606040.htm
1808,https://www.chotot.com/mua-ban-may-tinh-de-ban-huyen-hoai-duc-ha-noi/110828443.htm
1809,https://www.chotot.com/mua-ban-may-tinh-de-ban-quan-go-vap-tp-ho-chi-minh/110828072.htm
1810,https://www.chotot.com/mua-ban-may-tinh-de-ban-huyen-viet-yen-bac-giang/110828019.htm
1811,https://www.chotot.com/mua-ban-may-tinh-de-ban-thanh-pho-thu-duc-tp-ho-chi-minh/110827702.htm
1812,https://www.chotot.com/mua-ban-may-tinh-de-ban-quan-ninh-kieu-can-tho/109057882.htm
1813,https://www.chotot.com/mua-ban-may-tinh-de-ban-quan-cam-le-da-nang/110827495.htm
1814,https://www.chotot.com/mua-ban-may-tinh-de-ban-thanh-pho-bien-hoa-dong-nai/110827471.htm
1815,https://www.chotot.com/mua-ban-may-tinh-de-ban-huyen-duc-hoa-long-an/110827397.htm
1816,https://www.chotot.com/mua-ban-may-tinh-de-ban-quan-7-tp-ho-chi-minh/110803016.htm
1817,https://www.chotot.com/mua-ban-may-tinh-de-ban-quan-6-tp-ho-chi-minh/110826868.htm
1818,https://www.chotot.com/mua-ban-may-tinh-de-ban-quan-12-tp-ho-chi-minh/110826858.htm
1819,https://www.chotot.com/mua-ban-may-tinh-de-ban-thanh-pho-thu-duc-tp-ho-chi-minh/110826759.htm
1820,https://www.chotot.com/mua-ban-may-tinh-de-ban-huyen-duc-trong-lam-dong/110826689.htm
1821,https://www.chotot.com/mua-ban-may-tinh-de-ban-thanh-pho-bien-hoa-dong-nai/110826623.htm
1822,https://www.chotot.com/mua-ban-may-tinh-de-ban-quan-binh-tan-tp-ho-chi-minh/110826614.htm
1823,https://www.chotot.com/mua-ban-may-tinh-de-ban-huyen-tan-chau-tay-ninh/110826371.htm
1824,https://www.chotot.com/mua-ban-may-tinh-de-ban-thanh-pho-thu-duc-tp-ho-chi-minh/110826006.htm
1825,https://www.chotot.com/mua-ban-may-tinh-de-ban-quan-lien-chieu-da-nang/110825909.htm
1826,https://www.chotot.com/mua-ban-may-tinh-de-ban-quan-8-tp-ho-chi-minh/110676004.htm
1827,https://www.chotot.com/mua-ban-may-tinh-de-ban-quan-6-tp-ho-chi-minh/109775405.htm
1828,https://www.chotot.com/mua-ban-may-tinh-de-ban-quan-son-tra-da-nang/110825706.htm
1829,https://www.chotot.com/mua-ban-may-tinh-de-ban-huyen-yen-lac-vinh-phuc/110825604.htm
1830,https://www.chotot.com/mua-ban-may-tinh-de-ban-huyen-an-duong-hai-phong/110825490.htm
1831,https://www.chotot.com/mua-ban-may-tinh-de-ban-huyen-nha-be-tp-ho-chi-minh/110825432.htm
1832,https://www.chotot.com/mua-ban-may-tinh-de-ban-quan-tan-binh-tp-ho-chi-minh/110825237.htm
1833,https://www.chotot.com/mua-ban-may-tinh-de-ban-thanh-pho-thu-duc-tp-ho-chi-minh/110825219.htm
1834,https://www.chotot.com/mua-ban-may-tinh-de-ban-quan-7-tp-ho-chi-minh/110825084.htm
1835,https://www.chotot.com/mua-ban-may-tinh-de-ban-quan-hoang-mai-ha-noi/110774223.htm
1836,https://www.chotot.com/mua-ban-may-tinh-de-ban-quan-hoang-mai-ha-noi/110824642.htm
1837,https://www.chotot.com/mua-ban-may-tinh-de-ban-quan-thanh-khe-da-nang/110824595.htm
1838,https://www.chotot.com/mua-ban-may-tinh-de-ban-quan-10-tp-ho-chi-minh/110824523.htm
1839,https://www.chotot.com/mua-ban-may-tinh-de-ban-thanh-pho-thu-duc-tp-ho-chi-minh/102923309.htm
1840,https://www.chotot.com/mua-ban-may-tinh-de-ban-quan-cam-le-da-nang/110824349.htm
1841,https://www.chotot.com/mua-ban-may-tinh-de-ban-quan-tan-phu-tp-ho-chi-minh/110824187.htm
1842,https://www.chotot.com/mua-ban-may-tinh-de-ban-quan-7-tp-ho-chi-minh/110824118.htm
1843,https://www.chotot.com/mua-ban-may-tinh-de-ban-thanh-pho-hue-thua-thien-hue/110823980.htm
1844,https://www.chotot.com/mua-ban-may-tinh-de-ban-thanh-pho-thuan-an-binh-duong/110823497.htm
1845,https://www.chotot.com/mua-ban-may-tinh-de-ban-quan-1-tp-ho-chi-minh/110671871.htm
1846,https://www.chotot.com/mua-ban-may-tinh-de-ban-quan-tan-binh-tp-ho-chi-minh/105220029.htm
1847,https://www.chotot.com/mua-ban-may-tinh-de-ban-quan-ngu-hanh-son-da-nang/110668199.htm
1848,https://www.chotot.com/mua-ban-may-tinh-de-ban-thi-xa-go-cong-tien-giang/110822819.htm
1849,https://www.chotot.com/mua-ban-may-tinh-de-ban-quan-tan-binh-tp-ho-chi-minh/110822640.htm
1850,https://www.chotot.com/mua-ban-may-tinh-de-ban-thanh-pho-di-an-binh-duong/110532311.htm
1851,https://www.chotot.com/mua-ban-may-tinh-de-ban-quan-go-vap-tp-ho-chi-minh/110822349.htm
1852,https://www.chotot.com/mua-ban-may-tinh-de-ban-quan-tan-phu-tp-ho-chi-minh/110822114.htm
1853,https://www.chotot.com/mua-ban-may-tinh-de-ban-thanh-pho-thu-duc-tp-ho-chi-minh/110822049.htm
1854,https://www.chotot.com/mua-ban-may-tinh-de-ban-quan-3-tp-ho-chi-minh/110342694.htm
1855,https://www.chotot.com/mua-ban-may-tinh-de-ban-quan-12-tp-ho-chi-minh/110821958.htm
1856,https://www.chotot.com/mua-ban-may-tinh-de-ban-thi-xa-phu-my-ba-ria-vung-tau/110821872.htm
1857,https://www.chotot.com/mua-ban-may-tinh-de-ban-quan-7-tp-ho-chi-minh/110821765.htm
1858,https://www.chotot.com/mua-ban-may-tinh-de-ban-quan-6-tp-ho-chi-minh/110821713.htm
1859,https://www.chotot.com/mua-ban-may-tinh-de-ban-quan-12-tp-ho-chi-minh/110821661.htm
1860,https://www.chotot.com/mua-ban-may-tinh-de-ban-quan-tan-phu-tp-ho-chi-minh/110821609.htm
1861,https://www.chotot.com/mua-ban-may-tinh-de-ban-quan-thanh-xuan-ha-noi/110821441.htm
1862,https://www.chotot.com/mua-ban-may-tinh-de-ban-quan-thanh-xuan-ha-noi/110821239.htm
1863,https://www.chotot.com/mua-ban-may-tinh-de-ban-quan-thanh-khe-da-nang/110125883.htm
1864,https://www.chotot.com/mua-ban-may-tinh-de-ban-quan-12-tp-ho-chi-minh/110358214.htm
1865,https://www.chotot.com/mua-ban-may-tinh-de-ban-quan-son-tra-da-nang/110820689.htm
1866,https://www.chotot.com/mua-ban-may-tinh-de-ban-huyen-hoc-mon-tp-ho-chi-minh/110820604.htm
1867,https://www.chotot.com/mua-ban-may-tinh-de-ban-quan-go-vap-tp-ho-chi-minh/110820471.htm
1868,https://www.chotot.com/mua-ban-may-tinh-de-ban-quan-ha-dong-ha-noi/110820286.htm
1869,https://www.chotot.com/mua-ban-may-tinh-de-ban-huyen-me-linh-ha-noi/110820212.htm
1870,https://www.chotot.com/mua-ban-may-tinh-de-ban-quan-cam-le-da-nang/94767043.htm
1871,https://www.chotot.com/mua-ban-may-tinh-de-ban-quan-ninh-kieu-can-tho/110819930.htm
1872,https://www.chotot.com/mua-ban-may-tinh-de-ban-quan-ha-dong-ha-noi/110819649.htm
1873,https://www.chotot.com/mua-ban-may-tinh-de-ban-huyen-nhon-trach-dong-nai/110235790.htm
1874,https://www.chotot.com/mua-ban-may-tinh-de-ban-quan-6-tp-ho-chi-minh/110819080.htm
1875,https://www.chotot.com/mua-ban-may-tinh-de-ban-huyen-dai-loc-quang-nam/110818929.htm
1876,https://www.chotot.com/mua-ban-may-tinh-de-ban-quan-hai-chau-da-nang/110818865.htm
1877,https://www.chotot.com/mua-ban-may-tinh-de-ban-quan-thanh-khe-da-nang/110818866.htm
1878,https://www.chotot.com/mua-ban-may-tinh-de-ban-quan-8-tp-ho-chi-minh/110800682.htm
1879,https://www.chotot.com/mua-ban-may-tinh-de-ban-quan-hai-ba-trung-ha-noi/110818478.htm
1880,https://www.chotot.com/mua-ban-may-tinh-de-ban-quan-go-vap-tp-ho-chi-minh/110818326.htm
1881,https://www.chotot.com/mua-ban-may-tinh-de-ban-thanh-pho-thu-duc-tp-ho-chi-minh/110818036.htm
1882,https://www.chotot.com/mua-ban-may-tinh-de-ban-huyen-thanh-mien-hai-duong/110817922.htm
1883,https://www.chotot.com/mua-ban-may-tinh-de-ban-huyen-me-linh-ha-noi/110817893.htm
1884,https://www.chotot.com/mua-ban-may-tinh-de-ban-quan-7-tp-ho-chi-minh/110480003.htm
1885,https://www.chotot.com/mua-ban-may-tinh-de-ban-quan-6-tp-ho-chi-minh/110817732.htm
1886,https://www.chotot.com/mua-ban-may-tinh-de-ban-quan-hoang-mai-ha-noi/110817574.htm
1887,https://www.chotot.com/mua-ban-may-tinh-de-ban-quan-dong-da-ha-noi/110817564.htm
1888,https://www.chotot.com/mua-ban-may-tinh-de-ban-quan-ha-dong-ha-noi/109003826.htm
1889,https://www.chotot.com/mua-ban-may-tinh-de-ban-thanh-pho-ca-mau-ca-mau/110817442.htm
1890,https://www.chotot.com/mua-ban-may-tinh-de-ban-quan-go-vap-tp-ho-chi-minh/110401184.htm
1891,https://www.chotot.com/mua-ban-may-tinh-de-ban-quan-8-tp-ho-chi-minh/110817344.htm
1892,https://www.chotot.com/mua-ban-may-tinh-de-ban-quan-tan-phu-tp-ho-chi-minh/110817256.htm
1893,https://www.chotot.com/mua-ban-may-tinh-de-ban-quan-ha-dong-ha-noi/110815445.htm
1894,https://www.chotot.com/mua-ban-may-tinh-de-ban-quan-go-vap-tp-ho-chi-minh/110817076.htm
1895,https://www.chotot.com/mua-ban-may-tinh-de-ban-quan-go-vap-tp-ho-chi-minh/110817074.htm
1896,https://www.chotot.com/mua-ban-may-tinh-de-ban-quan-go-vap-tp-ho-chi-minh/110817075.htm
1897,https://www.chotot.com/mua-ban-may-tinh-de-ban-quan-tan-phu-tp-ho-chi-minh/110304780.htm
1898,https://www.chotot.com/mua-ban-may-tinh-de-ban-huyen-hoc-mon-tp-ho-chi-minh/110816903.htm
1899,https://www.chotot.com/mua-ban-may-tinh-de-ban-quan-binh-thanh-tp-ho-chi-minh/109865249.htm
1900,https://www.chotot.com/mua-ban-may-tinh-de-ban-quan-bac-tu-liem-ha-noi/110816694.htm
1901,https://www.chotot.com/mua-ban-may-tinh-de-ban-quan-11-tp-ho-chi-minh/105835896.htm
1902,https://www.chotot.com/mua-ban-may-tinh-de-ban-quan-tan-phu-tp-ho-chi-minh/110610380.htm
1903,https://www.chotot.com/mua-ban-may-tinh-de-ban-huyen-hoc-mon-tp-ho-chi-minh/110816368.htm
1904,https://www.chotot.com/mua-ban-may-tinh-de-ban-quan-go-vap-tp-ho-chi-minh/110816221.htm
1905,https://www.chotot.com/mua-ban-may-tinh-de-ban-quan-go-vap-tp-ho-chi-minh/110816011.htm
1906,https://www.chotot.com/mua-ban-may-tinh-de-ban-thanh-pho-da-lat-lam-dong/110815657.htm
1907,https://www.chotot.com/mua-ban-may-tinh-de-ban-quan-tan-phu-tp-ho-chi-minh/110815527.htm
1908,https://www.chotot.com/mua-ban-may-tinh-de-ban-quan-7-tp-ho-chi-minh/110815511.htm
1909,https://www.chotot.com/mua-ban-may-tinh-de-ban-quan-12-tp-ho-chi-minh/110815425.htm
1910,https://www.chotot.com/mua-ban-may-tinh-de-ban-quan-thanh-xuan-ha-noi/110815226.htm
1911,https://www.chotot.com/mua-ban-may-tinh-de-ban-quan-go-vap-tp-ho-chi-minh/110815133.htm
1912,https://www.chotot.com/mua-ban-may-tinh-de-ban-thanh-pho-bien-hoa-dong-nai/110814843.htm
1913,https://www.chotot.com/mua-ban-may-tinh-de-ban-thanh-pho-vinh-nghe-an/110814834.htm
1914,https://www.chotot.com/mua-ban-may-tinh-de-ban-quan-hai-chau-da-nang/110814557.htm
1915,https://www.chotot.com/mua-ban-may-tinh-de-ban-thanh-pho-nha-trang-khanh-hoa/110814462.htm
1916,https://www.chotot.com/mua-ban-may-tinh-de-ban-quan-son-tra-da-nang/110814357.htm
1917,https://www.chotot.com/mua-ban-may-tinh-de-ban-quan-tan-phu-tp-ho-chi-minh/110814211.htm
1918,https://www.chotot.com/mua-ban-may-tinh-de-ban-quan-tay-ho-ha-noi/110813707.htm
1919,https://www.chotot.com/mua-ban-may-tinh-de-ban-huyen-bac-tan-uyen-binh-duong/110813557.htm
1920,https://www.chotot.com/mua-ban-may-tinh-de-ban-quan-son-tra-da-nang/110813469.htm
1921,https://www.chotot.com/mua-ban-may-tinh-de-ban-quan-hoang-mai-ha-noi/110813233.htm
1922,https://www.chotot.com/mua-ban-may-tinh-de-ban-thanh-pho-bien-hoa-dong-nai/110730527.htm
1923,https://www.chotot.com/mua-ban-may-tinh-de-ban-quan-le-chan-hai-phong/110813118.htm
1924,https://www.chotot.com/mua-ban-may-tinh-de-ban-thanh-pho-hue-thua-thien-hue/110812954.htm
1925,https://www.chotot.com/mua-ban-may-tinh-de-ban-quan-ninh-kieu-can-tho/110293609.htm
1926,https://www.chotot.com/mua-ban-may-tinh-de-ban-quan-10-tp-ho-chi-minh/110445210.htm
1927,https://www.chotot.com/mua-ban-may-tinh-de-ban-thanh-pho-bien-hoa-dong-nai/110342663.htm
1928,https://www.chotot.com/mua-ban-may-tinh-de-ban-huyen-binh-chanh-tp-ho-chi-minh/110812377.htm
1929,https://www.chotot.com/mua-ban-may-tinh-de-ban-thanh-pho-thuan-an-binh-duong/110812111.htm
1930,https://www.chotot.com/mua-ban-may-tinh-de-ban-huyen-thanh-liem-ha-nam/110811936.htm
1931,https://www.chotot.com/mua-ban-may-tinh-de-ban-quan-dong-da-ha-noi/110656340.htm
1932,https://www.chotot.com/mua-ban-may-tinh-de-ban-thanh-pho-buon-ma-thuot-dak-lak/110811424.htm
1933,https://www.chotot.com/mua-ban-may-tinh-de-ban-huyen-vinh-thuan-kien-giang/110811259.htm
1934,https://www.chotot.com/mua-ban-may-tinh-de-ban-quan-go-vap-tp-ho-chi-minh/110811149.htm
1935,https://www.chotot.com/mua-ban-may-tinh-de-ban-quan-thanh-xuan-ha-noi/110287531.htm
1936,https://www.chotot.com/mua-ban-may-tinh-de-ban-quan-tan-phu-tp-ho-chi-minh/110811063.htm
1937,https://www.chotot.com/mua-ban-may-tinh-de-ban-quan-binh-tan-tp-ho-chi-minh/110810992.htm
1938,https://www.chotot.com/mua-ban-may-tinh-de-ban-thanh-pho-rach-gia-kien-giang/110810933.htm
1939,https://www.chotot.com/mua-ban-may-tinh-de-ban-quan-binh-tan-tp-ho-chi-minh/110810680.htm
1940,https://www.chotot.com/mua-ban-may-tinh-de-ban-huyen-hoc-mon-tp-ho-chi-minh/110810567.htm
1941,https://www.chotot.com/mua-ban-may-tinh-de-ban-thanh-pho-bien-hoa-dong-nai/110810506.htm
1942,https://www.chotot.com/mua-ban-may-tinh-de-ban-thanh-pho-phan-thiet-binh-thuan/110810496.htm
1943,https://www.chotot.com/mua-ban-may-tinh-de-ban-huyen-long-dien-ba-ria-vung-tau/110810334.htm
1944,https://www.chotot.com/mua-ban-may-tinh-de-ban-quan-go-vap-tp-ho-chi-minh/110809965.htm
1945,https://www.chotot.com/mua-ban-may-tinh-de-ban-quan-binh-tan-tp-ho-chi-minh/110809305.htm
1946,https://www.chotot.com/mua-ban-may-tinh-de-ban-quan-tan-phu-tp-ho-chi-minh/100753261.htm
1947,https://www.chotot.com/mua-ban-may-tinh-de-ban-quan-tan-phu-tp-ho-chi-minh/110317508.htm
1948,https://www.chotot.com/mua-ban-may-tinh-de-ban-thanh-pho-phan-thiet-binh-thuan/110809208.htm
1949,https://www.chotot.com/mua-ban-may-tinh-de-ban-thanh-pho-phan-thiet-binh-thuan/110809154.htm
1950,https://www.chotot.com/mua-ban-may-tinh-de-ban-thanh-pho-phan-thiet-binh-thuan/110809137.htm
1951,https://www.chotot.com/mua-ban-may-tinh-de-ban-thanh-pho-thu-duc-tp-ho-chi-minh/110781512.htm
1952,https://www.chotot.com/mua-ban-may-tinh-de-ban-quan-12-tp-ho-chi-minh/110809107.htm
1953,https://www.chotot.com/mua-ban-may-tinh-de-ban-huyen-cao-lanh-dong-thap/110809039.htm
1954,https://www.chotot.com/mua-ban-may-tinh-de-ban-thi-xa-tan-uyen-binh-duong/110809019.htm
1955,https://www.chotot.com/mua-ban-may-tinh-de-ban-thi-xa-tan-uyen-binh-duong/110808986.htm
1956,https://www.chotot.com/mua-ban-may-tinh-de-ban-thanh-pho-thu-duc-tp-ho-chi-minh/110808957.htm
1957,https://www.chotot.com/mua-ban-may-tinh-de-ban-thanh-pho-long-xuyen-an-giang/110808393.htm
1958,https://www.chotot.com/mua-ban-may-tinh-de-ban-thanh-pho-long-xuyen-an-giang/110808392.htm
1959,https://www.chotot.com/mua-ban-may-tinh-de-ban-thanh-pho-long-xuyen-an-giang/110808394.htm
1960,https://www.chotot.com/mua-ban-may-tinh-de-ban-quan-12-tp-ho-chi-minh/110808383.htm
1961,https://www.chotot.com/mua-ban-may-tinh-de-ban-quan-8-tp-ho-chi-minh/110807882.htm
1962,https://www.chotot.com/mua-ban-may-tinh-de-ban-huyen-duc-trong-lam-dong/110807838.htm
1963,https://www.chotot.com/mua-ban-may-tinh-de-ban-quan-thanh-xuan-ha-noi/110655125.htm
1964,https://www.chotot.com/mua-ban-may-tinh-de-ban-thi-xa-tan-uyen-binh-duong/110807608.htm
1965,https://www.chotot.com/mua-ban-may-tinh-de-ban-quan-7-tp-ho-chi-minh/110807602.htm
1966,https://www.chotot.com/mua-ban-may-tinh-de-ban-huyen-an-duong-hai-phong/110807321.htm
1967,https://www.chotot.com/mua-ban-may-tinh-de-ban-huyen-y-yen-nam-dinh/110807217.htm
1968,https://www.chotot.com/mua-ban-may-tinh-de-ban-quan-go-vap-tp-ho-chi-minh/110807011.htm
1969,https://www.chotot.com/mua-ban-may-tinh-de-ban-quan-12-tp-ho-chi-minh/110806993.htm
1970,https://www.chotot.com/mua-ban-may-tinh-de-ban-thanh-pho-thu-dau-mot-binh-duong/110806959.htm
1971,https://www.chotot.com/mua-ban-may-tinh-de-ban-thanh-pho-buon-ma-thuot-dak-lak/110806948.htm
1972,https://www.chotot.com/mua-ban-may-tinh-de-ban-quan-ninh-kieu-can-tho/110806817.htm
1973,https://www.chotot.com/mua-ban-may-tinh-de-ban-quan-tan-binh-tp-ho-chi-minh/110806548.htm
1974,https://www.chotot.com/mua-ban-may-tinh-de-ban-thanh-pho-buon-ma-thuot-dak-lak/110806442.htm
1975,https://www.chotot.com/mua-ban-may-tinh-de-ban-quan-ninh-kieu-can-tho/110805879.htm
1976,https://www.chotot.com/mua-ban-may-tinh-de-ban-thi-xa-tan-uyen-binh-duong/110805745.htm
1977,https://www.chotot.com/mua-ban-may-tinh-de-ban-quan-binh-tan-tp-ho-chi-minh/110805540.htm
1978,https://www.chotot.com/mua-ban-may-tinh-de-ban-thanh-pho-vinh-yen-vinh-phuc/110805453.htm
1979,https://www.chotot.com/mua-ban-may-tinh-de-ban-thanh-pho-hung-yen-hung-yen/110805307.htm
1980,https://www.chotot.com/mua-ban-may-tinh-de-ban-quan-tan-phu-tp-ho-chi-minh/110805134.htm
1981,https://www.chotot.com/mua-ban-may-tinh-de-ban-quan-thanh-khe-da-nang/110805038.htm
1982,https://www.chotot.com/mua-ban-may-tinh-de-ban-quan-hai-ba-trung-ha-noi/110804602.htm
1983,https://www.chotot.com/mua-ban-may-tinh-de-ban-quan-6-tp-ho-chi-minh/110711781.htm
1984,https://www.chotot.com/mua-ban-may-tinh-de-ban-huyen-dong-anh-ha-noi/110804461.htm
1985,https://www.chotot.com/mua-ban-may-tinh-de-ban-thanh-pho-thuan-an-binh-duong/110804403.htm
1986,https://www.chotot.com/mua-ban-may-tinh-de-ban-thanh-pho-thu-dau-mot-binh-duong/110804222.htm
1987,https://www.chotot.com/mua-ban-may-tinh-de-ban-quan-thanh-khe-da-nang/110804158.htm
1988,https://www.chotot.com/mua-ban-may-tinh-de-ban-quan-cai-rang-can-tho/110804136.htm
1989,https://www.chotot.com/mua-ban-may-tinh-de-ban-quan-hoang-mai-ha-noi/110803751.htm
1990,https://www.chotot.com/mua-ban-may-tinh-de-ban-huyen-nhon-trach-dong-nai/110803730.htm
1991,https://www.chotot.com/mua-ban-may-tinh-de-ban-quan-7-tp-ho-chi-minh/110803341.htm
1992,https://www.chotot.com/mua-ban-may-tinh-de-ban-thanh-pho-da-lat-lam-dong/106484184.htm
1993,https://www.chotot.com/mua-ban-may-tinh-de-ban-thanh-pho-da-lat-lam-dong/106376760.htm
1994,https://www.chotot.com/mua-ban-may-tinh-de-ban-thanh-pho-da-lat-lam-dong/108587335.htm
1995,https://www.chotot.com/mua-ban-may-tinh-de-ban-thanh-pho-da-lat-lam-dong/108828261.htm
1996,https://www.chotot.com/mua-ban-may-tinh-de-ban-quan-tan-binh-tp-ho-chi-minh/110803060.htm
1997,https://www.chotot.com/mua-ban-may-tinh-de-ban-quan-binh-thanh-tp-ho-chi-minh/110802872.htm
1998,https://www.chotot.com/mua-ban-may-tinh-de-ban-thanh-pho-thu-duc-tp-ho-chi-minh/110802866.htm
1999,https://www.chotot.com/mua-ban-may-tinh-de-ban-huyen-duong-minh-chau-tay-ninh/110802802.htm
2000,https://www.chotot.com/mua-ban-may-tinh-de-ban-quan-hoang-mai-ha-noi/110802678.htm
2001,https://www.chotot.com/mua-ban-may-tinh-de-ban-quan-lien-chieu-da-nang/110802635.htm
2002,https://www.chotot.com/mua-ban-may-tinh-de-ban-huyen-cu-chi-tp-ho-chi-minh/110802492.htm
2003,https://www.chotot.com/mua-ban-may-tinh-de-ban-quan-6-tp-ho-chi-minh/110802426.htm
2004,https://www.chotot.com/mua-ban-may-tinh-de-ban-thanh-pho-thu-dau-mot-binh-duong/110802332.htm
2005,https://www.chotot.com/mua-ban-may-tinh-de-ban-thanh-pho-pleiku-gia-lai/110802224.htm
2006,https://www.chotot.com/mua-ban-may-tinh-de-ban-quan-3-tp-ho-chi-minh/110802204.htm
2007,https://www.chotot.com/mua-ban-may-tinh-de-ban-quan-tan-phu-tp-ho-chi-minh/110802202.htm
2008,https://www.chotot.com/mua-ban-may-tinh-de-ban-quan-5-tp-ho-chi-minh/110801976.htm
2009,https://www.chotot.com/mua-ban-may-tinh-de-ban-thanh-pho-thu-duc-tp-ho-chi-minh/110801756.htm
2010,https://www.chotot.com/mua-ban-may-tinh-de-ban-thanh-pho-thu-duc-tp-ho-chi-minh/110801688.htm
2011,https://www.chotot.com/mua-ban-may-tinh-de-ban-quan-10-tp-ho-chi-minh/110384664.htm
2012,https://www.chotot.com/mua-ban-may-tinh-de-ban-huyen-soc-son-ha-noi/110801483.htm
2013,https://www.chotot.com/mua-ban-may-tinh-de-ban-quan-10-tp-ho-chi-minh/110801417.htm
2014,https://www.chotot.com/mua-ban-may-tinh-de-ban-thanh-pho-hue-thua-thien-hue/110801200.htm
2015,https://www.chotot.com/mua-ban-may-tinh-de-ban-quan-10-tp-ho-chi-minh/109996441.htm
2016,https://www.chotot.com/mua-ban-may-tinh-de-ban-huyen-bu-dang-binh-phuoc/110801136.htm
2017,https://www.chotot.com/mua-ban-may-tinh-de-ban-quan-binh-tan-tp-ho-chi-minh/110801052.htm
2018,https://www.chotot.com/mua-ban-may-tinh-de-ban-huyen-thanh-tri-ha-noi/110801011.htm
2019,https://www.chotot.com/mua-ban-may-tinh-de-ban-quan-go-vap-tp-ho-chi-minh/110800992.htm
2020,https://www.chotot.com/mua-ban-may-tinh-de-ban-thanh-pho-bien-hoa-dong-nai/110800890.htm
2021,https://www.chotot.com/mua-ban-may-tinh-de-ban-quan-10-tp-ho-chi-minh/110668616.htm
2022,https://www.chotot.com/mua-ban-may-tinh-de-ban-quan-hoang-mai-ha-noi/110800704.htm
2023,https://www.chotot.com/mua-ban-may-tinh-de-ban-thanh-pho-thu-duc-tp-ho-chi-minh/110800481.htm
2024,https://www.chotot.com/mua-ban-may-tinh-de-ban-quan-son-tra-da-nang/110800187.htm
2025,https://www.chotot.com/mua-ban-may-tinh-de-ban-quan-1-tp-ho-chi-minh/110800061.htm
2026,https://www.chotot.com/mua-ban-may-tinh-de-ban-thanh-pho-buon-ma-thuot-dak-lak/110799961.htm
2027,https://www.chotot.com/mua-ban-may-tinh-de-ban-thanh-pho-bac-ninh-bac-ninh/110799913.htm
2028,https://www.chotot.com/mua-ban-may-tinh-de-ban-quan-thanh-khe-da-nang/110799903.htm
2029,https://www.chotot.com/mua-ban-may-tinh-de-ban-quan-go-vap-tp-ho-chi-minh/110799761.htm
2030,https://www.chotot.com/mua-ban-may-tinh-de-ban-huyen-soc-son-ha-noi/110799651.htm
2031,https://www.chotot.com/mua-ban-may-tinh-de-ban-thanh-pho-di-an-binh-duong/110799243.htm
2032,https://www.chotot.com/mua-ban-may-tinh-de-ban-quan-binh-thuy-can-tho/110799114.htm
2033,https://www.chotot.com/mua-ban-may-tinh-de-ban-quan-go-vap-tp-ho-chi-minh/110799078.htm
2034,https://www.chotot.com/mua-ban-may-tinh-de-ban-quan-thanh-khe-da-nang/110734644.htm
2035,https://www.chotot.com/mua-ban-may-tinh-de-ban-thanh-pho-buon-ma-thuot-dak-lak/110798209.htm
2036,https://www.chotot.com/mua-ban-may-tinh-de-ban-thanh-pho-buon-ma-thuot-dak-lak/110798192.htm
2037,https://www.chotot.com/mua-ban-may-tinh-de-ban-quan-go-vap-tp-ho-chi-minh/110798073.htm
2038,https://www.chotot.com/mua-ban-may-tinh-de-ban-huyen-cu-chi-tp-ho-chi-minh/110797659.htm
2039,https://www.chotot.com/mua-ban-may-tinh-de-ban-thanh-pho-thu-duc-tp-ho-chi-minh/110797473.htm
2040,https://www.chotot.com/mua-ban-may-tinh-de-ban-huyen-phung-hiep-hau-giang/110796840.htm
2041,https://www.chotot.com/mua-ban-may-tinh-de-ban-quan-tan-binh-tp-ho-chi-minh/110796807.htm
2042,https://www.chotot.com/mua-ban-may-tinh-de-ban-quan-8-tp-ho-chi-minh/110796776.htm
2043,https://www.chotot.com/mua-ban-may-tinh-de-ban-thanh-pho-thu-duc-tp-ho-chi-minh/110796681.htm
2044,https://www.chotot.com/mua-ban-may-tinh-de-ban-quan-thanh-khe-da-nang/110796628.htm
2045,https://www.chotot.com/mua-ban-may-tinh-de-ban-thanh-pho-buon-ma-thuot-dak-lak/110796619.htm
2046,https://www.chotot.com/mua-ban-may-tinh-de-ban-quan-tan-phu-tp-ho-chi-minh/106707440.htm
2047,https://www.chotot.com/mua-ban-may-tinh-de-ban-quan-binh-thanh-tp-ho-chi-minh/110796208.htm
2048,https://www.chotot.com/mua-ban-may-tinh-de-ban-quan-son-tra-da-nang/110796068.htm
2049,https://www.chotot.com/mua-ban-may-tinh-de-ban-thanh-pho-thu-duc-tp-ho-chi-minh/110796049.htm
2050,https://www.chotot.com/mua-ban-may-tinh-de-ban-quan-6-tp-ho-chi-minh/107332987.htm
2051,https://www.chotot.com/mua-ban-may-tinh-de-ban-quan-6-tp-ho-chi-minh/107333879.htm
2052,https://www.chotot.com/mua-ban-may-tinh-de-ban-quan-6-tp-ho-chi-minh/107346218.htm
2053,https://www.chotot.com/mua-ban-may-tinh-de-ban-quan-thanh-xuan-ha-noi/110795935.htm
2054,https://www.chotot.com/mua-ban-may-tinh-de-ban-quan-binh-tan-tp-ho-chi-minh/110795866.htm
2055,https://www.chotot.com/mua-ban-may-tinh-de-ban-quan-tan-phu-tp-ho-chi-minh/110795726.htm
2056,https://www.chotot.com/mua-ban-may-tinh-de-ban-quan-11-tp-ho-chi-minh/110795373.htm
2057,https://www.chotot.com/mua-ban-may-tinh-de-ban-thanh-pho-hue-thua-thien-hue/110795237.htm
2058,https://www.chotot.com/mua-ban-may-tinh-de-ban-quan-3-tp-ho-chi-minh/109058493.htm
2059,https://www.chotot.com/mua-ban-may-tinh-de-ban-thanh-pho-buon-ma-thuot-dak-lak/104479377.htm
2060,https://www.chotot.com/mua-ban-may-tinh-de-ban-quan-ha-dong-ha-noi/110795197.htm
2061,https://www.chotot.com/mua-ban-may-tinh-de-ban-huyen-thanh-thuy-phu-tho/110795135.htm
2062,https://www.chotot.com/mua-ban-may-tinh-de-ban-thanh-pho-thu-dau-mot-binh-duong/110481719.htm
2063,https://www.chotot.com/mua-ban-may-tinh-de-ban-quan-8-tp-ho-chi-minh/110794952.htm
2064,https://www.chotot.com/mua-ban-may-tinh-de-ban-thanh-pho-thu-duc-tp-ho-chi-minh/110794845.htm
2065,https://www.chotot.com/mua-ban-may-tinh-de-ban-huyen-thuan-thanh-bac-ninh/110794779.htm
2066,https://www.chotot.com/mua-ban-may-tinh-de-ban-thanh-pho-thu-duc-tp-ho-chi-minh/110794363.htm
2067,https://www.chotot.com/mua-ban-may-tinh-de-ban-thanh-pho-thu-duc-tp-ho-chi-minh/110794222.htm
2068,https://www.chotot.com/mua-ban-may-tinh-de-ban-quan-ngu-hanh-son-da-nang/110794189.htm
2069,https://www.chotot.com/mua-ban-may-tinh-de-ban-quan-6-tp-ho-chi-minh/107254430.htm
2070,https://www.chotot.com/mua-ban-may-tinh-de-ban-quan-go-vap-tp-ho-chi-minh/110794075.htm
2071,https://www.chotot.com/mua-ban-may-tinh-de-ban-huyen-hoc-mon-tp-ho-chi-minh/110794064.htm
2072,https://www.chotot.com/mua-ban-may-tinh-de-ban-quan-12-tp-ho-chi-minh/110793815.htm
2073,https://www.chotot.com/mua-ban-may-tinh-de-ban-quan-hai-ba-trung-ha-noi/110793751.htm
2074,https://www.chotot.com/mua-ban-may-tinh-de-ban-quan-hai-ba-trung-ha-noi/110793726.htm
2075,https://www.chotot.com/mua-ban-may-tinh-de-ban-quan-7-tp-ho-chi-minh/110793436.htm
2076,https://www.chotot.com/mua-ban-may-tinh-de-ban-quan-binh-thanh-tp-ho-chi-minh/110793099.htm
2077,https://www.chotot.com/mua-ban-may-tinh-de-ban-quan-nam-tu-liem-ha-noi/108741445.htm
2078,https://www.chotot.com/mua-ban-may-tinh-de-ban-thanh-pho-phan-thiet-binh-thuan/110792912.htm
2079,https://www.chotot.com/mua-ban-may-tinh-de-ban-huyen-binh-chanh-tp-ho-chi-minh/110792410.htm
2080,https://www.chotot.com/mua-ban-may-tinh-de-ban-quan-thanh-khe-da-nang/110792385.htm
2081,https://www.chotot.com/mua-ban-may-tinh-de-ban-quan-son-tra-da-nang/110792361.htm
2082,https://www.chotot.com/mua-ban-may-tinh-de-ban-quan-12-tp-ho-chi-minh/110792305.htm
2083,https://www.chotot.com/mua-ban-may-tinh-de-ban-quan-hoang-mai-ha-noi/110792234.htm
2084,https://www.chotot.com/mua-ban-may-tinh-de-ban-quan-binh-thanh-tp-ho-chi-minh/108994612.htm
2085,https://www.chotot.com/mua-ban-may-tinh-de-ban-huyen-chon-thanh-binh-phuoc/110791910.htm
2086,https://www.chotot.com/mua-ban-may-tinh-de-ban-thanh-pho-thuan-an-binh-duong/110791730.htm
2087,https://www.chotot.com/mua-ban-may-tinh-de-ban-quan-thanh-khe-da-nang/110791696.htm
2088,https://www.chotot.com/mua-ban-may-tinh-de-ban-quan-hai-ba-trung-ha-noi/110791649.htm
2089,https://www.chotot.com/mua-ban-may-tinh-de-ban-quan-go-vap-tp-ho-chi-minh/110669282.htm
2090,https://www.chotot.com/mua-ban-may-tinh-de-ban-quan-binh-tan-tp-ho-chi-minh/110791478.htm
2091,https://www.chotot.com/mua-ban-may-tinh-de-ban-thanh-pho-thuan-an-binh-duong/110791412.htm
2092,https://www.chotot.com/mua-ban-may-tinh-de-ban-quan-binh-thanh-tp-ho-chi-minh/110790993.htm
2093,https://www.chotot.com/mua-ban-may-tinh-de-ban-quan-tan-phu-tp-ho-chi-minh/110790977.htm
2094,https://www.chotot.com/mua-ban-may-tinh-de-ban-quan-tan-phu-tp-ho-chi-minh/109097033.htm
2095,https://www.chotot.com/mua-ban-may-tinh-de-ban-quan-go-vap-tp-ho-chi-minh/110669623.htm
2096,https://www.chotot.com/mua-ban-may-tinh-de-ban-quan-long-bien-ha-noi/110790948.htm
2097,https://www.chotot.com/mua-ban-may-tinh-de-ban-quan-cau-giay-ha-noi/110790455.htm
2098,https://www.chotot.com/mua-ban-may-tinh-de-ban-thanh-pho-buon-ma-thuot-dak-lak/110790234.htm
2099,https://www.chotot.com/mua-ban-may-tinh-de-ban-quan-cau-giay-ha-noi/110790187.htm
2100,https://www.chotot.com/mua-ban-may-tinh-de-ban-quan-ba-dinh-ha-noi/110790028.htm
2101,https://www.chotot.com/mua-ban-may-tinh-de-ban-quan-binh-tan-tp-ho-chi-minh/110761590.htm
2102,https://www.chotot.com/mua-ban-may-tinh-de-ban-quan-10-tp-ho-chi-minh/110585782.htm
2103,https://www.chotot.com/mua-ban-may-tinh-de-ban-huyen-duc-hoa-long-an/110789033.htm
2104,https://www.chotot.com/mua-ban-may-tinh-de-ban-quan-hai-ba-trung-ha-noi/110788720.htm
2105,https://www.chotot.com/mua-ban-may-tinh-de-ban-huyen-tien-du-bac-ninh/110788573.htm
2106,https://www.chotot.com/mua-ban-may-tinh-de-ban-huyen-thach-that-ha-noi/110788532.htm
2107,https://www.chotot.com/mua-ban-may-tinh-de-ban-thanh-pho-thu-duc-tp-ho-chi-minh/103418298.htm
2108,https://www.chotot.com/mua-ban-may-tinh-de-ban-thanh-pho-thu-duc-tp-ho-chi-minh/107110422.htm
2109,https://www.chotot.com/mua-ban-may-tinh-de-ban-thanh-pho-vinh-long-vinh-long/110610279.htm
2110,https://www.chotot.com/mua-ban-may-tinh-de-ban-thanh-pho-thu-duc-tp-ho-chi-minh/110787813.htm
2111,https://www.chotot.com/mua-ban-may-tinh-de-ban-huyen-binh-dai-ben-tre/110787783.htm
2112,https://www.chotot.com/mua-ban-may-tinh-de-ban-quan-tan-binh-tp-ho-chi-minh/110787548.htm
2113,https://www.chotot.com/mua-ban-may-tinh-de-ban-quan-cai-rang-can-tho/101876726.htm
2114,https://www.chotot.com/mua-ban-may-tinh-de-ban-thanh-pho-di-an-binh-duong/110492875.htm
2115,https://www.chotot.com/mua-ban-may-tinh-de-ban-thanh-pho-thu-duc-tp-ho-chi-minh/107111166.htm
2116,https://www.chotot.com/mua-ban-may-tinh-de-ban-thanh-pho-vinh-nghe-an/110787183.htm
2117,https://www.chotot.com/mua-ban-may-tinh-de-ban-quan-phu-nhuan-tp-ho-chi-minh/110786847.htm
2118,https://www.chotot.com/mua-ban-may-tinh-de-ban-quan-go-vap-tp-ho-chi-minh/107309039.htm
2119,https://www.chotot.com/mua-ban-may-tinh-de-ban-quan-go-vap-tp-ho-chi-minh/108988557.htm
2120,https://www.chotot.com/mua-ban-may-tinh-de-ban-quan-tan-phu-tp-ho-chi-minh/110494131.htm
2121,https://www.chotot.com/mua-ban-may-tinh-de-ban-thanh-pho-buon-ma-thuot-dak-lak/110786661.htm
2122,https://www.chotot.com/mua-ban-may-tinh-de-ban-thanh-pho-thu-duc-tp-ho-chi-minh/109074607.htm
2123,https://www.chotot.com/mua-ban-may-tinh-de-ban-thanh-pho-thu-duc-tp-ho-chi-minh/107689098.htm
2124,https://www.chotot.com/mua-ban-may-tinh-de-ban-quan-go-vap-tp-ho-chi-minh/110785977.htm
2125,https://www.chotot.com/mua-ban-may-tinh-de-ban-quan-ninh-kieu-can-tho/110785905.htm
2126,https://www.chotot.com/mua-ban-may-tinh-de-ban-thanh-pho-bien-hoa-dong-nai/110785855.htm
2127,https://www.chotot.com/mua-ban-may-tinh-de-ban-thanh-pho-thu-duc-tp-ho-chi-minh/107339625.htm
2128,https://www.chotot.com/mua-ban-may-tinh-de-ban-quan-12-tp-ho-chi-minh/110785573.htm
2129,https://www.chotot.com/mua-ban-may-tinh-de-ban-quan-6-tp-ho-chi-minh/110785449.htm
2130,https://www.chotot.com/mua-ban-may-tinh-de-ban-quan-bac-tu-liem-ha-noi/110785387.htm
2131,https://www.chotot.com/mua-ban-may-tinh-de-ban-quan-dong-da-ha-noi/110784914.htm
2132,https://www.chotot.com/mua-ban-may-tinh-de-ban-quan-hai-ba-trung-ha-noi/110784911.htm
2133,https://www.chotot.com/mua-ban-may-tinh-de-ban-quan-binh-tan-tp-ho-chi-minh/107928313.htm
2134,https://www.chotot.com/mua-ban-may-tinh-de-ban-quan-tan-phu-tp-ho-chi-minh/110784107.htm
2135,https://www.chotot.com/mua-ban-may-tinh-de-ban-quan-thanh-khe-da-nang/110784053.htm
2136,https://www.chotot.com/mua-ban-may-tinh-de-ban-quan-tan-phu-tp-ho-chi-minh/110243990.htm
2137,https://www.chotot.com/mua-ban-may-tinh-de-ban-thanh-pho-thu-duc-tp-ho-chi-minh/110783812.htm
2138,https://www.chotot.com/mua-ban-may-tinh-de-ban-quan-binh-tan-tp-ho-chi-minh/110783775.htm
2139,https://www.chotot.com/mua-ban-may-tinh-de-ban-quan-12-tp-ho-chi-minh/110783324.htm
2140,https://www.chotot.com/mua-ban-may-tinh-de-ban-thanh-pho-thuan-an-binh-duong/110783290.htm
2141,https://www.chotot.com/mua-ban-may-tinh-de-ban-quan-binh-thanh-tp-ho-chi-minh/110783185.htm
2142,https://www.chotot.com/mua-ban-may-tinh-de-ban-quan-8-tp-ho-chi-minh/110783110.htm
2143,https://www.chotot.com/mua-ban-may-tinh-de-ban-huyen-lai-vung-dong-thap/110783106.htm
2144,https://www.chotot.com/mua-ban-may-tinh-de-ban-thanh-pho-bien-hoa-dong-nai/110783037.htm
2145,https://www.chotot.com/mua-ban-may-tinh-de-ban-quan-go-vap-tp-ho-chi-minh/109630789.htm
2146,https://www.chotot.com/mua-ban-may-tinh-de-ban-huyen-phu-tan-an-giang/110782755.htm
2147,https://www.chotot.com/mua-ban-may-tinh-de-ban-huyen-trang-bom-dong-nai/110782376.htm
2148,https://www.chotot.com/mua-ban-may-tinh-de-ban-huyen-van-lam-hung-yen/110782344.htm
2149,https://www.chotot.com/mua-ban-may-tinh-de-ban-thanh-pho-thu-duc-tp-ho-chi-minh/110782308.htm
2150,https://www.chotot.com/mua-ban-may-tinh-de-ban-quan-hai-chau-da-nang/110782235.htm
2151,https://www.chotot.com/mua-ban-may-tinh-de-ban-huyen-cao-lanh-dong-thap/110782146.htm
2152,https://www.chotot.com/mua-ban-may-tinh-de-ban-quan-binh-tan-tp-ho-chi-minh/110782019.htm
2153,https://www.chotot.com/mua-ban-may-tinh-de-ban-quan-dong-da-ha-noi/110781769.htm
2154,https://www.chotot.com/mua-ban-may-tinh-de-ban-quan-hoang-mai-ha-noi/110781755.htm
2155,https://www.chotot.com/mua-ban-may-tinh-de-ban-quan-phu-nhuan-tp-ho-chi-minh/110781715.htm
2156,https://www.chotot.com/mua-ban-may-tinh-de-ban-huyen-yen-phong-bac-ninh/110781430.htm
2157,https://www.chotot.com/mua-ban-may-tinh-de-ban-thanh-pho-tra-vinh-tra-vinh/110781232.htm
2158,https://www.chotot.com/mua-ban-may-tinh-de-ban-huyen-thanh-tri-ha-noi/110781098.htm
2159,https://www.chotot.com/mua-ban-may-tinh-de-ban-thanh-pho-rach-gia-kien-giang/110781044.htm
2160,https://www.chotot.com/mua-ban-may-tinh-de-ban-quan-cau-giay-ha-noi/106682499.htm
2161,https://www.chotot.com/mua-ban-may-tinh-de-ban-quan-dong-da-ha-noi/106798117.htm
2162,https://www.chotot.com/mua-ban-may-tinh-de-ban-quan-dong-da-ha-noi/107233649.htm
2163,https://www.chotot.com/mua-ban-may-tinh-de-ban-huyen-tuan-giao-dien-bien/110780357.htm
2164,https://www.chotot.com/mua-ban-may-tinh-de-ban-thanh-pho-hue-thua-thien-hue/110780110.htm
2165,https://www.chotot.com/mua-ban-may-tinh-de-ban-thanh-pho-thu-duc-tp-ho-chi-minh/110779895.htm
2166,https://www.chotot.com/mua-ban-may-tinh-de-ban-thanh-pho-thuan-an-binh-duong/110779784.htm
2167,https://www.chotot.com/mua-ban-may-tinh-de-ban-thanh-pho-qui-nhon-binh-dinh/110779778.htm
2168,https://www.chotot.com/mua-ban-may-tinh-de-ban-thanh-pho-thu-duc-tp-ho-chi-minh/110779744.htm
2169,https://www.chotot.com/mua-ban-may-tinh-de-ban-thanh-pho-song-cong-thai-nguyen/110779634.htm
2170,https://www.chotot.com/mua-ban-may-tinh-de-ban-thanh-pho-bien-hoa-dong-nai/110779405.htm
2171,https://www.chotot.com/mua-ban-may-tinh-de-ban-quan-cau-giay-ha-noi/110533839.htm
2172,https://www.chotot.com/mua-ban-may-tinh-de-ban-quan-8-tp-ho-chi-minh/110779209.htm
2173,https://www.chotot.com/mua-ban-may-tinh-de-ban-huyen-krong-a-na-dak-lak/110779179.htm
2174,https://www.chotot.com/mua-ban-may-tinh-de-ban-huyen-lam-ha-lam-dong/110778994.htm
2175,https://www.chotot.com/mua-ban-may-tinh-de-ban-quan-7-tp-ho-chi-minh/110778950.htm
2176,https://www.chotot.com/mua-ban-may-tinh-de-ban-quan-bac-tu-liem-ha-noi/110778898.htm
2177,https://www.chotot.com/mua-ban-may-tinh-de-ban-huyen-phu-ninh-phu-tho/110778763.htm
2178,https://www.chotot.com/mua-ban-may-tinh-de-ban-quan-lien-chieu-da-nang/110778735.htm
2179,https://www.chotot.com/mua-ban-may-tinh-de-ban-huyen-hoai-duc-ha-noi/110778680.htm
2180,https://www.chotot.com/mua-ban-may-tinh-de-ban-quan-cau-giay-ha-noi/110023555.htm
2181,https://www.chotot.com/mua-ban-may-tinh-de-ban-thanh-pho-nam-dinh-nam-dinh/110013109.htm
2182,https://www.chotot.com/mua-ban-may-tinh-de-ban-quan-go-vap-tp-ho-chi-minh/110778414.htm
2183,https://www.chotot.com/mua-ban-may-tinh-de-ban-quan-tan-phu-tp-ho-chi-minh/110083110.htm#px=SR-special_display_ad-[PO-14][PL-default]
2184,https://www.chotot.com/mua-ban-may-tinh-de-ban-quan-7-tp-ho-chi-minh/110778367.htm
2185,https://www.chotot.com/mua-ban-may-tinh-de-ban-quan-12-tp-ho-chi-minh/110778332.htm
2186,https://www.chotot.com/mua-ban-may-tinh-de-ban-thanh-pho-nam-dinh-nam-dinh/109802392.htm
2187,https://www.chotot.com/mua-ban-may-tinh-de-ban-thi-xa-phu-my-ba-ria-vung-tau/110778164.htm
2188,https://www.chotot.com/mua-ban-may-tinh-de-ban-quan-go-vap-tp-ho-chi-minh/110778074.htm
2189,https://www.chotot.com/mua-ban-may-tinh-de-ban-thanh-pho-nam-dinh-nam-dinh/109802215.htm
2190,https://www.chotot.com/mua-ban-may-tinh-de-ban-huyen-hoc-mon-tp-ho-chi-minh/110777882.htm
2191,https://www.chotot.com/mua-ban-may-tinh-de-ban-quan-binh-tan-tp-ho-chi-minh/110777667.htm
2192,https://www.chotot.com/mua-ban-may-tinh-de-ban-quan-lien-chieu-da-nang/110777400.htm
2193,https://www.chotot.com/mua-ban-may-tinh-de-ban-quan-12-tp-ho-chi-minh/110777304.htm
2194,https://www.chotot.com/mua-ban-may-tinh-de-ban-huyen-thanh-oai-ha-noi/110776797.htm
2195,https://www.chotot.com/mua-ban-may-tinh-de-ban-huyen-binh-chanh-tp-ho-chi-minh/110776531.htm
2196,https://www.chotot.com/mua-ban-may-tinh-de-ban-thanh-pho-soc-trang-soc-trang/108369889.htm
2197,https://www.chotot.com/mua-ban-may-tinh-de-ban-quan-binh-tan-tp-ho-chi-minh/110776388.htm
2198,https://www.chotot.com/mua-ban-may-tinh-de-ban-quan-bac-tu-liem-ha-noi/109752031.htm
2199,https://www.chotot.com/mua-ban-may-tinh-de-ban-quan-dong-da-ha-noi/106507892.htm
2200,https://www.chotot.com/mua-ban-may-tinh-de-ban-quan-tan-phu-tp-ho-chi-minh/108536361.htm
2201,https://www.chotot.com/mua-ban-may-tinh-de-ban-quan-tan-phu-tp-ho-chi-minh/107241636.htm
2202,https://www.chotot.com/mua-ban-may-tinh-de-ban-quan-tan-phu-tp-ho-chi-minh/104134270.htm
2203,https://www.chotot.com/mua-ban-may-tinh-de-ban-huyen-yen-lac-vinh-phuc/110775942.htm
2204,https://www.chotot.com/mua-ban-may-tinh-de-ban-quan-kien-an-hai-phong/110775486.htm
2205,https://www.chotot.com/mua-ban-may-tinh-de-ban-quan-12-tp-ho-chi-minh/110461876.htm
2206,https://www.chotot.com/mua-ban-may-tinh-de-ban-quan-binh-tan-tp-ho-chi-minh/110775192.htm
2207,https://www.chotot.com/mua-ban-may-tinh-de-ban-thanh-pho-hue-thua-thien-hue/110774919.htm
2208,https://www.chotot.com/mua-ban-may-tinh-de-ban-thanh-pho-bien-hoa-dong-nai/110774499.htm
2209,https://www.chotot.com/mua-ban-may-tinh-de-ban-huyen-an-phu-an-giang/110774228.htm
2210,https://www.chotot.com/mua-ban-may-tinh-de-ban-quan-bac-tu-liem-ha-noi/110773851.htm
2211,https://www.chotot.com/mua-ban-may-tinh-de-ban-quan-go-vap-tp-ho-chi-minh/110773814.htm
2212,https://www.chotot.com/mua-ban-may-tinh-de-ban-quan-ha-dong-ha-noi/110773558.htm
2213,https://www.chotot.com/mua-ban-may-tinh-de-ban-thanh-pho-thu-duc-tp-ho-chi-minh/110773389.htm
2214,https://www.chotot.com/mua-ban-may-tinh-de-ban-quan-ba-dinh-ha-noi/110773138.htm
2215,https://www.chotot.com/mua-ban-may-tinh-de-ban-quan-hoang-mai-ha-noi/110772792.htm
2216,https://www.chotot.com/mua-ban-may-tinh-de-ban-thanh-pho-tay-ninh-tay-ninh/110772760.htm
2217,https://www.chotot.com/mua-ban-may-tinh-de-ban-quan-tan-binh-tp-ho-chi-minh/104323321.htm
2218,https://www.chotot.com/mua-ban-may-tinh-de-ban-quan-thanh-xuan-ha-noi/110772182.htm
2219,https://www.chotot.com/mua-ban-may-tinh-de-ban-quan-dong-da-ha-noi/110772174.htm
2220,https://www.chotot.com/mua-ban-may-tinh-de-ban-quan-ha-dong-ha-noi/110772164.htm
2221,https://www.chotot.com/mua-ban-may-tinh-de-ban-thanh-pho-buon-ma-thuot-dak-lak/110771786.htm
2222,https://www.chotot.com/mua-ban-may-tinh-de-ban-huyen-cu-chi-tp-ho-chi-minh/110771472.htm
2223,https://www.chotot.com/mua-ban-may-tinh-de-ban-thanh-pho-thu-duc-tp-ho-chi-minh/110771407.htm
2224,https://www.chotot.com/mua-ban-may-tinh-de-ban-quan-tan-phu-tp-ho-chi-minh/110771140.htm
2225,https://www.chotot.com/mua-ban-may-tinh-de-ban-quan-go-vap-tp-ho-chi-minh/110770740.htm
2226,https://www.chotot.com/mua-ban-may-tinh-de-ban-quan-go-vap-tp-ho-chi-minh/110770718.htm
2227,https://www.chotot.com/mua-ban-may-tinh-de-ban-quan-thanh-khe-da-nang/110770302.htm
2228,https://www.chotot.com/mua-ban-may-tinh-de-ban-quan-nam-tu-liem-ha-noi/110770291.htm
2229,https://www.chotot.com/mua-ban-may-tinh-de-ban-quan-ngu-hanh-son-da-nang/110770102.htm
2230,https://www.chotot.com/mua-ban-may-tinh-de-ban-quan-lien-chieu-da-nang/110770077.htm
2231,https://www.chotot.com/mua-ban-may-tinh-de-ban-quan-1-tp-ho-chi-minh/110770021.htm
2232,https://www.chotot.com/mua-ban-may-tinh-de-ban-thi-xa-dien-ban-quang-nam/110769922.htm
2233,https://www.chotot.com/mua-ban-may-tinh-de-ban-thi-xa-dien-ban-quang-nam/110769808.htm
2234,https://www.chotot.com/mua-ban-may-tinh-de-ban-quan-7-tp-ho-chi-minh/110769613.htm
2235,https://www.chotot.com/mua-ban-may-tinh-de-ban-quan-binh-thanh-tp-ho-chi-minh/110769387.htm
2236,https://www.chotot.com/mua-ban-may-tinh-de-ban-thanh-pho-thu-duc-tp-ho-chi-minh/109468765.htm
2237,https://www.chotot.com/mua-ban-may-tinh-de-ban-quan-12-tp-ho-chi-minh/110769055.htm
2238,https://www.chotot.com/mua-ban-may-tinh-de-ban-quan-hai-ba-trung-ha-noi/110768894.htm
2239,https://www.chotot.com/mua-ban-may-tinh-de-ban-quan-go-vap-tp-ho-chi-minh/110768714.htm
2240,https://www.chotot.com/mua-ban-may-tinh-de-ban-thanh-pho-thu-duc-tp-ho-chi-minh/109468389.htm
2241,https://www.chotot.com/mua-ban-may-tinh-de-ban-quan-binh-thanh-tp-ho-chi-minh/110738417.htm
2242,https://www.chotot.com/mua-ban-may-tinh-de-ban-thanh-pho-vinh-nghe-an/110768483.htm
2243,https://www.chotot.com/mua-ban-may-tinh-de-ban-quan-go-vap-tp-ho-chi-minh/110768395.htm
2244,https://www.chotot.com/mua-ban-may-tinh-de-ban-quan-12-tp-ho-chi-minh/110768261.htm
2245,https://www.chotot.com/mua-ban-may-tinh-de-ban-quan-go-vap-tp-ho-chi-minh/108413695.htm
2246,https://www.chotot.com/mua-ban-may-tinh-de-ban-quan-tan-phu-tp-ho-chi-minh/110768057.htm
2247,https://www.chotot.com/mua-ban-may-tinh-de-ban-quan-tan-binh-tp-ho-chi-minh/110738018.htm
2248,https://www.chotot.com/mua-ban-may-tinh-de-ban-quan-go-vap-tp-ho-chi-minh/110767883.htm
2249,https://www.chotot.com/mua-ban-may-tinh-de-ban-thanh-pho-di-an-binh-duong/110767843.htm
2250,https://www.chotot.com/mua-ban-may-tinh-de-ban-quan-nam-tu-liem-ha-noi/110204183.htm
2251,https://www.chotot.com/mua-ban-may-tinh-de-ban-thanh-pho-buon-ma-thuot-dak-lak/110767661.htm
2252,https://www.chotot.com/mua-ban-may-tinh-de-ban-quan-ngu-hanh-son-da-nang/110767584.htm
2253,https://www.chotot.com/mua-ban-may-tinh-de-ban-quan-bac-tu-liem-ha-noi/110395736.htm
2254,https://www.chotot.com/mua-ban-may-tinh-de-ban-quan-ba-dinh-ha-noi/110360389.htm
2255,https://www.chotot.com/mua-ban-may-tinh-de-ban-quan-ninh-kieu-can-tho/110767055.htm
2256,https://www.chotot.com/mua-ban-may-tinh-de-ban-quan-phu-nhuan-tp-ho-chi-minh/110766569.htm
2257,https://www.chotot.com/mua-ban-may-tinh-de-ban-quan-tan-phu-tp-ho-chi-minh/99347133.htm
2258,https://www.chotot.com/mua-ban-may-tinh-de-ban-quan-tan-binh-tp-ho-chi-minh/110766245.htm
2259,https://www.chotot.com/mua-ban-may-tinh-de-ban-quan-11-tp-ho-chi-minh/110765806.htm
2260,https://www.chotot.com/mua-ban-may-tinh-de-ban-quan-hai-ba-trung-ha-noi/110765747.htm
2261,https://www.chotot.com/mua-ban-may-tinh-de-ban-thanh-pho-hue-thua-thien-hue/110765261.htm
2262,https://www.chotot.com/mua-ban-may-tinh-de-ban-quan-cau-giay-ha-noi/110765179.htm
2263,https://www.chotot.com/mua-ban-may-tinh-de-ban-quan-binh-tan-tp-ho-chi-minh/110765086.htm
2264,https://www.chotot.com/mua-ban-may-tinh-de-ban-thanh-pho-bien-hoa-dong-nai/110764700.htm
2265,https://www.chotot.com/mua-ban-may-tinh-de-ban-quan-10-tp-ho-chi-minh/110764216.htm
2266,https://www.chotot.com/mua-ban-may-tinh-de-ban-quan-10-tp-ho-chi-minh/110764214.htm
2267,https://www.chotot.com/mua-ban-may-tinh-de-ban-quan-6-tp-ho-chi-minh/110706641.htm
2268,https://www.chotot.com/mua-ban-may-tinh-de-ban-quan-cau-giay-ha-noi/110763903.htm
2269,https://www.chotot.com/mua-ban-may-tinh-de-ban-quan-thanh-xuan-ha-noi/110763707.htm
2270,https://www.chotot.com/mua-ban-may-tinh-de-ban-quan-go-vap-tp-ho-chi-minh/109012445.htm
2271,https://www.chotot.com/mua-ban-may-tinh-de-ban-quan-go-vap-tp-ho-chi-minh/106715004.htm
2272,https://www.chotot.com/mua-ban-may-tinh-de-ban-quan-go-vap-tp-ho-chi-minh/109017934.htm
2273,https://www.chotot.com/mua-ban-may-tinh-de-ban-quan-go-vap-tp-ho-chi-minh/106684135.htm
2274,https://www.chotot.com/mua-ban-may-tinh-de-ban-quan-go-vap-tp-ho-chi-minh/110762963.htm
2275,https://www.chotot.com/mua-ban-may-tinh-de-ban-quan-12-tp-ho-chi-minh/110762644.htm
2276,https://www.chotot.com/mua-ban-may-tinh-de-ban-quan-bac-tu-liem-ha-noi/110762401.htm
2277,https://www.chotot.com/mua-ban-may-tinh-de-ban-thanh-pho-buon-ma-thuot-dak-lak/110762217.htm
2278,https://www.chotot.com/mua-ban-may-tinh-de-ban-quan-bac-tu-liem-ha-noi/110762081.htm
2279,https://www.chotot.com/mua-ban-may-tinh-de-ban-quan-bac-tu-liem-ha-noi/110761819.htm
2280,https://www.chotot.com/mua-ban-may-tinh-de-ban-thanh-pho-soc-trang-soc-trang/110761666.htm
2281,https://www.chotot.com/mua-ban-may-tinh-de-ban-quan-cam-le-da-nang/110761634.htm
2282,https://www.chotot.com/mua-ban-may-tinh-de-ban-quan-binh-thanh-tp-ho-chi-minh/110761440.htm
2283,https://www.chotot.com/mua-ban-may-tinh-de-ban-quan-tan-phu-tp-ho-chi-minh/110760967.htm
2284,https://www.chotot.com/mua-ban-may-tinh-de-ban-quan-go-vap-tp-ho-chi-minh/107328262.htm
2285,https://www.chotot.com/mua-ban-may-tinh-de-ban-quan-12-tp-ho-chi-minh/110760886.htm
2286,https://www.chotot.com/mua-ban-may-tinh-de-ban-quan-nam-tu-liem-ha-noi/110760746.htm
2287,https://www.chotot.com/mua-ban-may-tinh-de-ban-quan-ha-dong-ha-noi/110760732.htm
2288,https://www.chotot.com/mua-ban-may-tinh-de-ban-quan-tan-binh-tp-ho-chi-minh/109712222.htm
2289,https://www.chotot.com/mua-ban-may-tinh-de-ban-quan-11-tp-ho-chi-minh/110760317.htm
2290,https://www.chotot.com/mua-ban-may-tinh-de-ban-quan-go-vap-tp-ho-chi-minh/107274411.htm
2291,https://www.chotot.com/mua-ban-may-tinh-de-ban-quan-ha-dong-ha-noi/110759866.htm
2292,https://www.chotot.com/mua-ban-may-tinh-de-ban-quan-thanh-xuan-ha-noi/110759210.htm
2293,https://www.chotot.com/mua-ban-may-tinh-de-ban-huyen-krong-pac-dak-lak/110758696.htm
2294,https://www.chotot.com/mua-ban-may-tinh-de-ban-thanh-pho-vinh-nghe-an/110758650.htm
2295,https://www.chotot.com/mua-ban-may-tinh-de-ban-quan-11-tp-ho-chi-minh/110758338.htm
2296,https://www.chotot.com/mua-ban-may-tinh-de-ban-huyen-an-duong-hai-phong/110758105.htm
2297,https://www.chotot.com/mua-ban-may-tinh-de-ban-huyen-an-duong-hai-phong/110757969.htm
2298,https://www.chotot.com/mua-ban-may-tinh-de-ban-quan-go-vap-tp-ho-chi-minh/103682416.htm
2299,https://www.chotot.com/mua-ban-may-tinh-de-ban-thanh-pho-hue-thua-thien-hue/110757826.htm
2300,https://www.chotot.com/mua-ban-may-tinh-de-ban-huyen-viet-yen-bac-giang/110757448.htm
2301,https://www.chotot.com/mua-ban-may-tinh-de-ban-thanh-pho-thu-duc-tp-ho-chi-minh/110756602.htm
2302,https://www.chotot.com/mua-ban-may-tinh-de-ban-quan-ninh-kieu-can-tho/110666280.htm
2303,https://www.chotot.com/mua-ban-may-tinh-de-ban-quan-bac-tu-liem-ha-noi/110756173.htm
2304,https://www.chotot.com/mua-ban-may-tinh-de-ban-thanh-pho-thu-duc-tp-ho-chi-minh/110756161.htm
2305,https://www.chotot.com/mua-ban-may-tinh-de-ban-quan-binh-tan-tp-ho-chi-minh/110756077.htm
2306,https://www.chotot.com/mua-ban-may-tinh-de-ban-huyen-cu-chi-tp-ho-chi-minh/110755965.htm
2307,https://www.chotot.com/mua-ban-may-tinh-de-ban-quan-tan-phu-tp-ho-chi-minh/110755834.htm
2308,https://www.chotot.com/mua-ban-may-tinh-de-ban-quan-go-vap-tp-ho-chi-minh/107539994.htm
2309,https://www.chotot.com/mua-ban-may-tinh-de-ban-quan-go-vap-tp-ho-chi-minh/110646557.htm
2310,https://www.chotot.com/mua-ban-may-tinh-de-ban-quan-tan-phu-tp-ho-chi-minh/107865430.htm
2311,https://www.chotot.com/mua-ban-may-tinh-de-ban-huyen-duc-hoa-long-an/110754597.htm
2312,https://www.chotot.com/mua-ban-may-tinh-de-ban-quan-binh-tan-tp-ho-chi-minh/103058235.htm
2313,https://www.chotot.com/mua-ban-may-tinh-de-ban-quan-go-vap-tp-ho-chi-minh/110754540.htm
2314,https://www.chotot.com/mua-ban-may-tinh-de-ban-huyen-hoai-duc-ha-noi/110754493.htm
2315,https://www.chotot.com/mua-ban-may-tinh-de-ban-quan-12-tp-ho-chi-minh/110754346.htm
2316,https://www.chotot.com/mua-ban-may-tinh-de-ban-quan-thanh-xuan-ha-noi/109863852.htm
2317,https://www.chotot.com/mua-ban-may-tinh-de-ban-huyen-long-thanh-dong-nai/110753847.htm
2318,https://www.chotot.com/mua-ban-may-tinh-de-ban-quan-go-vap-tp-ho-chi-minh/110275772.htm
2319,https://www.chotot.com/mua-ban-may-tinh-de-ban-thanh-pho-thai-binh-thai-binh/110753485.htm
2320,https://www.chotot.com/mua-ban-may-tinh-de-ban-quan-binh-thuy-can-tho/110753468.htm
2321,https://www.chotot.com/mua-ban-may-tinh-de-ban-huyen-nha-be-tp-ho-chi-minh/110753457.htm
2322,https://www.chotot.com/mua-ban-may-tinh-de-ban-huyen-hoc-mon-tp-ho-chi-minh/110753210.htm
2323,https://www.chotot.com/mua-ban-may-tinh-de-ban-quan-ninh-kieu-can-tho/110753080.htm
2324,https://www.chotot.com/mua-ban-may-tinh-de-ban-quan-tan-phu-tp-ho-chi-minh/110557115.htm
2325,https://www.chotot.com/mua-ban-may-tinh-de-ban-thanh-pho-vinh-long-vinh-long/110752871.htm
2326,https://www.chotot.com/mua-ban-may-tinh-de-ban-quan-binh-thanh-tp-ho-chi-minh/110752711.htm
2327,https://www.chotot.com/mua-ban-may-tinh-de-ban-quan-tan-phu-tp-ho-chi-minh/110752699.htm
2328,https://www.chotot.com/mua-ban-may-tinh-de-ban-quan-binh-tan-tp-ho-chi-minh/109054515.htm
2329,https://www.chotot.com/mua-ban-may-tinh-de-ban-quan-hoang-mai-ha-noi/110752337.htm
2330,https://www.chotot.com/mua-ban-may-tinh-de-ban-quan-bac-tu-liem-ha-noi/108748106.htm
2331,https://www.chotot.com/mua-ban-may-tinh-de-ban-thanh-pho-viet-tri-phu-tho/108739859.htm
2332,https://www.chotot.com/mua-ban-may-tinh-de-ban-quan-dong-da-ha-noi/108303681.htm
2333,https://www.chotot.com/mua-ban-may-tinh-de-ban-quan-hoang-mai-ha-noi/110752225.htm
2334,https://www.chotot.com/mua-ban-may-tinh-de-ban-quan-hai-ba-trung-ha-noi/110752170.htm
2335,https://www.chotot.com/mua-ban-may-tinh-de-ban-thanh-pho-thu-duc-tp-ho-chi-minh/106935600.htm
2336,https://www.chotot.com/mua-ban-may-tinh-de-ban-thanh-pho-thu-duc-tp-ho-chi-minh/104665656.htm
2337,https://www.chotot.com/mua-ban-may-tinh-de-ban-quan-thanh-khe-da-nang/110752020.htm
2338,https://www.chotot.com/mua-ban-may-tinh-de-ban-quan-cau-giay-ha-noi/110751941.htm
2339,https://www.chotot.com/mua-ban-may-tinh-de-ban-quan-ha-dong-ha-noi/110751877.htm
2340,https://www.chotot.com/mua-ban-may-tinh-de-ban-huyen-hoai-duc-ha-noi/110751493.htm
2341,https://www.chotot.com/mua-ban-may-tinh-de-ban-thanh-pho-bao-loc-lam-dong/110751439.htm
2342,https://www.chotot.com/mua-ban-may-tinh-de-ban-quan-8-tp-ho-chi-minh/110751403.htm
2343,https://www.chotot.com/mua-ban-may-tinh-de-ban-quan-hai-ba-trung-ha-noi/110751160.htm
2344,https://www.chotot.com/mua-ban-may-tinh-de-ban-quan-ha-dong-ha-noi/110311124.htm
2345,https://www.chotot.com/mua-ban-may-tinh-de-ban-huyen-nhon-trach-dong-nai/110750756.htm
2346,https://www.chotot.com/mua-ban-may-tinh-de-ban-quan-nam-tu-liem-ha-noi/110750746.htm
2347,https://www.chotot.com/mua-ban-may-tinh-de-ban-quan-ha-dong-ha-noi/108781364.htm
2348,https://www.chotot.com/mua-ban-may-tinh-de-ban-thanh-pho-thu-duc-tp-ho-chi-minh/110750397.htm
2349,https://www.chotot.com/mua-ban-may-tinh-de-ban-thanh-pho-thu-duc-tp-ho-chi-minh/110749936.htm
2350,https://www.chotot.com/mua-ban-may-tinh-de-ban-quan-ha-dong-ha-noi/110749875.htm
2351,https://www.chotot.com/mua-ban-may-tinh-de-ban-quan-ha-dong-ha-noi/110749630.htm
2352,https://www.chotot.com/mua-ban-may-tinh-de-ban-quan-binh-tan-tp-ho-chi-minh/110749527.htm
2353,https://www.chotot.com/mua-ban-may-tinh-de-ban-thi-xa-tan-uyen-binh-duong/110749519.htm
2354,https://www.chotot.com/mua-ban-may-tinh-de-ban-quan-ninh-kieu-can-tho/110749399.htm
2355,https://www.chotot.com/mua-ban-may-tinh-de-ban-quan-go-vap-tp-ho-chi-minh/110749237.htm
2356,https://www.chotot.com/mua-ban-may-tinh-de-ban-quan-6-tp-ho-chi-minh/110748945.htm
2357,https://www.chotot.com/mua-ban-may-tinh-de-ban-quan-ha-dong-ha-noi/110748769.htm
2358,https://www.chotot.com/mua-ban-may-tinh-de-ban-quan-1-tp-ho-chi-minh/110748557.htm
2359,https://www.chotot.com/mua-ban-may-tinh-de-ban-thanh-pho-thu-duc-tp-ho-chi-minh/110748427.htm
2360,https://www.chotot.com/mua-ban-may-tinh-de-ban-quan-7-tp-ho-chi-minh/110748370.htm
2361,https://www.chotot.com/mua-ban-may-tinh-de-ban-quan-tan-phu-tp-ho-chi-minh/110748335.htm
2362,https://www.chotot.com/mua-ban-may-tinh-de-ban-quan-tan-binh-tp-ho-chi-minh/106080405.htm
2363,https://www.chotot.com/mua-ban-may-tinh-de-ban-quan-tan-binh-tp-ho-chi-minh/108533206.htm
2364,https://www.chotot.com/mua-ban-may-tinh-de-ban-quan-1-tp-ho-chi-minh/110747981.htm
2365,https://www.chotot.com/mua-ban-may-tinh-de-ban-quan-thanh-xuan-ha-noi/110747884.htm
2366,https://www.chotot.com/mua-ban-may-tinh-de-ban-quan-tan-binh-tp-ho-chi-minh/110747589.htm
2367,https://www.chotot.com/mua-ban-may-tinh-de-ban-quan-hoang-mai-ha-noi/110747329.htm
2368,https://www.chotot.com/mua-ban-may-tinh-de-ban-huyen-giao-thuy-nam-dinh/110747189.htm
2369,https://www.chotot.com/mua-ban-may-tinh-de-ban-quan-11-tp-ho-chi-minh/110736636.htm
2370,https://www.chotot.com/mua-ban-may-tinh-de-ban-quan-12-tp-ho-chi-minh/110746757.htm
2371,https://www.chotot.com/mua-ban-may-tinh-de-ban-thanh-pho-long-khanh-dong-nai/110746732.htm
2372,https://www.chotot.com/mua-ban-may-tinh-de-ban-thanh-pho-vung-tau-ba-ria-vung-tau/101873196.htm
2373,https://www.chotot.com/mua-ban-may-tinh-de-ban-quan-go-vap-tp-ho-chi-minh/110746414.htm
2374,https://www.chotot.com/mua-ban-may-tinh-de-ban-quan-hai-ba-trung-ha-noi/110745984.htm
2375,https://www.chotot.com/mua-ban-may-tinh-de-ban-quan-ninh-kieu-can-tho/110123350.htm
2376,https://www.chotot.com/mua-ban-may-tinh-de-ban-quan-binh-thuy-can-tho/110745666.htm
2377,https://www.chotot.com/mua-ban-may-tinh-de-ban-quan-ninh-kieu-can-tho/109917975.htm
2378,https://www.chotot.com/mua-ban-may-tinh-de-ban-quan-12-tp-ho-chi-minh/110745569.htm
2379,https://www.chotot.com/mua-ban-may-tinh-de-ban-quan-ba-dinh-ha-noi/110744735.htm
2380,https://www.chotot.com/mua-ban-may-tinh-de-ban-quan-ninh-kieu-can-tho/110744659.htm
2381,https://www.chotot.com/mua-ban-may-tinh-de-ban-quan-6-tp-ho-chi-minh/110368412.htm
2382,https://www.chotot.com/mua-ban-may-tinh-de-ban-quan-hai-ba-trung-ha-noi/110744226.htm
2383,https://www.chotot.com/mua-ban-may-tinh-de-ban-quan-ngu-hanh-son-da-nang/110744217.htm
2384,https://www.chotot.com/mua-ban-may-tinh-de-ban-quan-6-tp-ho-chi-minh/110743979.htm
2385,https://www.chotot.com/mua-ban-may-tinh-de-ban-thanh-pho-di-an-binh-duong/110743818.htm
2386,https://www.chotot.com/mua-ban-may-tinh-de-ban-quan-bac-tu-liem-ha-noi/107673172.htm
2387,https://www.chotot.com/mua-ban-may-tinh-de-ban-quan-6-tp-ho-chi-minh/110576996.htm
2388,https://www.chotot.com/mua-ban-may-tinh-de-ban-quan-binh-thanh-tp-ho-chi-minh/110037378.htm
2389,https://www.chotot.com/mua-ban-may-tinh-de-ban-thanh-pho-di-an-binh-duong/110743081.htm
2390,https://www.chotot.com/mua-ban-may-tinh-de-ban-quan-bac-tu-liem-ha-noi/110662745.htm
2391,https://www.chotot.com/mua-ban-may-tinh-de-ban-quan-6-tp-ho-chi-minh/110145517.htm
2392,https://www.chotot.com/mua-ban-may-tinh-de-ban-huyen-nga-son-thanh-hoa/110742661.htm
2393,https://www.chotot.com/mua-ban-may-tinh-de-ban-quan-thanh-xuan-ha-noi/110649168.htm
2394,https://www.chotot.com/mua-ban-may-tinh-de-ban-quan-bac-tu-liem-ha-noi/110710724.htm
2395,https://www.chotot.com/mua-ban-may-tinh-de-ban-quan-6-tp-ho-chi-minh/110742468.htm
2396,https://www.chotot.com/mua-ban-may-tinh-de-ban-huyen-lap-thach-vinh-phuc/110742221.htm
2397,https://www.chotot.com/mua-ban-may-tinh-de-ban-thanh-pho-buon-ma-thuot-dak-lak/110741910.htm
2398,https://www.chotot.com/mua-ban-may-tinh-de-ban-quan-ngu-hanh-son-da-nang/110741681.htm
2399,https://www.chotot.com/mua-ban-may-tinh-de-ban-quan-bac-tu-liem-ha-noi/110741543.htm
2400,https://www.chotot.com/mua-ban-may-tinh-de-ban-quan-hai-an-hai-phong/110741502.htm
2401,https://www.chotot.com/mua-ban-may-tinh-de-ban-thanh-pho-buon-ma-thuot-dak-lak/110153998.htm
2402,https://www.chotot.com/mua-ban-may-tinh-de-ban-quan-12-tp-ho-chi-minh/110741382.htm
2403,https://www.chotot.com/mua-ban-may-tinh-de-ban-thanh-pho-buon-ma-thuot-dak-lak/110741025.htm
2404,https://www.chotot.com/mua-ban-may-tinh-de-ban-quan-go-vap-tp-ho-chi-minh/110740686.htm
2405,https://www.chotot.com/mua-ban-may-tinh-de-ban-quan-dong-da-ha-noi/110740666.htm
2406,https://www.chotot.com/mua-ban-may-tinh-de-ban-thanh-pho-thu-duc-tp-ho-chi-minh/110740493.htm
2407,https://www.chotot.com/mua-ban-may-tinh-de-ban-quan-binh-thanh-tp-ho-chi-minh/110534387.htm
2408,https://www.chotot.com/mua-ban-may-tinh-de-ban-quan-binh-thanh-tp-ho-chi-minh/110739925.htm
2409,https://www.chotot.com/mua-ban-may-tinh-de-ban-quan-binh-thanh-tp-ho-chi-minh/110739623.htm
2410,https://www.chotot.com/mua-ban-may-tinh-de-ban-quan-ngu-hanh-son-da-nang/110739398.htm
2411,https://www.chotot.com/mua-ban-may-tinh-de-ban-quan-binh-thanh-tp-ho-chi-minh/110249587.htm
2412,https://www.chotot.com/mua-ban-may-tinh-de-ban-quan-binh-thanh-tp-ho-chi-minh/110739002.htm
2413,https://www.chotot.com/mua-ban-may-tinh-de-ban-quan-son-tra-da-nang/110738779.htm
2414,https://www.chotot.com/mua-ban-may-tinh-de-ban-quan-cau-giay-ha-noi/110738741.htm
2415,https://www.chotot.com/mua-ban-may-tinh-de-ban-quan-6-tp-ho-chi-minh/110738450.htm
2416,https://www.chotot.com/mua-ban-may-tinh-de-ban-quan-11-tp-ho-chi-minh/110560418.htm
2417,https://www.chotot.com/mua-ban-may-tinh-de-ban-quan-tan-phu-tp-ho-chi-minh/110358501.htm
2418,https://www.chotot.com/mua-ban-may-tinh-de-ban-quan-3-tp-ho-chi-minh/110737624.htm
2419,https://www.chotot.com/mua-ban-may-tinh-de-ban-quan-11-tp-ho-chi-minh/110737471.htm
2420,https://www.chotot.com/mua-ban-may-tinh-de-ban-thanh-pho-bien-hoa-dong-nai/110679645.htm
2421,https://www.chotot.com/mua-ban-may-tinh-de-ban-huyen-xuyen-moc-ba-ria-vung-tau/110736909.htm
2422,https://www.chotot.com/mua-ban-may-tinh-de-ban-quan-ninh-kieu-can-tho/110736670.htm
2423,https://www.chotot.com/mua-ban-may-tinh-de-ban-quan-6-tp-ho-chi-minh/110367371.htm
2424,https://www.chotot.com/mua-ban-may-tinh-de-ban-quan-go-vap-tp-ho-chi-minh/110736382.htm
2425,https://www.chotot.com/mua-ban-may-tinh-de-ban-quan-go-vap-tp-ho-chi-minh/110736153.htm
2426,https://www.chotot.com/mua-ban-may-tinh-de-ban-quan-tan-binh-tp-ho-chi-minh/110736111.htm
2427,https://www.chotot.com/mua-ban-may-tinh-de-ban-thanh-pho-thu-duc-tp-ho-chi-minh/110087037.htm
2428,https://www.chotot.com/mua-ban-may-tinh-de-ban-huyen-can-giuoc-long-an/110735957.htm
2429,https://www.chotot.com/mua-ban-may-tinh-de-ban-thanh-pho-di-an-binh-duong/108045918.htm
2430,https://www.chotot.com/mua-ban-may-tinh-de-ban-thanh-pho-thu-dau-mot-binh-duong/110735703.htm
2431,https://www.chotot.com/mua-ban-may-tinh-de-ban-thanh-pho-tam-ky-quang-nam/110735607.htm
2432,https://www.chotot.com/mua-ban-may-tinh-de-ban-thanh-pho-thu-duc-tp-ho-chi-minh/110659005.htm#px=SR-special_display_ad-[PO-3][PL-default]
2433,https://www.chotot.com/mua-ban-may-tinh-de-ban-thanh-pho-tam-ky-quang-nam/110735373.htm
2434,https://www.chotot.com/mua-ban-may-tinh-de-ban-thanh-pho-tan-an-long-an/110735321.htm
2435,https://www.chotot.com/mua-ban-may-tinh-de-ban-quan-12-tp-ho-chi-minh/110735046.htm
2436,https://www.chotot.com/mua-ban-may-tinh-de-ban-thanh-pho-da-lat-lam-dong/108270417.htm
2437,https://www.chotot.com/mua-ban-may-tinh-de-ban-thanh-pho-da-lat-lam-dong/108847187.htm
2438,https://www.chotot.com/mua-ban-may-tinh-de-ban-thanh-pho-da-lat-lam-dong/108255743.htm
2439,https://www.chotot.com/mua-ban-may-tinh-de-ban-thanh-pho-da-lat-lam-dong/106538166.htm
2440,https://www.chotot.com/mua-ban-may-tinh-de-ban-thanh-pho-da-lat-lam-dong/106244701.htm
2441,https://www.chotot.com/mua-ban-may-tinh-de-ban-thanh-pho-da-lat-lam-dong/106619493.htm
2442,https://www.chotot.com/mua-ban-may-tinh-de-ban-thanh-pho-da-lat-lam-dong/106315438.htm
2443,https://www.chotot.com/mua-ban-may-tinh-de-ban-thanh-pho-da-lat-lam-dong/106614484.htm
2444,https://www.chotot.com/mua-ban-may-tinh-de-ban-thanh-pho-da-lat-lam-dong/108733305.htm
2445,https://www.chotot.com/mua-ban-may-tinh-de-ban-thanh-pho-da-lat-lam-dong/108597636.htm
2446,https://www.chotot.com/mua-ban-may-tinh-de-ban-thanh-pho-thuan-an-binh-duong/110733743.htm
2447,https://www.chotot.com/mua-ban-may-tinh-de-ban-quan-7-tp-ho-chi-minh/110733320.htm
2448,https://www.chotot.com/mua-ban-may-tinh-de-ban-quan-ninh-kieu-can-tho/104461643.htm
2449,https://www.chotot.com/mua-ban-may-tinh-de-ban-thanh-pho-thu-duc-tp-ho-chi-minh/110732200.htm
2450,https://www.chotot.com/mua-ban-may-tinh-de-ban-quan-go-vap-tp-ho-chi-minh/109391783.htm
2451,https://www.chotot.com/mua-ban-may-tinh-de-ban-quan-thanh-xuan-ha-noi/110731736.htm
2452,https://www.chotot.com/mua-ban-may-tinh-de-ban-quan-1-tp-ho-chi-minh/110731380.htm
2453,https://www.chotot.com/mua-ban-may-tinh-de-ban-quan-hai-ba-trung-ha-noi/110730838.htm
2454,https://www.chotot.com/mua-ban-may-tinh-de-ban-quan-6-tp-ho-chi-minh/110730226.htm
2455,https://www.chotot.com/mua-ban-may-tinh-de-ban-thanh-pho-hue-thua-thien-hue/110730221.htm
2456,https://www.chotot.com/mua-ban-may-tinh-de-ban-quan-binh-tan-tp-ho-chi-minh/110674269.htm
2457,https://www.chotot.com/mua-ban-may-tinh-de-ban-thanh-pho-thuan-an-binh-duong/107648892.htm
2458,https://www.chotot.com/mua-ban-may-tinh-de-ban-quan-go-vap-tp-ho-chi-minh/110729839.htm
2459,https://www.chotot.com/mua-ban-may-tinh-de-ban-thanh-pho-phan-rang-thap-cham-ninh-thuan/110729517.htm
2460,https://www.chotot.com/mua-ban-may-tinh-de-ban-quan-12-tp-ho-chi-minh/110729497.htm
2461,https://www.chotot.com/mua-ban-may-tinh-de-ban-quan-ba-dinh-ha-noi/110567260.htm
2462,https://www.chotot.com/mua-ban-may-tinh-de-ban-thanh-pho-thuan-an-binh-duong/110728964.htm
2463,https://www.chotot.com/mua-ban-may-tinh-de-ban-quan-10-tp-ho-chi-minh/110728452.htm
2464,https://www.chotot.com/mua-ban-may-tinh-de-ban-quan-bac-tu-liem-ha-noi/110709720.htm
2465,https://www.chotot.com/mua-ban-may-tinh-de-ban-quan-o-mon-can-tho/110728304.htm
2466,https://www.chotot.com/mua-ban-may-tinh-de-ban-quan-11-tp-ho-chi-minh/110246731.htm
2467,https://www.chotot.com/mua-ban-may-tinh-de-ban-thanh-pho-di-an-binh-duong/110727947.htm
2468,https://www.chotot.com/mua-ban-may-tinh-de-ban-quan-tan-phu-tp-ho-chi-minh/110727909.htm
2469,https://www.chotot.com/mua-ban-may-tinh-de-ban-quan-12-tp-ho-chi-minh/110727726.htm
2470,https://www.chotot.com/mua-ban-may-tinh-de-ban-quan-1-tp-ho-chi-minh/110727394.htm
2471,https://www.chotot.com/mua-ban-may-tinh-de-ban-quan-binh-tan-tp-ho-chi-minh/110727340.htm
2472,https://www.chotot.com/mua-ban-may-tinh-de-ban-quan-thanh-xuan-ha-noi/110486480.htm
2473,https://www.chotot.com/mua-ban-may-tinh-de-ban-quan-binh-tan-tp-ho-chi-minh/110727143.htm
2474,https://www.chotot.com/mua-ban-may-tinh-de-ban-quan-binh-thanh-tp-ho-chi-minh/110727014.htm
2475,https://www.chotot.com/mua-ban-may-tinh-de-ban-quan-lien-chieu-da-nang/110726686.htm
2476,https://www.chotot.com/mua-ban-may-tinh-de-ban-quan-lien-chieu-da-nang/110726494.htm
2477,https://www.chotot.com/mua-ban-may-tinh-de-ban-quan-12-tp-ho-chi-minh/110726381.htm
2478,https://www.chotot.com/mua-ban-may-tinh-de-ban-thanh-pho-buon-ma-thuot-dak-lak/110725740.htm
2479,https://www.chotot.com/mua-ban-may-tinh-de-ban-quan-ngu-hanh-son-da-nang/110667822.htm
2480,https://www.chotot.com/mua-ban-may-tinh-de-ban-quan-hai-chau-da-nang/110724984.htm
2481,https://www.chotot.com/mua-ban-may-tinh-de-ban-quan-tan-binh-tp-ho-chi-minh/108949792.htm
2482,https://www.chotot.com/mua-ban-may-tinh-de-ban-quan-tan-binh-tp-ho-chi-minh/106079811.htm
2483,https://www.chotot.com/mua-ban-may-tinh-de-ban-quan-hai-ba-trung-ha-noi/110724704.htm
2484,https://www.chotot.com/mua-ban-may-tinh-de-ban-quan-tan-binh-tp-ho-chi-minh/108675022.htm
2485,https://www.chotot.com/mua-ban-may-tinh-de-ban-quan-thanh-khe-da-nang/110724678.htm
2486,https://www.chotot.com/mua-ban-may-tinh-de-ban-quan-tan-binh-tp-ho-chi-minh/108641326.htm
2487,https://www.chotot.com/mua-ban-may-tinh-de-ban-quan-tan-binh-tp-ho-chi-minh/108220896.htm
2488,https://www.chotot.com/mua-ban-may-tinh-de-ban-quan-tan-binh-tp-ho-chi-minh/108202309.htm
2489,https://www.chotot.com/mua-ban-may-tinh-de-ban-quan-go-vap-tp-ho-chi-minh/110330003.htm
2490,https://www.chotot.com/mua-ban-may-tinh-de-ban-quan-go-vap-tp-ho-chi-minh/110723971.htm
2491,https://www.chotot.com/mua-ban-may-tinh-de-ban-quan-12-tp-ho-chi-minh/110723702.htm
2492,https://www.chotot.com/mua-ban-may-tinh-de-ban-quan-binh-tan-tp-ho-chi-minh/110692215.htm
2493,https://www.chotot.com/mua-ban-may-tinh-de-ban-quan-binh-tan-tp-ho-chi-minh/110723426.htm
2494,https://www.chotot.com/mua-ban-may-tinh-de-ban-quan-12-tp-ho-chi-minh/110723374.htm
2495,https://www.chotot.com/mua-ban-may-tinh-de-ban-quan-binh-thanh-tp-ho-chi-minh/110723261.htm
2496,https://www.chotot.com/mua-ban-may-tinh-de-ban-huyen-duong-minh-chau-tay-ninh/110722821.htm
2497,https://www.chotot.com/mua-ban-may-tinh-de-ban-quan-tan-phu-tp-ho-chi-minh/110722539.htm
2498,https://www.chotot.com/mua-ban-may-tinh-de-ban-huyen-dong-anh-ha-noi/110722377.htm
2499,https://www.chotot.com/mua-ban-may-tinh-de-ban-quan-binh-tan-tp-ho-chi-minh/110722349.htm
2500,https://www.chotot.com/mua-ban-may-tinh-de-ban-quan-7-tp-ho-chi-minh/110722347.htm
2501,https://www.chotot.com/mua-ban-may-tinh-de-ban-quan-binh-thanh-tp-ho-chi-minh/110722164.htm
2502,https://www.chotot.com/mua-ban-may-tinh-de-ban-quan-tan-binh-tp-ho-chi-minh/110722036.htm
2503,https://www.chotot.com/mua-ban-may-tinh-de-ban-quan-phu-nhuan-tp-ho-chi-minh/110722020.htm
2504,https://www.chotot.com/mua-ban-may-tinh-de-ban-thanh-pho-buon-ma-thuot-dak-lak/110722015.htm
2505,https://www.chotot.com/mua-ban-may-tinh-de-ban-quan-7-tp-ho-chi-minh/110721974.htm
2506,https://www.chotot.com/mua-ban-may-tinh-de-ban-quan-ha-dong-ha-noi/110721831.htm
2507,https://www.chotot.com/mua-ban-may-tinh-de-ban-quan-tan-phu-tp-ho-chi-minh/96790731.htm
2508,https://www.chotot.com/mua-ban-may-tinh-de-ban-quan-binh-tan-tp-ho-chi-minh/110721663.htm
2509,https://www.chotot.com/mua-ban-may-tinh-de-ban-huyen-hoai-duc-ha-noi/110721568.htm
2510,https://www.chotot.com/mua-ban-may-tinh-de-ban-quan-12-tp-ho-chi-minh/110721530.htm
2511,https://www.chotot.com/mua-ban-may-tinh-de-ban-thanh-pho-long-xuyen-an-giang/110721206.htm
2512,https://www.chotot.com/mua-ban-may-tinh-de-ban-thanh-pho-tra-vinh-tra-vinh/110721121.htm
2513,https://www.chotot.com/mua-ban-may-tinh-de-ban-huyen-chau-thanh-ben-tre/110720882.htm
2514,https://www.chotot.com/mua-ban-may-tinh-de-ban-quan-binh-thanh-tp-ho-chi-minh/110720494.htm
2515,https://www.chotot.com/mua-ban-may-tinh-de-ban-quan-12-tp-ho-chi-minh/110720473.htm
2516,https://www.chotot.com/mua-ban-may-tinh-de-ban-thanh-pho-vung-tau-ba-ria-vung-tau/110720115.htm
2517,https://www.chotot.com/mua-ban-may-tinh-de-ban-thi-xa-an-nhon-binh-dinh/110720091.htm
2518,https://www.chotot.com/mua-ban-may-tinh-de-ban-quan-4-tp-ho-chi-minh/110720032.htm
2519,https://www.chotot.com/mua-ban-may-tinh-de-ban-thanh-pho-thu-duc-tp-ho-chi-minh/110720023.htm
2520,https://www.chotot.com/mua-ban-may-tinh-de-ban-thanh-pho-dong-xoai-binh-phuoc/110719942.htm
2521,https://www.chotot.com/mua-ban-may-tinh-de-ban-quan-binh-thanh-tp-ho-chi-minh/110719879.htm
2522,https://www.chotot.com/mua-ban-may-tinh-de-ban-quan-12-tp-ho-chi-minh/110719791.htm#px=SR-special_display_ad-[PO-13][PL-default]
2523,https://www.chotot.com/mua-ban-may-tinh-de-ban-quan-ninh-kieu-can-tho/110719783.htm
2524,https://www.chotot.com/mua-ban-may-tinh-de-ban-quan-tan-binh-tp-ho-chi-minh/110719716.htm
2525,https://www.chotot.com/mua-ban-may-tinh-de-ban-quan-duong-kinh-hai-phong/110719462.htm
2526,https://www.chotot.com/mua-ban-may-tinh-de-ban-quan-binh-tan-tp-ho-chi-minh/110719349.htm
2527,https://www.chotot.com/mua-ban-may-tinh-de-ban-thanh-pho-ba-ria-ba-ria-vung-tau/110719217.htm
2528,https://www.chotot.com/mua-ban-may-tinh-de-ban-quan-go-vap-tp-ho-chi-minh/110719121.htm
2529,https://www.chotot.com/mua-ban-may-tinh-de-ban-thanh-pho-thu-duc-tp-ho-chi-minh/110718411.htm
2530,https://www.chotot.com/mua-ban-may-tinh-de-ban-thanh-pho-nam-dinh-nam-dinh/110718146.htm
2531,https://www.chotot.com/mua-ban-may-tinh-de-ban-quan-go-vap-tp-ho-chi-minh/110717791.htm
2532,https://www.chotot.com/mua-ban-may-tinh-de-ban-thanh-pho-thu-duc-tp-ho-chi-minh/110717587.htm
2533,https://www.chotot.com/mua-ban-may-tinh-de-ban-thanh-pho-tam-ky-quang-nam/110717567.htm
2534,https://www.chotot.com/mua-ban-may-tinh-de-ban-quan-hai-chau-da-nang/110717320.htm
2535,https://www.chotot.com/mua-ban-may-tinh-de-ban-quan-son-tra-da-nang/110717256.htm
2536,https://www.chotot.com/mua-ban-may-tinh-de-ban-thanh-pho-tra-vinh-tra-vinh/110685297.htm
2537,https://www.chotot.com/mua-ban-may-tinh-de-ban-quan-ninh-kieu-can-tho/110716759.htm
2538,https://www.chotot.com/mua-ban-may-tinh-de-ban-quan-tay-ho-ha-noi/110716746.htm
2539,https://www.chotot.com/mua-ban-may-tinh-de-ban-thanh-pho-di-an-binh-duong/110715948.htm
2540,https://www.chotot.com/mua-ban-may-tinh-de-ban-quan-tan-binh-tp-ho-chi-minh/110628577.htm
2541,https://www.chotot.com/mua-ban-may-tinh-de-ban-quan-11-tp-ho-chi-minh/110715686.htm
2542,https://www.chotot.com/mua-ban-may-tinh-de-ban-quan-go-vap-tp-ho-chi-minh/110715567.htm
2543,https://www.chotot.com/mua-ban-may-tinh-de-ban-huyen-dai-loc-quang-nam/110714923.htm
2544,https://www.chotot.com/mua-ban-may-tinh-de-ban-thanh-pho-thu-dau-mot-binh-duong/110714625.htm
2545,https://www.chotot.com/mua-ban-may-tinh-de-ban-thanh-pho-nam-dinh-nam-dinh/110714438.htm
2546,https://www.chotot.com/mua-ban-may-tinh-de-ban-quan-binh-tan-tp-ho-chi-minh/110714370.htm
2547,https://www.chotot.com/mua-ban-may-tinh-de-ban-thanh-pho-tra-vinh-tra-vinh/110714092.htm
2548,https://www.chotot.com/mua-ban-may-tinh-de-ban-quan-hoang-mai-ha-noi/109026279.htm
2549,https://www.chotot.com/mua-ban-may-tinh-de-ban-quan-bac-tu-liem-ha-noi/110713635.htm
2550,https://www.chotot.com/mua-ban-may-tinh-de-ban-thanh-pho-vinh-nghe-an/110713588.htm
2551,https://www.chotot.com/mua-ban-may-tinh-de-ban-quan-12-tp-ho-chi-minh/110713397.htm
2552,https://www.chotot.com/mua-ban-may-tinh-de-ban-thanh-pho-thuan-an-binh-duong/110713376.htm
2553,https://www.chotot.com/mua-ban-may-tinh-de-ban-quan-tan-binh-tp-ho-chi-minh/110713334.htm
2554,https://www.chotot.com/mua-ban-may-tinh-de-ban-huyen-lai-vung-dong-thap/110713322.htm
2555,https://www.chotot.com/mua-ban-may-tinh-de-ban-quan-10-tp-ho-chi-minh/106157727.htm
2556,https://www.chotot.com/mua-ban-may-tinh-de-ban-quan-tan-binh-tp-ho-chi-minh/110713097.htm
2557,https://www.chotot.com/mua-ban-may-tinh-de-ban-huyen-viet-yen-bac-giang/110713045.htm
2558,https://www.chotot.com/mua-ban-may-tinh-de-ban-quan-lien-chieu-da-nang/110713005.htm
2559,https://www.chotot.com/mua-ban-may-tinh-de-ban-quan-tan-phu-tp-ho-chi-minh/110713001.htm
2560,https://www.chotot.com/mua-ban-may-tinh-de-ban-quan-3-tp-ho-chi-minh/110712976.htm
2561,https://www.chotot.com/mua-ban-may-tinh-de-ban-quan-hai-ba-trung-ha-noi/110712942.htm
2562,https://www.chotot.com/mua-ban-may-tinh-de-ban-quan-tan-phu-tp-ho-chi-minh/108399698.htm
2563,https://www.chotot.com/mua-ban-may-tinh-de-ban-thanh-pho-di-an-binh-duong/110712778.htm
2564,https://www.chotot.com/mua-ban-may-tinh-de-ban-thanh-pho-da-lat-lam-dong/110712545.htm
2565,https://www.chotot.com/mua-ban-may-tinh-de-ban-quan-binh-thanh-tp-ho-chi-minh/110712430.htm
2566,https://www.chotot.com/mua-ban-may-tinh-de-ban-quan-hoang-mai-ha-noi/110569827.htm
2567,https://www.chotot.com/mua-ban-may-tinh-de-ban-quan-go-vap-tp-ho-chi-minh/110474545.htm
2568,https://www.chotot.com/mua-ban-may-tinh-de-ban-quan-10-tp-ho-chi-minh/110711808.htm
2569,https://www.chotot.com/mua-ban-may-tinh-de-ban-quan-thanh-xuan-ha-noi/110711251.htm
2570,https://www.chotot.com/mua-ban-may-tinh-de-ban-quan-ngu-hanh-son-da-nang/110711032.htm
2571,https://www.chotot.com/mua-ban-may-tinh-de-ban-huyen-hoc-mon-tp-ho-chi-minh/110710948.htm
2572,https://www.chotot.com/mua-ban-may-tinh-de-ban-quan-ha-dong-ha-noi/110710726.htm
2573,https://www.chotot.com/mua-ban-may-tinh-de-ban-quan-ha-dong-ha-noi/110710727.htm
2574,https://www.chotot.com/mua-ban-may-tinh-de-ban-quan-ha-dong-ha-noi/110710725.htm
2575,https://www.chotot.com/mua-ban-may-tinh-de-ban-quan-binh-tan-tp-ho-chi-minh/110710491.htm
2576,https://www.chotot.com/mua-ban-may-tinh-de-ban-quan-12-tp-ho-chi-minh/110709928.htm
2577,https://www.chotot.com/mua-ban-may-tinh-de-ban-quan-lien-chieu-da-nang/110563579.htm
2578,https://www.chotot.com/mua-ban-may-tinh-de-ban-huyen-tri-ton-an-giang/107264419.htm
2579,https://www.chotot.com/mua-ban-may-tinh-de-ban-quan-8-tp-ho-chi-minh/110709811.htm
2580,https://www.chotot.com/mua-ban-may-tinh-de-ban-quan-5-tp-ho-chi-minh/109636453.htm
2581,https://www.chotot.com/mua-ban-may-tinh-de-ban-quan-long-bien-ha-noi/110709593.htm
2582,https://www.chotot.com/mua-ban-may-tinh-de-ban-quan-tan-binh-tp-ho-chi-minh/110396611.htm
2583,https://www.chotot.com/mua-ban-may-tinh-de-ban-quan-tan-phu-tp-ho-chi-minh/110709046.htm
2584,https://www.chotot.com/mua-ban-may-tinh-de-ban-quan-go-vap-tp-ho-chi-minh/110708538.htm
2585,https://www.chotot.com/mua-ban-may-tinh-de-ban-quan-go-vap-tp-ho-chi-minh/110708238.htm
2586,https://www.chotot.com/mua-ban-may-tinh-de-ban-thanh-pho-bien-hoa-dong-nai/110708197.htm
2587,https://www.chotot.com/mua-ban-may-tinh-de-ban-thanh-pho-bien-hoa-dong-nai/110707732.htm
2588,https://www.chotot.com/mua-ban-may-tinh-de-ban-quan-go-vap-tp-ho-chi-minh/110707688.htm
2589,https://www.chotot.com/mua-ban-may-tinh-de-ban-thi-xa-ben-cat-binh-duong/110706717.htm
2590,https://www.chotot.com/mua-ban-may-tinh-de-ban-quan-7-tp-ho-chi-minh/110706653.htm
2591,https://www.chotot.com/mua-ban-may-tinh-de-ban-huyen-duc-hoa-long-an/110706647.htm
2592,https://www.chotot.com/mua-ban-may-tinh-de-ban-quan-bac-tu-liem-ha-noi/104750880.htm
2593,https://www.chotot.com/mua-ban-may-tinh-de-ban-quan-tan-phu-tp-ho-chi-minh/110705817.htm
2594,https://www.chotot.com/mua-ban-may-tinh-de-ban-quan-tan-phu-tp-ho-chi-minh/110705795.htm
2595,https://www.chotot.com/mua-ban-may-tinh-de-ban-thanh-pho-thu-duc-tp-ho-chi-minh/110367960.htm
2596,https://www.chotot.com/mua-ban-may-tinh-de-ban-quan-tan-phu-tp-ho-chi-minh/110705735.htm
2597,https://www.chotot.com/mua-ban-may-tinh-de-ban-thanh-pho-buon-ma-thuot-dak-lak/110705412.htm
2598,https://www.chotot.com/mua-ban-may-tinh-de-ban-huyen-trieu-son-thanh-hoa/110705336.htm
2599,https://www.chotot.com/mua-ban-may-tinh-de-ban-thanh-pho-long-xuyen-an-giang/110705325.htm
2600,https://www.chotot.com/mua-ban-may-tinh-de-ban-quan-6-tp-ho-chi-minh/110705303.htm
2601,https://www.chotot.com/mua-ban-may-tinh-de-ban-quan-hai-ba-trung-ha-noi/110370149.htm
2602,https://www.chotot.com/mua-ban-may-tinh-de-ban-huyen-me-linh-ha-noi/110704392.htm
2603,https://www.chotot.com/mua-ban-may-tinh-de-ban-thanh-pho-thuan-an-binh-duong/110704015.htm
2604,https://www.chotot.com/mua-ban-may-tinh-de-ban-quan-dong-da-ha-noi/109791299.htm
2605,https://www.chotot.com/mua-ban-may-tinh-de-ban-thanh-pho-buon-ma-thuot-dak-lak/110703721.htm
2606,https://www.chotot.com/mua-ban-may-tinh-de-ban-quan-tan-binh-tp-ho-chi-minh/110703601.htm
2607,https://www.chotot.com/mua-ban-may-tinh-de-ban-quan-11-tp-ho-chi-minh/110703399.htm
2608,https://www.chotot.com/mua-ban-may-tinh-de-ban-quan-hai-chau-da-nang/96544605.htm
2609,https://www.chotot.com/mua-ban-may-tinh-de-ban-thanh-pho-thuan-an-binh-duong/110701800.htm
2610,https://www.chotot.com/mua-ban-may-tinh-de-ban-thanh-pho-thu-duc-tp-ho-chi-minh/110701763.htm
2611,https://www.chotot.com/mua-ban-may-tinh-de-ban-quan-hoang-mai-ha-noi/110701689.htm
2612,https://www.chotot.com/mua-ban-may-tinh-de-ban-quan-hoang-mai-ha-noi/110701688.htm
2613,https://www.chotot.com/mua-ban-may-tinh-de-ban-quan-tan-phu-tp-ho-chi-minh/110701519.htm
2614,https://www.chotot.com/mua-ban-may-tinh-de-ban-quan-7-tp-ho-chi-minh/110701502.htm
2615,https://www.chotot.com/mua-ban-may-tinh-de-ban-quan-12-tp-ho-chi-minh/110701459.htm
2616,https://www.chotot.com/mua-ban-may-tinh-de-ban-thanh-pho-hue-thua-thien-hue/110701231.htm
2617,https://www.chotot.com/mua-ban-may-tinh-de-ban-huyen-dong-anh-ha-noi/110701162.htm
2618,https://www.chotot.com/mua-ban-may-tinh-de-ban-thi-xa-tan-uyen-binh-duong/108357815.htm
2619,https://www.chotot.com/mua-ban-may-tinh-de-ban-thi-xa-tan-uyen-binh-duong/106767067.htm
2620,https://www.chotot.com/mua-ban-may-tinh-de-ban-huyen-binh-xuyen-vinh-phuc/110700121.htm
2621,https://www.chotot.com/mua-ban-may-tinh-de-ban-quan-tan-phu-tp-ho-chi-minh/110699886.htm
2622,https://www.chotot.com/mua-ban-may-tinh-de-ban-thanh-pho-bien-hoa-dong-nai/109761070.htm
2623,https://www.chotot.com/mua-ban-may-tinh-de-ban-quan-tan-phu-tp-ho-chi-minh/110699714.htm
2624,https://www.chotot.com/mua-ban-may-tinh-de-ban-thanh-pho-bien-hoa-dong-nai/110699636.htm
2625,https://www.chotot.com/mua-ban-may-tinh-de-ban-quan-tan-phu-tp-ho-chi-minh/104701907.htm
2626,https://www.chotot.com/mua-ban-may-tinh-de-ban-thanh-pho-buon-ma-thuot-dak-lak/104726176.htm
2627,https://www.chotot.com/mua-ban-may-tinh-de-ban-thanh-pho-buon-ma-thuot-dak-lak/108376097.htm
2628,https://www.chotot.com/mua-ban-may-tinh-de-ban-thanh-pho-buon-ma-thuot-dak-lak/110699541.htm
2629,https://www.chotot.com/mua-ban-may-tinh-de-ban-quan-nam-tu-liem-ha-noi/110699269.htm
2630,https://www.chotot.com/mua-ban-may-tinh-de-ban-quan-bac-tu-liem-ha-noi/110699227.htm
2631,https://www.chotot.com/mua-ban-may-tinh-de-ban-quan-tan-phu-tp-ho-chi-minh/110699224.htm
2632,https://www.chotot.com/mua-ban-may-tinh-de-ban-huyen-hoa-vang-da-nang/110699192.htm
2633,https://www.chotot.com/mua-ban-may-tinh-de-ban-quan-tan-phu-tp-ho-chi-minh/110699004.htm
2634,https://www.chotot.com/mua-ban-may-tinh-de-ban-quan-tan-binh-tp-ho-chi-minh/110698673.htm
2635,https://www.chotot.com/mua-ban-may-tinh-de-ban-quan-10-tp-ho-chi-minh/110698590.htm
2636,https://www.chotot.com/mua-ban-may-tinh-de-ban-quan-6-tp-ho-chi-minh/110697760.htm
2637,https://www.chotot.com/mua-ban-may-tinh-de-ban-thanh-pho-thu-duc-tp-ho-chi-minh/110697693.htm
2638,https://www.chotot.com/mua-ban-may-tinh-de-ban-quan-thanh-khe-da-nang/110697114.htm
2639,https://www.chotot.com/mua-ban-may-tinh-de-ban-quan-12-tp-ho-chi-minh/108238300.htm
2640,https://www.chotot.com/mua-ban-may-tinh-de-ban-quan-dong-da-ha-noi/110696623.htm
2641,https://www.chotot.com/mua-ban-may-tinh-de-ban-thanh-pho-thu-duc-tp-ho-chi-minh/110696585.htm
2642,https://www.chotot.com/mua-ban-may-tinh-de-ban-quan-12-tp-ho-chi-minh/110696352.htm
2643,https://www.chotot.com/mua-ban-may-tinh-de-ban-quan-10-tp-ho-chi-minh/110696114.htm
2644,https://www.chotot.com/mua-ban-may-tinh-de-ban-thanh-pho-thu-duc-tp-ho-chi-minh/110696070.htm
2645,https://www.chotot.com/mua-ban-may-tinh-de-ban-quan-tan-phu-tp-ho-chi-minh/110455104.htm
2646,https://www.chotot.com/mua-ban-may-tinh-de-ban-quan-go-vap-tp-ho-chi-minh/108988716.htm
2647,https://www.chotot.com/mua-ban-may-tinh-de-ban-quan-go-vap-tp-ho-chi-minh/107216070.htm
2648,https://www.chotot.com/mua-ban-may-tinh-de-ban-thanh-pho-bien-hoa-dong-nai/110694875.htm
2649,https://www.chotot.com/mua-ban-may-tinh-de-ban-quan-hoang-mai-ha-noi/110353490.htm
2650,https://www.chotot.com/mua-ban-may-tinh-de-ban-quan-12-tp-ho-chi-minh/110694715.htm
2651,https://www.chotot.com/mua-ban-may-tinh-de-ban-quan-go-vap-tp-ho-chi-minh/110694619.htm
2652,https://www.chotot.com/mua-ban-may-tinh-de-ban-quan-8-tp-ho-chi-minh/110694344.htm
2653,https://www.chotot.com/mua-ban-may-tinh-de-ban-quan-thanh-xuan-ha-noi/108551268.htm
2654,https://www.chotot.com/mua-ban-may-tinh-de-ban-quan-hai-chau-da-nang/97572205.htm
2655,https://www.chotot.com/mua-ban-may-tinh-de-ban-huyen-thanh-tri-ha-noi/110693732.htm
2656,https://www.chotot.com/mua-ban-may-tinh-de-ban-huyen-phuc-tho-ha-noi/110693544.htm
2657,https://www.chotot.com/mua-ban-may-tinh-de-ban-quan-7-tp-ho-chi-minh/110693301.htm
2658,https://www.chotot.com/mua-ban-may-tinh-de-ban-thanh-pho-thu-duc-tp-ho-chi-minh/110693097.htm
2659,https://www.chotot.com/mua-ban-may-tinh-de-ban-quan-4-tp-ho-chi-minh/110692880.htm
2660,https://www.chotot.com/mua-ban-may-tinh-de-ban-quan-cai-rang-can-tho/110692816.htm
2661,https://www.chotot.com/mua-ban-may-tinh-de-ban-quan-tan-binh-tp-ho-chi-minh/110592359.htm
2662,https://www.chotot.com/mua-ban-may-tinh-de-ban-quan-11-tp-ho-chi-minh/109727745.htm
2663,https://www.chotot.com/mua-ban-may-tinh-de-ban-huyen-chau-thanh-an-giang/110692246.htm
2664,https://www.chotot.com/mua-ban-may-tinh-de-ban-quan-11-tp-ho-chi-minh/104006851.htm
2665,https://www.chotot.com/mua-ban-may-tinh-de-ban-quan-12-tp-ho-chi-minh/110691698.htm
2666,https://www.chotot.com/mua-ban-may-tinh-de-ban-quan-cam-le-da-nang/110691592.htm
2667,https://www.chotot.com/mua-ban-may-tinh-de-ban-quan-go-vap-tp-ho-chi-minh/110691584.htm
2668,https://www.chotot.com/mua-ban-may-tinh-de-ban-quan-binh-tan-tp-ho-chi-minh/110691465.htm
2669,https://www.chotot.com/mua-ban-may-tinh-de-ban-huyen-nha-be-tp-ho-chi-minh/110691409.htm
2670,https://www.chotot.com/mua-ban-may-tinh-de-ban-quan-cau-giay-ha-noi/110690549.htm
2671,https://www.chotot.com/mua-ban-may-tinh-de-ban-quan-hoan-kiem-ha-noi/110690464.htm
2672,https://www.chotot.com/mua-ban-may-tinh-de-ban-quan-7-tp-ho-chi-minh/110690164.htm
2673,https://www.chotot.com/mua-ban-may-tinh-de-ban-huyen-bau-bang-binh-duong/110689865.htm
2674,https://www.chotot.com/mua-ban-may-tinh-de-ban-quan-nam-tu-liem-ha-noi/106952904.htm
2675,https://www.chotot.com/mua-ban-may-tinh-de-ban-quan-tan-phu-tp-ho-chi-minh/110689763.htm
2676,https://www.chotot.com/mua-ban-may-tinh-de-ban-thi-xa-ben-cat-binh-duong/110689746.htm
2677,https://www.chotot.com/mua-ban-may-tinh-de-ban-thanh-pho-bac-ninh-bac-ninh/110689531.htm
2678,https://www.chotot.com/mua-ban-may-tinh-de-ban-thanh-pho-di-an-binh-duong/110689487.htm
2679,https://www.chotot.com/mua-ban-may-tinh-de-ban-quan-8-tp-ho-chi-minh/110689453.htm
2680,https://www.chotot.com/mua-ban-may-tinh-de-ban-quan-bac-tu-liem-ha-noi/110689415.htm
2681,https://www.chotot.com/mua-ban-may-tinh-de-ban-quan-nam-tu-liem-ha-noi/110689331.htm
2682,https://www.chotot.com/mua-ban-may-tinh-de-ban-quan-hoang-mai-ha-noi/110689262.htm
2683,https://www.chotot.com/mua-ban-may-tinh-de-ban-thanh-pho-bien-hoa-dong-nai/110689251.htm
2684,https://www.chotot.com/mua-ban-may-tinh-de-ban-huyen-dong-anh-ha-noi/110689160.htm
2685,https://www.chotot.com/mua-ban-may-tinh-de-ban-quan-long-bien-ha-noi/110689104.htm
2686,https://www.chotot.com/mua-ban-may-tinh-de-ban-thanh-pho-tan-an-long-an/110688703.htm
2687,https://www.chotot.com/mua-ban-may-tinh-de-ban-thanh-pho-qui-nhon-binh-dinh/110688677.htm
2688,https://www.chotot.com/mua-ban-may-tinh-de-ban-quan-ha-dong-ha-noi/110688595.htm
2689,https://www.chotot.com/mua-ban-may-tinh-de-ban-quan-hoang-mai-ha-noi/110687930.htm
2690,https://www.chotot.com/mua-ban-may-tinh-de-ban-thanh-pho-thu-dau-mot-binh-duong/110687739.htm
2691,https://www.chotot.com/mua-ban-may-tinh-de-ban-quan-tan-phu-tp-ho-chi-minh/110687729.htm
2692,https://www.chotot.com/mua-ban-may-tinh-de-ban-huyen-ba-vi-ha-noi/110687634.htm
2693,https://www.chotot.com/mua-ban-may-tinh-de-ban-quan-thanh-xuan-ha-noi/110623350.htm
2694,https://www.chotot.com/mua-ban-may-tinh-de-ban-quan-hoang-mai-ha-noi/110687576.htm
2695,https://www.chotot.com/mua-ban-may-tinh-de-ban-quan-binh-tan-tp-ho-chi-minh/110687519.htm
2696,https://www.chotot.com/mua-ban-may-tinh-de-ban-quan-12-tp-ho-chi-minh/110687474.htm
2697,https://www.chotot.com/mua-ban-may-tinh-de-ban-quan-cai-rang-can-tho/110687447.htm
2698,https://www.chotot.com/mua-ban-may-tinh-de-ban-quan-11-tp-ho-chi-minh/110122306.htm
2699,https://www.chotot.com/mua-ban-may-tinh-de-ban-quan-ninh-kieu-can-tho/110687272.htm
2700,https://www.chotot.com/mua-ban-may-tinh-de-ban-thanh-pho-vi-thanh-hau-giang/110656440.htm
2701,https://www.chotot.com/mua-ban-may-tinh-de-ban-thanh-pho-thu-duc-tp-ho-chi-minh/110686878.htm
2702,https://www.chotot.com/mua-ban-may-tinh-de-ban-quan-tan-phu-tp-ho-chi-minh/110686448.htm
2703,https://www.chotot.com/mua-ban-may-tinh-de-ban-thanh-pho-hue-thua-thien-hue/110686394.htm
2704,https://www.chotot.com/mua-ban-may-tinh-de-ban-quan-o-mon-can-tho/110686274.htm
2705,https://www.chotot.com/mua-ban-may-tinh-de-ban-quan-go-vap-tp-ho-chi-minh/110655251.htm
2706,https://www.chotot.com/mua-ban-may-tinh-de-ban-quan-binh-tan-tp-ho-chi-minh/110685701.htm
2707,https://www.chotot.com/mua-ban-may-tinh-de-ban-quan-le-chan-hai-phong/110685605.htm
2708,https://www.chotot.com/mua-ban-may-tinh-de-ban-thanh-pho-thu-duc-tp-ho-chi-minh/110685547.htm
2709,https://www.chotot.com/mua-ban-may-tinh-de-ban-thanh-pho-my-tho-tien-giang/110685360.htm
2710,https://www.chotot.com/mua-ban-may-tinh-de-ban-quan-go-vap-tp-ho-chi-minh/110685243.htm
2711,https://www.chotot.com/mua-ban-may-tinh-de-ban-thanh-pho-long-xuyen-an-giang/109000733.htm
2712,https://www.chotot.com/mua-ban-may-tinh-de-ban-quan-12-tp-ho-chi-minh/110685065.htm
2713,https://www.chotot.com/mua-ban-may-tinh-de-ban-quan-binh-tan-tp-ho-chi-minh/109511693.htm
2714,https://www.chotot.com/mua-ban-may-tinh-de-ban-thanh-pho-thu-duc-tp-ho-chi-minh/110685030.htm
2715,https://www.chotot.com/mua-ban-may-tinh-de-ban-thanh-pho-thuan-an-binh-duong/110684869.htm
2716,https://www.chotot.com/mua-ban-may-tinh-de-ban-huyen-hoc-mon-tp-ho-chi-minh/110684856.htm
2717,https://www.chotot.com/mua-ban-may-tinh-de-ban-thanh-pho-yen-bai-yen-bai/110684687.htm
2718,https://www.chotot.com/mua-ban-may-tinh-de-ban-quan-tan-phu-tp-ho-chi-minh/110684631.htm
2719,https://www.chotot.com/mua-ban-may-tinh-de-ban-quan-3-tp-ho-chi-minh/110684536.htm
2720,https://www.chotot.com/mua-ban-may-tinh-de-ban-thanh-pho-buon-ma-thuot-dak-lak/110684316.htm
2721,https://www.chotot.com/mua-ban-may-tinh-de-ban-huyen-binh-son-quang-ngai/110683990.htm
2722,https://www.chotot.com/mua-ban-may-tinh-de-ban-thanh-pho-buon-ma-thuot-dak-lak/110683917.htm
2723,https://www.chotot.com/mua-ban-may-tinh-de-ban-huyen-thanh-tri-ha-noi/110683585.htm
2724,https://www.chotot.com/mua-ban-may-tinh-de-ban-quan-ha-dong-ha-noi/108999074.htm
2725,https://www.chotot.com/mua-ban-may-tinh-de-ban-quan-binh-tan-tp-ho-chi-minh/110683086.htm
2726,https://www.chotot.com/mua-ban-may-tinh-de-ban-quan-tan-phu-tp-ho-chi-minh/110682954.htm
2727,https://www.chotot.com/mua-ban-may-tinh-de-ban-quan-7-tp-ho-chi-minh/110682923.htm
2728,https://www.chotot.com/mua-ban-may-tinh-de-ban-huyen-duc-linh-binh-thuan/110682712.htm
2729,https://www.chotot.com/mua-ban-may-tinh-de-ban-thanh-pho-rach-gia-kien-giang/110682445.htm
2730,https://www.chotot.com/mua-ban-may-tinh-de-ban-thanh-pho-ca-mau-ca-mau/110681991.htm
2731,https://www.chotot.com/mua-ban-may-tinh-de-ban-quan-go-vap-tp-ho-chi-minh/110681610.htm
2732,https://www.chotot.com/mua-ban-may-tinh-de-ban-quan-nam-tu-liem-ha-noi/110655282.htm
2733,https://www.chotot.com/mua-ban-may-tinh-de-ban-thanh-pho-thuan-an-binh-duong/110681233.htm
2734,https://www.chotot.com/mua-ban-may-tinh-de-ban-quan-go-vap-tp-ho-chi-minh/110681043.htm
2735,https://www.chotot.com/mua-ban-may-tinh-de-ban-quan-6-tp-ho-chi-minh/110680390.htm
2736,https://www.chotot.com/mua-ban-may-tinh-de-ban-thanh-pho-thu-duc-tp-ho-chi-minh/110680060.htm
2737,https://www.chotot.com/mua-ban-may-tinh-de-ban-quan-cau-giay-ha-noi/110679844.htm
2738,https://www.chotot.com/mua-ban-may-tinh-de-ban-thanh-pho-thu-duc-tp-ho-chi-minh/107241255.htm
2739,https://www.chotot.com/mua-ban-may-tinh-de-ban-thanh-pho-qui-nhon-binh-dinh/110679761.htm
2740,https://www.chotot.com/mua-ban-may-tinh-de-ban-huyen-bau-bang-binh-duong/110423147.htm
2741,https://www.chotot.com/mua-ban-may-tinh-de-ban-huyen-trang-bom-dong-nai/110679280.htm
2742,https://www.chotot.com/mua-ban-may-tinh-de-ban-huyen-bau-bang-binh-duong/110598419.htm
2743,https://www.chotot.com/mua-ban-may-tinh-de-ban-quan-hoang-mai-ha-noi/110678823.htm
2744,https://www.chotot.com/mua-ban-may-tinh-de-ban-quan-6-tp-ho-chi-minh/110678774.htm
2745,https://www.chotot.com/mua-ban-may-tinh-de-ban-quan-hoang-mai-ha-noi/110678666.htm
2746,https://www.chotot.com/mua-ban-may-tinh-de-ban-quan-7-tp-ho-chi-minh/110678616.htm
2747,https://www.chotot.com/mua-ban-may-tinh-de-ban-quan-thanh-xuan-ha-noi/110678458.htm
2748,https://www.chotot.com/mua-ban-may-tinh-de-ban-quan-hoang-mai-ha-noi/110678318.htm
2749,https://www.chotot.com/mua-ban-may-tinh-de-ban-quan-nam-tu-liem-ha-noi/110678205.htm
2750,https://www.chotot.com/mua-ban-may-tinh-de-ban-quan-cau-giay-ha-noi/110678070.htm
2751,https://www.chotot.com/mua-ban-may-tinh-de-ban-quan-ninh-kieu-can-tho/110677944.htm
2752,https://www.chotot.com/mua-ban-may-tinh-de-ban-quan-ha-dong-ha-noi/110677932.htm
2753,https://www.chotot.com/mua-ban-may-tinh-de-ban-thanh-pho-hue-thua-thien-hue/110677696.htm
2754,https://www.chotot.com/mua-ban-may-tinh-de-ban-quan-tan-phu-tp-ho-chi-minh/110677573.htm
2755,https://www.chotot.com/mua-ban-may-tinh-de-ban-quan-lien-chieu-da-nang/110677469.htm
2756,https://www.chotot.com/mua-ban-may-tinh-de-ban-quan-hai-ba-trung-ha-noi/110005834.htm
2757,https://www.chotot.com/mua-ban-may-tinh-de-ban-quan-7-tp-ho-chi-minh/110322655.htm
2758,https://www.chotot.com/mua-ban-may-tinh-de-ban-huyen-chau-thanh-tien-giang/110676913.htm
2759,https://www.chotot.com/mua-ban-may-tinh-de-ban-huyen-binh-dai-ben-tre/110676907.htm
2760,https://www.chotot.com/mua-ban-may-tinh-de-ban-quan-tan-phu-tp-ho-chi-minh/110676798.htm
2761,https://www.chotot.com/mua-ban-may-tinh-de-ban-quan-ninh-kieu-can-tho/110676278.htm
2762,https://www.chotot.com/mua-ban-may-tinh-de-ban-thi-xa-tan-uyen-binh-duong/110676136.htm
2763,https://www.chotot.com/mua-ban-may-tinh-de-ban-quan-binh-thanh-tp-ho-chi-minh/110675974.htm
2764,https://www.chotot.com/mua-ban-may-tinh-de-ban-quan-12-tp-ho-chi-minh/106278343.htm#px=SR-special_display_ad-[PO-15][PL-default]
2765,https://www.chotot.com/mua-ban-may-tinh-de-ban-quan-12-tp-ho-chi-minh/106504475.htm
2766,https://www.chotot.com/mua-ban-may-tinh-de-ban-quan-12-tp-ho-chi-minh/106431595.htm
2767,https://www.chotot.com/mua-ban-may-tinh-de-ban-quan-12-tp-ho-chi-minh/107045457.htm
2768,https://www.chotot.com/mua-ban-may-tinh-de-ban-quan-12-tp-ho-chi-minh/106690629.htm
2769,https://www.chotot.com/mua-ban-may-tinh-de-ban-quan-12-tp-ho-chi-minh/106805595.htm
2770,https://www.chotot.com/mua-ban-may-tinh-de-ban-quan-12-tp-ho-chi-minh/106353437.htm
2771,https://www.chotot.com/mua-ban-may-tinh-de-ban-quan-12-tp-ho-chi-minh/106468951.htm
2772,https://www.chotot.com/mua-ban-may-tinh-de-ban-quan-12-tp-ho-chi-minh/106471199.htm
2773,https://www.chotot.com/mua-ban-may-tinh-de-ban-huyen-buon-don-dak-lak/110675575.htm
2774,https://www.chotot.com/mua-ban-may-tinh-de-ban-quan-dong-da-ha-noi/110585258.htm
2775,https://www.chotot.com/mua-ban-may-tinh-de-ban-thanh-pho-thu-duc-tp-ho-chi-minh/107242631.htm
2776,https://www.chotot.com/mua-ban-may-tinh-de-ban-quan-hoang-mai-ha-noi/110663137.htm
2777,https://www.chotot.com/mua-ban-may-tinh-de-ban-thanh-pho-long-xuyen-an-giang/110674970.htm
2778,https://www.chotot.com/mua-ban-may-tinh-de-ban-thanh-pho-buon-ma-thuot-dak-lak/110674641.htm
2779,https://www.chotot.com/mua-ban-may-tinh-de-ban-quan-12-tp-ho-chi-minh/110674617.htm
2780,https://www.chotot.com/mua-ban-may-tinh-de-ban-thanh-pho-buon-ma-thuot-dak-lak/110674345.htm
2781,https://www.chotot.com/mua-ban-may-tinh-de-ban-quan-tan-phu-tp-ho-chi-minh/110673893.htm
2782,https://www.chotot.com/mua-ban-may-tinh-de-ban-thanh-pho-bien-hoa-dong-nai/110673862.htm
2783,https://www.chotot.com/mua-ban-may-tinh-de-ban-thanh-pho-bien-hoa-dong-nai/110673638.htm
2784,https://www.chotot.com/mua-ban-may-tinh-de-ban-huyen-hoc-mon-tp-ho-chi-minh/110673584.htm
2785,https://www.chotot.com/mua-ban-may-tinh-de-ban-thanh-pho-hue-thua-thien-hue/110596397.htm
2786,https://www.chotot.com/mua-ban-may-tinh-de-ban-huyen-phu-my-binh-dinh/110672008.htm
2787,https://www.chotot.com/mua-ban-may-tinh-de-ban-quan-binh-tan-tp-ho-chi-minh/110671864.htm
2788,https://www.chotot.com/mua-ban-may-tinh-de-ban-thanh-pho-bien-hoa-dong-nai/110670988.htm
2789,https://www.chotot.com/mua-ban-may-tinh-de-ban-quan-binh-thanh-tp-ho-chi-minh/109976580.htm
2790,https://www.chotot.com/mua-ban-may-tinh-de-ban-quan-tan-binh-tp-ho-chi-minh/110670393.htm
2791,https://www.chotot.com/mua-ban-may-tinh-de-ban-quan-go-vap-tp-ho-chi-minh/110670162.htm
2792,https://www.chotot.com/mua-ban-may-tinh-de-ban-quan-12-tp-ho-chi-minh/110670129.htm
2793,https://www.chotot.com/mua-ban-may-tinh-de-ban-quan-cau-giay-ha-noi/110669599.htm
2794,https://www.chotot.com/mua-ban-may-tinh-de-ban-thanh-pho-long-xuyen-an-giang/110669487.htm
2795,https://www.chotot.com/mua-ban-may-tinh-de-ban-quan-11-tp-ho-chi-minh/110492415.htm
2796,https://www.chotot.com/mua-ban-may-tinh-de-ban-quan-6-tp-ho-chi-minh/110668996.htm
2797,https://www.chotot.com/mua-ban-may-tinh-de-ban-quan-dong-da-ha-noi/110455805.htm
2798,https://www.chotot.com/mua-ban-may-tinh-de-ban-quan-6-tp-ho-chi-minh/110569586.htm
2799,https://www.chotot.com/mua-ban-may-tinh-de-ban-huyen-phu-cat-binh-dinh/110668661.htm
2800,https://www.chotot.com/mua-ban-may-tinh-de-ban-quan-thanh-khe-da-nang/110668645.htm
2801,https://www.chotot.com/mua-ban-may-tinh-de-ban-quan-ngu-hanh-son-da-nang/110668407.htm
2802,https://www.chotot.com/mua-ban-may-tinh-de-ban-thanh-pho-thu-dau-mot-binh-duong/110667810.htm
2803,https://www.chotot.com/mua-ban-may-tinh-de-ban-thanh-pho-thu-duc-tp-ho-chi-minh/110667544.htm
2804,https://www.chotot.com/mua-ban-may-tinh-de-ban-huyen-trang-bom-dong-nai/110667521.htm
2805,https://www.chotot.com/mua-ban-may-tinh-de-ban-quan-ninh-kieu-can-tho/110667464.htm
2806,https://www.chotot.com/mua-ban-may-tinh-de-ban-quan-12-tp-ho-chi-minh/110667433.htm
2807,https://www.chotot.com/mua-ban-may-tinh-de-ban-quan-hoang-mai-ha-noi/108679851.htm
2808,https://www.chotot.com/mua-ban-may-tinh-de-ban-quan-go-vap-tp-ho-chi-minh/110667305.htm
2809,https://www.chotot.com/mua-ban-may-tinh-de-ban-quan-go-vap-tp-ho-chi-minh/110667117.htm
2810,https://www.chotot.com/mua-ban-may-tinh-de-ban-thi-xa-phu-my-ba-ria-vung-tau/110667037.htm
2811,https://www.chotot.com/mua-ban-may-tinh-de-ban-quan-binh-thanh-tp-ho-chi-minh/110666866.htm
2812,https://www.chotot.com/mua-ban-may-tinh-de-ban-thanh-pho-thuan-an-binh-duong/110666822.htm
2813,https://www.chotot.com/mua-ban-may-tinh-de-ban-thanh-pho-bien-hoa-dong-nai/110666797.htm
2814,https://www.chotot.com/mua-ban-may-tinh-de-ban-quan-tan-phu-tp-ho-chi-minh/110666407.htm
2815,https://www.chotot.com/mua-ban-may-tinh-de-ban-quan-11-tp-ho-chi-minh/110666257.htm
2816,https://www.chotot.com/mua-ban-may-tinh-de-ban-quan-go-vap-tp-ho-chi-minh/108927415.htm
2817,https://www.chotot.com/mua-ban-may-tinh-de-ban-quan-tan-binh-tp-ho-chi-minh/108326139.htm
2818,https://www.chotot.com/mua-ban-may-tinh-de-ban-quan-go-vap-tp-ho-chi-minh/105983841.htm
2819,https://www.chotot.com/mua-ban-may-tinh-de-ban-thanh-pho-bien-hoa-dong-nai/108872295.htm
2820,https://www.chotot.com/mua-ban-may-tinh-de-ban-thanh-pho-bien-hoa-dong-nai/108923005.htm
2821,https://www.chotot.com/mua-ban-may-tinh-de-ban-thanh-pho-bien-hoa-dong-nai/108860781.htm
2822,https://www.chotot.com/mua-ban-may-tinh-de-ban-quan-ninh-kieu-can-tho/110665394.htm
2823,https://www.chotot.com/mua-ban-may-tinh-de-ban-quan-11-tp-ho-chi-minh/110665038.htm
2824,https://www.chotot.com/mua-ban-may-tinh-de-ban-quan-tan-phu-tp-ho-chi-minh/106606872.htm
2825,https://www.chotot.com/mua-ban-may-tinh-de-ban-quan-binh-tan-tp-ho-chi-minh/110516247.htm
2826,https://www.chotot.com/mua-ban-may-tinh-de-ban-quan-thanh-xuan-ha-noi/108536550.htm
2827,https://www.chotot.com/mua-ban-may-tinh-de-ban-quan-binh-thanh-tp-ho-chi-minh/110664521.htm
2828,https://www.chotot.com/mua-ban-may-tinh-de-ban-quan-dong-da-ha-noi/109877216.htm
2829,https://www.chotot.com/mua-ban-may-tinh-de-ban-quan-dong-da-ha-noi/110664402.htm
2830,https://www.chotot.com/mua-ban-may-tinh-de-ban-huyen-hoa-vang-da-nang/110664299.htm
2831,https://www.chotot.com/mua-ban-may-tinh-de-ban-quan-dong-da-ha-noi/109383618.htm
2832,https://www.chotot.com/mua-ban-may-tinh-de-ban-thi-xa-tan-uyen-binh-duong/110663788.htm
2833,https://www.chotot.com/mua-ban-may-tinh-de-ban-quan-binh-thanh-tp-ho-chi-minh/110663782.htm
2834,https://www.chotot.com/mua-ban-may-tinh-de-ban-thanh-pho-hue-thua-thien-hue/110663717.htm
2835,https://www.chotot.com/mua-ban-may-tinh-de-ban-thanh-pho-nam-dinh-nam-dinh/110663618.htm
2836,https://www.chotot.com/mua-ban-may-tinh-de-ban-quan-nam-tu-liem-ha-noi/110331480.htm
2837,https://www.chotot.com/mua-ban-may-tinh-de-ban-quan-dong-da-ha-noi/110455834.htm
2838,https://www.chotot.com/mua-ban-may-tinh-de-ban-quan-12-tp-ho-chi-minh/110662911.htm
2839,https://www.chotot.com/mua-ban-may-tinh-de-ban-quan-thanh-khe-da-nang/110662874.htm
2840,https://www.chotot.com/mua-ban-may-tinh-de-ban-thanh-pho-bac-ninh-bac-ninh/110662694.htm
2841,https://www.chotot.com/mua-ban-may-tinh-de-ban-quan-thanh-khe-da-nang/110662583.htm
2842,https://www.chotot.com/mua-ban-may-tinh-de-ban-quan-bac-tu-liem-ha-noi/110662490.htm
2843,https://www.chotot.com/mua-ban-may-tinh-de-ban-huyen-thuy-nguyen-hai-phong/110662313.htm
2844,https://www.chotot.com/mua-ban-may-tinh-de-ban-quan-bac-tu-liem-ha-noi/110662234.htm
2845,https://www.chotot.com/mua-ban-may-tinh-de-ban-thanh-pho-thu-duc-tp-ho-chi-minh/109606830.htm
2846,https://www.chotot.com/mua-ban-may-tinh-de-ban-quan-11-tp-ho-chi-minh/108876122.htm
2847,https://www.chotot.com/mua-ban-may-tinh-de-ban-quan-tan-phu-tp-ho-chi-minh/110296626.htm
2848,https://www.chotot.com/mua-ban-may-tinh-de-ban-quan-son-tra-da-nang/110661497.htm
2849,https://www.chotot.com/mua-ban-may-tinh-de-ban-quan-ha-dong-ha-noi/110661388.htm
2850,https://www.chotot.com/mua-ban-may-tinh-de-ban-huyen-trang-bom-dong-nai/110661299.htm
2851,https://www.chotot.com/mua-ban-may-tinh-de-ban-quan-12-tp-ho-chi-minh/110661258.htm
2852,https://www.chotot.com/mua-ban-may-tinh-de-ban-quan-go-vap-tp-ho-chi-minh/110661169.htm
2853,https://www.chotot.com/mua-ban-may-tinh-de-ban-quan-binh-tan-tp-ho-chi-minh/110661151.htm
2854,https://www.chotot.com/mua-ban-may-tinh-de-ban-quan-tan-phu-tp-ho-chi-minh/110660443.htm
2855,https://www.chotot.com/mua-ban-may-tinh-de-ban-thanh-pho-soc-trang-soc-trang/104909987.htm
2856,https://www.chotot.com/mua-ban-may-tinh-de-ban-quan-tan-phu-tp-ho-chi-minh/110660369.htm
2857,https://www.chotot.com/mua-ban-may-tinh-de-ban-thanh-pho-ben-tre-ben-tre/110659969.htm
2858,https://www.chotot.com/mua-ban-may-tinh-de-ban-quan-ninh-kieu-can-tho/110659939.htm
2859,https://www.chotot.com/mua-ban-may-tinh-de-ban-huyen-lac-son-hoa-binh/110659513.htm
2860,https://www.chotot.com/mua-ban-may-tinh-de-ban-quan-7-tp-ho-chi-minh/110659479.htm
2861,https://www.chotot.com/mua-ban-may-tinh-de-ban-quan-cau-giay-ha-noi/110659412.htm
2862,https://www.chotot.com/mua-ban-may-tinh-de-ban-quan-hoang-mai-ha-noi/110659383.htm
2863,https://www.chotot.com/mua-ban-may-tinh-de-ban-thanh-pho-hue-thua-thien-hue/110659328.htm
2864,https://www.chotot.com/mua-ban-may-tinh-de-ban-quan-dong-da-ha-noi/110659279.htm
2865,https://www.chotot.com/mua-ban-may-tinh-de-ban-thanh-pho-thu-duc-tp-ho-chi-minh/110659216.htm
2866,https://www.chotot.com/mua-ban-may-tinh-de-ban-quan-thanh-xuan-ha-noi/110659183.htm
2867,https://www.chotot.com/mua-ban-may-tinh-de-ban-quan-6-tp-ho-chi-minh/110206133.htm
2868,https://www.chotot.com/mua-ban-may-tinh-de-ban-thanh-pho-thu-duc-tp-ho-chi-minh/110658984.htm
2869,https://www.chotot.com/mua-ban-may-tinh-de-ban-thanh-pho-ben-tre-ben-tre/110658890.htm
2870,https://www.chotot.com/mua-ban-may-tinh-de-ban-huyen-dinh-quan-dong-nai/110658615.htm
2871,https://www.chotot.com/mua-ban-may-tinh-de-ban-huyen-dinh-quan-dong-nai/110658563.htm
2872,https://www.chotot.com/mua-ban-may-tinh-de-ban-quan-phu-nhuan-tp-ho-chi-minh/110658215.htm
2873,https://www.chotot.com/mua-ban-may-tinh-de-ban-quan-binh-thanh-tp-ho-chi-minh/110658178.htm
2874,https://www.chotot.com/mua-ban-may-tinh-de-ban-quan-cau-giay-ha-noi/110658158.htm
2875,https://www.chotot.com/mua-ban-may-tinh-de-ban-thanh-pho-thu-dau-mot-binh-duong/110657951.htm
2876,https://www.chotot.com/mua-ban-may-tinh-de-ban-huyen-soc-son-ha-noi/110657737.htm
2877,https://www.chotot.com/mua-ban-may-tinh-de-ban-quan-go-vap-tp-ho-chi-minh/110657292.htm
2878,https://www.chotot.com/mua-ban-may-tinh-de-ban-quan-10-tp-ho-chi-minh/110657254.htm
2879,https://www.chotot.com/mua-ban-may-tinh-de-ban-quan-long-bien-ha-noi/110657219.htm
2880,https://www.chotot.com/mua-ban-may-tinh-de-ban-quan-tan-binh-tp-ho-chi-minh/110656959.htm
2881,https://www.chotot.com/mua-ban-may-tinh-de-ban-quan-bac-tu-liem-ha-noi/110656804.htm
2882,https://www.chotot.com/mua-ban-may-tinh-de-ban-quan-hai-ba-trung-ha-noi/110656674.htm
2883,https://www.chotot.com/mua-ban-may-tinh-de-ban-quan-tan-phu-tp-ho-chi-minh/110105899.htm
2884,https://www.chotot.com/mua-ban-may-tinh-de-ban-thanh-pho-nam-dinh-nam-dinh/110656268.htm
2885,https://www.chotot.com/mua-ban-may-tinh-de-ban-thanh-pho-thu-duc-tp-ho-chi-minh/110656034.htm
2886,https://www.chotot.com/mua-ban-may-tinh-de-ban-thanh-pho-ben-tre-ben-tre/110655861.htm
2887,https://www.chotot.com/mua-ban-may-tinh-de-ban-quan-binh-tan-tp-ho-chi-minh/110655792.htm
2888,https://www.chotot.com/mua-ban-may-tinh-de-ban-quan-12-tp-ho-chi-minh/110655647.htm
2889,https://www.chotot.com/mua-ban-may-tinh-de-ban-huyen-an-thi-hung-yen/110655615.htm
2890,https://www.chotot.com/mua-ban-may-tinh-de-ban-huyen-can-duoc-long-an/110655322.htm
2891,https://www.chotot.com/mua-ban-may-tinh-de-ban-quan-6-tp-ho-chi-minh/108930435.htm
2892,https://www.chotot.com/mua-ban-may-tinh-de-ban-thanh-pho-tay-ninh-tay-ninh/110655305.htm
2893,https://www.chotot.com/mua-ban-may-tinh-de-ban-quan-6-tp-ho-chi-minh/108941361.htm
2894,https://www.chotot.com/mua-ban-may-tinh-de-ban-thanh-pho-di-an-binh-duong/110655300.htm
2895,https://www.chotot.com/mua-ban-may-tinh-de-ban-huyen-hoc-mon-tp-ho-chi-minh/110655193.htm
2896,https://www.chotot.com/mua-ban-may-tinh-de-ban-huyen-lam-thao-phu-tho/110655191.htm
2897,https://www.chotot.com/mua-ban-may-tinh-de-ban-quan-binh-thanh-tp-ho-chi-minh/110655130.htm
2898,https://www.chotot.com/mua-ban-may-tinh-de-ban-quan-3-tp-ho-chi-minh/110655099.htm
2899,https://www.chotot.com/mua-ban-may-tinh-de-ban-quan-3-tp-ho-chi-minh/110654960.htm
2900,https://www.chotot.com/mua-ban-may-tinh-de-ban-quan-go-vap-tp-ho-chi-minh/110654905.htm
2901,https://www.chotot.com/mua-ban-may-tinh-de-ban-quan-dong-da-ha-noi/110654812.htm
2902,https://www.chotot.com/mua-ban-may-tinh-de-ban-quan-binh-thanh-tp-ho-chi-minh/108087593.htm
2903,https://www.chotot.com/mua-ban-may-tinh-de-ban-quan-12-tp-ho-chi-minh/110654559.htm
2904,https://www.chotot.com/mua-ban-may-tinh-de-ban-huyen-trang-bom-dong-nai/110654251.htm
2905,https://www.chotot.com/mua-ban-may-tinh-de-ban-quan-tay-ho-ha-noi/110653523.htm
2906,https://www.chotot.com/mua-ban-may-tinh-de-ban-thanh-pho-phu-quoc-kien-giang/110653495.htm
2907,https://www.chotot.com/mua-ban-may-tinh-de-ban-quan-long-bien-ha-noi/110653445.htm
2908,https://www.chotot.com/mua-ban-may-tinh-de-ban-thanh-pho-thuan-an-binh-duong/108358954.htm
2909,https://www.chotot.com/mua-ban-may-tinh-de-ban-quan-ha-dong-ha-noi/110653382.htm
2910,https://www.chotot.com/mua-ban-may-tinh-de-ban-thanh-pho-thu-duc-tp-ho-chi-minh/110652966.htm
2911,https://www.chotot.com/mua-ban-may-tinh-de-ban-huyen-chau-thanh-kien-giang/110652777.htm
2912,https://www.chotot.com/mua-ban-may-tinh-de-ban-quan-ha-dong-ha-noi/110652681.htm
2913,https://www.chotot.com/mua-ban-may-tinh-de-ban-quan-ninh-kieu-can-tho/110652529.htm
2914,https://www.chotot.com/mua-ban-may-tinh-de-ban-quan-binh-tan-tp-ho-chi-minh/110652467.htm
2915,https://www.chotot.com/mua-ban-may-tinh-de-ban-quan-binh-tan-tp-ho-chi-minh/110203974.htm
2916,https://www.chotot.com/mua-ban-may-tinh-de-ban-quan-12-tp-ho-chi-minh/110651529.htm
2917,https://www.chotot.com/mua-ban-may-tinh-de-ban-quan-tan-binh-tp-ho-chi-minh/110651200.htm
2918,https://www.chotot.com/mua-ban-may-tinh-de-ban-thanh-pho-thuan-an-binh-duong/110651179.htm
2919,https://www.chotot.com/mua-ban-may-tinh-de-ban-quan-hai-chau-da-nang/110649491.htm
2920,https://www.chotot.com/mua-ban-may-tinh-de-ban-thanh-pho-bien-hoa-dong-nai/110649321.htm
2921,https://www.chotot.com/mua-ban-may-tinh-de-ban-quan-ninh-kieu-can-tho/110073630.htm
2922,https://www.chotot.com/mua-ban-may-tinh-de-ban-huyen-thuong-tin-ha-noi/110648794.htm
2923,https://www.chotot.com/mua-ban-may-tinh-de-ban-quan-binh-thanh-tp-ho-chi-minh/110648725.htm
2924,https://www.chotot.com/mua-ban-may-tinh-de-ban-quan-ha-dong-ha-noi/110648556.htm
2925,https://www.chotot.com/mua-ban-may-tinh-de-ban-quan-ninh-kieu-can-tho/110648483.htm
2926,https://www.chotot.com/mua-ban-may-tinh-de-ban-quan-thanh-xuan-ha-noi/110648434.htm
2927,https://www.chotot.com/mua-ban-may-tinh-de-ban-quan-ninh-kieu-can-tho/109723163.htm
2928,https://www.chotot.com/mua-ban-may-tinh-de-ban-thi-xa-nga-nam-soc-trang/110648310.htm
2929,https://www.chotot.com/mua-ban-may-tinh-de-ban-huyen-binh-dai-ben-tre/110648056.htm
2930,https://www.chotot.com/mua-ban-may-tinh-de-ban-quan-ngu-hanh-son-da-nang/110648046.htm
2931,https://www.chotot.com/mua-ban-may-tinh-de-ban-quan-tan-phu-tp-ho-chi-minh/110647501.htm
2932,https://www.chotot.com/mua-ban-may-tinh-de-ban-quan-12-tp-ho-chi-minh/110647442.htm
2933,https://www.chotot.com/mua-ban-may-tinh-de-ban-quan-cau-giay-ha-noi/110647376.htm
2934,https://www.chotot.com/mua-ban-may-tinh-de-ban-huyen-trang-bang-tay-ninh/110647136.htm
2935,https://www.chotot.com/mua-ban-may-tinh-de-ban-quan-ninh-kieu-can-tho/109940230.htm
2936,https://www.chotot.com/mua-ban-may-tinh-de-ban-thanh-pho-bien-hoa-dong-nai/110646454.htm
2937,https://www.chotot.com/mua-ban-may-tinh-de-ban-quan-son-tra-da-nang/110382449.htm
2938,https://www.chotot.com/mua-ban-may-tinh-de-ban-quan-12-tp-ho-chi-minh/110646285.htm
2939,https://www.chotot.com/mua-ban-may-tinh-de-ban-quan-nam-tu-liem-ha-noi/110646280.htm
2940,https://www.chotot.com/mua-ban-may-tinh-de-ban-quan-ninh-kieu-can-tho/110646205.htm
2941,https://www.chotot.com/mua-ban-may-tinh-de-ban-quan-ngu-hanh-son-da-nang/110646065.htm
2942,https://www.chotot.com/mua-ban-may-tinh-de-ban-quan-binh-thanh-tp-ho-chi-minh/110645960.htm
2943,https://www.chotot.com/mua-ban-may-tinh-de-ban-quan-ngu-hanh-son-da-nang/110645945.htm
2944,https://www.chotot.com/mua-ban-may-tinh-de-ban-quan-12-tp-ho-chi-minh/110645935.htm
2945,https://www.chotot.com/mua-ban-may-tinh-de-ban-quan-6-tp-ho-chi-minh/110447757.htm
2946,https://www.chotot.com/mua-ban-may-tinh-de-ban-quan-binh-tan-tp-ho-chi-minh/110640680.htm
2947,https://www.chotot.com/mua-ban-may-tinh-de-ban-quan-tan-phu-tp-ho-chi-minh/110645428.htm
2948,https://www.chotot.com/mua-ban-may-tinh-de-ban-thanh-pho-thu-duc-tp-ho-chi-minh/110629155.htm
2949,https://www.chotot.com/mua-ban-may-tinh-de-ban-quan-go-vap-tp-ho-chi-minh/110644871.htm
2950,https://www.chotot.com/mua-ban-may-tinh-de-ban-quan-go-vap-tp-ho-chi-minh/110644681.htm
2951,https://www.chotot.com/mua-ban-may-tinh-de-ban-quan-cau-giay-ha-noi/110644622.htm
2952,https://www.chotot.com/mua-ban-may-tinh-de-ban-quan-12-tp-ho-chi-minh/110644602.htm
2953,https://www.chotot.com/mua-ban-may-tinh-de-ban-quan-11-tp-ho-chi-minh/110644571.htm
2954,https://www.chotot.com/mua-ban-may-tinh-de-ban-quan-11-tp-ho-chi-minh/110644387.htm
2955,https://www.chotot.com/mua-ban-may-tinh-de-ban-quan-tan-phu-tp-ho-chi-minh/110243703.htm
2956,https://www.chotot.com/mua-ban-may-tinh-de-ban-quan-go-vap-tp-ho-chi-minh/110100461.htm
2957,https://www.chotot.com/mua-ban-may-tinh-de-ban-quan-binh-tan-tp-ho-chi-minh/110643841.htm
2958,https://www.chotot.com/mua-ban-may-tinh-de-ban-quan-tan-binh-tp-ho-chi-minh/110643792.htm
2959,https://www.chotot.com/mua-ban-may-tinh-de-ban-quan-go-vap-tp-ho-chi-minh/110387689.htm
2960,https://www.chotot.com/mua-ban-may-tinh-de-ban-quan-dong-da-ha-noi/108732823.htm
2961,https://www.chotot.com/mua-ban-may-tinh-de-ban-thanh-pho-thu-duc-tp-ho-chi-minh/110642823.htm
2962,https://www.chotot.com/mua-ban-may-tinh-de-ban-quan-tan-binh-tp-ho-chi-minh/110323985.htm
2963,https://www.chotot.com/mua-ban-may-tinh-de-ban-quan-cau-giay-ha-noi/110641939.htm
2964,https://www.chotot.com/mua-ban-may-tinh-de-ban-quan-12-tp-ho-chi-minh/110641900.htm
2965,https://www.chotot.com/mua-ban-may-tinh-de-ban-thanh-pho-bien-hoa-dong-nai/110641576.htm
2966,https://www.chotot.com/mua-ban-may-tinh-de-ban-quan-binh-thanh-tp-ho-chi-minh/110640936.htm
2967,https://www.chotot.com/mua-ban-may-tinh-de-ban-quan-go-vap-tp-ho-chi-minh/110640848.htm
2968,https://www.chotot.com/mua-ban-may-tinh-de-ban-quan-dong-da-ha-noi/110639759.htm
2969,https://www.chotot.com/mua-ban-may-tinh-de-ban-quan-hai-ba-trung-ha-noi/110639598.htm
2970,https://www.chotot.com/mua-ban-may-tinh-de-ban-quan-tan-phu-tp-ho-chi-minh/110639518.htm
2971,https://www.chotot.com/mua-ban-may-tinh-de-ban-quan-long-bien-ha-noi/110639038.htm
2972,https://www.chotot.com/mua-ban-may-tinh-de-ban-thanh-pho-hue-thua-thien-hue/110638886.htm
2973,https://www.chotot.com/mua-ban-may-tinh-de-ban-quan-12-tp-ho-chi-minh/110638783.htm
2974,https://www.chotot.com/mua-ban-may-tinh-de-ban-quan-lien-chieu-da-nang/110638742.htm
2975,https://www.chotot.com/mua-ban-may-tinh-de-ban-quan-5-tp-ho-chi-minh/110638616.htm
2976,https://www.chotot.com/mua-ban-may-tinh-de-ban-huyen-dai-loc-quang-nam/110638561.htm
2977,https://www.chotot.com/mua-ban-may-tinh-de-ban-quan-cau-giay-ha-noi/110638201.htm
2978,https://www.chotot.com/mua-ban-may-tinh-de-ban-quan-thanh-xuan-ha-noi/106899357.htm
2979,https://www.chotot.com/mua-ban-may-tinh-de-ban-quan-son-tra-da-nang/110638127.htm
2980,https://www.chotot.com/mua-ban-may-tinh-de-ban-thanh-pho-thu-duc-tp-ho-chi-minh/110638086.htm
2981,https://www.chotot.com/mua-ban-may-tinh-de-ban-quan-long-bien-ha-noi/110003137.htm
2982,https://www.chotot.com/mua-ban-may-tinh-de-ban-quan-go-vap-tp-ho-chi-minh/110637978.htm
2983,https://www.chotot.com/mua-ban-may-tinh-de-ban-thanh-pho-thu-duc-tp-ho-chi-minh/110637739.htm
2984,https://www.chotot.com/mua-ban-may-tinh-de-ban-thanh-pho-thu-duc-tp-ho-chi-minh/110637399.htm
2985,https://www.chotot.com/mua-ban-may-tinh-de-ban-quan-tan-phu-tp-ho-chi-minh/110637349.htm
2986,https://www.chotot.com/mua-ban-may-tinh-de-ban-quan-hoang-mai-ha-noi/100160166.htm
2987,https://www.chotot.com/mua-ban-may-tinh-de-ban-thanh-pho-ca-mau-ca-mau/110636721.htm
2988,https://www.chotot.com/mua-ban-may-tinh-de-ban-quan-tan-phu-tp-ho-chi-minh/110636706.htm
2989,https://www.chotot.com/mua-ban-may-tinh-de-ban-huyen-bac-tan-uyen-binh-duong/110636518.htm
2990,https://www.chotot.com/mua-ban-may-tinh-de-ban-quan-6-tp-ho-chi-minh/110636514.htm
2991,https://www.chotot.com/mua-ban-may-tinh-de-ban-thanh-pho-thu-duc-tp-ho-chi-minh/110636464.htm
2992,https://www.chotot.com/mua-ban-may-tinh-de-ban-quan-thanh-khe-da-nang/110636124.htm
2993,https://www.chotot.com/mua-ban-may-tinh-de-ban-huyen-thach-that-ha-noi/110636095.htm
2994,https://www.chotot.com/mua-ban-may-tinh-de-ban-quan-thanh-xuan-ha-noi/110635955.htm
2995,https://www.chotot.com/mua-ban-may-tinh-de-ban-quan-12-tp-ho-chi-minh/110635549.htm
2996,https://www.chotot.com/mua-ban-may-tinh-de-ban-huyen-an-lao-hai-phong/110635179.htm
2997,https://www.chotot.com/mua-ban-may-tinh-de-ban-quan-tan-phu-tp-ho-chi-minh/110634996.htm
2998,https://www.chotot.com/mua-ban-may-tinh-de-ban-quan-thanh-xuan-ha-noi/110634885.htm
2999,https://www.chotot.com/mua-ban-may-tinh-de-ban-quan-thanh-xuan-ha-noi/110634648.htm
3000,https://www.chotot.com/mua-ban-may-tinh-de-ban-huyen-hoc-mon-tp-ho-chi-minh/110634421.htm
3001,https://www.chotot.com/mua-ban-may-tinh-de-ban-thanh-pho-bien-hoa-dong-nai/108760541.htm
3002,https://www.chotot.com/mua-ban-may-tinh-de-ban-quan-hoang-mai-ha-noi/110633477.htm
3003,https://www.chotot.com/mua-ban-may-tinh-de-ban-thanh-pho-buon-ma-thuot-dak-lak/107106518.htm
3004,https://www.chotot.com/mua-ban-may-tinh-de-ban-thanh-pho-buon-ma-thuot-dak-lak/104340012.htm
3005,https://www.chotot.com/mua-ban-may-tinh-de-ban-quan-tan-binh-tp-ho-chi-minh/110632708.htm
3006,https://www.chotot.com/mua-ban-may-tinh-de-ban-thanh-pho-thu-duc-tp-ho-chi-minh/110632500.htm
3007,https://www.chotot.com/mua-ban-may-tinh-de-ban-quan-hai-chau-da-nang/110632439.htm
3008,https://www.chotot.com/mua-ban-may-tinh-de-ban-huyen-binh-chanh-tp-ho-chi-minh/110632397.htm
3009,https://www.chotot.com/mua-ban-may-tinh-de-ban-quan-hai-chau-da-nang/110632357.htm
3010,https://www.chotot.com/mua-ban-may-tinh-de-ban-quan-12-tp-ho-chi-minh/110632319.htm
3011,https://www.chotot.com/mua-ban-may-tinh-de-ban-quan-hai-chau-da-nang/110632166.htm
3012,https://www.chotot.com/mua-ban-may-tinh-de-ban-huyen-hoc-mon-tp-ho-chi-minh/110440827.htm
3013,https://www.chotot.com/mua-ban-may-tinh-de-ban-quan-hai-chau-da-nang/110631939.htm
3014,https://www.chotot.com/mua-ban-may-tinh-de-ban-thanh-pho-dong-hoi-quang-binh/110631905.htm
3015,https://www.chotot.com/mua-ban-may-tinh-de-ban-quan-bac-tu-liem-ha-noi/110329240.htm
3016,https://www.chotot.com/mua-ban-may-tinh-de-ban-quan-hoang-mai-ha-noi/110631524.htm
3017,https://www.chotot.com/mua-ban-may-tinh-de-ban-quan-phu-nhuan-tp-ho-chi-minh/110587675.htm
3018,https://www.chotot.com/mua-ban-may-tinh-de-ban-thanh-pho-bac-ninh-bac-ninh/110631426.htm
3019,https://www.chotot.com/mua-ban-may-tinh-de-ban-quan-12-tp-ho-chi-minh/110631263.htm
3020,https://www.chotot.com/mua-ban-may-tinh-de-ban-quan-binh-tan-tp-ho-chi-minh/110631096.htm
3021,https://www.chotot.com/mua-ban-may-tinh-de-ban-thanh-pho-thu-duc-tp-ho-chi-minh/110580353.htm
3022,https://www.chotot.com/mua-ban-may-tinh-de-ban-quan-bac-tu-liem-ha-noi/110504108.htm
3023,https://www.chotot.com/mua-ban-may-tinh-de-ban-quan-nam-tu-liem-ha-noi/110630744.htm
3024,https://www.chotot.com/mua-ban-may-tinh-de-ban-thanh-pho-thu-duc-tp-ho-chi-minh/110629971.htm
3025,https://www.chotot.com/mua-ban-may-tinh-de-ban-thanh-pho-bien-hoa-dong-nai/110629956.htm
3026,https://www.chotot.com/mua-ban-may-tinh-de-ban-quan-nam-tu-liem-ha-noi/110629947.htm
3027,https://www.chotot.com/mua-ban-may-tinh-de-ban-quan-ha-dong-ha-noi/110629939.htm
3028,https://www.chotot.com/mua-ban-may-tinh-de-ban-thanh-pho-thuan-an-binh-duong/110629734.htm
3029,https://www.chotot.com/mua-ban-may-tinh-de-ban-quan-12-tp-ho-chi-minh/110629673.htm
3030,https://www.chotot.com/mua-ban-may-tinh-de-ban-huyen-chuong-my-ha-noi/110629669.htm
3031,https://www.chotot.com/mua-ban-may-tinh-de-ban-thanh-pho-phu-ly-ha-nam/110629434.htm
3032,https://www.chotot.com/mua-ban-may-tinh-de-ban-huyen-gia-lam-ha-noi/110628712.htm
3033,https://www.chotot.com/mua-ban-may-tinh-de-ban-quan-ninh-kieu-can-tho/110628550.htm
3034,https://www.chotot.com/mua-ban-may-tinh-de-ban-quan-tan-phu-tp-ho-chi-minh/110628519.htm
3035,https://www.chotot.com/mua-ban-may-tinh-de-ban-huyen-bac-tan-uyen-binh-duong/110628318.htm
3036,https://www.chotot.com/mua-ban-may-tinh-de-ban-thanh-pho-bien-hoa-dong-nai/110628085.htm
3037,https://www.chotot.com/mua-ban-may-tinh-de-ban-huyen-go-cong-dong-tien-giang/110628056.htm
3038,https://www.chotot.com/mua-ban-may-tinh-de-ban-quan-long-bien-ha-noi/110627290.htm
3039,https://www.chotot.com/mua-ban-may-tinh-de-ban-quan-binh-tan-tp-ho-chi-minh/110627258.htm
3040,https://www.chotot.com/mua-ban-may-tinh-de-ban-quan-binh-thuy-can-tho/110627253.htm
3041,https://www.chotot.com/mua-ban-may-tinh-de-ban-huyen-binh-chanh-tp-ho-chi-minh/110626804.htm
3042,https://www.chotot.com/mua-ban-may-tinh-de-ban-thanh-pho-thanh-hoa-thanh-hoa/110626627.htm
3043,https://www.chotot.com/mua-ban-may-tinh-de-ban-huyen-hoc-mon-tp-ho-chi-minh/110626564.htm
3044,https://www.chotot.com/mua-ban-may-tinh-de-ban-quan-tan-phu-tp-ho-chi-minh/88716853.htm
3045,https://www.chotot.com/mua-ban-may-tinh-de-ban-thanh-pho-tra-vinh-tra-vinh/110626405.htm
3046,https://www.chotot.com/mua-ban-may-tinh-de-ban-huyen-soc-son-ha-noi/110626401.htm
3047,https://www.chotot.com/mua-ban-may-tinh-de-ban-huyen-yen-lac-vinh-phuc/110625939.htm
3048,https://www.chotot.com/mua-ban-may-tinh-de-ban-quan-o-mon-can-tho/110625933.htm
3049,https://www.chotot.com/mua-ban-may-tinh-de-ban-quan-12-tp-ho-chi-minh/110625671.htm
3050,https://www.chotot.com/mua-ban-may-tinh-de-ban-quan-ha-dong-ha-noi/110625643.htm
3051,https://www.chotot.com/mua-ban-may-tinh-de-ban-huyen-cu-chi-tp-ho-chi-minh/110227742.htm
3052,https://www.chotot.com/mua-ban-may-tinh-de-ban-thanh-pho-long-xuyen-an-giang/110625389.htm
3053,https://www.chotot.com/mua-ban-may-tinh-de-ban-quan-12-tp-ho-chi-minh/110625386.htm
3054,https://www.chotot.com/mua-ban-may-tinh-de-ban-quan-6-tp-ho-chi-minh/110625289.htm
3055,https://www.chotot.com/mua-ban-may-tinh-de-ban-thanh-pho-tra-vinh-tra-vinh/110625197.htm
3056,https://www.chotot.com/mua-ban-may-tinh-de-ban-quan-6-tp-ho-chi-minh/110624776.htm
3057,https://www.chotot.com/mua-ban-may-tinh-de-ban-thanh-pho-buon-ma-thuot-dak-lak/110624379.htm
3058,https://www.chotot.com/mua-ban-may-tinh-de-ban-quan-tan-phu-tp-ho-chi-minh/104435626.htm
3059,https://www.chotot.com/mua-ban-may-tinh-de-ban-quan-dong-da-ha-noi/110623840.htm
3060,https://www.chotot.com/mua-ban-may-tinh-de-ban-quan-tan-phu-tp-ho-chi-minh/101687979.htm
3061,https://www.chotot.com/mua-ban-may-tinh-de-ban-thanh-pho-my-tho-tien-giang/110622594.htm
3062,https://www.chotot.com/mua-ban-may-tinh-de-ban-quan-12-tp-ho-chi-minh/110622466.htm
3063,https://www.chotot.com/mua-ban-may-tinh-de-ban-quan-tan-phu-tp-ho-chi-minh/106528775.htm
3064,https://www.chotot.com/mua-ban-may-tinh-de-ban-quan-12-tp-ho-chi-minh/110621605.htm
3065,https://www.chotot.com/mua-ban-may-tinh-de-ban-quan-tan-phu-tp-ho-chi-minh/100753190.htm
3066,https://www.chotot.com/mua-ban-may-tinh-de-ban-quan-12-tp-ho-chi-minh/110620584.htm
3067,https://www.chotot.com/mua-ban-may-tinh-de-ban-quan-12-tp-ho-chi-minh/110619893.htm
3068,https://www.chotot.com/mua-ban-may-tinh-de-ban-thanh-pho-da-lat-lam-dong/110619837.htm
3069,https://www.chotot.com/mua-ban-may-tinh-de-ban-quan-ha-dong-ha-noi/110619619.htm
3070,https://www.chotot.com/mua-ban-may-tinh-de-ban-quan-binh-thanh-tp-ho-chi-minh/110619521.htm
3071,https://www.chotot.com/mua-ban-may-tinh-de-ban-huyen-ben-luc-long-an/110619497.htm
3072,https://www.chotot.com/mua-ban-may-tinh-de-ban-quan-tan-phu-tp-ho-chi-minh/110619308.htm
3073,https://www.chotot.com/mua-ban-may-tinh-de-ban-thanh-pho-buon-ma-thuot-dak-lak/110619031.htm
3074,https://www.chotot.com/mua-ban-may-tinh-de-ban-quan-nam-tu-liem-ha-noi/110618833.htm
3075,https://www.chotot.com/mua-ban-may-tinh-de-ban-quan-hai-ba-trung-ha-noi/110324361.htm
3076,https://www.chotot.com/mua-ban-may-tinh-de-ban-quan-ninh-kieu-can-tho/110618535.htm
3077,https://www.chotot.com/mua-ban-may-tinh-de-ban-huyen-que-vo-bac-ninh/110618186.htm
3078,https://www.chotot.com/mua-ban-may-tinh-de-ban-quan-ninh-kieu-can-tho/110618129.htm
3079,https://www.chotot.com/mua-ban-may-tinh-de-ban-quan-6-tp-ho-chi-minh/110564858.htm
3080,https://www.chotot.com/mua-ban-may-tinh-de-ban-quan-hoang-mai-ha-noi/110617915.htm
3081,https://www.chotot.com/mua-ban-may-tinh-de-ban-quan-ninh-kieu-can-tho/110617882.htm
3082,https://www.chotot.com/mua-ban-may-tinh-de-ban-quan-cam-le-da-nang/110617301.htm
3083,https://www.chotot.com/mua-ban-may-tinh-de-ban-thanh-pho-da-lat-lam-dong/110617147.htm
3084,https://www.chotot.com/mua-ban-may-tinh-de-ban-thanh-pho-bien-hoa-dong-nai/110617088.htm
3085,https://www.chotot.com/mua-ban-may-tinh-de-ban-quan-long-bien-ha-noi/110616953.htm
3086,https://www.chotot.com/mua-ban-may-tinh-de-ban-quan-hai-chau-da-nang/110616704.htm
3087,https://www.chotot.com/mua-ban-may-tinh-de-ban-thanh-pho-tan-an-long-an/110616558.htm
3088,https://www.chotot.com/mua-ban-may-tinh-de-ban-huyen-nhon-trach-dong-nai/110616484.htm
3089,https://www.chotot.com/mua-ban-may-tinh-de-ban-quan-hai-chau-da-nang/110616353.htm
3090,https://www.chotot.com/mua-ban-may-tinh-de-ban-quan-ninh-kieu-can-tho/110615925.htm
3091,https://www.chotot.com/mua-ban-may-tinh-de-ban-quan-12-tp-ho-chi-minh/110615557.htm
3092,https://www.chotot.com/mua-ban-may-tinh-de-ban-quan-hai-ba-trung-ha-noi/110329454.htm
3093,https://www.chotot.com/mua-ban-may-tinh-de-ban-quan-tan-phu-tp-ho-chi-minh/108695782.htm
3094,https://www.chotot.com/mua-ban-may-tinh-de-ban-quan-cai-rang-can-tho/110614334.htm
3095,https://www.chotot.com/mua-ban-may-tinh-de-ban-quan-tan-phu-tp-ho-chi-minh/110614330.htm
3096,https://www.chotot.com/mua-ban-may-tinh-de-ban-thanh-pho-thuan-an-binh-duong/110614122.htm
3097,https://www.chotot.com/mua-ban-may-tinh-de-ban-quan-go-vap-tp-ho-chi-minh/110613950.htm
3098,https://www.chotot.com/mua-ban-may-tinh-de-ban-thanh-pho-thuan-an-binh-duong/110613485.htm
3099,https://www.chotot.com/mua-ban-may-tinh-de-ban-quan-12-tp-ho-chi-minh/110613299.htm
3100,https://www.chotot.com/mua-ban-may-tinh-de-ban-quan-tan-binh-tp-ho-chi-minh/109808043.htm
3101,https://www.chotot.com/mua-ban-may-tinh-de-ban-quan-tan-phu-tp-ho-chi-minh/110613138.htm
3102,https://www.chotot.com/mua-ban-may-tinh-de-ban-quan-8-tp-ho-chi-minh/110612928.htm
3103,https://www.chotot.com/mua-ban-may-tinh-de-ban-quan-nam-tu-liem-ha-noi/110612001.htm
3104,https://www.chotot.com/mua-ban-may-tinh-de-ban-thanh-pho-thu-duc-tp-ho-chi-minh/110611443.htm
3105,https://www.chotot.com/mua-ban-may-tinh-de-ban-quan-7-tp-ho-chi-minh/110610930.htm
3106,https://www.chotot.com/mua-ban-may-tinh-de-ban-thanh-pho-di-an-binh-duong/110610875.htm
3107,https://www.chotot.com/mua-ban-may-tinh-de-ban-quan-tan-phu-tp-ho-chi-minh/110610794.htm
3108,https://www.chotot.com/mua-ban-may-tinh-de-ban-quan-bac-tu-liem-ha-noi/110610503.htm
3109,https://www.chotot.com/mua-ban-may-tinh-de-ban-quan-go-vap-tp-ho-chi-minh/108895234.htm
3110,https://www.chotot.com/mua-ban-may-tinh-de-ban-quan-go-vap-tp-ho-chi-minh/110381508.htm
3111,https://www.chotot.com/mua-ban-may-tinh-de-ban-thanh-pho-hue-thua-thien-hue/110609132.htm
3112,https://www.chotot.com/mua-ban-may-tinh-de-ban-quan-tan-binh-tp-ho-chi-minh/110609076.htm
3113,https://www.chotot.com/mua-ban-may-tinh-de-ban-huyen-binh-xuyen-vinh-phuc/110609035.htm
3114,https://www.chotot.com/mua-ban-may-tinh-de-ban-thanh-pho-thu-duc-tp-ho-chi-minh/109620876.htm
3115,https://www.chotot.com/mua-ban-may-tinh-de-ban-huyen-xuyen-moc-ba-ria-vung-tau/110609007.htm
3116,https://www.chotot.com/mua-ban-may-tinh-de-ban-quan-go-vap-tp-ho-chi-minh/110608609.htm
3117,https://www.chotot.com/mua-ban-may-tinh-de-ban-quan-6-tp-ho-chi-minh/110608323.htm
3118,https://www.chotot.com/mua-ban-may-tinh-de-ban-quan-1-tp-ho-chi-minh/110608273.htm
3119,https://www.chotot.com/mua-ban-may-tinh-de-ban-thanh-pho-bien-hoa-dong-nai/110607756.htm
3120,https://www.chotot.com/mua-ban-may-tinh-de-ban-thanh-pho-ben-tre-ben-tre/110607515.htm
3121,https://www.chotot.com/mua-ban-may-tinh-de-ban-thanh-pho-buon-ma-thuot-dak-lak/110607484.htm
3122,https://www.chotot.com/mua-ban-may-tinh-de-ban-quan-binh-thuy-can-tho/110607407.htm
3123,https://www.chotot.com/mua-ban-may-tinh-de-ban-thanh-pho-buon-ma-thuot-dak-lak/110607373.htm
3124,https://www.chotot.com/mua-ban-may-tinh-de-ban-quan-binh-tan-tp-ho-chi-minh/110028291.htm
3125,https://www.chotot.com/mua-ban-may-tinh-de-ban-quan-cau-giay-ha-noi/110606766.htm
3126,https://www.chotot.com/mua-ban-may-tinh-de-ban-thanh-pho-thu-dau-mot-binh-duong/110606760.htm
3127,https://www.chotot.com/mua-ban-may-tinh-de-ban-quan-hai-an-hai-phong/109574379.htm
3128,https://www.chotot.com/mua-ban-may-tinh-de-ban-quan-binh-tan-tp-ho-chi-minh/109605968.htm
3129,https://www.chotot.com/mua-ban-may-tinh-de-ban-quan-hai-an-hai-phong/110455545.htm
3130,https://www.chotot.com/mua-ban-may-tinh-de-ban-quan-12-tp-ho-chi-minh/110603819.htm
3131,https://www.chotot.com/mua-ban-may-tinh-de-ban-huyen-tien-du-bac-ninh/110605938.htm
3132,https://www.chotot.com/mua-ban-may-tinh-de-ban-quan-binh-tan-tp-ho-chi-minh/110605574.htm
3133,https://www.chotot.com/mua-ban-may-tinh-de-ban-quan-thanh-khe-da-nang/110605463.htm
3134,https://www.chotot.com/mua-ban-may-tinh-de-ban-thanh-pho-hue-thua-thien-hue/110605202.htm
3135,https://www.chotot.com/mua-ban-may-tinh-de-ban-quan-12-tp-ho-chi-minh/110605147.htm
3136,https://www.chotot.com/mua-ban-may-tinh-de-ban-quan-bac-tu-liem-ha-noi/110605103.htm
3137,https://www.chotot.com/mua-ban-may-tinh-de-ban-huyen-dinh-hoa-thai-nguyen/110605053.htm
3138,https://www.chotot.com/mua-ban-may-tinh-de-ban-thanh-pho-bac-giang-bac-giang/110604623.htm
3139,https://www.chotot.com/mua-ban-may-tinh-de-ban-huyen-nhon-trach-dong-nai/110604570.htm
3140,https://www.chotot.com/mua-ban-may-tinh-de-ban-thanh-pho-thu-dau-mot-binh-duong/110340137.htm
3141,https://www.chotot.com/mua-ban-may-tinh-de-ban-quan-7-tp-ho-chi-minh/108914329.htm
3142,https://www.chotot.com/mua-ban-may-tinh-de-ban-quan-ninh-kieu-can-tho/110603800.htm
3143,https://www.chotot.com/mua-ban-may-tinh-de-ban-quan-hoang-mai-ha-noi/110603692.htm
3144,https://www.chotot.com/mua-ban-may-tinh-de-ban-quan-8-tp-ho-chi-minh/110602880.htm
3145,https://www.chotot.com/mua-ban-may-tinh-de-ban-thanh-pho-thu-duc-tp-ho-chi-minh/110602526.htm
3146,https://www.chotot.com/mua-ban-may-tinh-de-ban-quan-nam-tu-liem-ha-noi/110602263.htm
3147,https://www.chotot.com/mua-ban-may-tinh-de-ban-quan-nam-tu-liem-ha-noi/110602172.htm
3148,https://www.chotot.com/mua-ban-may-tinh-de-ban-quan-12-tp-ho-chi-minh/110602151.htm
3149,https://www.chotot.com/mua-ban-may-tinh-de-ban-huyen-vinh-cuu-dong-nai/110601913.htm
3150,https://www.chotot.com/mua-ban-may-tinh-de-ban-quan-hoang-mai-ha-noi/110601870.htm
3151,https://www.chotot.com/mua-ban-may-tinh-de-ban-huyen-vinh-cuu-dong-nai/110601725.htm
3152,https://www.chotot.com/mua-ban-may-tinh-de-ban-thanh-pho-thuan-an-binh-duong/110601359.htm
3153,https://www.chotot.com/mua-ban-may-tinh-de-ban-quan-hoang-mai-ha-noi/106406846.htm
3154,https://www.chotot.com/mua-ban-may-tinh-de-ban-quan-tan-binh-tp-ho-chi-minh/110601025.htm
3155,https://www.chotot.com/mua-ban-may-tinh-de-ban-thanh-pho-thu-duc-tp-ho-chi-minh/110600640.htm
3156,https://www.chotot.com/mua-ban-may-tinh-de-ban-thanh-pho-thu-duc-tp-ho-chi-minh/110600036.htm
3157,https://www.chotot.com/mua-ban-may-tinh-de-ban-quan-6-tp-ho-chi-minh/110599732.htm
3158,https://www.chotot.com/mua-ban-may-tinh-de-ban-quan-go-vap-tp-ho-chi-minh/110599593.htm
3159,https://www.chotot.com/mua-ban-may-tinh-de-ban-quan-thanh-khe-da-nang/110599541.htm
3160,https://www.chotot.com/mua-ban-may-tinh-de-ban-thanh-pho-buon-ma-thuot-dak-lak/110599522.htm
3161,https://www.chotot.com/mua-ban-may-tinh-de-ban-quan-tan-phu-tp-ho-chi-minh/110599479.htm
3162,https://www.chotot.com/mua-ban-may-tinh-de-ban-quan-thanh-khe-da-nang/110569880.htm
3163,https://www.chotot.com/mua-ban-may-tinh-de-ban-thanh-pho-thu-duc-tp-ho-chi-minh/109894952.htm
3164,https://www.chotot.com/mua-ban-may-tinh-de-ban-thanh-pho-buon-ma-thuot-dak-lak/110599242.htm
3165,https://www.chotot.com/mua-ban-may-tinh-de-ban-quan-7-tp-ho-chi-minh/110598886.htm
3166,https://www.chotot.com/mua-ban-may-tinh-de-ban-thanh-pho-thu-duc-tp-ho-chi-minh/109930672.htm
3167,https://www.chotot.com/mua-ban-may-tinh-de-ban-quan-ninh-kieu-can-tho/110598802.htm
3168,https://www.chotot.com/mua-ban-may-tinh-de-ban-thanh-pho-thu-duc-tp-ho-chi-minh/108571425.htm
3169,https://www.chotot.com/mua-ban-may-tinh-de-ban-quan-phu-nhuan-tp-ho-chi-minh/110598152.htm
3170,https://www.chotot.com/mua-ban-may-tinh-de-ban-thanh-pho-bien-hoa-dong-nai/110597993.htm
3171,https://www.chotot.com/mua-ban-may-tinh-de-ban-quan-thanh-khe-da-nang/110597889.htm
3172,https://www.chotot.com/mua-ban-may-tinh-de-ban-thanh-pho-vung-tau-ba-ria-vung-tau/110597764.htm
3173,https://www.chotot.com/mua-ban-may-tinh-de-ban-huyen-thuan-thanh-bac-ninh/110597059.htm
3174,https://www.chotot.com/mua-ban-may-tinh-de-ban-thanh-pho-thu-duc-tp-ho-chi-minh/110597007.htm
3175,https://www.chotot.com/mua-ban-may-tinh-de-ban-thanh-pho-hue-thua-thien-hue/110596958.htm
3176,https://www.chotot.com/mua-ban-may-tinh-de-ban-huyen-chau-thanh-tien-giang/110596538.htm
3177,https://www.chotot.com/mua-ban-may-tinh-de-ban-thanh-pho-thu-duc-tp-ho-chi-minh/107111419.htm
3178,https://www.chotot.com/mua-ban-may-tinh-de-ban-quan-binh-tan-tp-ho-chi-minh/105262858.htm
3179,https://www.chotot.com/mua-ban-may-tinh-de-ban-quan-cam-le-da-nang/110595977.htm
3180,https://www.chotot.com/mua-ban-may-tinh-de-ban-quan-long-bien-ha-noi/110595905.htm
3181,https://www.chotot.com/mua-ban-may-tinh-de-ban-thanh-pho-thu-duc-tp-ho-chi-minh/110595770.htm
3182,https://www.chotot.com/mua-ban-may-tinh-de-ban-thanh-pho-hue-thua-thien-hue/110595750.htm
3183,https://www.chotot.com/mua-ban-may-tinh-de-ban-huyen-thoi-lai-can-tho/110595689.htm
3184,https://www.chotot.com/mua-ban-may-tinh-de-ban-quan-thanh-xuan-ha-noi/110595598.htm
3185,https://www.chotot.com/mua-ban-may-tinh-de-ban-quan-hai-ba-trung-ha-noi/110595498.htm
3186,https://www.chotot.com/mua-ban-may-tinh-de-ban-quan-go-vap-tp-ho-chi-minh/110595441.htm
3187,https://www.chotot.com/mua-ban-may-tinh-de-ban-thanh-pho-dong-xoai-binh-phuoc/110595401.htm
3188,https://www.chotot.com/mua-ban-may-tinh-de-ban-quan-1-tp-ho-chi-minh/110595062.htm
3189,https://www.chotot.com/mua-ban-may-tinh-de-ban-quan-tan-phu-tp-ho-chi-minh/110595041.htm
3190,https://www.chotot.com/mua-ban-may-tinh-de-ban-quan-cam-le-da-nang/110595033.htm
3191,https://www.chotot.com/mua-ban-may-tinh-de-ban-quan-tan-phu-tp-ho-chi-minh/110594363.htm
3192,https://www.chotot.com/mua-ban-may-tinh-de-ban-thanh-pho-ben-tre-ben-tre/110593765.htm
3193,https://www.chotot.com/mua-ban-may-tinh-de-ban-quan-thanh-xuan-ha-noi/110593657.htm
3194,https://www.chotot.com/mua-ban-may-tinh-de-ban-thanh-pho-bac-ninh-bac-ninh/110593413.htm
3195,https://www.chotot.com/mua-ban-may-tinh-de-ban-thanh-pho-hue-thua-thien-hue/110593051.htm
3196,https://www.chotot.com/mua-ban-may-tinh-de-ban-quan-binh-tan-tp-ho-chi-minh/110593048.htm
3197,https://www.chotot.com/mua-ban-may-tinh-de-ban-thanh-pho-vinh-yen-vinh-phuc/110593026.htm
3198,https://www.chotot.com/mua-ban-may-tinh-de-ban-thanh-pho-thu-duc-tp-ho-chi-minh/110592679.htm
3199,https://www.chotot.com/mua-ban-may-tinh-de-ban-thanh-pho-buon-ma-thuot-dak-lak/110592442.htm
3200,https://www.chotot.com/mua-ban-may-tinh-de-ban-thanh-pho-vinh-nghe-an/110592397.htm
3201,https://www.chotot.com/mua-ban-may-tinh-de-ban-quan-1-tp-ho-chi-minh/110592330.htm
3202,https://www.chotot.com/mua-ban-may-tinh-de-ban-huyen-long-ho-vinh-long/110592129.htm
3203,https://www.chotot.com/mua-ban-may-tinh-de-ban-quan-hoang-mai-ha-noi/110592020.htm
3204,https://www.chotot.com/mua-ban-may-tinh-de-ban-huyen-hoc-mon-tp-ho-chi-minh/110591973.htm
3205,https://www.chotot.com/mua-ban-may-tinh-de-ban-thanh-pho-thu-duc-tp-ho-chi-minh/108822168.htm
3206,https://www.chotot.com/mua-ban-may-tinh-de-ban-thanh-pho-hue-thua-thien-hue/110591774.htm
3207,https://www.chotot.com/mua-ban-may-tinh-de-ban-quan-cau-giay-ha-noi/110591020.htm
3208,https://www.chotot.com/mua-ban-may-tinh-de-ban-quan-tan-binh-tp-ho-chi-minh/110590845.htm
3209,https://www.chotot.com/mua-ban-may-tinh-de-ban-thanh-pho-buon-ma-thuot-dak-lak/110590819.htm
3210,https://www.chotot.com/mua-ban-may-tinh-de-ban-quan-go-vap-tp-ho-chi-minh/110590770.htm
3211,https://www.chotot.com/mua-ban-may-tinh-de-ban-huyen-duong-minh-chau-tay-ninh/110590700.htm
3212,https://www.chotot.com/mua-ban-may-tinh-de-ban-thanh-pho-bien-hoa-dong-nai/108759134.htm
3213,https://www.chotot.com/mua-ban-may-tinh-de-ban-thanh-pho-bac-giang-bac-giang/110590149.htm
3214,https://www.chotot.com/mua-ban-may-tinh-de-ban-thanh-pho-thuan-an-binh-duong/110564710.htm
3215,https://www.chotot.com/mua-ban-may-tinh-de-ban-quan-go-vap-tp-ho-chi-minh/110589046.htm
3216,https://www.chotot.com/mua-ban-may-tinh-de-ban-quan-binh-thanh-tp-ho-chi-minh/110588979.htm
3217,https://www.chotot.com/mua-ban-may-tinh-de-ban-quan-12-tp-ho-chi-minh/110588571.htm
3218,https://www.chotot.com/mua-ban-may-tinh-de-ban-thanh-pho-thu-dau-mot-binh-duong/110588156.htm
3219,https://www.chotot.com/mua-ban-may-tinh-de-ban-huyen-nha-be-tp-ho-chi-minh/110587806.htm
3220,https://www.chotot.com/mua-ban-may-tinh-de-ban-quan-tan-phu-tp-ho-chi-minh/110587693.htm
3221,https://www.chotot.com/mua-ban-may-tinh-de-ban-quan-tan-phu-tp-ho-chi-minh/101354077.htm
3222,https://www.chotot.com/mua-ban-may-tinh-de-ban-quan-12-tp-ho-chi-minh/110587484.htm
3223,https://www.chotot.com/mua-ban-may-tinh-de-ban-thanh-pho-buon-ma-thuot-dak-lak/104657879.htm
3224,https://www.chotot.com/mua-ban-may-tinh-de-ban-quan-tan-binh-tp-ho-chi-minh/110587082.htm
3225,https://www.chotot.com/mua-ban-may-tinh-de-ban-quan-thanh-khe-da-nang/110586992.htm
3226,https://www.chotot.com/mua-ban-may-tinh-de-ban-thanh-pho-buon-ma-thuot-dak-lak/108135790.htm
3227,https://www.chotot.com/mua-ban-may-tinh-de-ban-quan-nam-tu-liem-ha-noi/110537304.htm
3228,https://www.chotot.com/mua-ban-may-tinh-de-ban-quan-phu-nhuan-tp-ho-chi-minh/110421960.htm
3229,https://www.chotot.com/mua-ban-may-tinh-de-ban-thanh-pho-buon-ma-thuot-dak-lak/110128055.htm
3230,https://www.chotot.com/mua-ban-may-tinh-de-ban-quan-cam-le-da-nang/110586076.htm
3231,https://www.chotot.com/mua-ban-may-tinh-de-ban-thanh-pho-vinh-nghe-an/108793415.htm
3232,https://www.chotot.com/mua-ban-may-tinh-de-ban-thanh-pho-di-an-binh-duong/110585878.htm
3233,https://www.chotot.com/mua-ban-may-tinh-de-ban-thanh-pho-thuan-an-binh-duong/110585733.htm
3234,https://www.chotot.com/mua-ban-may-tinh-de-ban-thanh-pho-da-lat-lam-dong/110585583.htm
3235,https://www.chotot.com/mua-ban-may-tinh-de-ban-quan-tan-binh-tp-ho-chi-minh/110585547.htm
3236,https://www.chotot.com/mua-ban-may-tinh-de-ban-quan-5-tp-ho-chi-minh/110585485.htm
3237,https://www.chotot.com/mua-ban-may-tinh-de-ban-huyen-binh-chanh-tp-ho-chi-minh/110585456.htm
3238,https://www.chotot.com/mua-ban-may-tinh-de-ban-quan-6-tp-ho-chi-minh/110471928.htm
3239,https://www.chotot.com/mua-ban-may-tinh-de-ban-quan-6-tp-ho-chi-minh/110584673.htm
3240,https://www.chotot.com/mua-ban-may-tinh-de-ban-quan-phu-nhuan-tp-ho-chi-minh/110584627.htm
3241,https://www.chotot.com/mua-ban-may-tinh-de-ban-thanh-pho-my-tho-tien-giang/110584495.htm
3242,https://www.chotot.com/mua-ban-may-tinh-de-ban-quan-go-vap-tp-ho-chi-minh/110584302.htm
3243,https://www.chotot.com/mua-ban-may-tinh-de-ban-thanh-pho-my-tho-tien-giang/110584075.htm
3244,https://www.chotot.com/mua-ban-may-tinh-de-ban-thanh-pho-thu-duc-tp-ho-chi-minh/110584074.htm
3245,https://www.chotot.com/mua-ban-may-tinh-de-ban-quan-12-tp-ho-chi-minh/106968854.htm
3246,https://www.chotot.com/mua-ban-may-tinh-de-ban-quan-dong-da-ha-noi/110583616.htm
3247,https://www.chotot.com/mua-ban-may-tinh-de-ban-quan-tan-binh-tp-ho-chi-minh/110583415.htm
3248,https://www.chotot.com/mua-ban-may-tinh-de-ban-huyen-cu-jut-dak-nong/110583374.htm
3249,https://www.chotot.com/mua-ban-may-tinh-de-ban-quan-go-vap-tp-ho-chi-minh/108807919.htm
3250,https://www.chotot.com/mua-ban-may-tinh-de-ban-quan-7-tp-ho-chi-minh/110582323.htm
3251,https://www.chotot.com/mua-ban-may-tinh-de-ban-thanh-pho-thu-duc-tp-ho-chi-minh/110583052.htm
3252,https://www.chotot.com/mua-ban-may-tinh-de-ban-quan-go-vap-tp-ho-chi-minh/110582893.htm
3253,https://www.chotot.com/mua-ban-may-tinh-de-ban-quan-cam-le-da-nang/110582655.htm
3254,https://www.chotot.com/mua-ban-may-tinh-de-ban-huyen-tam-duong-vinh-phuc/110582490.htm
3255,https://www.chotot.com/mua-ban-may-tinh-de-ban-quan-dong-da-ha-noi/110582416.htm
3256,https://www.chotot.com/mua-ban-may-tinh-de-ban-quan-binh-tan-tp-ho-chi-minh/105251458.htm
3257,https://www.chotot.com/mua-ban-may-tinh-de-ban-quan-dong-da-ha-noi/110582045.htm
3258,https://www.chotot.com/mua-ban-may-tinh-de-ban-thanh-pho-thu-duc-tp-ho-chi-minh/110581981.htm
3259,https://www.chotot.com/mua-ban-may-tinh-de-ban-thanh-pho-da-lat-lam-dong/110581953.htm
3260,https://www.chotot.com/mua-ban-may-tinh-de-ban-quan-son-tra-da-nang/110581899.htm
3261,https://www.chotot.com/mua-ban-may-tinh-de-ban-quan-6-tp-ho-chi-minh/110581724.htm
3262,https://www.chotot.com/mua-ban-may-tinh-de-ban-thanh-pho-my-tho-tien-giang/110581700.htm
3263,https://www.chotot.com/mua-ban-may-tinh-de-ban-quan-tan-phu-tp-ho-chi-minh/110581479.htm
3264,https://www.chotot.com/mua-ban-may-tinh-de-ban-huyen-trieu-son-thanh-hoa/110581379.htm
3265,https://www.chotot.com/mua-ban-may-tinh-de-ban-huyen-trieu-son-thanh-hoa/110581137.htm
3266,https://www.chotot.com/mua-ban-may-tinh-de-ban-huyen-trieu-son-thanh-hoa/110581134.htm
3267,https://www.chotot.com/mua-ban-may-tinh-de-ban-quan-go-vap-tp-ho-chi-minh/108492374.htm
3268,https://www.chotot.com/mua-ban-may-tinh-de-ban-quan-binh-tan-tp-ho-chi-minh/110580883.htm
3269,https://www.chotot.com/mua-ban-may-tinh-de-ban-huyen-vinh-loc-thanh-hoa/110580823.htm
3270,https://www.chotot.com/mua-ban-may-tinh-de-ban-huyen-trieu-son-thanh-hoa/110580612.htm
3271,https://www.chotot.com/mua-ban-may-tinh-de-ban-quan-go-vap-tp-ho-chi-minh/106983984.htm
3272,https://www.chotot.com/mua-ban-may-tinh-de-ban-quan-ngu-hanh-son-da-nang/110580381.htm
3273,https://www.chotot.com/mua-ban-may-tinh-de-ban-thi-xa-ben-cat-binh-duong/110580268.htm
3274,https://www.chotot.com/mua-ban-may-tinh-de-ban-quan-binh-tan-tp-ho-chi-minh/110570091.htm
3275,https://www.chotot.com/mua-ban-may-tinh-de-ban-quan-thanh-khe-da-nang/110579485.htm
3276,https://www.chotot.com/mua-ban-may-tinh-de-ban-quan-tan-phu-tp-ho-chi-minh/110579241.htm
3277,https://www.chotot.com/mua-ban-may-tinh-de-ban-thi-xa-go-cong-tien-giang/110579228.htm
3278,https://www.chotot.com/mua-ban-may-tinh-de-ban-thanh-pho-bien-hoa-dong-nai/108747308.htm
3279,https://www.chotot.com/mua-ban-may-tinh-de-ban-quan-tan-phu-tp-ho-chi-minh/110578821.htm
3280,https://www.chotot.com/mua-ban-may-tinh-de-ban-huyen-yen-lac-vinh-phuc/110578283.htm
3281,https://www.chotot.com/mua-ban-may-tinh-de-ban-huyen-duong-minh-chau-tay-ninh/110578135.htm
3282,https://www.chotot.com/mua-ban-may-tinh-de-ban-quan-12-tp-ho-chi-minh/110577938.htm
3283,https://www.chotot.com/mua-ban-may-tinh-de-ban-thi-xa-gia-rai-bac-lieu/110577733.htm
3284,https://www.chotot.com/mua-ban-may-tinh-de-ban-quan-go-vap-tp-ho-chi-minh/110399571.htm
3285,https://www.chotot.com/mua-ban-may-tinh-de-ban-quan-4-tp-ho-chi-minh/110577662.htm
3286,https://www.chotot.com/mua-ban-may-tinh-de-ban-quan-12-tp-ho-chi-minh/110577632.htm
3287,https://www.chotot.com/mua-ban-may-tinh-de-ban-quan-binh-tan-tp-ho-chi-minh/110390727.htm
3288,https://www.chotot.com/mua-ban-may-tinh-de-ban-quan-thanh-xuan-ha-noi/109714804.htm
3289,https://www.chotot.com/mua-ban-may-tinh-de-ban-quan-ninh-kieu-can-tho/110577575.htm
3290,https://www.chotot.com/mua-ban-may-tinh-de-ban-huyen-truc-ninh-nam-dinh/110577546.htm
3291,https://www.chotot.com/mua-ban-may-tinh-de-ban-quan-binh-thuy-can-tho/110577443.htm
3292,https://www.chotot.com/mua-ban-may-tinh-de-ban-thanh-pho-thu-duc-tp-ho-chi-minh/108659993.htm
3293,https://www.chotot.com/mua-ban-may-tinh-de-ban-quan-tan-phu-tp-ho-chi-minh/110577201.htm
3294,https://www.chotot.com/mua-ban-may-tinh-de-ban-quan-7-tp-ho-chi-minh/94970719.htm
3295,https://www.chotot.com/mua-ban-may-tinh-de-ban-quan-binh-tan-tp-ho-chi-minh/110577145.htm
3296,https://www.chotot.com/mua-ban-may-tinh-de-ban-quan-ha-dong-ha-noi/110577112.htm
3297,https://www.chotot.com/mua-ban-may-tinh-de-ban-huyen-hoai-duc-ha-noi/110577067.htm
3298,https://www.chotot.com/mua-ban-may-tinh-de-ban-quan-7-tp-ho-chi-minh/110577004.htm
3299,https://www.chotot.com/mua-ban-may-tinh-de-ban-huyen-cu-chi-tp-ho-chi-minh/110576337.htm
3300,https://www.chotot.com/mua-ban-may-tinh-de-ban-quan-long-bien-ha-noi/110576170.htm
3301,https://www.chotot.com/mua-ban-may-tinh-de-ban-huyen-tien-lu-hung-yen/110576076.htm
3302,https://www.chotot.com/mua-ban-may-tinh-de-ban-thi-xa-tan-uyen-binh-duong/110576072.htm
3303,https://www.chotot.com/mua-ban-may-tinh-de-ban-quan-7-tp-ho-chi-minh/110575740.htm
3304,https://www.chotot.com/mua-ban-may-tinh-de-ban-quan-1-tp-ho-chi-minh/110575563.htm
3305,https://www.chotot.com/mua-ban-may-tinh-de-ban-quan-12-tp-ho-chi-minh/110575222.htm
3306,https://www.chotot.com/mua-ban-may-tinh-de-ban-thanh-pho-bien-hoa-dong-nai/110575194.htm
3307,https://www.chotot.com/mua-ban-may-tinh-de-ban-quan-lien-chieu-da-nang/110574973.htm
3308,https://www.chotot.com/mua-ban-may-tinh-de-ban-huyen-nha-be-tp-ho-chi-minh/110574665.htm
3309,https://www.chotot.com/mua-ban-may-tinh-de-ban-quan-tan-binh-tp-ho-chi-minh/110036083.htm
3310,https://www.chotot.com/mua-ban-may-tinh-de-ban-quan-ha-dong-ha-noi/110574130.htm
3311,https://www.chotot.com/mua-ban-may-tinh-de-ban-thanh-pho-nam-dinh-nam-dinh/110574081.htm
3312,https://www.chotot.com/mua-ban-may-tinh-de-ban-thanh-pho-thuan-an-binh-duong/110574070.htm
3313,https://www.chotot.com/mua-ban-may-tinh-de-ban-huyen-tam-duong-vinh-phuc/110574029.htm
3314,https://www.chotot.com/mua-ban-may-tinh-de-ban-thanh-pho-buon-ma-thuot-dak-lak/110573957.htm
3315,https://www.chotot.com/mua-ban-may-tinh-de-ban-huyen-bac-tan-uyen-binh-duong/110573917.htm
3316,https://www.chotot.com/mua-ban-may-tinh-de-ban-quan-cau-giay-ha-noi/110573860.htm
3317,https://www.chotot.com/mua-ban-may-tinh-de-ban-huyen-bac-tan-uyen-binh-duong/110573828.htm
3318,https://www.chotot.com/mua-ban-may-tinh-de-ban-huyen-van-giang-hung-yen/110573825.htm
3319,https://www.chotot.com/mua-ban-may-tinh-de-ban-quan-phu-nhuan-tp-ho-chi-minh/110573140.htm
3320,https://www.chotot.com/mua-ban-may-tinh-de-ban-thanh-pho-bien-hoa-dong-nai/110573082.htm
3321,https://www.chotot.com/mua-ban-may-tinh-de-ban-quan-hoan-kiem-ha-noi/110572785.htm
3322,https://www.chotot.com/mua-ban-may-tinh-de-ban-quan-binh-tan-tp-ho-chi-minh/110572253.htm
3323,https://www.chotot.com/mua-ban-may-tinh-de-ban-thanh-pho-vinh-nghe-an/110572135.htm
3324,https://www.chotot.com/mua-ban-may-tinh-de-ban-quan-nam-tu-liem-ha-noi/110571733.htm
3325,https://www.chotot.com/mua-ban-may-tinh-de-ban-quan-son-tra-da-nang/110571216.htm
3326,https://www.chotot.com/mua-ban-may-tinh-de-ban-huyen-thuan-thanh-bac-ninh/110570843.htm
3327,https://www.chotot.com/mua-ban-may-tinh-de-ban-thanh-pho-thu-duc-tp-ho-chi-minh/110083626.htm
3328,https://www.chotot.com/mua-ban-may-tinh-de-ban-quan-tan-phu-tp-ho-chi-minh/110569889.htm
3329,https://www.chotot.com/mua-ban-may-tinh-de-ban-quan-thanh-khe-da-nang/110569721.htm
3330,https://www.chotot.com/mua-ban-may-tinh-de-ban-quan-tan-phu-tp-ho-chi-minh/110569694.htm
3331,https://www.chotot.com/mua-ban-may-tinh-de-ban-quan-lien-chieu-da-nang/110542696.htm
3332,https://www.chotot.com/mua-ban-may-tinh-de-ban-thanh-pho-thu-duc-tp-ho-chi-minh/110569480.htm
3333,https://www.chotot.com/mua-ban-may-tinh-de-ban-quan-hoang-mai-ha-noi/108114892.htm
3334,https://www.chotot.com/mua-ban-may-tinh-de-ban-quan-hoang-mai-ha-noi/110569267.htm
3335,https://www.chotot.com/mua-ban-may-tinh-de-ban-quan-go-vap-tp-ho-chi-minh/108876128.htm
3336,https://www.chotot.com/mua-ban-may-tinh-de-ban-thi-xa-ben-cat-binh-duong/110569022.htm
3337,https://www.chotot.com/mua-ban-may-tinh-de-ban-thanh-pho-vinh-nghe-an/110568682.htm
3338,https://www.chotot.com/mua-ban-may-tinh-de-ban-quan-bac-tu-liem-ha-noi/110268508.htm#px=SR-special_display_ad-[PO-9][PL-default]
3339,https://www.chotot.com/mua-ban-may-tinh-de-ban-quan-dong-da-ha-noi/110568185.htm
3340,https://www.chotot.com/mua-ban-may-tinh-de-ban-quan-tan-phu-tp-ho-chi-minh/110568128.htm
3341,https://www.chotot.com/mua-ban-may-tinh-de-ban-quan-6-tp-ho-chi-minh/110568012.htm
3342,https://www.chotot.com/mua-ban-may-tinh-de-ban-quan-ha-dong-ha-noi/110568000.htm
3343,https://www.chotot.com/mua-ban-may-tinh-de-ban-quan-hoang-mai-ha-noi/110567940.htm
3344,https://www.chotot.com/mua-ban-may-tinh-de-ban-quan-hoang-mai-ha-noi/110567900.htm
3345,https://www.chotot.com/mua-ban-may-tinh-de-ban-huyen-thach-that-ha-noi/110523120.htm
3346,https://www.chotot.com/mua-ban-may-tinh-de-ban-quan-tan-phu-tp-ho-chi-minh/110567689.htm
3347,https://www.chotot.com/mua-ban-may-tinh-de-ban-quan-hoang-mai-ha-noi/110567660.htm
3348,https://www.chotot.com/mua-ban-may-tinh-de-ban-thanh-pho-bien-hoa-dong-nai/110567604.htm
3349,https://www.chotot.com/mua-ban-may-tinh-de-ban-quan-hoang-mai-ha-noi/110567502.htm
3350,https://www.chotot.com/mua-ban-may-tinh-de-ban-quan-go-vap-tp-ho-chi-minh/110567501.htm
3351,https://www.chotot.com/mua-ban-may-tinh-de-ban-huyen-thanh-tri-ha-noi/110567412.htm
3352,https://www.chotot.com/mua-ban-may-tinh-de-ban-quan-thanh-xuan-ha-noi/110567362.htm
3353,https://www.chotot.com/mua-ban-may-tinh-de-ban-quan-hai-chau-da-nang/110566904.htm
3354,https://www.chotot.com/mua-ban-may-tinh-de-ban-thanh-pho-hue-thua-thien-hue/110566516.htm
3355,https://www.chotot.com/mua-ban-may-tinh-de-ban-thanh-pho-thuan-an-binh-duong/110566450.htm
3356,https://www.chotot.com/mua-ban-may-tinh-de-ban-quan-binh-thanh-tp-ho-chi-minh/108364405.htm
3357,https://www.chotot.com/mua-ban-may-tinh-de-ban-huyen-bau-bang-binh-duong/110565709.htm
3358,https://www.chotot.com/mua-ban-may-tinh-de-ban-thanh-pho-bien-hoa-dong-nai/110565704.htm
3359,https://www.chotot.com/mua-ban-may-tinh-de-ban-thanh-pho-gia-nghia-dak-nong/110565569.htm
3360,https://www.chotot.com/mua-ban-may-tinh-de-ban-quan-bac-tu-liem-ha-noi/110565458.htm
3361,https://www.chotot.com/mua-ban-may-tinh-de-ban-quan-kien-an-hai-phong/110565250.htm
3362,https://www.chotot.com/mua-ban-may-tinh-de-ban-quan-binh-thanh-tp-ho-chi-minh/109606776.htm
3363,https://www.chotot.com/mua-ban-may-tinh-de-ban-quan-10-tp-ho-chi-minh/110564982.htm
3364,https://www.chotot.com/mua-ban-may-tinh-de-ban-quan-tan-binh-tp-ho-chi-minh/110564939.htm
3365,https://www.chotot.com/mua-ban-may-tinh-de-ban-quan-12-tp-ho-chi-minh/110564470.htm
3366,https://www.chotot.com/mua-ban-may-tinh-de-ban-huyen-mo-cay-bac-ben-tre/110564469.htm
3367,https://www.chotot.com/mua-ban-may-tinh-de-ban-quan-go-vap-tp-ho-chi-minh/110563798.htm
3368,https://www.chotot.com/mua-ban-may-tinh-de-ban-thanh-pho-thu-duc-tp-ho-chi-minh/110563685.htm
3369,https://www.chotot.com/mua-ban-may-tinh-de-ban-thanh-pho-thu-duc-tp-ho-chi-minh/110563518.htm
3370,https://www.chotot.com/mua-ban-may-tinh-de-ban-thanh-pho-buon-ma-thuot-dak-lak/110563338.htm
3371,https://www.chotot.com/mua-ban-may-tinh-de-ban-thanh-pho-thu-duc-tp-ho-chi-minh/110563252.htm
3372,https://www.chotot.com/mua-ban-may-tinh-de-ban-thanh-pho-thu-duc-tp-ho-chi-minh/110562737.htm
3373,https://www.chotot.com/mua-ban-may-tinh-de-ban-quan-lien-chieu-da-nang/110562050.htm
3374,https://www.chotot.com/mua-ban-may-tinh-de-ban-quan-7-tp-ho-chi-minh/110561911.htm
3375,https://www.chotot.com/mua-ban-may-tinh-de-ban-quan-cau-giay-ha-noi/110561828.htm
3376,https://www.chotot.com/mua-ban-may-tinh-de-ban-huyen-cai-nuoc-ca-mau/110561657.htm
3377,https://www.chotot.com/mua-ban-may-tinh-de-ban-quan-go-vap-tp-ho-chi-minh/109815191.htm
3378,https://www.chotot.com/mua-ban-may-tinh-de-ban-thi-xa-tan-uyen-binh-duong/110561330.htm
3379,https://www.chotot.com/mua-ban-may-tinh-de-ban-quan-go-vap-tp-ho-chi-minh/110560975.htm
3380,https://www.chotot.com/mua-ban-may-tinh-de-ban-quan-go-vap-tp-ho-chi-minh/110560667.htm
3381,https://www.chotot.com/mua-ban-may-tinh-de-ban-thi-xa-thai-hoa-nghe-an/110559793.htm
3382,https://www.chotot.com/mua-ban-may-tinh-de-ban-quan-son-tra-da-nang/110559416.htm
3383,https://www.chotot.com/mua-ban-may-tinh-de-ban-quan-12-tp-ho-chi-minh/110558884.htm
3384,https://www.chotot.com/mua-ban-may-tinh-de-ban-thanh-pho-thu-duc-tp-ho-chi-minh/110558882.htm
3385,https://www.chotot.com/mua-ban-may-tinh-de-ban-thanh-pho-buon-ma-thuot-dak-lak/110558571.htm
3386,https://www.chotot.com/mua-ban-may-tinh-de-ban-quan-lien-chieu-da-nang/110558325.htm
3387,https://www.chotot.com/mua-ban-may-tinh-de-ban-quan-tan-binh-tp-ho-chi-minh/110558172.htm
3388,https://www.chotot.com/mua-ban-may-tinh-de-ban-huyen-binh-xuyen-vinh-phuc/110557966.htm
3389,https://www.chotot.com/mua-ban-may-tinh-de-ban-thanh-pho-bien-hoa-dong-nai/110557955.htm
3390,https://www.chotot.com/mua-ban-may-tinh-de-ban-quan-lien-chieu-da-nang/110557875.htm
3391,https://www.chotot.com/mua-ban-may-tinh-de-ban-quan-12-tp-ho-chi-minh/110557752.htm
3392,https://www.chotot.com/mua-ban-may-tinh-de-ban-thanh-pho-thu-duc-tp-ho-chi-minh/110159735.htm
3393,https://www.chotot.com/mua-ban-may-tinh-de-ban-quan-go-vap-tp-ho-chi-minh/110557328.htm
3394,https://www.chotot.com/mua-ban-may-tinh-de-ban-quan-binh-tan-tp-ho-chi-minh/110557202.htm
3395,https://www.chotot.com/mua-ban-may-tinh-de-ban-quan-dong-da-ha-noi/109835342.htm
3396,https://www.chotot.com/mua-ban-may-tinh-de-ban-quan-12-tp-ho-chi-minh/110557170.htm
3397,https://www.chotot.com/mua-ban-may-tinh-de-ban-thanh-pho-thu-duc-tp-ho-chi-minh/110172093.htm
3398,https://www.chotot.com/mua-ban-may-tinh-de-ban-quan-nam-tu-liem-ha-noi/91486768.htm
3399,https://www.chotot.com/mua-ban-may-tinh-de-ban-huyen-duong-minh-chau-tay-ninh/110555980.htm
3400,https://www.chotot.com/mua-ban-may-tinh-de-ban-quan-6-tp-ho-chi-minh/109952299.htm
3401,https://www.chotot.com/mua-ban-may-tinh-de-ban-quan-nam-tu-liem-ha-noi/109558182.htm
3402,https://www.chotot.com/mua-ban-may-tinh-de-ban-thanh-pho-soc-trang-soc-trang/108836071.htm
3403,https://www.chotot.com/mua-ban-may-tinh-de-ban-thanh-pho-bien-hoa-dong-nai/110555219.htm
3404,https://www.chotot.com/mua-ban-may-tinh-de-ban-quan-5-tp-ho-chi-minh/110555208.htm
3405,https://www.chotot.com/mua-ban-may-tinh-de-ban-quan-tan-binh-tp-ho-chi-minh/110555137.htm
3406,https://www.chotot.com/mua-ban-may-tinh-de-ban-quan-tan-binh-tp-ho-chi-minh/110555131.htm
3407,https://www.chotot.com/mua-ban-may-tinh-de-ban-quan-go-vap-tp-ho-chi-minh/110555045.htm
3408,https://www.chotot.com/mua-ban-may-tinh-de-ban-quan-dong-da-ha-noi/110554971.htm
3409,https://www.chotot.com/mua-ban-may-tinh-de-ban-huyen-binh-chanh-tp-ho-chi-minh/110553708.htm
3410,https://www.chotot.com/mua-ban-may-tinh-de-ban-quan-thanh-xuan-ha-noi/95006659.htm
3411,https://www.chotot.com/mua-ban-may-tinh-de-ban-quan-hai-ba-trung-ha-noi/110553483.htm
3412,https://www.chotot.com/mua-ban-may-tinh-de-ban-thanh-pho-thu-duc-tp-ho-chi-minh/110553020.htm
3413,https://www.chotot.com/mua-ban-may-tinh-de-ban-thanh-pho-di-an-binh-duong/110552929.htm
3414,https://www.chotot.com/mua-ban-may-tinh-de-ban-quan-nam-tu-liem-ha-noi/110552880.htm
3415,https://www.chotot.com/mua-ban-may-tinh-de-ban-thi-xa-ben-cat-binh-duong/110552800.htm
3416,https://www.chotot.com/mua-ban-may-tinh-de-ban-thanh-pho-thu-dau-mot-binh-duong/110552721.htm
3417,https://www.chotot.com/mua-ban-may-tinh-de-ban-quan-12-tp-ho-chi-minh/110552383.htm
3418,https://www.chotot.com/mua-ban-may-tinh-de-ban-quan-tan-phu-tp-ho-chi-minh/110552169.htm
3419,https://www.chotot.com/mua-ban-may-tinh-de-ban-thanh-pho-thuan-an-binh-duong/110551721.htm
3420,https://www.chotot.com/mua-ban-may-tinh-de-ban-quan-ngu-hanh-son-da-nang/110518916.htm
3421,https://www.chotot.com/mua-ban-may-tinh-de-ban-quan-12-tp-ho-chi-minh/110510814.htm
3422,https://www.chotot.com/mua-ban-may-tinh-de-ban-quan-go-vap-tp-ho-chi-minh/110551641.htm
3423,https://www.chotot.com/mua-ban-may-tinh-de-ban-huyen-long-ho-vinh-long/109825168.htm
3424,https://www.chotot.com/mua-ban-may-tinh-de-ban-thanh-pho-bien-hoa-dong-nai/108721346.htm
3425,https://www.chotot.com/mua-ban-may-tinh-de-ban-thanh-pho-hue-thua-thien-hue/110551381.htm
3426,https://www.chotot.com/mua-ban-may-tinh-de-ban-quan-go-vap-tp-ho-chi-minh/108805784.htm
3427,https://www.chotot.com/mua-ban-may-tinh-de-ban-huyen-cu-chi-tp-ho-chi-minh/110498107.htm
3428,https://www.chotot.com/mua-ban-may-tinh-de-ban-quan-go-vap-tp-ho-chi-minh/108834401.htm
3429,https://www.chotot.com/mua-ban-may-tinh-de-ban-huyen-hoc-mon-tp-ho-chi-minh/110550568.htm
3430,https://www.chotot.com/mua-ban-may-tinh-de-ban-huyen-dan-phuong-ha-noi/110550454.htm
3431,https://www.chotot.com/mua-ban-may-tinh-de-ban-quan-binh-tan-tp-ho-chi-minh/110550223.htm
3432,https://www.chotot.com/mua-ban-may-tinh-de-ban-quan-tan-phu-tp-ho-chi-minh/110550147.htm
3433,https://www.chotot.com/mua-ban-may-tinh-de-ban-thanh-pho-buon-ma-thuot-dak-lak/104182215.htm
3434,https://www.chotot.com/mua-ban-may-tinh-de-ban-quan-6-tp-ho-chi-minh/110475397.htm
3435,https://www.chotot.com/mua-ban-may-tinh-de-ban-quan-go-vap-tp-ho-chi-minh/110549173.htm
3436,https://www.chotot.com/mua-ban-may-tinh-de-ban-thanh-pho-bien-hoa-dong-nai/110548990.htm
3437,https://www.chotot.com/mua-ban-may-tinh-de-ban-huyen-dau-tieng-binh-duong/110548582.htm
3438,https://www.chotot.com/mua-ban-may-tinh-de-ban-quan-dong-da-ha-noi/110548498.htm
3439,https://www.chotot.com/mua-ban-may-tinh-de-ban-huyen-cam-my-dong-nai/108025555.htm
3440,https://www.chotot.com/mua-ban-may-tinh-de-ban-quan-lien-chieu-da-nang/110548447.htm
3441,https://www.chotot.com/mua-ban-may-tinh-de-ban-quan-tan-phu-tp-ho-chi-minh/110548201.htm
3442,https://www.chotot.com/mua-ban-may-tinh-de-ban-thi-xa-vinh-chau-soc-trang/110548109.htm
3443,https://www.chotot.com/mua-ban-may-tinh-de-ban-thanh-pho-nha-trang-khanh-hoa/110548063.htm
3444,https://www.chotot.com/mua-ban-may-tinh-de-ban-thanh-pho-bien-hoa-dong-nai/108251114.htm
3445,https://www.chotot.com/mua-ban-may-tinh-de-ban-quan-7-tp-ho-chi-minh/109475667.htm
3446,https://www.chotot.com/mua-ban-may-tinh-de-ban-huyen-hoa-lu-ninh-binh/110547282.htm
3447,https://www.chotot.com/mua-ban-may-tinh-de-ban-thanh-pho-thu-duc-tp-ho-chi-minh/110547172.htm
3448,https://www.chotot.com/mua-ban-may-tinh-de-ban-quan-hai-an-hai-phong/110547016.htm
3449,https://www.chotot.com/mua-ban-may-tinh-de-ban-quan-cai-rang-can-tho/110546887.htm
3450,https://www.chotot.com/mua-ban-may-tinh-de-ban-quan-8-tp-ho-chi-minh/110546733.htm
3451,https://www.chotot.com/mua-ban-may-tinh-de-ban-quan-hai-an-hai-phong/110546563.htm
3452,https://www.chotot.com/mua-ban-may-tinh-de-ban-quan-binh-thuy-can-tho/110546357.htm
3453,https://www.chotot.com/mua-ban-may-tinh-de-ban-thanh-pho-long-xuyen-an-giang/110546073.htm
3454,https://www.chotot.com/mua-ban-may-tinh-de-ban-quan-hoang-mai-ha-noi/110545937.htm
3455,https://www.chotot.com/mua-ban-may-tinh-de-ban-quan-4-tp-ho-chi-minh/110545933.htm
3456,https://www.chotot.com/mua-ban-may-tinh-de-ban-quan-tay-ho-ha-noi/110545803.htm
3457,https://www.chotot.com/mua-ban-may-tinh-de-ban-quan-tan-binh-tp-ho-chi-minh/110545763.htm
3458,https://www.chotot.com/mua-ban-may-tinh-de-ban-quan-nam-tu-liem-ha-noi/110545748.htm
3459,https://www.chotot.com/mua-ban-may-tinh-de-ban-quan-12-tp-ho-chi-minh/110545041.htm
3460,https://www.chotot.com/mua-ban-may-tinh-de-ban-thanh-pho-thu-duc-tp-ho-chi-minh/110544998.htm
3461,https://www.chotot.com/mua-ban-may-tinh-de-ban-quan-6-tp-ho-chi-minh/110461710.htm
3462,https://www.chotot.com/mua-ban-may-tinh-de-ban-huyen-nhon-trach-dong-nai/110544527.htm
3463,https://www.chotot.com/mua-ban-may-tinh-de-ban-quan-hai-ba-trung-ha-noi/108339186.htm
3464,https://www.chotot.com/mua-ban-may-tinh-de-ban-quan-thanh-khe-da-nang/110543649.htm
3465,https://www.chotot.com/mua-ban-may-tinh-de-ban-thanh-pho-nha-trang-khanh-hoa/110543604.htm
3466,https://www.chotot.com/mua-ban-may-tinh-de-ban-quan-tan-phu-tp-ho-chi-minh/110543339.htm
3467,https://www.chotot.com/mua-ban-may-tinh-de-ban-quan-4-tp-ho-chi-minh/110543189.htm
3468,https://www.chotot.com/mua-ban-may-tinh-de-ban-thanh-pho-bien-hoa-dong-nai/110542984.htm
3469,https://www.chotot.com/mua-ban-may-tinh-de-ban-quan-1-tp-ho-chi-minh/110542973.htm
3470,https://www.chotot.com/mua-ban-may-tinh-de-ban-huyen-cam-my-dong-nai/110542703.htm
3471,https://www.chotot.com/mua-ban-may-tinh-de-ban-quan-lien-chieu-da-nang/110542649.htm
3472,https://www.chotot.com/mua-ban-may-tinh-de-ban-thi-xa-ben-cat-binh-duong/110541983.htm
3473,https://www.chotot.com/mua-ban-may-tinh-de-ban-thanh-pho-pleiku-gia-lai/110541784.htm
3474,https://www.chotot.com/mua-ban-may-tinh-de-ban-quan-12-tp-ho-chi-minh/110131944.htm
3475,https://www.chotot.com/mua-ban-may-tinh-de-ban-huyen-yen-phong-bac-ninh/110541302.htm
3476,https://www.chotot.com/mua-ban-may-tinh-de-ban-thanh-pho-thu-dau-mot-binh-duong/110541253.htm
3477,https://www.chotot.com/mua-ban-may-tinh-de-ban-thanh-pho-thu-dau-mot-binh-duong/110541215.htm
3478,https://www.chotot.com/mua-ban-may-tinh-de-ban-huyen-chau-duc-ba-ria-vung-tau/110540750.htm
3479,https://www.chotot.com/mua-ban-may-tinh-de-ban-huyen-lai-vung-dong-thap/110540323.htm
3480,https://www.chotot.com/mua-ban-may-tinh-de-ban-quan-6-tp-ho-chi-minh/110509572.htm
3481,https://www.chotot.com/mua-ban-may-tinh-de-ban-quan-12-tp-ho-chi-minh/110539817.htm
3482,https://www.chotot.com/mua-ban-may-tinh-de-ban-quan-binh-tan-tp-ho-chi-minh/110539631.htm
3483,https://www.chotot.com/mua-ban-may-tinh-de-ban-huyen-dau-tieng-binh-duong/110539595.htm
3484,https://www.chotot.com/mua-ban-may-tinh-de-ban-quan-go-vap-tp-ho-chi-minh/110539031.htm
3485,https://www.chotot.com/mua-ban-may-tinh-de-ban-quan-son-tra-da-nang/110538834.htm
3486,https://www.chotot.com/mua-ban-may-tinh-de-ban-quan-le-chan-hai-phong/110538535.htm
3487,https://www.chotot.com/mua-ban-may-tinh-de-ban-thi-xa-duy-tien-ha-nam/110538510.htm
3488,https://www.chotot.com/mua-ban-may-tinh-de-ban-thanh-pho-vinh-nghe-an/110538252.htm
3489,https://www.chotot.com/mua-ban-may-tinh-de-ban-quan-hai-chau-da-nang/110538101.htm
3490,https://www.chotot.com/mua-ban-may-tinh-de-ban-quan-ba-dinh-ha-noi/110537483.htm
3491,https://www.chotot.com/mua-ban-may-tinh-de-ban-quan-cau-giay-ha-noi/110537121.htm
3492,https://www.chotot.com/mua-ban-may-tinh-de-ban-quan-cau-giay-ha-noi/110536971.htm
3493,https://www.chotot.com/mua-ban-may-tinh-de-ban-thanh-pho-phan-thiet-binh-thuan/110536841.htm
3494,https://www.chotot.com/mua-ban-may-tinh-de-ban-quan-ninh-kieu-can-tho/108206798.htm
3495,https://www.chotot.com/mua-ban-may-tinh-de-ban-quan-tan-binh-tp-ho-chi-minh/110536544.htm
3496,https://www.chotot.com/mua-ban-may-tinh-de-ban-quan-ngu-hanh-son-da-nang/110536145.htm
3497,https://www.chotot.com/mua-ban-may-tinh-de-ban-thanh-pho-vung-tau-ba-ria-vung-tau/110535749.htm
3498,https://www.chotot.com/mua-ban-may-tinh-de-ban-quan-binh-tan-tp-ho-chi-minh/110535515.htm
3499,https://www.chotot.com/mua-ban-may-tinh-de-ban-quan-go-vap-tp-ho-chi-minh/110535302.htm
3500,https://www.chotot.com/mua-ban-may-tinh-de-ban-quan-10-tp-ho-chi-minh/110534964.htm
3501,https://www.chotot.com/mua-ban-may-tinh-de-ban-quan-3-tp-ho-chi-minh/110422967.htm
3502,https://www.chotot.com/mua-ban-may-tinh-de-ban-thanh-pho-vinh-long-vinh-long/110534326.htm
3503,https://www.chotot.com/mua-ban-may-tinh-de-ban-thanh-pho-vinh-long-vinh-long/108448152.htm
3504,https://www.chotot.com/mua-ban-may-tinh-de-ban-quan-go-vap-tp-ho-chi-minh/110533519.htm
3505,https://www.chotot.com/mua-ban-may-tinh-de-ban-quan-12-tp-ho-chi-minh/110533356.htm
3506,https://www.chotot.com/mua-ban-may-tinh-de-ban-quan-11-tp-ho-chi-minh/110082829.htm
3507,https://www.chotot.com/mua-ban-may-tinh-de-ban-huyen-lai-vung-dong-thap/110532542.htm
3508,https://www.chotot.com/mua-ban-may-tinh-de-ban-quan-lien-chieu-da-nang/110532489.htm
3509,https://www.chotot.com/mua-ban-may-tinh-de-ban-quan-binh-thanh-tp-ho-chi-minh/110532218.htm#px=SR-special_display_ad-[PO-20][PL-default]
3510,https://www.chotot.com/mua-ban-may-tinh-de-ban-quan-cau-giay-ha-noi/110532099.htm
3511,https://www.chotot.com/mua-ban-may-tinh-de-ban-quan-dong-da-ha-noi/110531780.htm
3512,https://www.chotot.com/mua-ban-may-tinh-de-ban-quan-thanh-khe-da-nang/110531607.htm
3513,https://www.chotot.com/mua-ban-may-tinh-de-ban-thanh-pho-my-tho-tien-giang/110531316.htm
3514,https://www.chotot.com/mua-ban-may-tinh-de-ban-quan-10-tp-ho-chi-minh/110531297.htm
3515,https://www.chotot.com/mua-ban-may-tinh-de-ban-quan-thanh-khe-da-nang/110531134.htm
3516,https://www.chotot.com/mua-ban-may-tinh-de-ban-quan-6-tp-ho-chi-minh/104848204.htm
3517,https://www.chotot.com/mua-ban-may-tinh-de-ban-quan-thanh-xuan-ha-noi/110530301.htm
3518,https://www.chotot.com/mua-ban-may-tinh-de-ban-quan-tan-binh-tp-ho-chi-minh/110530209.htm
3519,https://www.chotot.com/mua-ban-may-tinh-de-ban-quan-6-tp-ho-chi-minh/110169251.htm
3520,https://www.chotot.com/mua-ban-may-tinh-de-ban-quan-binh-tan-tp-ho-chi-minh/110529698.htm
3521,https://www.chotot.com/mua-ban-may-tinh-de-ban-huyen-nha-be-tp-ho-chi-minh/108776208.htm
3522,https://www.chotot.com/mua-ban-may-tinh-de-ban-huyen-phong-dien-can-tho/110529609.htm
3523,https://www.chotot.com/mua-ban-may-tinh-de-ban-quan-thanh-khe-da-nang/110529463.htm
3524,https://www.chotot.com/mua-ban-may-tinh-de-ban-quan-hong-bang-hai-phong/109853003.htm
3525,https://www.chotot.com/mua-ban-may-tinh-de-ban-quan-binh-tan-tp-ho-chi-minh/110529208.htm
3526,https://www.chotot.com/mua-ban-may-tinh-de-ban-quan-bac-tu-liem-ha-noi/104143202.htm
3527,https://www.chotot.com/mua-ban-may-tinh-de-ban-quan-tan-binh-tp-ho-chi-minh/110528888.htm
3528,https://www.chotot.com/mua-ban-may-tinh-de-ban-huyen-hung-ha-thai-binh/110528851.htm
3529,https://www.chotot.com/mua-ban-may-tinh-de-ban-quan-go-vap-tp-ho-chi-minh/110528747.htm
3530,https://www.chotot.com/mua-ban-may-tinh-de-ban-thanh-pho-bien-hoa-dong-nai/110528578.htm
3531,https://www.chotot.com/mua-ban-may-tinh-de-ban-quan-12-tp-ho-chi-minh/109594435.htm
3532,https://www.chotot.com/mua-ban-may-tinh-de-ban-quan-o-mon-can-tho/110458526.htm
3533,https://www.chotot.com/mua-ban-may-tinh-de-ban-thanh-pho-thu-duc-tp-ho-chi-minh/109549914.htm
3534,https://www.chotot.com/mua-ban-may-tinh-de-ban-quan-tan-phu-tp-ho-chi-minh/110527678.htm
3535,https://www.chotot.com/mua-ban-may-tinh-de-ban-quan-12-tp-ho-chi-minh/110527654.htm
3536,https://www.chotot.com/mua-ban-may-tinh-de-ban-quan-tan-phu-tp-ho-chi-minh/110527642.htm
3537,https://www.chotot.com/mua-ban-may-tinh-de-ban-quan-binh-tan-tp-ho-chi-minh/110527590.htm
3538,https://www.chotot.com/mua-ban-may-tinh-de-ban-quan-6-tp-ho-chi-minh/109662329.htm
3539,https://www.chotot.com/mua-ban-may-tinh-de-ban-thanh-pho-thu-dau-mot-binh-duong/110527206.htm
3540,https://www.chotot.com/mua-ban-may-tinh-de-ban-huyen-dong-anh-ha-noi/108710645.htm
3541,https://www.chotot.com/mua-ban-may-tinh-de-ban-quan-go-vap-tp-ho-chi-minh/108834992.htm
3542,https://www.chotot.com/mua-ban-may-tinh-de-ban-quan-lien-chieu-da-nang/110526901.htm
3543,https://www.chotot.com/mua-ban-may-tinh-de-ban-quan-dong-da-ha-noi/110526876.htm
3544,https://www.chotot.com/mua-ban-may-tinh-de-ban-quan-dong-da-ha-noi/109866835.htm
3545,https://www.chotot.com/mua-ban-may-tinh-de-ban-quan-12-tp-ho-chi-minh/110526217.htm
3546,https://www.chotot.com/mua-ban-may-tinh-de-ban-quan-tan-phu-tp-ho-chi-minh/110526187.htm
3547,https://www.chotot.com/mua-ban-may-tinh-de-ban-quan-8-tp-ho-chi-minh/110373741.htm
3548,https://www.chotot.com/mua-ban-may-tinh-de-ban-huyen-van-lam-hung-yen/110525867.htm
3549,https://www.chotot.com/mua-ban-may-tinh-de-ban-huyen-go-dau-tay-ninh/110525734.htm
3550,https://www.chotot.com/mua-ban-may-tinh-de-ban-thanh-pho-buon-ma-thuot-dak-lak/110007976.htm
3551,https://www.chotot.com/mua-ban-may-tinh-de-ban-thanh-pho-bao-loc-lam-dong/110525535.htm
3552,https://www.chotot.com/mua-ban-may-tinh-de-ban-quan-binh-tan-tp-ho-chi-minh/110525416.htm
3553,https://www.chotot.com/mua-ban-may-tinh-de-ban-quan-go-vap-tp-ho-chi-minh/110525285.htm
3554,https://www.chotot.com/mua-ban-may-tinh-de-ban-quan-10-tp-ho-chi-minh/110506588.htm
3555,https://www.chotot.com/mua-ban-may-tinh-de-ban-quan-binh-tan-tp-ho-chi-minh/108772551.htm
3556,https://www.chotot.com/mua-ban-may-tinh-de-ban-thanh-pho-thuan-an-binh-duong/110524515.htm
3557,https://www.chotot.com/mua-ban-may-tinh-de-ban-quan-4-tp-ho-chi-minh/110524514.htm
3558,https://www.chotot.com/mua-ban-may-tinh-de-ban-thanh-pho-vinh-long-vinh-long/110524420.htm
3559,https://www.chotot.com/mua-ban-may-tinh-de-ban-quan-binh-tan-tp-ho-chi-minh/107967827.htm
3560,https://www.chotot.com/mua-ban-may-tinh-de-ban-quan-bac-tu-liem-ha-noi/110523553.htm
3561,https://www.chotot.com/mua-ban-may-tinh-de-ban-thanh-pho-bien-hoa-dong-nai/110523445.htm
3562,https://www.chotot.com/mua-ban-may-tinh-de-ban-quan-binh-tan-tp-ho-chi-minh/110031862.htm
3563,https://www.chotot.com/mua-ban-may-tinh-de-ban-quan-12-tp-ho-chi-minh/110523033.htm
3564,https://www.chotot.com/mua-ban-may-tinh-de-ban-quan-bac-tu-liem-ha-noi/110522913.htm
3565,https://www.chotot.com/mua-ban-may-tinh-de-ban-huyen-binh-chanh-tp-ho-chi-minh/110522580.htm
3566,https://www.chotot.com/mua-ban-may-tinh-de-ban-quan-ngu-hanh-son-da-nang/110522309.htm
3567,https://www.chotot.com/mua-ban-may-tinh-de-ban-thanh-pho-thu-duc-tp-ho-chi-minh/110521826.htm
3568,https://www.chotot.com/mua-ban-may-tinh-de-ban-quan-12-tp-ho-chi-minh/110521636.htm
3569,https://www.chotot.com/mua-ban-may-tinh-de-ban-quan-binh-thanh-tp-ho-chi-minh/110521573.htm
3570,https://www.chotot.com/mua-ban-may-tinh-de-ban-thanh-pho-thu-duc-tp-ho-chi-minh/110521435.htm
3571,https://www.chotot.com/mua-ban-may-tinh-de-ban-quan-7-tp-ho-chi-minh/108060964.htm
3572,https://www.chotot.com/mua-ban-may-tinh-de-ban-quan-thanh-khe-da-nang/110521360.htm
3573,https://www.chotot.com/mua-ban-may-tinh-de-ban-quan-tay-ho-ha-noi/110520997.htm
3574,https://www.chotot.com/mua-ban-may-tinh-de-ban-quan-go-vap-tp-ho-chi-minh/110520852.htm
3575,https://www.chotot.com/mua-ban-may-tinh-de-ban-huyen-binh-xuyen-vinh-phuc/110520391.htm
3576,https://www.chotot.com/mua-ban-may-tinh-de-ban-thanh-pho-vung-tau-ba-ria-vung-tau/101730484.htm
3577,https://www.chotot.com/mua-ban-may-tinh-de-ban-quan-go-vap-tp-ho-chi-minh/110520257.htm
3578,https://www.chotot.com/mua-ban-may-tinh-de-ban-quan-hai-chau-da-nang/110519959.htm
3579,https://www.chotot.com/mua-ban-may-tinh-de-ban-quan-6-tp-ho-chi-minh/110248361.htm
3580,https://www.chotot.com/mua-ban-may-tinh-de-ban-quan-binh-tan-tp-ho-chi-minh/110519525.htm
3581,https://www.chotot.com/mua-ban-may-tinh-de-ban-huyen-xuan-loc-dong-nai/110067925.htm
3582,https://www.chotot.com/mua-ban-may-tinh-de-ban-thanh-pho-thu-duc-tp-ho-chi-minh/108706638.htm
3583,https://www.chotot.com/mua-ban-may-tinh-de-ban-quan-4-tp-ho-chi-minh/110519019.htm
3584,https://www.chotot.com/mua-ban-may-tinh-de-ban-huyen-phu-tan-an-giang/110518970.htm
3585,https://www.chotot.com/mua-ban-may-tinh-de-ban-quan-binh-tan-tp-ho-chi-minh/110518867.htm
3586,https://www.chotot.com/mua-ban-may-tinh-de-ban-quan-ngu-hanh-son-da-nang/110518686.htm
3587,https://www.chotot.com/mua-ban-may-tinh-de-ban-thanh-pho-bien-hoa-dong-nai/108717274.htm
3588,https://www.chotot.com/mua-ban-may-tinh-de-ban-thanh-pho-yen-bai-yen-bai/110518479.htm
3589,https://www.chotot.com/mua-ban-may-tinh-de-ban-quan-cau-giay-ha-noi/110518274.htm
3590,https://www.chotot.com/mua-ban-may-tinh-de-ban-huyen-moc-chau-son-la/110518251.htm
3591,https://www.chotot.com/mua-ban-may-tinh-de-ban-thanh-pho-da-lat-lam-dong/110035220.htm
3592,https://www.chotot.com/mua-ban-may-tinh-de-ban-quan-12-tp-ho-chi-minh/110517040.htm
3593,https://www.chotot.com/mua-ban-may-tinh-de-ban-huyen-nghia-hung-nam-dinh/110516712.htm
3594,https://www.chotot.com/mua-ban-may-tinh-de-ban-quan-tan-binh-tp-ho-chi-minh/110516689.htm
3595,https://www.chotot.com/mua-ban-may-tinh-de-ban-quan-cau-giay-ha-noi/110516647.htm
3596,https://www.chotot.com/mua-ban-may-tinh-de-ban-quan-long-bien-ha-noi/110516586.htm
3597,https://www.chotot.com/mua-ban-may-tinh-de-ban-huyen-thach-that-ha-noi/110516278.htm
3598,https://www.chotot.com/mua-ban-may-tinh-de-ban-quan-binh-tan-tp-ho-chi-minh/109431945.htm
3599,https://www.chotot.com/mua-ban-may-tinh-de-ban-quan-ninh-kieu-can-tho/110515701.htm
3600,https://www.chotot.com/mua-ban-may-tinh-de-ban-quan-hoang-mai-ha-noi/110515401.htm
3601,https://www.chotot.com/mua-ban-may-tinh-de-ban-huyen-cu-chi-tp-ho-chi-minh/110515069.htm
3602,https://www.chotot.com/mua-ban-may-tinh-de-ban-quan-phu-nhuan-tp-ho-chi-minh/110515019.htm
3603,https://www.chotot.com/mua-ban-may-tinh-de-ban-thanh-pho-tay-ninh-tay-ninh/110514826.htm
3604,https://www.chotot.com/mua-ban-may-tinh-de-ban-quan-12-tp-ho-chi-minh/110514677.htm
3605,https://www.chotot.com/mua-ban-may-tinh-de-ban-huyen-nhon-trach-dong-nai/110514331.htm
3606,https://www.chotot.com/mua-ban-may-tinh-de-ban-quan-binh-tan-tp-ho-chi-minh/110514317.htm
3607,https://www.chotot.com/mua-ban-may-tinh-de-ban-quan-tan-phu-tp-ho-chi-minh/110514053.htm
3608,https://www.chotot.com/mua-ban-may-tinh-de-ban-quan-nam-tu-liem-ha-noi/110513947.htm
3609,https://www.chotot.com/mua-ban-may-tinh-de-ban-quan-lien-chieu-da-nang/110513664.htm
3610,https://www.chotot.com/mua-ban-may-tinh-de-ban-quan-hai-ba-trung-ha-noi/110513656.htm
3611,https://www.chotot.com/mua-ban-may-tinh-de-ban-quan-12-tp-ho-chi-minh/110513535.htm
3612,https://www.chotot.com/mua-ban-may-tinh-de-ban-huyen-thanh-tri-ha-noi/110513366.htm
3613,https://www.chotot.com/mua-ban-may-tinh-de-ban-quan-12-tp-ho-chi-minh/110512562.htm
3614,https://www.chotot.com/mua-ban-may-tinh-de-ban-quan-binh-thanh-tp-ho-chi-minh/110511871.htm
3615,https://www.chotot.com/mua-ban-may-tinh-de-ban-thanh-pho-long-xuyen-an-giang/104198093.htm
3616,https://www.chotot.com/mua-ban-may-tinh-de-ban-quan-lien-chieu-da-nang/110449999.htm
3617,https://www.chotot.com/mua-ban-may-tinh-de-ban-quan-lien-chieu-da-nang/110511062.htm
3618,https://www.chotot.com/mua-ban-may-tinh-de-ban-quan-ninh-kieu-can-tho/110510611.htm
3619,https://www.chotot.com/mua-ban-may-tinh-de-ban-quan-ninh-kieu-can-tho/110510399.htm
3620,https://www.chotot.com/mua-ban-may-tinh-de-ban-quan-ha-dong-ha-noi/110509975.htm
3621,https://www.chotot.com/mua-ban-may-tinh-de-ban-quan-bac-tu-liem-ha-noi/110509974.htm
3622,https://www.chotot.com/mua-ban-may-tinh-de-ban-quan-nam-tu-liem-ha-noi/110509617.htm
3623,https://www.chotot.com/mua-ban-may-tinh-de-ban-huyen-long-thanh-dong-nai/110509477.htm
3624,https://www.chotot.com/mua-ban-may-tinh-de-ban-huyen-hoc-mon-tp-ho-chi-minh/110509452.htm
3625,https://www.chotot.com/mua-ban-may-tinh-de-ban-quan-bac-tu-liem-ha-noi/110509253.htm
3626,https://www.chotot.com/mua-ban-may-tinh-de-ban-quan-thanh-xuan-ha-noi/110509143.htm
3627,https://www.chotot.com/mua-ban-may-tinh-de-ban-quan-son-tra-da-nang/110508832.htm
3628,https://www.chotot.com/mua-ban-may-tinh-de-ban-thanh-pho-buon-ma-thuot-dak-lak/110508814.htm
3629,https://www.chotot.com/mua-ban-may-tinh-de-ban-quan-12-tp-ho-chi-minh/110507661.htm
3630,https://www.chotot.com/mua-ban-may-tinh-de-ban-quan-3-tp-ho-chi-minh/110507504.htm
3631,https://www.chotot.com/mua-ban-may-tinh-de-ban-quan-lien-chieu-da-nang/110507402.htm
3632,https://www.chotot.com/mua-ban-may-tinh-de-ban-quan-5-tp-ho-chi-minh/110507264.htm
3633,https://www.chotot.com/mua-ban-may-tinh-de-ban-quan-tan-phu-tp-ho-chi-minh/108796094.htm
3634,https://www.chotot.com/mua-ban-may-tinh-de-ban-quan-tan-phu-tp-ho-chi-minh/108738308.htm
3635,https://www.chotot.com/mua-ban-may-tinh-de-ban-quan-tan-phu-tp-ho-chi-minh/108738079.htm
3636,https://www.chotot.com/mua-ban-may-tinh-de-ban-quan-go-vap-tp-ho-chi-minh/110506949.htm
3637,https://www.chotot.com/mua-ban-may-tinh-de-ban-quan-11-tp-ho-chi-minh/108789193.htm
3638,https://www.chotot.com/mua-ban-may-tinh-de-ban-quan-lien-chieu-da-nang/110506848.htm
3639,https://www.chotot.com/mua-ban-may-tinh-de-ban-huyen-cu-chi-tp-ho-chi-minh/110506551.htm
3640,https://www.chotot.com/mua-ban-may-tinh-de-ban-quan-phu-nhuan-tp-ho-chi-minh/110506513.htm
3641,https://www.chotot.com/mua-ban-may-tinh-de-ban-huyen-nha-be-tp-ho-chi-minh/110485120.htm
3642,https://www.chotot.com/mua-ban-may-tinh-de-ban-thanh-pho-bac-ninh-bac-ninh/110505992.htm
3643,https://www.chotot.com/mua-ban-may-tinh-de-ban-huyen-thanh-tri-ha-noi/110505212.htm
3644,https://www.chotot.com/mua-ban-may-tinh-de-ban-quan-ninh-kieu-can-tho/110504626.htm
3645,https://www.chotot.com/mua-ban-may-tinh-de-ban-huyen-cu-chi-tp-ho-chi-minh/110504564.htm
3646,https://www.chotot.com/mua-ban-may-tinh-de-ban-quan-ha-dong-ha-noi/108710604.htm
3647,https://www.chotot.com/mua-ban-may-tinh-de-ban-quan-hai-ba-trung-ha-noi/108781109.htm
3648,https://www.chotot.com/mua-ban-may-tinh-de-ban-quan-go-vap-tp-ho-chi-minh/110502861.htm
3649,https://www.chotot.com/mua-ban-may-tinh-de-ban-quan-tan-phu-tp-ho-chi-minh/110502672.htm
3650,https://www.chotot.com/mua-ban-may-tinh-de-ban-quan-dong-da-ha-noi/110501966.htm
3651,https://www.chotot.com/mua-ban-may-tinh-de-ban-quan-ngu-hanh-son-da-nang/110501601.htm
3652,https://www.chotot.com/mua-ban-may-tinh-de-ban-quan-ninh-kieu-can-tho/110501501.htm
3653,https://www.chotot.com/mua-ban-may-tinh-de-ban-quan-tan-binh-tp-ho-chi-minh/104755184.htm
3654,https://www.chotot.com/mua-ban-may-tinh-de-ban-thanh-pho-ninh-binh-ninh-binh/110501230.htm
3655,https://www.chotot.com/mua-ban-may-tinh-de-ban-huyen-gia-loc-hai-duong/110500273.htm
3656,https://www.chotot.com/mua-ban-may-tinh-de-ban-quan-7-tp-ho-chi-minh/110500242.htm
3657,https://www.chotot.com/mua-ban-may-tinh-de-ban-quan-11-tp-ho-chi-minh/110499571.htm
3658,https://www.chotot.com/mua-ban-may-tinh-de-ban-quan-8-tp-ho-chi-minh/110499268.htm
3659,https://www.chotot.com/mua-ban-may-tinh-de-ban-quan-binh-thanh-tp-ho-chi-minh/110499169.htm
3660,https://www.chotot.com/mua-ban-may-tinh-de-ban-thanh-pho-vinh-long-vinh-long/108814405.htm
3661,https://www.chotot.com/mua-ban-may-tinh-de-ban-quan-binh-tan-tp-ho-chi-minh/110499059.htm
3662,https://www.chotot.com/mua-ban-may-tinh-de-ban-huyen-an-lao-hai-phong/110499004.htm
3663,https://www.chotot.com/mua-ban-may-tinh-de-ban-quan-hoang-mai-ha-noi/110498906.htm
3664,https://www.chotot.com/mua-ban-may-tinh-de-ban-quan-12-tp-ho-chi-minh/108590845.htm
3665,https://www.chotot.com/mua-ban-may-tinh-de-ban-thanh-pho-nha-trang-khanh-hoa/110498541.htm
3666,https://www.chotot.com/mua-ban-may-tinh-de-ban-quan-nam-tu-liem-ha-noi/110498168.htm
3667,https://www.chotot.com/mua-ban-may-tinh-de-ban-quan-cau-giay-ha-noi/110498144.htm
3668,https://www.chotot.com/mua-ban-may-tinh-de-ban-thanh-pho-thu-duc-tp-ho-chi-minh/110498123.htm
3669,https://www.chotot.com/mua-ban-may-tinh-de-ban-thanh-pho-thuan-an-binh-duong/110497967.htm
3670,https://www.chotot.com/mua-ban-may-tinh-de-ban-quan-go-vap-tp-ho-chi-minh/110497929.htm
3671,https://www.chotot.com/mua-ban-may-tinh-de-ban-quan-tan-phu-tp-ho-chi-minh/110497837.htm
3672,https://www.chotot.com/mua-ban-may-tinh-de-ban-thanh-pho-bac-ninh-bac-ninh/110497808.htm
3673,https://www.chotot.com/mua-ban-may-tinh-de-ban-quan-thanh-xuan-ha-noi/106455821.htm
3674,https://www.chotot.com/mua-ban-may-tinh-de-ban-huyen-binh-xuyen-vinh-phuc/110497624.htm
3675,https://www.chotot.com/mua-ban-may-tinh-de-ban-quan-5-tp-ho-chi-minh/110496677.htm
3676,https://www.chotot.com/mua-ban-may-tinh-de-ban-quan-le-chan-hai-phong/110496422.htm
3677,https://www.chotot.com/mua-ban-may-tinh-de-ban-huyen-quang-xuong-thanh-hoa/110495332.htm
3678,https://www.chotot.com/mua-ban-may-tinh-de-ban-quan-binh-thuy-can-tho/110495249.htm
3679,https://www.chotot.com/mua-ban-may-tinh-de-ban-quan-dong-da-ha-noi/110494887.htm
3680,https://www.chotot.com/mua-ban-may-tinh-de-ban-quan-thanh-xuan-ha-noi/110494447.htm
3681,https://www.chotot.com/mua-ban-may-tinh-de-ban-quan-bac-tu-liem-ha-noi/110265567.htm#px=SR-special_display_ad-[PO-12][PL-default]
3682,https://www.chotot.com/mua-ban-may-tinh-de-ban-quan-binh-tan-tp-ho-chi-minh/109729652.htm
3683,https://www.chotot.com/mua-ban-may-tinh-de-ban-quan-binh-tan-tp-ho-chi-minh/105129708.htm
3684,https://www.chotot.com/mua-ban-may-tinh-de-ban-quan-thanh-xuan-ha-noi/103634085.htm
3685,https://www.chotot.com/mua-ban-may-tinh-de-ban-thanh-pho-buon-ma-thuot-dak-lak/110492427.htm
3686,https://www.chotot.com/mua-ban-may-tinh-de-ban-quan-tan-binh-tp-ho-chi-minh/110492403.htm
3687,https://www.chotot.com/mua-ban-may-tinh-de-ban-quan-hai-chau-da-nang/110492292.htm
3688,https://www.chotot.com/mua-ban-may-tinh-de-ban-quan-11-tp-ho-chi-minh/110491739.htm
3689,https://www.chotot.com/mua-ban-may-tinh-de-ban-thanh-pho-vung-tau-ba-ria-vung-tau/110491708.htm
3690,https://www.chotot.com/mua-ban-may-tinh-de-ban-quan-tay-ho-ha-noi/110491362.htm
3691,https://www.chotot.com/mua-ban-may-tinh-de-ban-quan-12-tp-ho-chi-minh/109577725.htm
3692,https://www.chotot.com/mua-ban-may-tinh-de-ban-quan-10-tp-ho-chi-minh/107673763.htm
3693,https://www.chotot.com/mua-ban-may-tinh-de-ban-quan-ngu-hanh-son-da-nang/110490925.htm
3694,https://www.chotot.com/mua-ban-may-tinh-de-ban-thanh-pho-di-an-binh-duong/110490698.htm
3695,https://www.chotot.com/mua-ban-may-tinh-de-ban-thanh-pho-hue-thua-thien-hue/110489891.htm
3696,https://www.chotot.com/mua-ban-may-tinh-de-ban-quan-ngu-hanh-son-da-nang/110489645.htm
3697,https://www.chotot.com/mua-ban-may-tinh-de-ban-quan-thanh-xuan-ha-noi/108599365.htm
3698,https://www.chotot.com/mua-ban-may-tinh-de-ban-quan-go-vap-tp-ho-chi-minh/110489206.htm
3699,https://www.chotot.com/mua-ban-may-tinh-de-ban-quan-ngu-hanh-son-da-nang/110489127.htm
3700,https://www.chotot.com/mua-ban-may-tinh-de-ban-quan-tan-binh-tp-ho-chi-minh/110489020.htm
3701,https://www.chotot.com/mua-ban-may-tinh-de-ban-thanh-pho-bien-hoa-dong-nai/110488911.htm
3702,https://www.chotot.com/mua-ban-may-tinh-de-ban-quan-thanh-khe-da-nang/110488761.htm
3703,https://www.chotot.com/mua-ban-may-tinh-de-ban-quan-hoang-mai-ha-noi/110488707.htm
3704,https://www.chotot.com/mua-ban-may-tinh-de-ban-huyen-hoc-mon-tp-ho-chi-minh/110488675.htm
3705,https://www.chotot.com/mua-ban-may-tinh-de-ban-quan-bac-tu-liem-ha-noi/110488481.htm
3706,https://www.chotot.com/mua-ban-may-tinh-de-ban-quan-ngu-hanh-son-da-nang/110488379.htm
3707,https://www.chotot.com/mua-ban-may-tinh-de-ban-thanh-pho-thuan-an-binh-duong/110488067.htm
3708,https://www.chotot.com/mua-ban-may-tinh-de-ban-thanh-pho-thu-duc-tp-ho-chi-minh/110304827.htm
3709,https://www.chotot.com/mua-ban-may-tinh-de-ban-quan-7-tp-ho-chi-minh/110487994.htm
3710,https://www.chotot.com/mua-ban-may-tinh-de-ban-quan-tan-binh-tp-ho-chi-minh/110458061.htm
3711,https://www.chotot.com/mua-ban-may-tinh-de-ban-quan-cau-giay-ha-noi/110487842.htm
3712,https://www.chotot.com/mua-ban-may-tinh-de-ban-quan-3-tp-ho-chi-minh/110487809.htm
3713,https://www.chotot.com/mua-ban-may-tinh-de-ban-quan-bac-tu-liem-ha-noi/110487726.htm
3714,https://www.chotot.com/mua-ban-may-tinh-de-ban-thanh-pho-vung-tau-ba-ria-vung-tau/110487702.htm
3715,https://www.chotot.com/mua-ban-may-tinh-de-ban-thanh-pho-di-an-binh-duong/110487661.htm
3716,https://www.chotot.com/mua-ban-may-tinh-de-ban-quan-hai-ba-trung-ha-noi/110158429.htm
3717,https://www.chotot.com/mua-ban-may-tinh-de-ban-thanh-pho-bien-hoa-dong-nai/108688172.htm
3718,https://www.chotot.com/mua-ban-may-tinh-de-ban-huyen-lai-vung-dong-thap/110486596.htm
3719,https://www.chotot.com/mua-ban-may-tinh-de-ban-thanh-pho-tam-ky-quang-nam/110486360.htm
3720,https://www.chotot.com/mua-ban-may-tinh-de-ban-quan-12-tp-ho-chi-minh/110485941.htm
3721,https://www.chotot.com/mua-ban-may-tinh-de-ban-quan-1-tp-ho-chi-minh/110485823.htm
3722,https://www.chotot.com/mua-ban-may-tinh-de-ban-quan-lien-chieu-da-nang/110485587.htm
3723,https://www.chotot.com/mua-ban-may-tinh-de-ban-quan-cam-le-da-nang/110485584.htm
3724,https://www.chotot.com/mua-ban-may-tinh-de-ban-quan-tay-ho-ha-noi/110485259.htm
3725,https://www.chotot.com/mua-ban-may-tinh-de-ban-thanh-pho-buon-ma-thuot-dak-lak/110484981.htm
3726,https://www.chotot.com/mua-ban-may-tinh-de-ban-huyen-nhon-trach-dong-nai/110484888.htm
3727,https://www.chotot.com/mua-ban-may-tinh-de-ban-quan-thanh-xuan-ha-noi/110484664.htm
3728,https://www.chotot.com/mua-ban-may-tinh-de-ban-quan-binh-thuy-can-tho/110484512.htm
3729,https://www.chotot.com/mua-ban-may-tinh-de-ban-thi-xa-tu-son-bac-ninh/110483932.htm
3730,https://www.chotot.com/mua-ban-may-tinh-de-ban-thanh-pho-tra-vinh-tra-vinh/110483870.htm
3731,https://www.chotot.com/mua-ban-may-tinh-de-ban-huyen-gia-lam-ha-noi/110483701.htm
3732,https://www.chotot.com/mua-ban-may-tinh-de-ban-quan-cau-giay-ha-noi/110483632.htm
3733,https://www.chotot.com/mua-ban-may-tinh-de-ban-quan-long-bien-ha-noi/110483583.htm
3734,https://www.chotot.com/mua-ban-may-tinh-de-ban-huyen-dong-hung-thai-binh/110483450.htm
3735,https://www.chotot.com/mua-ban-may-tinh-de-ban-quan-6-tp-ho-chi-minh/108480320.htm
3736,https://www.chotot.com/mua-ban-may-tinh-de-ban-quan-thanh-xuan-ha-noi/110483162.htm
3737,https://www.chotot.com/mua-ban-may-tinh-de-ban-quan-tan-phu-tp-ho-chi-minh/110482667.htm
3738,https://www.chotot.com/mua-ban-may-tinh-de-ban-huyen-thanh-tri-ha-noi/110482600.htm
3739,https://www.chotot.com/mua-ban-may-tinh-de-ban-thanh-pho-thu-dau-mot-binh-duong/110481427.htm
3740,https://www.chotot.com/mua-ban-may-tinh-de-ban-thanh-pho-lao-cai-lao-cai/110480887.htm
3741,https://www.chotot.com/mua-ban-may-tinh-de-ban-thanh-pho-lao-cai-lao-cai/110480867.htm
3742,https://www.chotot.com/mua-ban-may-tinh-de-ban-thanh-pho-thuan-an-binh-duong/110480833.htm
3743,https://www.chotot.com/mua-ban-may-tinh-de-ban-quan-cam-le-da-nang/110480621.htm
3744,https://www.chotot.com/mua-ban-may-tinh-de-ban-thanh-pho-thu-duc-tp-ho-chi-minh/110480352.htm
3745,https://www.chotot.com/mua-ban-may-tinh-de-ban-thanh-pho-thu-duc-tp-ho-chi-minh/110480243.htm
3746,https://www.chotot.com/mua-ban-may-tinh-de-ban-quan-bac-tu-liem-ha-noi/110480095.htm
3747,https://www.chotot.com/mua-ban-may-tinh-de-ban-thanh-pho-buon-ma-thuot-dak-lak/110480030.htm
3748,https://www.chotot.com/mua-ban-may-tinh-de-ban-huyen-binh-chanh-tp-ho-chi-minh/110385084.htm
3749,https://www.chotot.com/mua-ban-may-tinh-de-ban-quan-12-tp-ho-chi-minh/110479747.htm
3750,https://www.chotot.com/mua-ban-may-tinh-de-ban-huyen-binh-chanh-tp-ho-chi-minh/110479722.htm
3751,https://www.chotot.com/mua-ban-may-tinh-de-ban-quan-3-tp-ho-chi-minh/110479689.htm
3752,https://www.chotot.com/mua-ban-may-tinh-de-ban-quan-nam-tu-liem-ha-noi/110479295.htm
3753,https://www.chotot.com/mua-ban-may-tinh-de-ban-huyen-duc-trong-lam-dong/110479134.htm
3754,https://www.chotot.com/mua-ban-may-tinh-de-ban-thanh-pho-phu-quoc-kien-giang/110478797.htm
3755,https://www.chotot.com/mua-ban-may-tinh-de-ban-quan-6-tp-ho-chi-minh/106992945.htm
3756,https://www.chotot.com/mua-ban-may-tinh-de-ban-quan-dong-da-ha-noi/110477760.htm
3757,https://www.chotot.com/mua-ban-may-tinh-de-ban-quan-bac-tu-liem-ha-noi/110327596.htm
3758,https://www.chotot.com/mua-ban-may-tinh-de-ban-quan-bac-tu-liem-ha-noi/110329999.htm
3759,https://www.chotot.com/mua-ban-may-tinh-de-ban-thanh-pho-vinh-nghe-an/110476892.htm
3760,https://www.chotot.com/mua-ban-may-tinh-de-ban-quan-12-tp-ho-chi-minh/110476816.htm
3761,https://www.chotot.com/mua-ban-may-tinh-de-ban-quan-tan-phu-tp-ho-chi-minh/110476240.htm
3762,https://www.chotot.com/mua-ban-may-tinh-de-ban-quan-thanh-xuan-ha-noi/109536558.htm
3763,https://www.chotot.com/mua-ban-may-tinh-de-ban-huyen-tan-chau-tay-ninh/110475899.htm
3764,https://www.chotot.com/mua-ban-may-tinh-de-ban-thanh-pho-thu-duc-tp-ho-chi-minh/110475562.htm
3765,https://www.chotot.com/mua-ban-may-tinh-de-ban-quan-nam-tu-liem-ha-noi/110475401.htm
3766,https://www.chotot.com/mua-ban-may-tinh-de-ban-thanh-pho-dong-xoai-binh-phuoc/110475371.htm
3767,https://www.chotot.com/mua-ban-may-tinh-de-ban-quan-10-tp-ho-chi-minh/110475218.htm
3768,https://www.chotot.com/mua-ban-may-tinh-de-ban-quan-tan-binh-tp-ho-chi-minh/110475182.htm
3769,https://www.chotot.com/mua-ban-may-tinh-de-ban-thanh-pho-thuan-an-binh-duong/110475006.htm
3770,https://www.chotot.com/mua-ban-may-tinh-de-ban-quan-tan-binh-tp-ho-chi-minh/110474569.htm
3771,https://www.chotot.com/mua-ban-may-tinh-de-ban-huyen-binh-chanh-tp-ho-chi-minh/110473909.htm
3772,https://www.chotot.com/mua-ban-may-tinh-de-ban-quan-thanh-xuan-ha-noi/110473890.htm
3773,https://www.chotot.com/mua-ban-may-tinh-de-ban-quan-6-tp-ho-chi-minh/110473844.htm
3774,https://www.chotot.com/mua-ban-may-tinh-de-ban-huyen-tien-lang-hai-phong/110473404.htm
3775,https://www.chotot.com/mua-ban-may-tinh-de-ban-quan-bac-tu-liem-ha-noi/110473380.htm
3776,https://www.chotot.com/mua-ban-may-tinh-de-ban-thanh-pho-thuan-an-binh-duong/110473286.htm
3777,https://www.chotot.com/mua-ban-may-tinh-de-ban-huyen-binh-chanh-tp-ho-chi-minh/110473029.htm
3778,https://www.chotot.com/mua-ban-may-tinh-de-ban-thanh-pho-bac-ninh-bac-ninh/110472784.htm
3779,https://www.chotot.com/mua-ban-may-tinh-de-ban-quan-12-tp-ho-chi-minh/110472696.htm
3780,https://www.chotot.com/mua-ban-may-tinh-de-ban-thanh-pho-da-lat-lam-dong/110472603.htm
3781,https://www.chotot.com/mua-ban-may-tinh-de-ban-quan-go-vap-tp-ho-chi-minh/108047224.htm
3782,https://www.chotot.com/mua-ban-may-tinh-de-ban-quan-6-tp-ho-chi-minh/110472295.htm
3783,https://www.chotot.com/mua-ban-may-tinh-de-ban-quan-tan-phu-tp-ho-chi-minh/110472258.htm
3784,https://www.chotot.com/mua-ban-may-tinh-de-ban-quan-tan-phu-tp-ho-chi-minh/110460226.htm
3785,https://www.chotot.com/mua-ban-may-tinh-de-ban-quan-7-tp-ho-chi-minh/109718878.htm
3786,https://www.chotot.com/mua-ban-may-tinh-de-ban-quan-thanh-khe-da-nang/110471855.htm
3787,https://www.chotot.com/mua-ban-may-tinh-de-ban-quan-11-tp-ho-chi-minh/109752026.htm
3788,https://www.chotot.com/mua-ban-may-tinh-de-ban-thanh-pho-thu-duc-tp-ho-chi-minh/110270026.htm
3789,https://www.chotot.com/mua-ban-may-tinh-de-ban-quan-11-tp-ho-chi-minh/110127773.htm
3790,https://www.chotot.com/mua-ban-may-tinh-de-ban-quan-12-tp-ho-chi-minh/108668955.htm
3791,https://www.chotot.com/mua-ban-may-tinh-de-ban-quan-7-tp-ho-chi-minh/108702682.htm
3792,https://www.chotot.com/mua-ban-may-tinh-de-ban-quan-tan-phu-tp-ho-chi-minh/106820896.htm
3793,https://www.chotot.com/mua-ban-may-tinh-de-ban-quan-12-tp-ho-chi-minh/108588348.htm
3794,https://www.chotot.com/mua-ban-may-tinh-de-ban-thanh-pho-thu-duc-tp-ho-chi-minh/108731157.htm
3795,https://www.chotot.com/mua-ban-may-tinh-de-ban-thanh-pho-thu-duc-tp-ho-chi-minh/108758303.htm
3796,https://www.chotot.com/mua-ban-may-tinh-de-ban-thanh-pho-thu-duc-tp-ho-chi-minh/110470760.htm
3797,https://www.chotot.com/mua-ban-may-tinh-de-ban-thanh-pho-vinh-nghe-an/110470651.htm
3798,https://www.chotot.com/mua-ban-may-tinh-de-ban-quan-ngu-hanh-son-da-nang/110470643.htm
3799,https://www.chotot.com/mua-ban-may-tinh-de-ban-quan-8-tp-ho-chi-minh/110470382.htm
3800,https://www.chotot.com/mua-ban-may-tinh-de-ban-quan-6-tp-ho-chi-minh/110470016.htm
3801,https://www.chotot.com/mua-ban-may-tinh-de-ban-quan-ninh-kieu-can-tho/110469732.htm
3802,https://www.chotot.com/mua-ban-may-tinh-de-ban-quan-6-tp-ho-chi-minh/110469679.htm
3803,https://www.chotot.com/mua-ban-may-tinh-de-ban-thanh-pho-thu-duc-tp-ho-chi-minh/110469620.htm
3804,https://www.chotot.com/mua-ban-may-tinh-de-ban-quan-6-tp-ho-chi-minh/110255587.htm
3805,https://www.chotot.com/mua-ban-may-tinh-de-ban-thanh-pho-thu-duc-tp-ho-chi-minh/110227249.htm
3806,https://www.chotot.com/mua-ban-may-tinh-de-ban-thanh-pho-thu-duc-tp-ho-chi-minh/110469266.htm
3807,https://www.chotot.com/mua-ban-may-tinh-de-ban-thanh-pho-thu-duc-tp-ho-chi-minh/110469077.htm
3808,https://www.chotot.com/mua-ban-may-tinh-de-ban-quan-binh-tan-tp-ho-chi-minh/110439275.htm
3809,https://www.chotot.com/mua-ban-may-tinh-de-ban-quan-hoang-mai-ha-noi/110468808.htm
3810,https://www.chotot.com/mua-ban-may-tinh-de-ban-huyen-lai-vung-dong-thap/110468727.htm
3811,https://www.chotot.com/mua-ban-may-tinh-de-ban-quan-tan-phu-tp-ho-chi-minh/110468527.htm
3812,https://www.chotot.com/mua-ban-may-tinh-de-ban-quan-12-tp-ho-chi-minh/110468369.htm
3813,https://www.chotot.com/mua-ban-may-tinh-de-ban-quan-go-vap-tp-ho-chi-minh/110468156.htm
3814,https://www.chotot.com/mua-ban-may-tinh-de-ban-quan-tan-binh-tp-ho-chi-minh/110388173.htm
3815,https://www.chotot.com/mua-ban-may-tinh-de-ban-quan-thanh-khe-da-nang/110467832.htm
3816,https://www.chotot.com/mua-ban-may-tinh-de-ban-quan-12-tp-ho-chi-minh/110467699.htm
3817,https://www.chotot.com/mua-ban-may-tinh-de-ban-thanh-pho-ben-tre-ben-tre/110467558.htm
3818,https://www.chotot.com/mua-ban-may-tinh-de-ban-quan-go-vap-tp-ho-chi-minh/110467024.htm
3819,https://www.chotot.com/mua-ban-may-tinh-de-ban-quan-12-tp-ho-chi-minh/110466744.htm
3820,https://www.chotot.com/mua-ban-may-tinh-de-ban-quan-go-vap-tp-ho-chi-minh/110466632.htm
3821,https://www.chotot.com/mua-ban-may-tinh-de-ban-thanh-pho-thu-duc-tp-ho-chi-minh/110466408.htm
3822,https://www.chotot.com/mua-ban-may-tinh-de-ban-huyen-thanh-tri-ha-noi/110466263.htm
3823,https://www.chotot.com/mua-ban-may-tinh-de-ban-quan-11-tp-ho-chi-minh/110466078.htm
3824,https://www.chotot.com/mua-ban-may-tinh-de-ban-quan-tan-phu-tp-ho-chi-minh/110465409.htm
3825,https://www.chotot.com/mua-ban-may-tinh-de-ban-thi-xa-ben-cat-binh-duong/110465352.htm
3826,https://www.chotot.com/mua-ban-may-tinh-de-ban-quan-go-vap-tp-ho-chi-minh/110465024.htm
3827,https://www.chotot.com/mua-ban-may-tinh-de-ban-thi-xa-ben-cat-binh-duong/110464831.htm
3828,https://www.chotot.com/mua-ban-may-tinh-de-ban-quan-go-vap-tp-ho-chi-minh/110109806.htm
3829,https://www.chotot.com/mua-ban-may-tinh-de-ban-quan-hai-chau-da-nang/110464639.htm
3830,https://www.chotot.com/mua-ban-may-tinh-de-ban-quan-go-vap-tp-ho-chi-minh/110464423.htm
3831,https://www.chotot.com/mua-ban-may-tinh-de-ban-huyen-binh-chanh-tp-ho-chi-minh/109831203.htm
3832,https://www.chotot.com/mua-ban-may-tinh-de-ban-quan-tan-phu-tp-ho-chi-minh/110463431.htm
3833,https://www.chotot.com/mua-ban-may-tinh-de-ban-quan-dong-da-ha-noi/110463120.htm
3834,https://www.chotot.com/mua-ban-may-tinh-de-ban-thanh-pho-thu-duc-tp-ho-chi-minh/108434745.htm
3835,https://www.chotot.com/mua-ban-may-tinh-de-ban-thanh-pho-cao-lanh-dong-thap/110462418.htm
3836,https://www.chotot.com/mua-ban-may-tinh-de-ban-quan-dong-da-ha-noi/108141486.htm
3837,https://www.chotot.com/mua-ban-may-tinh-de-ban-quan-go-vap-tp-ho-chi-minh/108708942.htm
3838,https://www.chotot.com/mua-ban-may-tinh-de-ban-quan-tay-ho-ha-noi/110461577.htm
3839,https://www.chotot.com/mua-ban-may-tinh-de-ban-quan-tan-binh-tp-ho-chi-minh/110419669.htm
3840,https://www.chotot.com/mua-ban-may-tinh-de-ban-quan-12-tp-ho-chi-minh/110461372.htm
3841,https://www.chotot.com/mua-ban-may-tinh-de-ban-thanh-pho-thu-duc-tp-ho-chi-minh/104820363.htm
3842,https://www.chotot.com/mua-ban-may-tinh-de-ban-quan-go-vap-tp-ho-chi-minh/110044191.htm
3843,https://www.chotot.com/mua-ban-may-tinh-de-ban-quan-go-vap-tp-ho-chi-minh/110460133.htm
3844,https://www.chotot.com/mua-ban-may-tinh-de-ban-quan-long-bien-ha-noi/110460115.htm
3845,https://www.chotot.com/mua-ban-may-tinh-de-ban-quan-7-tp-ho-chi-minh/110406261.htm
3846,https://www.chotot.com/mua-ban-may-tinh-de-ban-thanh-pho-thu-duc-tp-ho-chi-minh/108435367.htm
3847,https://www.chotot.com/mua-ban-may-tinh-de-ban-quan-10-tp-ho-chi-minh/108326773.htm
3848,https://www.chotot.com/mua-ban-may-tinh-de-ban-quan-go-vap-tp-ho-chi-minh/110045204.htm
3849,https://www.chotot.com/mua-ban-may-tinh-de-ban-quan-binh-thanh-tp-ho-chi-minh/110385680.htm
3850,https://www.chotot.com/mua-ban-may-tinh-de-ban-quan-go-vap-tp-ho-chi-minh/110459155.htm
3851,https://www.chotot.com/mua-ban-may-tinh-de-ban-huyen-ly-nhan-ha-nam/110459153.htm
3852,https://www.chotot.com/mua-ban-may-tinh-de-ban-thanh-pho-thuan-an-binh-duong/110458857.htm
3853,https://www.chotot.com/mua-ban-may-tinh-de-ban-quan-ngu-hanh-son-da-nang/110458752.htm
3854,https://www.chotot.com/mua-ban-may-tinh-de-ban-quan-hoang-mai-ha-noi/110458699.htm
3855,https://www.chotot.com/mua-ban-may-tinh-de-ban-thanh-pho-bien-hoa-dong-nai/108686024.htm
3856,https://www.chotot.com/mua-ban-may-tinh-de-ban-quan-go-vap-tp-ho-chi-minh/110358721.htm
3857,https://www.chotot.com/mua-ban-may-tinh-de-ban-quan-binh-thanh-tp-ho-chi-minh/110035165.htm
3858,https://www.chotot.com/mua-ban-may-tinh-de-ban-quan-tan-phu-tp-ho-chi-minh/102594337.htm
3859,https://www.chotot.com/mua-ban-may-tinh-de-ban-quan-thanh-khe-da-nang/110458108.htm
3860,https://www.chotot.com/mua-ban-may-tinh-de-ban-quan-10-tp-ho-chi-minh/110458078.htm
3861,https://www.chotot.com/mua-ban-may-tinh-de-ban-thanh-pho-hue-thua-thien-hue/110457977.htm
3862,https://www.chotot.com/mua-ban-may-tinh-de-ban-quan-ngu-hanh-son-da-nang/110457801.htm
3863,https://www.chotot.com/mua-ban-may-tinh-de-ban-thanh-pho-buon-ma-thuot-dak-lak/110457697.htm
3864,https://www.chotot.com/mua-ban-may-tinh-de-ban-huyen-thanh-tri-ha-noi/110457295.htm
3865,https://www.chotot.com/mua-ban-may-tinh-de-ban-thanh-pho-gia-nghia-dak-nong/110457246.htm
3866,https://www.chotot.com/mua-ban-may-tinh-de-ban-quan-7-tp-ho-chi-minh/110456930.htm
3867,https://www.chotot.com/mua-ban-may-tinh-de-ban-quan-12-tp-ho-chi-minh/110456357.htm
3868,https://www.chotot.com/mua-ban-may-tinh-de-ban-thi-xa-tan-uyen-binh-duong/110456313.htm
3869,https://www.chotot.com/mua-ban-may-tinh-de-ban-thanh-pho-thu-dau-mot-binh-duong/110456141.htm
3870,https://www.chotot.com/mua-ban-may-tinh-de-ban-huyen-dong-anh-ha-noi/110455792.htm
3871,https://www.chotot.com/mua-ban-may-tinh-de-ban-thanh-pho-hue-thua-thien-hue/110455439.htm
3872,https://www.chotot.com/mua-ban-may-tinh-de-ban-huyen-quang-xuong-thanh-hoa/110414874.htm
3873,https://www.chotot.com/mua-ban-may-tinh-de-ban-quan-tan-binh-tp-ho-chi-minh/110455378.htm
3874,https://www.chotot.com/mua-ban-may-tinh-de-ban-huyen-nam-truc-nam-dinh/110455305.htm
3875,https://www.chotot.com/mua-ban-may-tinh-de-ban-quan-cau-giay-ha-noi/110454925.htm
3876,https://www.chotot.com/mua-ban-may-tinh-de-ban-quan-tan-binh-tp-ho-chi-minh/110454839.htm
3877,https://www.chotot.com/mua-ban-may-tinh-de-ban-huyen-duc-hoa-long-an/110454764.htm
3878,https://www.chotot.com/mua-ban-may-tinh-de-ban-quan-ngu-hanh-son-da-nang/110454742.htm
3879,https://www.chotot.com/mua-ban-may-tinh-de-ban-quan-10-tp-ho-chi-minh/110454588.htm
3880,https://www.chotot.com/mua-ban-may-tinh-de-ban-quan-ha-dong-ha-noi/110454375.htm
3881,https://www.chotot.com/mua-ban-may-tinh-de-ban-quan-ha-dong-ha-noi/110454354.htm
3882,https://www.chotot.com/mua-ban-may-tinh-de-ban-quan-ha-dong-ha-noi/110454258.htm
3883,https://www.chotot.com/mua-ban-may-tinh-de-ban-quan-cau-giay-ha-noi/110454136.htm
3884,https://www.chotot.com/mua-ban-may-tinh-de-ban-quan-dong-da-ha-noi/109369158.htm
3885,https://www.chotot.com/mua-ban-may-tinh-de-ban-quan-nam-tu-liem-ha-noi/110454070.htm
3886,https://www.chotot.com/mua-ban-may-tinh-de-ban-quan-3-tp-ho-chi-minh/110453882.htm
3887,https://www.chotot.com/mua-ban-may-tinh-de-ban-huyen-ung-hoa-ha-noi/110453439.htm
3888,https://www.chotot.com/mua-ban-may-tinh-de-ban-huyen-quoc-oai-ha-noi/110453356.htm
3889,https://www.chotot.com/mua-ban-may-tinh-de-ban-quan-thanh-xuan-ha-noi/110453248.htm
3890,https://www.chotot.com/mua-ban-may-tinh-de-ban-quan-hoang-mai-ha-noi/104179136.htm
3891,https://www.chotot.com/mua-ban-may-tinh-de-ban-quan-thanh-xuan-ha-noi/106924571.htm
3892,https://www.chotot.com/mua-ban-may-tinh-de-ban-quan-hoang-mai-ha-noi/108560725.htm
3893,https://www.chotot.com/mua-ban-may-tinh-de-ban-quan-go-vap-tp-ho-chi-minh/110452651.htm
3894,https://www.chotot.com/mua-ban-may-tinh-de-ban-thanh-pho-thu-duc-tp-ho-chi-minh/110452574.htm
3895,https://www.chotot.com/mua-ban-may-tinh-de-ban-quan-12-tp-ho-chi-minh/110452224.htm
3896,https://www.chotot.com/mua-ban-may-tinh-de-ban-quan-tan-phu-tp-ho-chi-minh/110451457.htm
3897,https://www.chotot.com/mua-ban-may-tinh-de-ban-quan-phu-nhuan-tp-ho-chi-minh/110451124.htm
3898,https://www.chotot.com/mua-ban-may-tinh-de-ban-thanh-pho-thuan-an-binh-duong/110451123.htm
3899,https://www.chotot.com/mua-ban-may-tinh-de-ban-thanh-pho-thu-duc-tp-ho-chi-minh/110450876.htm
3900,https://www.chotot.com/mua-ban-may-tinh-de-ban-quan-hoang-mai-ha-noi/110450792.htm
3901,https://www.chotot.com/mua-ban-may-tinh-de-ban-thanh-pho-thu-dau-mot-binh-duong/110450206.htm
3902,https://www.chotot.com/mua-ban-may-tinh-de-ban-huyen-nha-be-tp-ho-chi-minh/110450188.htm
3903,https://www.chotot.com/mua-ban-may-tinh-de-ban-quan-tan-phu-tp-ho-chi-minh/110449939.htm
3904,https://www.chotot.com/mua-ban-may-tinh-de-ban-thanh-pho-hue-thua-thien-hue/110449905.htm
3905,https://www.chotot.com/mua-ban-may-tinh-de-ban-huyen-duc-hoa-long-an/110449611.htm
3906,https://www.chotot.com/mua-ban-may-tinh-de-ban-thanh-pho-thu-duc-tp-ho-chi-minh/110449199.htm
3907,https://www.chotot.com/mua-ban-may-tinh-de-ban-thanh-pho-vung-tau-ba-ria-vung-tau/110449171.htm
3908,https://www.chotot.com/mua-ban-may-tinh-de-ban-huyen-nhon-trach-dong-nai/110449170.htm
3909,https://www.chotot.com/mua-ban-may-tinh-de-ban-quan-go-vap-tp-ho-chi-minh/110300623.htm
3910,https://www.chotot.com/mua-ban-may-tinh-de-ban-thi-xa-phu-my-ba-ria-vung-tau/110448961.htm
3911,https://www.chotot.com/mua-ban-may-tinh-de-ban-quan-thanh-khe-da-nang/110448871.htm
3912,https://www.chotot.com/mua-ban-may-tinh-de-ban-thanh-pho-long-xuyen-an-giang/110448814.htm
3913,https://www.chotot.com/mua-ban-may-tinh-de-ban-thanh-pho-thu-duc-tp-ho-chi-minh/110448725.htm
3914,https://www.chotot.com/mua-ban-may-tinh-de-ban-huyen-soc-son-ha-noi/110448636.htm
3915,https://www.chotot.com/mua-ban-may-tinh-de-ban-quan-ngu-hanh-son-da-nang/110448284.htm
3916,https://www.chotot.com/mua-ban-may-tinh-de-ban-thanh-pho-thuan-an-binh-duong/110448224.htm
3917,https://www.chotot.com/mua-ban-may-tinh-de-ban-quan-cam-le-da-nang/110447882.htm
3918,https://www.chotot.com/mua-ban-may-tinh-de-ban-thanh-pho-buon-ma-thuot-dak-lak/110447361.htm
3919,https://www.chotot.com/mua-ban-may-tinh-de-ban-thanh-pho-bien-hoa-dong-nai/110447124.htm
3920,https://www.chotot.com/mua-ban-may-tinh-de-ban-quan-10-tp-ho-chi-minh/110193435.htm
3921,https://www.chotot.com/mua-ban-may-tinh-de-ban-thi-xa-phu-my-ba-ria-vung-tau/110446329.htm
3922,https://www.chotot.com/mua-ban-may-tinh-de-ban-quan-12-tp-ho-chi-minh/110446202.htm
3923,https://www.chotot.com/mua-ban-may-tinh-de-ban-quan-cau-giay-ha-noi/110446201.htm
3924,https://www.chotot.com/mua-ban-may-tinh-de-ban-quan-6-tp-ho-chi-minh/110446179.htm
3925,https://www.chotot.com/mua-ban-may-tinh-de-ban-thanh-pho-buon-ma-thuot-dak-lak/110446136.htm
3926,https://www.chotot.com/mua-ban-may-tinh-de-ban-quan-10-tp-ho-chi-minh/110446067.htm
3927,https://www.chotot.com/mua-ban-may-tinh-de-ban-quan-12-tp-ho-chi-minh/110445931.htm
3928,https://www.chotot.com/mua-ban-may-tinh-de-ban-thanh-pho-thu-duc-tp-ho-chi-minh/110445657.htm
3929,https://www.chotot.com/mua-ban-may-tinh-de-ban-quan-ba-dinh-ha-noi/110445502.htm
3930,https://www.chotot.com/mua-ban-may-tinh-de-ban-quan-10-tp-ho-chi-minh/110445409.htm
3931,https://www.chotot.com/mua-ban-may-tinh-de-ban-thanh-pho-buon-ma-thuot-dak-lak/110444934.htm
3932,https://www.chotot.com/mua-ban-may-tinh-de-ban-quan-ba-dinh-ha-noi/110444926.htm
3933,https://www.chotot.com/mua-ban-may-tinh-de-ban-thi-xa-dong-hoa-phu-yen/110444915.htm
3934,https://www.chotot.com/mua-ban-may-tinh-de-ban-quan-tan-phu-tp-ho-chi-minh/110301806.htm
3935,https://www.chotot.com/mua-ban-may-tinh-de-ban-huyen-tra-on-vinh-long/110444716.htm
3936,https://www.chotot.com/mua-ban-may-tinh-de-ban-quan-tan-binh-tp-ho-chi-minh/110444578.htm
3937,https://www.chotot.com/mua-ban-may-tinh-de-ban-thanh-pho-thu-duc-tp-ho-chi-minh/110444523.htm
3938,https://www.chotot.com/mua-ban-may-tinh-de-ban-quan-bac-tu-liem-ha-noi/110444287.htm
3939,https://www.chotot.com/mua-ban-may-tinh-de-ban-thanh-pho-bac-ninh-bac-ninh/110444284.htm
3940,https://www.chotot.com/mua-ban-may-tinh-de-ban-thanh-pho-buon-ma-thuot-dak-lak/110444123.htm
3941,https://www.chotot.com/mua-ban-may-tinh-de-ban-quan-bac-tu-liem-ha-noi/110444067.htm
3942,https://www.chotot.com/mua-ban-may-tinh-de-ban-quan-bac-tu-liem-ha-noi/110443882.htm
3943,https://www.chotot.com/mua-ban-may-tinh-de-ban-quan-cau-giay-ha-noi/110443317.htm
3944,https://www.chotot.com/mua-ban-may-tinh-de-ban-quan-cau-giay-ha-noi/110443259.htm
3945,https://www.chotot.com/mua-ban-may-tinh-de-ban-thanh-pho-thu-duc-tp-ho-chi-minh/110442824.htm
3946,https://www.chotot.com/mua-ban-may-tinh-de-ban-thanh-pho-thu-duc-tp-ho-chi-minh/110442622.htm
3947,https://www.chotot.com/mua-ban-may-tinh-de-ban-quan-go-vap-tp-ho-chi-minh/110442400.htm
3948,https://www.chotot.com/mua-ban-may-tinh-de-ban-thanh-pho-thuan-an-binh-duong/110442238.htm
3949,https://www.chotot.com/mua-ban-may-tinh-de-ban-quan-go-vap-tp-ho-chi-minh/110441986.htm
3950,https://www.chotot.com/mua-ban-may-tinh-de-ban-quan-7-tp-ho-chi-minh/106212441.htm
3951,https://www.chotot.com/mua-ban-may-tinh-de-ban-quan-thanh-xuan-ha-noi/110441813.htm
3952,https://www.chotot.com/mua-ban-may-tinh-de-ban-quan-11-tp-ho-chi-minh/110441737.htm
3953,https://www.chotot.com/mua-ban-may-tinh-de-ban-quan-12-tp-ho-chi-minh/110441659.htm
3954,https://www.chotot.com/mua-ban-may-tinh-de-ban-quan-tan-phu-tp-ho-chi-minh/110441612.htm
3955,https://www.chotot.com/mua-ban-may-tinh-de-ban-quan-tan-phu-tp-ho-chi-minh/110441600.htm
3956,https://www.chotot.com/mua-ban-may-tinh-de-ban-quan-6-tp-ho-chi-minh/110441517.htm
3957,https://www.chotot.com/mua-ban-may-tinh-de-ban-quan-12-tp-ho-chi-minh/110441233.htm
3958,https://www.chotot.com/mua-ban-may-tinh-de-ban-quan-7-tp-ho-chi-minh/110440730.htm
3959,https://www.chotot.com/mua-ban-may-tinh-de-ban-quan-ngu-hanh-son-da-nang/110379466.htm
3960,https://www.chotot.com/mua-ban-may-tinh-de-ban-quan-12-tp-ho-chi-minh/108001277.htm
3961,https://www.chotot.com/mua-ban-may-tinh-de-ban-quan-binh-tan-tp-ho-chi-minh/109842184.htm
3962,https://www.chotot.com/mua-ban-may-tinh-de-ban-thanh-pho-bien-hoa-dong-nai/110440396.htm
3963,https://www.chotot.com/mua-ban-may-tinh-de-ban-thanh-pho-my-tho-tien-giang/110440112.htm
3964,https://www.chotot.com/mua-ban-may-tinh-de-ban-quan-ngu-hanh-son-da-nang/110392122.htm
3965,https://www.chotot.com/mua-ban-may-tinh-de-ban-quan-go-vap-tp-ho-chi-minh/110246112.htm
3966,https://www.chotot.com/mua-ban-may-tinh-de-ban-quan-12-tp-ho-chi-minh/110439887.htm
3967,https://www.chotot.com/mua-ban-may-tinh-de-ban-quan-ninh-kieu-can-tho/110439339.htm
3968,https://www.chotot.com/mua-ban-may-tinh-de-ban-quan-tan-binh-tp-ho-chi-minh/106579718.htm
3969,https://www.chotot.com/mua-ban-may-tinh-de-ban-quan-7-tp-ho-chi-minh/110438767.htm
3970,https://www.chotot.com/mua-ban-may-tinh-de-ban-quan-tan-binh-tp-ho-chi-minh/110389853.htm
3971,https://www.chotot.com/mua-ban-may-tinh-de-ban-thanh-pho-buon-ma-thuot-dak-lak/110437783.htm
3972,https://www.chotot.com/mua-ban-may-tinh-de-ban-thanh-pho-tan-an-long-an/110437689.htm
3973,https://www.chotot.com/mua-ban-may-tinh-de-ban-quan-go-vap-tp-ho-chi-minh/110437415.htm
3974,https://www.chotot.com/mua-ban-may-tinh-de-ban-thanh-pho-thu-duc-tp-ho-chi-minh/95674462.htm
3975,https://www.chotot.com/mua-ban-may-tinh-de-ban-quan-go-vap-tp-ho-chi-minh/110241878.htm
3976,https://www.chotot.com/mua-ban-may-tinh-de-ban-thi-xa-huong-tra-thua-thien-hue/110436213.htm
3977,https://www.chotot.com/mua-ban-may-tinh-de-ban-quan-7-tp-ho-chi-minh/110435354.htm
3978,https://www.chotot.com/mua-ban-may-tinh-de-ban-huyen-hoa-thanh-tay-ninh/110435204.htm
3979,https://www.chotot.com/mua-ban-may-tinh-de-ban-quan-ha-dong-ha-noi/110434987.htm
3980,https://www.chotot.com/mua-ban-may-tinh-de-ban-thi-xa-ben-cat-binh-duong/110434949.htm
3981,https://www.chotot.com/mua-ban-may-tinh-de-ban-quan-ba-dinh-ha-noi/110434793.htm
3982,https://www.chotot.com/mua-ban-may-tinh-de-ban-quan-5-tp-ho-chi-minh/110434490.htm
3983,https://www.chotot.com/mua-ban-may-tinh-de-ban-quan-hoang-mai-ha-noi/108750949.htm
3984,https://www.chotot.com/mua-ban-may-tinh-de-ban-quan-tan-phu-tp-ho-chi-minh/110270922.htm
3985,https://www.chotot.com/mua-ban-may-tinh-de-ban-huyen-cang-long-tra-vinh/110433517.htm
3986,https://www.chotot.com/mua-ban-may-tinh-de-ban-quan-hai-chau-da-nang/110432842.htm
3987,https://www.chotot.com/mua-ban-may-tinh-de-ban-quan-hoang-mai-ha-noi/110432610.htm
3988,https://www.chotot.com/mua-ban-may-tinh-de-ban-huyen-tam-dao-vinh-phuc/110431741.htm
3989,https://www.chotot.com/mua-ban-may-tinh-de-ban-quan-1-tp-ho-chi-minh/110431568.htm
3990,https://www.chotot.com/mua-ban-may-tinh-de-ban-quan-ngu-hanh-son-da-nang/110430778.htm
3991,https://www.chotot.com/mua-ban-may-tinh-de-ban-quan-lien-chieu-da-nang/110430624.htm
3992,https://www.chotot.com/mua-ban-may-tinh-de-ban-huyen-go-dau-tay-ninh/110430585.htm
3993,https://www.chotot.com/mua-ban-may-tinh-de-ban-quan-hoang-mai-ha-noi/110430534.htm
3994,https://www.chotot.com/mua-ban-may-tinh-de-ban-thanh-pho-ben-tre-ben-tre/110430416.htm
3995,https://www.chotot.com/mua-ban-may-tinh-de-ban-thanh-pho-buon-ma-thuot-dak-lak/110430402.htm
3996,https://www.chotot.com/mua-ban-may-tinh-de-ban-huyen-buon-don-dak-lak/110430379.htm
3997,https://www.chotot.com/mua-ban-may-tinh-de-ban-quan-tan-phu-tp-ho-chi-minh/106377248.htm
3998,https://www.chotot.com/mua-ban-may-tinh-de-ban-quan-tan-phu-tp-ho-chi-minh/106851935.htm
3999,https://www.chotot.com/mua-ban-may-tinh-de-ban-thanh-pho-bien-hoa-dong-nai/110429866.htm
4000,https://www.chotot.com/mua-ban-may-tinh-de-ban-quan-bac-tu-liem-ha-noi/110429773.htm
4001,https://www.chotot.com/mua-ban-may-tinh-de-ban-huyen-gia-lam-ha-noi/110429700.htm
4002,https://www.chotot.com/mua-ban-may-tinh-de-ban-quan-12-tp-ho-chi-minh/110429253.htm
4003,https://www.chotot.com/mua-ban-may-tinh-de-ban-quan-go-vap-tp-ho-chi-minh/110346814.htm
4004,https://www.chotot.com/mua-ban-may-tinh-de-ban-quan-bac-tu-liem-ha-noi/110428964.htm
4005,https://www.chotot.com/mua-ban-may-tinh-de-ban-thanh-pho-buon-ma-thuot-dak-lak/103617019.htm
4006,https://www.chotot.com/mua-ban-may-tinh-de-ban-quan-bac-tu-liem-ha-noi/110428462.htm
4007,https://www.chotot.com/mua-ban-may-tinh-de-ban-quan-nam-tu-liem-ha-noi/110428419.htm
4008,https://www.chotot.com/mua-ban-may-tinh-de-ban-thanh-pho-nha-trang-khanh-hoa/110428346.htm
4009,https://www.chotot.com/mua-ban-may-tinh-de-ban-quan-tan-binh-tp-ho-chi-minh/110427986.htm
